question_id,irt_difficulty
Q09027,1.7258769855246323
Q04937,1.6966924489126933
Q00327,1.6715884012666915
Q07430,1.6299746520529865
Q00672,1.5815593176206197
Q00094,1.5644868111184873
Q02668,1.5619708330091553
Q09222,1.5174918732314153
Q07986,1.5012508905702053
Q07667,1.4988052828778247
Q00744,1.4965360532374634
Q04137,1.487667123095412
Q06252,1.4874973887068637
Q08719,1.4798210839300132
Q00931,1.4614449154008078
Q10094,1.4555260597625537
Q05557,1.452982151125462
Q07069,1.4482087123608776
Q07741,1.442014567395693
Q06526,1.4345362312992114
Q07831,1.4308067105456426
Q01058,1.425926575184306
Q03783,1.4257906332639498
Q09873,1.414926358408214
Q08866,1.4077187598880152
Q10018,1.4076664787162343
Q03680,1.3964307708541768
Q02598,1.3962998835124372
Q00740,1.3960019021004375
Q03881,1.3946950862779182
Q03657,1.3892012038227028
Q09252,1.3821986550024843
Q01128,1.379392661414875
Q06120,1.366940467530291
Q03873,1.3668141135057872
Q10484,1.3634185976067248
Q08428,1.3616500802436273
Q07317,1.356854146457368
Q04826,1.3502364634131274
Q02604,1.3437567306410225
Q08205,1.3405160306236348
Q06411,1.3404424033445408
Q03017,1.338128013418842
Q01463,1.3381008965263053
Q01676,1.3361495492114122
Q10322,1.3351940884892497
Q07586,1.3348513377407514
Q05968,1.3310814838918967
Q09211,1.3294316427823094
Q00845,1.328250158974142
Q00273,1.328173848982394
Q03304,1.326625939806202
Q06528,1.320157621021691
Q04814,1.3187559085744731
Q02944,1.3185420550887994
Q05628,1.3184948884720276
Q01510,1.3162456597310996
Q06558,1.3103996678065573
Q08341,1.3087666945698035
Q09951,1.3015386697313336
Q07381,1.3009940132069295
Q08660,1.300151663145225
Q07991,1.2950236628666345
Q06826,1.2907303621812458
Q00402,1.2902286954323772
Q05029,1.2848271455801732
Q05849,1.283789434018265
Q08026,1.275214581815445
Q02831,1.2732727536544148
Q01405,1.2730905166193398
Q03452,1.2676524495969776
Q10280,1.2665714759440878
Q02243,1.265904336269639
Q10260,1.2636601689112
Q00836,1.2472509787242934
Q06187,1.2449071813322337
Q09300,1.2436537164382993
Q06372,1.2431945658253214
Q01872,1.240607185985519
Q00848,1.239641877906
Q09853,1.236638646224033
Q03140,1.2319305424407863
Q08553,1.2314134794245077
Q02890,1.2292938694001936
Q04016,1.2245022638318865
Q09214,1.2188419195101106
Q00667,1.2182272782849972
Q00661,1.2150468332455184
Q04877,1.2148989531310204
Q03385,1.2147167606119935
Q02795,1.2120958042160594
Q02576,1.2082210900081776
Q09355,1.2050225495920475
Q01988,1.204069877277683
Q02393,1.2039912670873743
Q10066,1.2039124793757945
Q02516,1.2004342221268431
Q04624,1.2000520857448578
Q07219,1.1970755402279085
Q01019,1.1962693094223025
Q01995,1.193959191372726
Q04648,1.1928005432359625
Q06063,1.1920925002471428
Q06515,1.1908695759024832
Q04231,1.1891225328224282
Q07647,1.1889708934920977
Q02805,1.1889451000646283
Q02390,1.1871671245784545
Q05679,1.1869380266206926
Q08754,1.1814886127346595
Q08346,1.1780959031882694
Q02671,1.1770186335017012
Q09561,1.1758301756171288
Q04120,1.1756563169967194
Q09619,1.1751924065546144
Q01806,1.1746186405044667
Q00247,1.174120088898001
Q04773,1.1736860825372328
Q07772,1.1732592130250512
Q08877,1.1724660421207953
Q04057,1.1701214135124354
Q00123,1.169606098519284
Q10003,1.1675513594664213
Q10382,1.1631367667242352
Q08546,1.1620606506942481
Q07585,1.1614921852104212
Q00837,1.1607887091465403
Q02200,1.1600363550674155
Q06916,1.1543006433949223
Q08862,1.1524221496421918
Q01884,1.1523428350238045
Q04486,1.152008990947491
Q05865,1.1519710200556812
Q02468,1.1514962716861363
Q10302,1.149621033036703
Q00804,1.1484313274078044
Q03592,1.1476518286357886
Q04607,1.1450420750381651
Q03799,1.144831291735862
Q10358,1.143381836018511
Q01138,1.1433532177308772
Q01821,1.143219516857389
Q07943,1.1426749344331197
Q07002,1.1413540129227118
Q01493,1.1408942447524366
Q06806,1.1389686745948415
Q03114,1.1376773590769758
Q05010,1.1374485673976542
Q01028,1.1366542850026837
Q09359,1.1364320560437113
Q08987,1.1314327277125669
Q10085,1.1309556087121824
Q02326,1.1300529738587592
Q06345,1.1298346127702212
Q06546,1.1284593250943367
Q06500,1.1279982806337219
Q01184,1.1278291065984012
Q04255,1.127434029341507
Q08415,1.1259641972990635
Q09317,1.125231498099836
Q07967,1.125217509339203
Q04850,1.1247604563133566
Q09688,1.1242982487837447
Q04244,1.1231334663526271
Q07589,1.1201642655827861
Q04020,1.120131083914746
Q00639,1.1191973916656897
Q09202,1.1187847438943546
Q00673,1.1187234662181087
Q10195,1.1176815885795575
Q09924,1.1157947914838855
Q09023,1.1157896360319344
Q10058,1.1154133297602542
Q07104,1.1151745435749525
Q00768,1.112811321269693
Q08506,1.1125883234287302
Q08786,1.109606851247562
Q09576,1.107942096683871
Q09905,1.104920732726593
Q06650,1.10458756435653
Q05278,1.1038945894225005
Q08007,1.101786246333278
Q08241,1.1005985824722968
Q08465,1.100154539446181
Q10418,1.0999439195687062
Q05666,1.0988129800173163
Q00626,1.0972115757870327
Q02840,1.0965422193105359
Q00606,1.096421216173868
Q07224,1.0950179834850227
Q02115,1.0949230988025407
Q04443,1.0939368606196338
Q05405,1.0932575083630818
Q02130,1.0907708439137842
Q03251,1.0907569063858127
Q06710,1.0903057013523985
Q09310,1.0890554773104113
Q08385,1.0884000631092
Q08487,1.0883760198162338
Q06602,1.087682044197705
Q08173,1.0861651300383182
Q00208,1.0846094439149438
Q05824,1.084180215476387
Q09045,1.0832681548387129
Q01624,1.083070515049529
Q07826,1.0811388913640592
Q03694,1.080226998502317
Q03056,1.0801836595259264
Q04750,1.0797570126747271
Q04890,1.0784169491923885
Q05180,1.0770082660728926
Q00832,1.074269470057262
Q08349,1.0730861534185734
Q04252,1.0719945930989832
Q03039,1.071796107599779
Q01046,1.070929825698906
Q06007,1.0709224905722716
Q07904,1.0697499908076067
Q08876,1.0694216458986396
Q01983,1.0688844089194838
Q03745,1.067909930702768
Q03650,1.0671415970522737
Q03274,1.0662153361306121
Q08392,1.0660996875033337
Q05186,1.065967520792372
Q04470,1.0659599575393388
Q00593,1.0647542725397705
Q06553,1.0646405742551002
Q02850,1.0643080493577357
Q02496,1.063708511497502
Q07119,1.0636786644116627
Q10120,1.0634902465665983
Q02347,1.0631297410470124
Q04247,1.0625466912105188
Q06735,1.0617888684461672
Q07576,1.0611339991847564
Q03913,1.0604970950693364
Q06037,1.0597265276246313
Q01595,1.0590574463799256
Q09690,1.0585125705699743
Q03568,1.0581894142251622
Q02188,1.057744293966091
Q06135,1.0574877518692412
Q01007,1.0568459266126384
Q03228,1.0568428228078688
Q00846,1.056756611199837
Q08199,1.0559900263696878
Q08379,1.05294063476187
Q06533,1.0525775780449855
Q06514,1.050656280452393
Q00719,1.0490105713243574
Q05879,1.0487931791294105
Q08331,1.0473780126095023
Q06805,1.046272215305907
Q03620,1.0461308678007888
Q07400,1.0456950505814468
Q03877,1.044292570914572
Q03285,1.0438198805643168
Q07619,1.0434811119003327
Q02565,1.0430298689057038
Q08601,1.0408810392247971
Q04634,1.0408782388016191
Q03422,1.0400409885619644
Q03586,1.0383042311766544
Q05986,1.0381968505961228
Q07569,1.0366715814019793
Q08336,1.0358770755017597
Q04145,1.0352651226573073
Q09624,1.0351588714096747
Q00524,1.0339231036910992
Q08914,1.0333266580779379
Q03417,1.033174105578109
Q00169,1.0322561606636516
Q05210,1.0296136159929887
Q07364,1.0293200445184747
Q02780,1.0288996908211578
Q00275,1.028299441037621
Q05522,1.0279303363024972
Q04341,1.026726192894553
Q07029,1.0259219473598995
Q09014,1.0255079340682236
Q08616,1.0254081860317195
Q04622,1.024634341959743
Q05943,1.0238572328695692
Q07352,1.0235600275583192
Q02139,1.0232978316987213
Q10424,1.0232374098820298
Q02428,1.0213471762763064
Q08174,1.020943196258896
Q03729,1.0204003751750896
Q01277,1.0203008285132573
Q07088,1.0191107880284662
Q05124,1.0189126948992449
Q07491,1.0173204171776906
Q04718,1.0160912548363445
Q03449,1.0159096152228086
Q06596,1.0153717404589564
Q08326,1.0143290174673043
Q01502,1.013349712187124
Q02965,1.0129696129897157
Q06603,1.012852893258038
Q05973,1.012744711978401
Q05287,1.0087751555710698
Q09067,1.0083334260697363
Q07402,1.0072368615687202
Q06456,1.005413139494683
Q00375,1.0044688154620842
Q01877,1.0038859860191764
Q10319,1.003728501865341
Q04612,1.0033684032635077
Q07898,1.0032186659809164
Q03102,1.0028601560734798
Q07591,1.0024464469747572
Q02211,1.0022862866906597
Q08496,1.0006889789227817
Q09811,1.0005435671671765
Q07190,1.000239473449795
Q06503,0.9998165191336063
Q07146,0.9986359304631648
Q05317,0.9960397998860891
Q04453,0.9954035416177268
Q04440,0.9951561127941154
Q01078,0.9920481332728295
Q09979,0.9892813593943074
Q09848,0.9886058130996571
Q06972,0.9868370233753246
Q04556,0.9858490594641681
Q06918,0.9855493058062412
Q07066,0.9852320739672586
Q04964,0.9847812090890466
Q00883,0.9836815939844187
Q07316,0.9836153033554932
Q00728,0.9832515005015563
Q07405,0.9832424936954401
Q09253,0.982725470704694
Q01635,0.9824595337942957
Q07248,0.9821566430887767
Q01922,0.9819399815072412
Q04695,0.981440456199562
Q08724,0.9814004262481283
Q03221,0.9809838559091644
Q06683,0.980748677242458
Q02594,0.9802035287556515
Q05267,0.9795280926266527
Q05046,0.9792055491604569
Q07734,0.9786251576946741
Q07389,0.9775246795412604
Q09002,0.9772399262903908
Q01963,0.9757466059331368
Q04448,0.9756043180970874
Q10026,0.9751943656287483
Q10296,0.9744478403563614
Q02229,0.9739823094016045
Q10199,0.9737604451080897
Q05665,0.9731528722538524
Q10241,0.9720681150184918
Q00222,0.972024511135811
Q01588,0.9711727359234844
Q06694,0.971114128525788
Q07561,0.9709853269254602
Q01785,0.9706125955142939
Q01370,0.9695306147238935
Q07978,0.9694654659464853
Q09474,0.968774725865516
Q02717,0.968712386406008
Q02889,0.9684221833780595
Q07393,0.9679388149298761
Q01823,0.967593819222318
Q01359,0.9673339006079621
Q00325,0.96728112607376
Q06392,0.9658310730581936
Q08662,0.9656091685585242
Q03655,0.964335402382668
Q08972,0.9636060990144709
Q02038,0.9631610878989962
Q05211,0.963147886731275
Q02039,0.9610110349232065
Q02709,0.9606829632225679
Q04402,0.9601338893307032
Q01503,0.9593046786380155
Q04666,0.959018794456581
Q00856,0.9584793889939955
Q06095,0.9577169619622731
Q08020,0.9570461620999787
Q09834,0.956616370902862
Q06395,0.9562111345299396
Q08449,0.9555977870555198
Q09717,0.955177197314699
Q04954,0.9551548112339583
Q05409,0.955048908721569
Q01333,0.9548314043882946
Q03340,0.9544240194516181
Q02506,0.9542643675259028
Q01546,0.9538099359210743
Q09528,0.9526662409312007
Q04642,0.9518121288531921
Q10233,0.9510747592275054
Q05438,0.9495325473911848
Q10166,0.9487632172849957
Q04491,0.9477536142009593
Q00030,0.9464702023089583
Q02323,0.9453037947788343
Q02186,0.9431720411279512
Q05979,0.9431473046439973
Q00332,0.9430881923512184
Q09003,0.9429039567271077
Q05245,0.9425625940500376
Q00696,0.9417676697123397
Q00863,0.9414277403571066
Q08966,0.9413495228682702
Q06597,0.9400638479406062
Q02009,0.9385320812020871
Q04913,0.938024760478676
Q04950,0.9377036052889085
Q07933,0.9373604815788457
Q03394,0.9364531609667734
Q02102,0.9356767799474084
Q05423,0.9349825991615898
Q08860,0.9342300129036628
Q04291,0.9330093710855104
Q07138,0.932485582213242
Q04767,0.9313388153331039
Q04742,0.9306763167416106
Q10341,0.9297407725403307
Q04798,0.9294830270335609
Q07610,0.927626605861774
Q04557,0.9273781915199973
Q00062,0.9273763864564143
Q03225,0.927331815640851
Q06267,0.9268693698874257
Q06747,0.9264731904829117
Q09493,0.9264614194976613
Q07717,0.926307421741565
Q05711,0.9258733389780786
Q02067,0.9257248015816106
Q07908,0.9256008241184841
Q02931,0.9255032301520806
Q06635,0.9242875362179521
Q05213,0.9242461174444493
Q07526,0.9232887042605837
Q06846,0.9230262524207206
Q02715,0.9225317934323699
Q01671,0.9187699707854443
Q05630,0.9187180299497116
Q02742,0.9178570724054751
Q05103,0.9175140566420094
Q06510,0.9170079610932954
Q03517,0.9169920007279855
Q08967,0.9159383820036956
Q09877,0.9159316679443533
Q07025,0.9158536121039287
Q07390,0.9157050741903148
Q09587,0.9156765612391279
Q09230,0.9153880841332729
Q06670,0.9151184730558216
Q09404,0.9143304986530709
Q06438,0.9135395120613508
Q04034,0.9126572471821698
Q09206,0.9114619198622906
Q04497,0.9112119758133447
Q09607,0.9112032514744431
Q08355,0.9111263726240588
Q07271,0.9098050650546493
Q06410,0.9096658104457732
Q08082,0.9095682589195654
Q05780,0.9094170477173372
Q10453,0.9092933585397002
Q08686,0.9092911307341505
Q00551,0.9091302199589605
Q07958,0.909094268223431
Q07456,0.9082462794350431
Q04652,0.9080336109278232
Q06544,0.9068537864189274
Q01203,0.9061121854185821
Q09992,0.9059519211887027
Q01012,0.9042716839236591
Q07751,0.9042296859806725
Q07670,0.9025224561415834
Q02476,0.9019758271760886
Q04716,0.9019514197797306
Q10180,0.9016412313881599
Q01606,0.9013429208086653
Q10330,0.900877165234931
Q03279,0.899628575917081
Q04419,0.8992327378471636
Q09248,0.8986487397633041
Q01403,0.89835167130869
Q02125,0.8978983728677674
Q09264,0.8978798346486944
Q06911,0.8977667679228627
Q01120,0.8971274000477159
Q09076,0.8959314531327426
Q07962,0.8959218965525033
Q03651,0.8951725024553486
Q09501,0.8945691100517466
Q08332,0.8943760484002162
Q00381,0.8937858030928688
Q03194,0.8936730096456592
Q00518,0.8935015607547324
Q05107,0.8933701740094508
Q06741,0.89269421646168
Q10272,0.8910705391708802
Q03153,0.8908127247723834
Q03926,0.8904945559491605
Q10500,0.8904644640259415
Q06837,0.8904136384442812
Q01404,0.8903827801958455
Q03585,0.8900898446850377
Q05435,0.8900058759859107
Q06219,0.889314845456695
Q05318,0.8888236982218964
Q09552,0.8879909430016647
Q01459,0.8874309807369724
Q10118,0.8870849176316647
Q00952,0.8870469439816084
Q03230,0.885776614133938
Q02798,0.8853125990035073
Q02652,0.8852513410344666
Q04678,0.8851698271743226
Q06966,0.8848894864895348
Q00468,0.88457947883161
Q01433,0.8844407498440265
Q05715,0.88431601324055
Q07844,0.883616848318854
Q07911,0.8833370180645619
Q02050,0.883259470789576
Q00013,0.8829776793772254
Q02828,0.8819853228264273
Q05962,0.8819750590004419
Q07414,0.8818498678853195
Q02921,0.8813013009427494
Q01436,0.8800979000168865
Q02833,0.8788859638028654
Q04101,0.8785862969340277
Q00823,0.8768776537739225
Q01930,0.8762790849932887
Q08909,0.8762410764644706
Q00625,0.8757954216990842
Q05300,0.8757311103973272
Q05862,0.8751426826706237
Q06072,0.8748101301276776
Q01603,0.874118438529664
Q05543,0.8736705898537953
Q00576,0.8734430202238338
Q06536,0.873392164226773
Q04308,0.8731196440222458
Q03367,0.8726702388375094
Q08125,0.8723383284858228
Q01754,0.8716792319049024
Q05635,0.8701552351993584
Q08778,0.8701062732124364
Q07461,0.8700871158713641
Q00751,0.8696782027112544
Q08659,0.8696571565408295
Q08342,0.8693313280423915
Q08568,0.8690140085131528
Q09721,0.8689043498292286
Q03857,0.8687234124868113
Q04779,0.8687045751411483
Q04415,0.8679492394661531
Q04248,0.8678162974748338
Q01086,0.8676743033108043
Q06811,0.8676618136027064
Q07719,0.8675662953825317
Q03248,0.8666753125200993
Q01104,0.8666137610110685
Q09549,0.8656210308673804
Q06632,0.8654478414712975
Q07137,0.8649785353352968
Q04722,0.8640788810778086
Q07728,0.8639755919819921
Q01264,0.8638954470059952
Q05272,0.8638551035864107
Q00597,0.8623944241545296
Q01388,0.862258454911846
Q02544,0.861547413337916
Q09288,0.8611598349849425
Q08973,0.8611178587897274
Q00581,0.8602591001449589
Q02285,0.8597443141392499
Q03977,0.8593047499774648
Q05520,0.8590940882101419
Q04053,0.8589797544054806
Q02152,0.8585340293552146
Q05264,0.8574306991307209
Q01069,0.8573675459772605
Q05602,0.8570463677637178
Q07361,0.8565844501299898
Q08667,0.8559058102509852
Q06132,0.8557157501528062
Q09644,0.8555054132883848
Q07823,0.855490693783016
Q00616,0.8554885826842187
Q01392,0.8553171104836371
Q06027,0.8550639970832575
Q02180,0.8550550882651161
Q05464,0.8550406970500171
Q04303,0.8550214607426572
Q03026,0.854951243040861
Q08651,0.8545773764744614
Q03297,0.8545193138706567
Q09201,0.8539319989101024
Q02443,0.8535752632066853
Q02922,0.8530444388008603
Q04577,0.8528759109043249
Q01737,0.8519803782293868
Q02660,0.8513823517171244
Q05324,0.8508674504169732
Q00474,0.8507651019064976
Q09718,0.8507518210034274
Q09540,0.8495710952584331
Q02898,0.8494443847446644
Q05823,0.8491673763728123
Q00816,0.8487322818066607
Q09556,0.8485736048778032
Q07602,0.8484751991353918
Q07624,0.8481950279319088
Q03575,0.8469749419663642
Q09770,0.8466146987753883
Q02418,0.8464622099793528
Q05546,0.8458600304337792
Q07726,0.8454573660873758
Q06454,0.8443323270423431
Q01265,0.8433795499012063
Q07948,0.8429250362161766
Q00648,0.8426105189884905
Q03409,0.8425874465858464
Q04582,0.8424357449329427
Q06035,0.8424286689341586
Q06017,0.8419398256586886
Q00701,0.841562424841831
Q08126,0.8410642963004203
Q10282,0.8410631131164759
Q01272,0.8410488051125673
Q01226,0.8408936419005982
Q10375,0.8407162429066941
Q06025,0.8401593024830101
Q01937,0.8391676483780651
Q06951,0.8391389027160483
Q08996,0.8387396331133371
Q01256,0.8381894000433884
Q06659,0.8379515132875665
Q10102,0.8375247704607457
Q02501,0.8362807341013594
Q08995,0.8354423016085597
Q09388,0.8345987272864636
Q03300,0.8344087005600509
Q09869,0.8340592814465084
Q00198,0.8339809242560043
Q10111,0.8333949716988959
Q02495,0.8332439345587962
Q05429,0.8331613819024215
Q06497,0.8330393798148334
Q08044,0.8319957472033989
Q07196,0.8313802124784376
Q05015,0.830663016292658
Q04803,0.8306210089307292
Q06719,0.8300128688582409
Q04674,0.8298816552800524
Q07379,0.8297276853566018
Q05216,0.8294807544920767
Q01772,0.8288173467837123
Q01976,0.828788377353767
Q06022,0.8287231866481851
Q09341,0.8285896687276836
Q05895,0.8280200050212375
Q05529,0.8269975802131104
Q08897,0.8266500046276416
Q00490,0.8262081043633503
Q03286,0.8261700122018945
Q09162,0.8260074894685219
Q07362,0.825493604737217
Q08457,0.8253978885996046
Q06481,0.8243711437079394
Q08831,0.8242279754794433
Q08180,0.8241970226048375
Q08809,0.8234575276887421
Q04017,0.823383759207063
Q07142,0.8225236782779367
Q01183,0.8225080454955688
Q07165,0.8219142936328901
Q00756,0.8214903890526465
Q06872,0.8197874791766337
Q01253,0.8193770679379893
Q10366,0.8193134566373503
Q10387,0.8190015428061475
Q01691,0.8188130857197541
Q05182,0.8184226304185073
Q01996,0.8181612507696691
Q07611,0.8179625171481149
Q02646,0.8173577217219051
Q01607,0.8169734061630118
Q05228,0.816539767996106
Q08224,0.8163063564309453
Q03058,0.8162213419580603
Q09063,0.816076909061715
Q03076,0.815409116036915
Q08538,0.8150944503372015
Q10490,0.8142928163551851
Q01900,0.8142012739455994
Q09126,0.8140023638168328
Q09591,0.813294382790602
Q09020,0.8132023221620247
Q05544,0.8130540279216362
Q06390,0.8124017865053712
Q06246,0.8122420578328496
Q04336,0.8116484622788295
Q08289,0.8114312187025313
Q07073,0.8106763368443567
Q05672,0.8104093171724229
Q07858,0.810111214494644
Q03217,0.8099760681302534
Q00009,0.8099312447157959
Q04167,0.8095676366092286
Q08868,0.8086067953238171
Q05255,0.8085099523877949
Q00907,0.8084149648010568
Q09389,0.8083570589952892
Q01266,0.8081757683278215
Q07266,0.8081756624655487
Q04177,0.8080385442341922
Q06416,0.8078710351115096
Q07533,0.8077050318443828
Q08675,0.807577949912679
Q07573,0.807202161434411
Q01740,0.8070303353134844
Q02431,0.805487404084915
Q03321,0.8050641992674986
Q06030,0.8042087427443354
Q05515,0.8042065775696515
Q02023,0.8039993325364545
Q02296,0.8036572971452167
Q02352,0.8034146593137717
Q07106,0.8028403546783224
Q07819,0.8026663371958429
Q03728,0.8021946838752063
Q09745,0.8014480790695909
Q06605,0.8011809638854579
Q03935,0.8009603748136095
Q08284,0.8008356085599193
Q06874,0.8001521981163131
Q01702,0.7999738350352406
Q02442,0.7990206336271579
Q01629,0.7987644083449156
Q01050,0.7983405951014819
Q02941,0.7978945405619124
Q10252,0.7976900803575426
Q07797,0.7965961113111802
Q05421,0.7958560950963025
Q06915,0.7953864722555855
Q09401,0.7947472927184108
Q07789,0.794739685922753
Q00603,0.7940955576483585
Q08475,0.7938921875774693
Q09908,0.7935004032375637
Q00354,0.7933033428752336
Q03947,0.7918276929778123
Q07886,0.7915748661370902
Q09209,0.7913922324818303
Q01612,0.7909126003236266
Q07163,0.7903845585320567
Q09057,0.7903804436176628
Q06474,0.7897230757169799
Q06162,0.7896346181653454
Q05534,0.7892142916946776
Q08262,0.7887433512040606
Q09623,0.7885817126074253
Q02532,0.7885137324163202
Q03603,0.7867590564612569
Q09479,0.786565182261319
Q09311,0.7864666494065643
Q07493,0.7855626260873302
Q09050,0.7851827523222457
Q01238,0.7841132920706446
Q02587,0.7840306786449689
Q09870,0.7834733308100162
Q09073,0.7834026774404186
Q03202,0.7832180907567797
Q00394,0.7830422358887528
Q06858,0.7829691491779032
Q04611,0.7827091506256916
Q07496,0.7824861773045179
Q05100,0.7819502831336739
Q09660,0.7817382661970065
Q09987,0.7812924689542088
Q05016,0.7809147717004795
Q01667,0.7808967609811897
Q04980,0.7808794735351088
Q06691,0.7805485501537027
Q03598,0.7786553775313874
Q03193,0.7781800769149408
Q06957,0.7781627186408914
Q08138,0.7777495970371379
Q01759,0.7775843438068103
Q10411,0.7770112525308928
Q07535,0.7768824989110089
Q04820,0.7768278508627778
Q09228,0.7767872192859474
Q02156,0.7764548914442635
Q03112,0.7757772515249183
Q06849,0.775256264683956
Q02107,0.7733909143698052
Q01430,0.7732858205978174
Q02473,0.7727986942117144
Q04315,0.7726992146043375
Q00016,0.7725402295920843
Q01692,0.7723905271958492
Q01789,0.7723865616170184
Q01087,0.7722363019722208
Q06754,0.7717152941800971
Q04239,0.7715623810265143
Q05492,0.7714744973522497
Q07890,0.770203325996844
Q06845,0.7701281411349373
Q06172,0.7701012915234
Q00829,0.7700674714693903
Q08549,0.7694820251326541
Q04115,0.7692064689668036
Q06339,0.7689936532070414
Q01948,0.768712268842013
Q08494,0.7686659245715548
Q04371,0.7679077981994163
Q09716,0.767530743531442
Q05483,0.7675036986629176
Q09788,0.7667519509883891
Q02707,0.7662219348239208
Q07079,0.7660500891933756
Q06819,0.7657641144646699
Q08265,0.7656751036790135
Q07377,0.765504561121688
Q00034,0.7650769657975056
Q00489,0.7649481255383043
Q05608,0.7645287290961111
Q02553,0.7640088872653787
Q01276,0.7638149306457807
Q06184,0.7634454538740877
Q07718,0.7633950854147187
Q00556,0.7632144808769543
Q09111,0.7626916636186787
Q01636,0.762013842138356
Q07531,0.7619796581556493
Q08998,0.7616324519391268
Q01289,0.7615932521874813
Q00042,0.7615879977832203
Q10190,0.7614428508667589
Q03219,0.7614032050644065
Q07193,0.761031717135548
Q07994,0.7607922225483709
Q06437,0.7603628283316447
Q02896,0.7602922936894545
Q02869,0.7599321363837127
Q00011,0.7599077328809778
Q09434,0.7596237781264771
Q04203,0.7595874031507254
Q03932,0.759571155542528
Q09629,0.7591428655655287
Q05276,0.7589372917206295
Q10006,0.7589058317216012
Q03255,0.7587210071139026
Q10259,0.7583443215187938
Q09080,0.7581864487630772
Q04411,0.7577952466957495
Q07761,0.7577599285691605
Q08739,0.7577014821275201
Q01044,0.7572841073248823
Q04734,0.7566521005068743
Q08441,0.7564957492569138
Q02098,0.756114590108803
Q04134,0.7558574542140957
Q08400,0.7558490987579736
Q00920,0.7557388031183986
Q03523,0.7555136864143931
Q02143,0.7554863433084317
Q01415,0.7552564178155707
Q01520,0.7551446774006482
Q06328,0.7550067500294526
Q03063,0.754953071921783
Q04085,0.7549456326476102
Q04128,0.7545029415673898
Q02399,0.7542068009418285
Q04373,0.7541122254929822
Q00937,0.7538996610610313
Q08946,0.7538308488775877
Q08072,0.7537117168297773
Q01574,0.753650381459308
Q01389,0.7536004490921284
Q08305,0.7533239232161778
Q02191,0.7531033738209413
Q02892,0.752904790848457
Q07517,0.752441442590225
Q07127,0.7515335457450859
Q03022,0.7507990146910357
Q05874,0.7504619438561582
Q06617,0.7502060790833022
Q05852,0.7501623734725513
Q09663,0.7499453533169271
Q10133,0.7499018141508413
Q08395,0.7493745403469303
Q00299,0.7491005755387188
Q07887,0.7488300976237078
Q00966,0.7486392034246669
Q03005,0.7481436707220147
Q02548,0.7479731626108134
Q01364,0.7479508659741475
Q05873,0.7477169410504647
Q06547,0.7474241089705531
Q09139,0.7474087852432075
Q00032,0.7470943958334145
Q01742,0.7470657483881068
Q06460,0.7466396656338765
Q00345,0.7461172014556102
Q06011,0.7458579531239515
Q04500,0.7458022052901435
Q08086,0.7452182150077596
Q10362,0.7447957656951643
Q05704,0.744721959924197
Q03492,0.7446644715270679
Q02823,0.743992242541701
Q04956,0.7437346520292358
Q03042,0.7436719128801529
Q04894,0.743506136589188
Q05458,0.7432104741987392
Q10459,0.7429221097415827
Q07259,0.7426361164943999
Q09380,0.7424209603735635
Q00916,0.7422604420486666
Q02164,0.7416306957165173
Q06880,0.7411583115159196
Q01318,0.7411169443238563
Q01107,0.7403422204588267
Q01198,0.739809686466888
Q04349,0.7390959978566318
Q00494,0.7386563292272631
Q08003,0.7385730052605358
Q01540,0.7379228984228162
Q08454,0.7373491366507373
Q00072,0.7371087129360252
Q01936,0.7366873822222532
Q02433,0.7363763334966138
Q09130,0.7358750534536541
Q08908,0.7358649073090444
Q05232,0.7355462027308971
Q09879,0.7355328222204728
Q00477,0.7348276141484205
Q04495,0.734587125985477
Q10068,0.7343958669540335
Q01497,0.7343142282136774
Q09662,0.7341962242901791
Q05381,0.7341039384085825
Q03923,0.7334470029589405
Q02345,0.7333334103054814
Q07612,0.7324946828944255
Q07825,0.7323877503204895
Q08594,0.7317148286888481
Q01232,0.730980037858921
Q04562,0.7309248289457447
Q02013,0.7308964562380091
Q02489,0.7305366465252958
Q07388,0.7305148025109738
Q03223,0.7303979679490558
Q06347,0.7302760377088922
Q05798,0.7300549104239629
Q10463,0.7296932333663056
Q03769,0.7294636581033414
Q07258,0.7292062461971718
Q04915,0.7290586414317217
Q01741,0.7283435910113477
Q08155,0.7277748065161325
Q07410,0.727094358867894
Q09271,0.726745505424253
Q04478,0.726697691922544
Q00522,0.7266344665535757
Q07019,0.7265918399377992
Q07571,0.7261802555960579
Q05722,0.7258508174211514
Q01644,0.7254933333287217
Q00562,0.7251636134508717
Q01328,0.7251581975720645
Q07912,0.7250830950442205
Q01599,0.724496275208081
Q04193,0.7240841979226115
Q03403,0.723713980119329
Q02398,0.7231854381006345
Q06266,0.7230667149452382
Q02952,0.7230610825899242
Q04216,0.722315189596499
Q01718,0.7220448967414607
Q10475,0.7216355073050914
Q04425,0.7215940061385122
Q03816,0.7212618504811876
Q04796,0.7207290587092634
Q09728,0.7206534746216531
Q09041,0.719508666261741
Q08227,0.719166986998952
Q05263,0.7191187597558047
Q08456,0.7187922037354961
Q10367,0.7182957745473665
Q09035,0.7176621267750226
Q10402,0.7170461494325794
Q09018,0.7161210839258315
Q09864,0.7160639149844659
Q05055,0.7156415158533215
Q05891,0.7154319986908749
Q06170,0.7140799719089312
Q00058,0.7138417369560884
Q09673,0.7138404936046765
Q05452,0.7136021269096468
Q08297,0.7135652217063906
Q09439,0.7129550736518477
Q04056,0.7118508742114399
Q08839,0.7113741711173953
Q01043,0.7113011446160604
Q08048,0.7112174690210926
Q00152,0.7111960537163604
Q00451,0.7108913246299889
Q04457,0.7107321430055074
Q07433,0.710710405086469
Q08282,0.7106839151936012
Q09613,0.7101460608799072
Q01838,0.7100277046046646
Q00514,0.7097099121115847
Q01972,0.7095920364947902
Q05304,0.7093448817969563
Q03733,0.7081311009439852
Q01554,0.7077997734741583
Q01755,0.707468118009673
Q04363,0.7074502140429814
Q06334,0.7073553809611434
Q02494,0.7068685158050529
Q02210,0.7066131656624404
Q08664,0.7062810478773142
Q01710,0.7060449629399883
Q04287,0.7059932646890598
Q03363,0.7057420006381993
Q03696,0.7057076646046544
Q01509,0.7056884799728774
Q02938,0.7056750888335297
Q06461,0.7056248708352513
Q05021,0.704651792518949
Q07981,0.7040490148514009
Q02538,0.7038411431548114
Q01940,0.7033617438731953
Q10076,0.7029982230999081
Q01206,0.7029154754939438
Q07011,0.7027664095953493
Q09418,0.7023975234872384
Q06833,0.7009256578787844
Q00136,0.700499062028959
Q07810,0.7000013812216597
Q09105,0.6998946450218249
Q02702,0.69966245523003
Q07965,0.6995517741072097
Q05860,0.6994248396302507
Q03736,0.6984368246295827
Q07122,0.698336324944374
Q01478,0.6982540283881563
Q01835,0.6981652437800316
Q06180,0.6966578716507779
Q04651,0.6966190520613448
Q02387,0.6954490675543264
Q04708,0.6952937258215803
Q04105,0.6952142146086145
Q01515,0.6947506308953819
Q06286,0.6946767505593837
Q07798,0.6945623753311575
Q02417,0.6943507510284683
Q06573,0.6942892571945883
Q00653,0.6940505242813119
Q07041,0.6940238242585324
Q04317,0.6935444096736311
Q02903,0.6934951050497481
Q06619,0.6933729349433833
Q00409,0.693316440052114
Q09915,0.692967242215524
Q03919,0.6927841123088126
Q05556,0.6923263928491074
Q07938,0.6922875742372983
Q06942,0.6920785756829092
Q04189,0.6917002300237186
Q03887,0.6908117153534602
Q03892,0.6907716707784128
Q07839,0.6905800434695688
Q10061,0.6901211373685482
Q05772,0.6899979684095053
Q01560,0.6899873394689908
Q06270,0.6896498788770572
Q08363,0.689615551760339
Q08945,0.6893350304311029
Q07546,0.6892394928583675
Q00113,0.6890088205301067
Q09471,0.6886676625854947
Q04994,0.6885763272323737
Q02024,0.6881022391280998
Q02948,0.6876588113844517
Q00097,0.6875781567075977
Q05094,0.6875618949911642
Q03900,0.687180586294625
Q07227,0.6868927899941725
Q05776,0.6868129780817515
Q07511,0.6866736286761752
Q07743,0.685916305689012
Q01619,0.6856994723738652
Q00555,0.6855697922501862
Q10360,0.6854931572837607
Q02213,0.6850374880194375
Q06146,0.6845636508579761
Q04832,0.6845177741010529
Q01506,0.6844565693482751
Q03681,0.6843918247865634
Q06320,0.6840490656651543
Q00950,0.6839572665794061
Q09060,0.6839131946479933
Q07829,0.6838196329334564
Q02611,0.6831505233160434
Q04404,0.6825403145272001
Q02226,0.6823699152242391
Q07006,0.6823527565389608
Q00798,0.6823329674332355
Q01026,0.6820146252214903
Q00608,0.6815221792101884
Q03543,0.6813115299489371
Q02146,0.681121660530107
Q10379,0.6810322857943071
Q08269,0.6805311816617505
Q08548,0.6795230380190689
Q07889,0.6795147859227831
Q03949,0.6791485852733247
Q10146,0.6789001809867955
Q08784,0.6787927385109126
Q01141,0.6787152662687813
Q00419,0.6783702517648231
Q00692,0.6778416308867705
Q08663,0.677704335290291
Q01054,0.6776382548889504
Q00031,0.6775384757666978
Q04834,0.6773947398589251
Q02551,0.677356508558541
Q03879,0.6769246182113016
Q05683,0.6768242568104806
Q00691,0.6766827232866854
Q06371,0.6758084151305859
Q06126,0.675267446500713
Q10365,0.675195171391333
Q00422,0.6743138877247064
Q06374,0.6742800742060269
Q02080,0.6742401942663011
Q08061,0.6741138067623842
Q00957,0.6737362674384625
Q07194,0.6735897317027049
Q08131,0.673491576445582
Q00516,0.6734360407240094
Q08950,0.6727148560931667
Q09205,0.672576784867604
Q09610,0.6724423317513946
Q09066,0.6724414821786036
Q07089,0.6720361547951451
Q03835,0.6717304694104383
Q04461,0.6713750052564363
Q03108,0.6713256195538084
Q00390,0.6711683703997203
Q02480,0.670999344784153
Q06529,0.670814153912785
Q05277,0.6707963860327125
Q09860,0.6706495987480524
Q02452,0.670432116618233
Q09687,0.6695418100295192
Q07480,0.6692808043372868
Q01679,0.6687059633839021
Q08076,0.668550777934785
Q06183,0.667824408677335
Q04412,0.6676702092973285
Q05359,0.6674937670479056
Q02792,0.666710255805462
Q09499,0.6666597827467465
Q09725,0.6658103520360532
Q03648,0.6657049215533988
Q07022,0.6654339888853059
Q02533,0.6642589355366034
Q02926,0.6639666624652392
Q06873,0.6639561160329787
Q02990,0.6638924017014738
Q09819,0.6638907949896852
Q02484,0.6635120321683526
Q03406,0.6634038182016526
Q06200,0.663303177756294
Q09147,0.6629410267002984
Q03001,0.6629359981600907
Q09052,0.662889825074471
Q04559,0.6626316697339935
Q05560,0.6625994112448033
Q05897,0.6624865395609875
Q01186,0.6621965714513779
Q00784,0.6621911426941605
Q00333,0.6620775635207358
Q02667,0.6615278021246792
Q10043,0.6611835993366968
Q09078,0.6602493899263361
Q07268,0.6600934532477125
Q08511,0.6594910508677311
Q08618,0.6594075445661627
Q06986,0.659315955848408
Q03930,0.6591195572704505
Q04062,0.6588605338362127
Q07924,0.6586182878972764
Q08243,0.6586048268455788
Q02380,0.6584108071777083
Q08918,0.6582955908506433
Q03101,0.6582732513016624
Q07689,0.658191467276586
Q01620,0.6580027583860532
Q06216,0.6579452617671488
Q07169,0.6577911633628991
Q10122,0.6570743294854496
Q00282,0.6568984798701147
Q06563,0.656254216040247
Q09567,0.6562346931177929
Q08247,0.6560780339507114
Q05149,0.6558379186770621
Q03562,0.6555412274314856
Q04442,0.6554916044992432
Q04067,0.6554818567805597
Q08592,0.6552195296237399
Q04490,0.6550791492673511
Q07453,0.6550614792356444
Q04009,0.6548655232344902
Q04757,0.6543684381209899
Q04896,0.6542846312357162
Q05134,0.6541579693689308
Q02020,0.6541504810079829
Q05260,0.6541366740708987
Q09657,0.6540872263362835
Q07845,0.6534421601039503
Q04210,0.6533618598554994
Q01708,0.6529663685516509
Q03971,0.6527339322046223
Q09284,0.6524342743895929
Q01594,0.6520380353736119
Q00015,0.6518046996293303
Q06962,0.6517306001773344
Q03226,0.6510353969366376
Q02159,0.650974285096314
Q06148,0.6509681328389254
Q09704,0.6505867398136886
Q04910,0.6501551380845639
Q04172,0.6501123252820551
Q07449,0.6496706192214262
Q04513,0.6492541465602235
Q00364,0.6490494007539075
Q01580,0.6489728377648605
Q04784,0.6487221828142032
Q02183,0.6485934637126753
Q00245,0.6485158960462268
Q00868,0.648056854339106
Q03784,0.6476013266542849
Q06955,0.6467595680610866
Q00706,0.6463871541081501
Q00111,0.6456300583832165
Q03863,0.6451737746981048
Q06318,0.644543200662411
Q04001,0.6442071969194876
Q07435,0.6441110857747276
Q09358,0.6438874583147727
Q06945,0.6436055785615082
Q05112,0.6434942138196919
Q03234,0.643437969424937
Q07197,0.6432306779894659
Q03146,0.6426548255647986
Q03612,0.6425363122521528
Q02788,0.6423749410066516
Q02142,0.6422935284181482
Q08215,0.6418254817686019
Q02279,0.6417378049789622
Q09672,0.6416342045238108
Q05038,0.641207522706692
Q04962,0.6409690500845153
Q02177,0.6409578662342306
Q05540,0.6404241072881469
Q02244,0.6392042788481913
Q04198,0.6386873185806429
Q07563,0.6378152229688269
Q03343,0.6374990807886634
Q00335,0.6372454262667309
Q05612,0.6372084946614135
Q09172,0.6370640545217309
Q09647,0.6362225704688423
Q08386,0.6361609050397032
Q00550,0.6359245380473398
Q09880,0.6352787463719755
Q03150,0.6352608715966802
Q04088,0.6350464809048114
Q03352,0.63456792975169
Q07293,0.6343651064289623
Q00963,0.6340626321672441
Q00624,0.633712434918669
Q10175,0.6335731507528128
Q07770,0.6335344413910793
Q03512,0.6333024065701869
Q08632,0.6331752903163469
Q07784,0.633156575173998
Q08957,0.6331142172856701
Q03722,0.6327191310628862
Q05284,0.632566426475506
Q10455,0.632421087003534
Q03069,0.632336731644582
Q06616,0.632159047411108
Q06465,0.6320352034264036
Q05065,0.6318520271896116
Q09669,0.6317859290033884
Q08433,0.6316420670258542
Q03270,0.6313648630355718
Q02120,0.6313414767553422
Q05315,0.6312664995761961
Q06878,0.6307279114921559
Q09485,0.6306985712951819
Q02638,0.630623781732316
Q07515,0.6301581444934431
Q05358,0.6300881182993545
Q08112,0.6300241548849954
Q07877,0.6298914603428759
Q06767,0.6297280980181122
Q02753,0.6297205300909821
Q09366,0.6293152301567198
Q03356,0.6292442376461589
Q04364,0.6292327329010429
Q08178,0.6291448749007512
Q00630,0.6290322036651733
Q01059,0.6288676514846219
Q08853,0.6268011418852161
Q04774,0.6268011074343954
Q02101,0.6267078939545428
Q07276,0.6263274522967577
Q08220,0.6262231059208149
Q08149,0.6260287396851727
Q08772,0.6259707691546738
Q00778,0.6256246138510044
Q04320,0.6254798313824106
Q07930,0.6254398167046226
Q02054,0.6250003639392462
Q02060,0.6249891461834213
Q00187,0.624945849102053
Q08747,0.6246732568610557
Q09207,0.6240176151793763
Q00991,0.6233707827988969
Q04395,0.6233668160050466
Q04326,0.6232553178726675
Q00211,0.6230421068214805
Q03850,0.6230082495755052
Q05496,0.622850919294383
Q03179,0.6228472008682132
Q01129,0.6227733942552084
Q09793,0.6225631306227636
Q06517,0.6223535613087944
Q04072,0.6221965569512959
Q06424,0.6221275012592056
Q10355,0.622092340955005
Q02870,0.6215230282384097
Q09270,0.6206872887765004
Q04251,0.6204697145998793
Q00676,0.6203556060713011
Q02864,0.6196292671010895
Q09409,0.6195418163026329
Q08442,0.6195161204120925
Q10088,0.6191642757343851
Q00795,0.618775340985351
Q01391,0.6187429489120015
Q10078,0.6186867718317071
Q04048,0.6183970621503438
Q03469,0.6180494788249015
Q04322,0.6179223564038039
Q01342,0.6178516760113666
Q04609,0.6178393089259819
Q02517,0.6176076162514454
Q08102,0.6175404201938437
Q08730,0.6174835939132381
Q07998,0.6174114355677559
Q07861,0.6171646835864941
Q02706,0.6170730839471401
Q05988,0.617037309228936
Q01213,0.6169234614026023
Q09678,0.6161316045027126
Q08813,0.6160501331595123
Q06881,0.6159711508284481
Q09015,0.6150758654343018
Q06893,0.6150268083730762
Q06664,0.6143401112726279
Q02995,0.6143283341129505
Q05086,0.6142264972514416
Q05219,0.6141751832171822
Q04589,0.6137829558100524
Q00999,0.6132684239293588
Q09564,0.6132625858965318
Q08979,0.6130197483095361
Q03768,0.6124410443000502
Q01131,0.6123377892342226
Q10344,0.6121392559379902
Q07902,0.612052892477452
Q01030,0.6118922877597285
Q07553,0.6118455065927513
Q10224,0.6117395167406446
Q07827,0.611612559645911
Q04661,0.6114779291904822
Q00962,0.6108970625933239
Q05793,0.6103090090038721
Q05242,0.6102953757438697
Q08604,0.6102747213391382
Q04971,0.6100733701122258
Q09812,0.6098764523499206
Q10253,0.6098419644910185
Q00293,0.6098336035968959
Q03874,0.6096899762240561
Q08420,0.6094624793182553
Q07695,0.6093532671907478
Q07200,0.6089517013032956
Q02574,0.6088750942304954
Q01897,0.6085710413898957
Q09927,0.6085184906117174
Q00932,0.6083183136249662
Q00427,0.6081642405223664
Q01035,0.6080306743652201
Q04427,0.607710252020719
Q01598,0.6076198239188283
Q00881,0.6074159493955904
Q04151,0.6073165159030928
Q02674,0.6072384491926559
Q02621,0.6068812011655271
Q01892,0.606828024955824
Q01167,0.6067548219923651
Q04054,0.6066204388231697
Q00079,0.6065791314717708
Q09038,0.6065540011855651
Q10157,0.6065480289198003
Q04087,0.6063062734393657
Q09463,0.6061530051544134
Q09996,0.6054743107773147
Q01185,0.6052504881954135
Q09272,0.6046254495025914
Q04711,0.6044416244344414
Q10267,0.6040315532612704
Q01160,0.6040114977990665
Q09730,0.6022052363209476
Q00690,0.6018683102288154
Q07144,0.6015388615904202
Q05351,0.6014068684405631
Q04859,0.6011212783222656
Q00100,0.6007606657756916
Q04561,0.6004018445085735
Q04606,0.6001925262386798
Q02613,0.6001749173080857
Q02089,0.6001160343522569
Q06752,0.5995512411763377
Q09969,0.5987977555172994
Q09827,0.5987367546462086
Q02076,0.5986732929049324
Q03679,0.597560916650001
Q05129,0.597499207855998
Q02278,0.597457855153414
Q09340,0.5967886136204934
Q09036,0.5963751678478721
Q08694,0.5961353382909212
Q04723,0.5958028976783595
Q10408,0.5957267871072383
Q07596,0.5954613555812129
Q05716,0.5953153478094894
Q02951,0.5948846014839416
Q09250,0.594719107033332
Q00723,0.5946169152920808
Q05172,0.5938900378736524
Q02946,0.5936854874700105
Q01538,0.5936301575889277
Q07503,0.5934988231187535
Q00749,0.5932499750243809
Q10063,0.5926046606849722
Q03889,0.5925066969446636
Q01508,0.592106426752828
Q02357,0.5920144604923302
Q08621,0.5918590519396281
Q09257,0.5917123327570183
Q01729,0.5915463855720536
Q03984,0.5914568621671772
Q09210,0.5913603479719093
Q08590,0.591340304610063
Q04294,0.5908210986246749
Q03224,0.5908104095209182
Q02775,0.5908002253596141
Q00241,0.5905880032008599
Q07698,0.5905191879515319
Q04096,0.5902066110080507
Q04451,0.5900946417752375
Q01029,0.5900337307981424
Q09098,0.589980450111762
Q05179,0.5898909348688609
Q02557,0.5897501916285267
Q04124,0.5897253819548592
Q09361,0.5895480318346306
Q05071,0.589412847287131
Q04576,0.5891691497409981
Q07320,0.5872309958629669
Q06685,0.5868516521478497
Q09504,0.5862100337923901
Q03124,0.5859986115274194
Q08732,0.5858175398030463
Q01865,0.5854419623203009
Q04384,0.585438023751747
Q04030,0.5852697251345779
Q01163,0.5850585447673763
Q04640,0.5845481412797271
Q01818,0.5845104300973639
Q10149,0.5844687112481007
Q09464,0.5840545163070769
Q04401,0.5835193128669395
Q08600,0.5832426328844196
Q06883,0.5825944373616251
Q07657,0.58250159932164
Q05334,0.5821138104956924
Q00913,0.5820836858767611
Q08886,0.5820063488677679
Q06299,0.5819648067239416
Q06365,0.5818363782595755
Q08737,0.5818272723249046
Q03668,0.5816809316213918
Q08712,0.5815544834410284
Q06257,0.5815309292324916
Q05085,0.5814268278046038
Q00452,0.5808669230770432
Q03253,0.5808004205198593
Q09227,0.5807437758152708
Q06282,0.580717476630202
Q05623,0.5803767307103481
Q08376,0.5797660981992513
Q01847,0.5794574933376437
Q04221,0.579349850860512
Q05649,0.5792716276734532
Q04372,0.5792594950721804
Q07055,0.579145380914162
Q09386,0.5790726092310886
Q06082,0.5790348436763932
Q09838,0.5788333406047297
Q08765,0.5785945045541973
Q00924,0.5780987961262528
Q03339,0.5780795094023239
Q01765,0.5780480730920444
Q01414,0.57767358469012
Q07554,0.5775666989577183
Q01394,0.577466545490658
Q02073,0.5773745384297284
Q04539,0.5773403411420442
Q05001,0.577268087843133
Q00582,0.5770492403821227
Q06195,0.5767155266002552
Q09786,0.5762497417014374
Q08412,0.5756550965801457
Q01747,0.5753841460138687
Q02710,0.5753341629835839
Q00311,0.5752473407436457
Q08960,0.5750978399890024
Q01133,0.5744149012344583
Q06495,0.5741063180792048
Q08188,0.5740789695857131
Q02262,0.5740242590264744
Q05058,0.5736416771153116
Q09546,0.573282374862023
Q00076,0.572831250557126
Q02112,0.572768564759897
Q02817,0.5718782263637722
Q02041,0.5714999002373137
Q04116,0.5714192160947912
Q03345,0.5708525075370419
Q04045,0.5707065265253946
Q07471,0.5707022086413438
Q02014,0.5706826437115486
Q03138,0.5703021137216211
Q06814,0.5702768243728297
Q01977,0.5701279627518371
Q07608,0.5699833548332566
Q02064,0.5698524680787408
Q04881,0.5693004124748162
Q03689,0.5691653330166089
Q09701,0.5689481895545611
Q07470,0.568920550840656
Q05549,0.5689170101560315
Q06822,0.5688516945542342
Q07581,0.5686826367106655
Q06175,0.5681955546304588
Q01368,0.5677235677114639
Q09594,0.5674333867470688
Q00569,0.5672961747572998
Q08851,0.5670947099516636
Q00321,0.5667389044517759
Q06848,0.5665735396879994
Q03353,0.5665080664873199
Q09959,0.5664390999151449
Q07558,0.5660727576571637
Q00873,0.5660257827817692
Q00161,0.5658585789148286
Q02416,0.5658506570853389
Q05514,0.5653936791075982
Q08717,0.5653238834988562
Q05977,0.5652886289064091
Q04808,0.5652839813046767
Q03637,0.5652765389891354
Q09371,0.5651602248838342
Q06580,0.5649816892549969
Q03615,0.5647446793014387
Q00296,0.5644820772072612
Q01041,0.5644011112543765
Q07713,0.5638622581676552
Q02280,0.5638378929171549
Q06739,0.5636694838365656
Q03103,0.5636495104487544
Q09155,0.5635311314697798
Q09072,0.5633775647415524
Q01842,0.5633085307276279
Q04041,0.5628083269210872
Q04608,0.5624627587452252
Q10305,0.5624357333213204
Q03379,0.5624264406109132
Q08574,0.5623483054766908
Q02011,0.5620997345871614
Q07899,0.5615368107604266
Q09088,0.5613975809421
Q08382,0.5612327107028825
Q08368,0.5609571981260609
Q06253,0.5608593730644013
Q09937,0.5606763991084266
Q10247,0.5604549756136318
Q06569,0.5604338872076432
Q03057,0.5603257917407637
Q04262,0.5600358561807577
Q03962,0.5600304745099157
Q04464,0.5599335865906593
Q05579,0.5596085940392997
Q07192,0.5594783653418808
Q04519,0.5593257844229831
Q06075,0.5593204492839481
Q01224,0.5588913464788042
Q06275,0.5588685302837149
Q08797,0.5583897439741731
Q05864,0.5577368591318573
Q00292,0.5575591683041454
Q05152,0.5574930486546549
Q02523,0.557059701063214
Q07907,0.5569832419935039
Q06783,0.5568509789478071
Q09514,0.5568056346053741
Q08225,0.5567435959052816
Q05727,0.5563185689130319
Q06556,0.556077314257317
Q05828,0.556067979101363
Q00025,0.5558364530238324
Q04477,0.5548764980270747
Q05596,0.5547129873896024
Q08738,0.554416538692573
Q10487,0.5543527672471676
Q06300,0.5542804941808872
Q07840,0.554174347714997
Q05433,0.5541113351533741
Q08108,0.5540294791687468
Q00909,0.5539286308109846
Q08883,0.5539021328279721
Q01999,0.5536626680971677
Q04249,0.5533976658069388
Q10447,0.5533763298663164
Q05028,0.5532084759955043
Q03918,0.5531840417682775
Q07023,0.5530211420170486
Q06485,0.5526124932190739
Q01571,0.5524413815599477
Q09759,0.5522029032551863
Q00534,0.5521376993898511
Q04225,0.5521053913708561
Q00176,0.551738178930578
Q05056,0.5515993145025939
Q06550,0.5514174175477529
Q07334,0.5512366665999682
Q03931,0.5510413923131762
Q09531,0.5510257412738769
Q09399,0.5508422829326788
Q07869,0.5506892556580227
Q04207,0.5505732702217746
Q02114,0.5503509122556494
Q09290,0.5502999581242534
Q09465,0.5502561798671101
Q01651,0.549974255139578
Q05148,0.549564291497413
Q00542,0.5495335790760804
Q04482,0.5492773120648748
Q00826,0.5489833566670311
Q05867,0.5489538306489501
Q00225,0.5487612869939981
Q04382,0.5482482837133569
Q08922,0.5479529271011451
Q02240,0.5479411001830653
Q09808,0.5477764874660052
Q04107,0.5473948445881558
Q10013,0.5468431278547894
Q05692,0.5466602212957926
Q00613,0.546463580360391
Q08029,0.5463664453859314
Q08653,0.5463630390319826
Q02767,0.5462165454805651
Q09411,0.545927161945958
Q01628,0.5457696229677848
Q00213,0.5455808957936019
Q05233,0.544999721073616
Q00469,0.5447728072560689
Q02319,0.5444371453704852
Q06071,0.5442887478410698
Q03645,0.5441264715983474
Q05192,0.5440776242576887
Q02412,0.5433952258472506
Q01556,0.543058718240892
Q06425,0.5426822391697902
Q00482,0.5426346910868719
Q02723,0.5424874581910504
Q06327,0.5424052881022382
Q01946,0.5422484778368409
Q09154,0.5417870516558403
Q02650,0.5415884411188715
Q00729,0.5414303762693419
Q04052,0.5413171711341674
Q00720,0.5410110278767525
Q02821,0.5406154769821159
Q08607,0.5404652325945064
Q07543,0.5398730534927484
Q08151,0.5396202445807454
Q03160,0.5395690423163497
Q03995,0.539546389408111
Q09144,0.5395263461787344
Q03330,0.5394259557953296
Q04827,0.5393735835775552
Q05642,0.5391507396570726
Q05853,0.5390103205782251
Q08552,0.5390041023437235
Q02132,0.5386275075106316
Q05785,0.5386060539550331
Q05574,0.538296629676764
Q03870,0.5379604185769754
Q05491,0.5376248198843678
Q03122,0.5376046433214352
Q01349,0.5375188740540693
Q09282,0.5370956743788525
Q05944,0.5370704049534218
Q08477,0.5370519612128348
Q09954,0.536892367742943
Q09803,0.5368886965703631
Q10211,0.5364918981001191
Q01504,0.5362395605400607
Q04352,0.5360504634850867
Q10391,0.5352091026184639
Q03021,0.5348097024822173
Q06623,0.5346439167782477
Q01476,0.5346088998175772
Q07835,0.5342789178225825
Q06108,0.5342280403811929
Q07336,0.5337303657917846
Q03985,0.5334452358900224
Q00195,0.5334222144456631
Q08130,0.5333109016255766
Q07151,0.5332799907991694
Q03801,0.5322779647651993
Q05418,0.5322198601759471
Q03501,0.5320955938856109
Q09151,0.5313403753251085
Q01190,0.5308850022510243
Q06884,0.5307471248156225
Q05764,0.5307462411660613
Q08727,0.53069750534899
Q05126,0.5305960870119453
Q08426,0.5305762558380425
Q01189,0.5304492787150235
Q02863,0.530214143799101
Q03328,0.5301425280451332
Q05955,0.5296530185501789
Q09527,0.5295954641950924
Q02559,0.5291872719305475
Q10027,0.5289958294142489
Q05075,0.5284412423153857
Q03407,0.5282365881022326
Q09778,0.5281020407718743
Q09524,0.5280731555133427
Q02585,0.5280194324897785
Q09769,0.527892036238196
Q05231,0.5274608325211556
Q09513,0.5272989029400639
Q01002,0.5271508949344167
Q01815,0.5270805658622543
Q02070,0.5269322371107634
Q02271,0.5268236471893618
Q00712,0.5267389610275333
Q05057,0.5265645731966025
Q06429,0.5263461508885457
Q07326,0.5261392488893407
Q02664,0.5261067385163963
Q03287,0.5260472389187835
Q04385,0.5258359912213203
Q10040,0.525753349727836
Q05282,0.5255690322210206
Q00383,0.5253540676787728
Q05668,0.524955816123387
Q10097,0.52472769666552
Q05127,0.5246155210467367
Q05449,0.5244217569354954
Q07651,0.5243773947354748
Q06351,0.5243655732456611
Q05090,0.5238382723264156
Q09143,0.5238254610142961
Q06742,0.5237303354088544
Q10496,0.5233986952759295
Q06109,0.5224812713911035
Q03466,0.5222717283567438
Q00413,0.5221188619982996
Q09377,0.5219554971687558
Q07272,0.5218022498803574
Q02057,0.5215353263137013
Q00587,0.5215226258215652
Q06222,0.5209308247192628
Q02786,0.5207318764633554
Q06398,0.520517078858884
Q00351,0.5203278589954392
Q01719,0.5200352893270435
Q06927,0.5196150092010413
Q02694,0.519519375220143
Q02238,0.5194512031377999
Q02907,0.5192259392214358
Q05830,0.5191567565934508
Q07234,0.5189885738597071
Q02062,0.5188705437123453
Q00968,0.5182547246751238
Q08759,0.5180476314341917
Q04534,0.5179451121556526
Q08100,0.517847401040923
Q05387,0.5175172454285784
Q09602,0.5174426309787984
Q06690,0.5171924174557513
Q07488,0.5168828612376596
Q07288,0.5167763156644674
Q08684,0.5163248957146889
Q01797,0.5159699878504796
Q04498,0.5158611462504258
Q08416,0.515714818554366
Q05659,0.5155479403293267
Q09865,0.5154523735547629
Q03278,0.5150065409715905
Q00207,0.5148150710352701
Q03261,0.5145608508973671
Q05810,0.5142047940054594
Q07969,0.513772617947473
Q09218,0.5137331911206457
Q05443,0.513606031623331
Q01688,0.5134878297264721
Q05484,0.5134169925254299
Q06567,0.5132631010037652
Q10067,0.5132043401406554
Q05042,0.5131611411984832
Q06765,0.5131605323180778
Q01766,0.5126587157796146
Q02327,0.5123030875602609
Q00479,0.5120417401793969
Q02945,0.5119770819749613
Q06700,0.5118441969532515
Q08558,0.5112779518232731
Q07668,0.5112745574891554
Q10046,0.5112427674190283
Q03752,0.5110512280862092
Q00283,0.511049575587054
Q00809,0.5109453373907321
Q09641,0.5105191149092159
Q03240,0.5100153014228291
Q01473,0.5099494812794303
Q10270,0.5096954712519123
Q09107,0.5096517779747757
Q09538,0.5091802879584614
Q01593,0.5089767560382629
Q08164,0.5086102685923746
Q10317,0.5085397086755155
Q10292,0.5083652746419259
Q03937,0.5081415463438432
Q01130,0.5080897689726749
Q00318,0.5080170908217361
Q06860,0.5078674071235371
Q01907,0.5077214873503924
Q06472,0.5075460477285012
Q00038,0.5074192237575912
Q03041,0.5070801973690293
Q10186,0.506837753728411
Q02441,0.5063680357567869
Q05081,0.5062424256141566
Q03142,0.506095540110286
Q08491,0.5057438333459211
Q02359,0.5056541337103172
Q04795,0.5055294916409478
Q01344,0.5053550575428057
Q09081,0.5053352901231183
Q09912,0.505163943433974
Q09348,0.5051387912444787
Q03499,0.5050248583071071
Q03797,0.5048963821312296
Q09336,0.504546268983143
Q00566,0.5044319130821304
Q09925,0.5044122743812962
Q06652,0.5041863464487738
Q04114,0.5040917028431927
Q00039,0.5040367964402569
Q08912,0.5039416231602306
Q06102,0.5038428192524638
Q04863,0.5036437925091831
Q07629,0.5035000823433242
Q02648,0.5033597629873703
Q09522,0.5032547688802431
Q09809,0.5029629134119225
Q10499,0.502829797161536
Q09752,0.5023686786778276
Q02406,0.5021579567208211
Q04862,0.5020926569671075
Q09585,0.5019278479198714
Q04112,0.5016637066339895
Q00121,0.5013955351556887
Q03324,0.500855698182442
Q00393,0.5005665515578526
Q03243,0.5003915416204955
Q02891,0.5003228391467939
Q03075,0.5002566164512184
Q08316,0.5000782696066054
Q06753,0.5000421355947778
Q02936,0.499886162836246
Q04565,0.4995485513124939
Q06407,0.4992447656403594
Q08899,0.49916609765417064
Q01175,0.49907804092016544
Q04819,0.49894388847717575
Q02665,0.4988058076611892
Q04953,0.49864230844604457
Q08859,0.49853825525336737
Q03663,0.4984211639476577
Q03794,0.4982812626904896
Q06828,0.4976081880473799
Q09051,0.497348513151658
Q09324,0.4971574944409384
Q03386,0.497083859737785
Q06538,0.4970001459229309
Q01885,0.4959315424248513
Q05662,0.49590513795136965
Q07941,0.49569937241247203
Q10131,0.4955285523052594
Q06118,0.49549123386908106
Q05831,0.49546557878349085
Q01192,0.49488316154957834
Q02959,0.49481351139687924
Q05964,0.49440106200503753
Q06231,0.4943584529592135
Q09928,0.4940776684405916
Q03966,0.4937483585029139
Q07682,0.49365219967424634
Q09857,0.4934718362335797
Q04139,0.4934175689074811
Q01295,0.4932436584014381
Q09400,0.4931833968456033
Q07000,0.4931611004330475
Q06150,0.4930442663784324
Q05702,0.49290545333638747
Q04712,0.4926525800597965
Q04864,0.491980155645823
Q00579,0.4919783832370643
Q02341,0.4918274373496802
Q08745,0.49140745467038005
Q03090,0.49120941224549464
Q00509,0.4909831430257443
Q08330,0.49092783604248796
Q06665,0.49061805245061335
Q08631,0.4903801695445208
Q01526,0.4899463884877111
Q05523,0.48987512751090484
Q05122,0.48987467607264606
Q05141,0.4892567112281198
Q02087,0.4888305364094406
Q03471,0.48879223382651027
Q07188,0.48865271918736986
Q01481,0.488518755940494
Q01517,0.48847258328336196
Q03591,0.48845125357281755
Q08545,0.4881700812711366
Q07174,0.4877948949523904
Q03095,0.48768287878010846
Q05414,0.48715287643760596
Q02525,0.4870741561947711
Q07366,0.48693739376798834
Q09899,0.48692838663166677
Q07580,0.4866644913770196
Q08488,0.4866291210046679
Q06105,0.4865622198251778
Q08698,0.48647578345864456
Q08556,0.48638166571078245
Q01022,0.48630751872267886
Q08286,0.4862525048787397
Q04870,0.4860648344895246
Q03007,0.4859553808768252
Q07043,0.48585892496188954
Q03820,0.48568194668915077
Q08479,0.4856600993769597
Q08845,0.48530593734114047
Q01783,0.484952729842917
Q07813,0.4848192267691127
Q08280,0.484629429809741
Q09854,0.48453769983573053
Q06130,0.4842058746760206
Q07640,0.48393888088366366
Q02704,0.483893249816808
Q03997,0.48367966816048164
Q05729,0.48360926908289925
Q03165,0.4833229641515976
Q07879,0.48329175453407913
Q07660,0.48323136280849743
Q08004,0.48312500512910334
Q08092,0.4827250324647374
Q00181,0.4827136444153327
Q06277,0.4827109554065951
Q06825,0.4825863100407926
Q06901,0.4824470845612334
Q03053,0.48240233111501735
Q06161,0.48228189037279273
Q04250,0.4820210194676881
Q05750,0.4818726663945861
Q08720,0.4816600785581136
Q01440,0.48162912937848174
Q02875,0.48079351295336575
Q07915,0.4805735275232577
Q04533,0.4804989116255798
Q05297,0.48001667313552715
Q08817,0.4798471066738997
Q09713,0.4797182261950505
Q04912,0.47967771382496005
Q10414,0.4792690242705436
Q02129,0.47925730779204867
Q09414,0.47912217184196765
Q06988,0.47889548113313596
Q06725,0.4786941829100457
Q08956,0.47866143990044424
Q10364,0.47859069526110953
Q08774,0.47854226452976134
Q01723,0.4784152433361951
Q00545,0.47829601783550907
Q09112,0.47814781766362846
Q06970,0.47811374410729446
Q07795,0.4779312586927224
Q02361,0.47782409485257676
Q05880,0.4778039411851269
Q06408,0.47765575345439687
Q08211,0.4773636031669773
Q07161,0.47714027907748086
Q10205,0.4770270464350097
Q03924,0.47675294382572453
Q04138,0.47671956836338997
Q04887,0.4765360276021829
Q04413,0.47570005844808305
Q02897,0.4756708767115989
Q03791,0.47552147731776845
Q08819,0.47534432907423607
Q01336,0.47527599753495803
Q02058,0.47519313595587337
Q01162,0.4751904385036495
Q06369,0.4746955157274038
Q06221,0.4746254029587521
Q05362,0.47459542772211394
Q06129,0.4745579713938438
Q07177,0.47453892057049074
Q02755,0.474427468597343
Q01155,0.47442319559575286
Q08193,0.4742173055340374
Q06899,0.47401844834950113
Q06890,0.4738953542353774
Q07776,0.47387911322046294
Q03104,0.47378167415994604
Q10423,0.47346078664593366
Q05997,0.4729126684041206
Q08905,0.4725964640954569
Q06235,0.47243414452070204
Q08266,0.47225808803991925
Q07976,0.4720561024366986
Q06144,0.4718615638824451
Q07237,0.47182243178805083
Q07099,0.4715583727643538
Q06094,0.4714211482892921
Q01142,0.47126825501233666
Q08322,0.4712325768943274
Q02162,0.47122389815563326
Q03332,0.471154694768559
Q01653,0.4708182016962216
Q09491,0.4708045543322688
Q09039,0.4705551719011758
Q08411,0.4704650471662981
Q05912,0.47021895810709097
Q05368,0.4700853766002199
Q03617,0.46993262147670106
Q08037,0.46969361717422436
Q01241,0.46929983384980833
Q09605,0.4692725557129099
Q02543,0.4685666351242295
Q06760,0.4684562992375163
Q09223,0.468444623226022
Q09043,0.46804428276031873
Q09158,0.4679457678490003
Q07931,0.46790846512668194
Q09926,0.467877672813445
Q07996,0.46781253455270955
Q07373,0.4676834900784091
Q06364,0.46750564655353666
Q09559,0.4674642438762686
Q03898,0.4673933356572032
Q03973,0.4669893751110029
Q09729,0.4665074952945581
Q04289,0.4664543579681345
Q03401,0.46635472286065066
Q09777,0.4662880650661185
Q08230,0.46605269606324606
Q09958,0.46588497320052635
Q08572,0.4657885266440909
Q08069,0.46545371864348395
Q06047,0.46544458508117253
Q00850,0.46521111528873577
Q01337,0.4649241607291668
Q07450,0.4648674034015057
Q06998,0.46437704125916535
Q00430,0.4643456887349677
Q09507,0.4642887001057729
Q01243,0.4641686931646602
Q03390,0.4640510208359962
Q05790,0.4638521140457123
Q04324,0.4636363863919376
Q01979,0.4624047452729724
Q06215,0.46218095639636003
Q06181,0.46207196675002943
Q08146,0.4619716473492566
Q08464,0.4617606927875244
Q00864,0.461630404870328
Q00064,0.46160252418524433
Q08867,0.46153362586694613
Q08127,0.4613236826714891
Q04972,0.46127089814166644
Q05398,0.4612609651306955
Q06993,0.4610489623548578
Q07368,0.4609657499749637
Q00841,0.46081986004027853
Q06191,0.4604360560423772
Q01367,0.46041175948391483
Q07135,0.4600614428223814
Q04811,0.46004681375720835
Q02716,0.45921155870583774
Q05456,0.45860592008224615
Q08861,0.4585396127931381
Q04275,0.4581094601149299
Q00297,0.45808278412816933
Q06157,0.4580489621459473
Q00621,0.4580305891610912
Q04741,0.45801758137550763
Q00426,0.4578834616339272
Q09968,0.45784015857917537
Q06297,0.4568881032096825
Q08024,0.45648507506751884
Q05495,0.45609338054056237
Q00256,0.45575292401603296
Q06850,0.45563349711621376
Q02499,0.4554043361412483
Q01354,0.4550711659536034
Q07512,0.4545690411948456
Q04070,0.4545009247925777
Q04518,0.4539833653817435
Q01608,0.4539136682227335
Q07156,0.4539014253286715
Q05512,0.45328911054435594
Q06314,0.45322224137221107
Q00935,0.4532061494013794
Q03981,0.45305359970143594
Q01690,0.45302578053567377
Q07894,0.4529743675990949
Q02811,0.45276623664126786
Q00678,0.4526891639113816
Q00149,0.4526793585330557
Q03027,0.4526089974479603
Q09913,0.45257408121568765
Q01124,0.45250673922301454
Q03413,0.45234851701630957
Q05838,0.4523162008039985
Q09142,0.4522679844282462
Q08427,0.4519929828699794
Q08787,0.45197152711872934
Q02857,0.4517660193765913
Q07077,0.45153378687852574
Q07753,0.45135097267079705
Q08948,0.4513415445119563
Q06751,0.45128453125843954
Q05755,0.45115495016854157
Q03333,0.45110393758991274
Q08958,0.4509869163833334
Q02338,0.45093579106832643
Q07195,0.4508978572422144
Q10142,0.4508780493319125
Q06560,0.4495631307460747
Q00411,0.44953776307671617
Q02389,0.4495272468818735
Q03323,0.4494671405698392
Q07973,0.4493000028728881
Q05904,0.4492762635178716
Q09368,0.44890295152837983
Q05469,0.44877614721982184
Q09028,0.4484412080938564
Q05448,0.44840993014861125
Q07592,0.44753404220461646
Q05457,0.4473771267505538
Q09822,0.4473012027247485
Q05476,0.44721831510956
Q05644,0.44721636785491803
Q00095,0.4470767740559914
Q05395,0.44701160452849725
Q02100,0.4465051209228883
Q02010,0.4464960209611015
Q09084,0.44641962896188814
Q06614,0.4463193647289665
Q03277,0.44613747954015254
Q06048,0.4459250409341609
Q01873,0.44587433420870587
Q00707,0.44586820871717897
Q07796,0.44568568305123957
Q10136,0.4453249561891252
Q10044,0.44517951246578574
Q09935,0.4451499466128152
Q00747,0.4450245084152289
Q05461,0.4449847698678348
Q03878,0.4448414626821283
Q03147,0.44474046694197605
Q09955,0.44444967814649683
Q05322,0.44440574388966897
Q01285,0.4444053173448385
Q02848,0.44422752096288703
Q05236,0.44407596719058123
Q09855,0.444014014261374
Q09287,0.4436876337874164
Q06886,0.4436256079239603
Q09086,0.4432875706172113
Q04163,0.4432712068582783
Q06537,0.44318437352664974
Q06746,0.4429924516665422
Q08438,0.4429388816962625
Q08889,0.44287545602902434
Q05382,0.4428298916240308
Q10468,0.44281227818715213
Q00421,0.4426828309721224
Q00895,0.44265368441410863
Q06912,0.4424613593431497
Q02754,0.4421620397213204
Q10449,0.44205276492763235
Q03622,0.44204357145074663
Q05352,0.4420365909627862
Q02635,0.44190719838456793
Q04399,0.44187851048382887
Q09914,0.4418074970909062
Q09596,0.4417064176574447
Q00738,0.441253559404047
Q04772,0.44123736834387345
Q01355,0.4411803693687847
Q01011,0.44081130365097954
Q08515,0.44076614500216044
Q05759,0.44008626214894575
Q04801,0.43978541876380584
Q07254,0.4394958199492428
Q07913,0.4392662586574943
Q02198,0.4383816577290999
Q04548,0.43828340298248375
Q00786,0.4381913692266602
Q09381,0.4378951571816313
Q05632,0.4375961379682441
Q06217,0.4366984956880266
Q01045,0.43659660688644186
Q07460,0.43658155910915036
Q05892,0.43647135485810823
Q01527,0.43631242848574764
Q03700,0.4361957623292821
Q07318,0.4360452991579831
Q02978,0.43574613894498154
Q07040,0.4357310139739372
Q03806,0.4355267550291627
Q06721,0.43546256767844926
Q01634,0.4353399200007068
Q07895,0.43521879728331836
Q05951,0.43501479726804704
Q04421,0.4347550530525735
Q10460,0.43460790091875656
Q00298,0.4343564059772692
Q02916,0.4340799123993641
Q04437,0.4337207246278349
Q09506,0.4332720554102002
Q07114,0.43314935747560956
Q03440,0.4329896674383937
Q01091,0.43298482289841056
Q07415,0.4328438077786724
Q05077,0.4327594123191946
Q04966,0.4325900588099981
Q09956,0.4324349995286789
Q05475,0.4323733205020834
Q03247,0.4323004618859354
Q05868,0.43230011499314386
Q07003,0.43228831366447756
Q07442,0.432226993177184
Q09590,0.43221184996678313
Q07051,0.4321740617031548
Q08159,0.4320747095502557
Q03402,0.43177651646931503
Q08114,0.4316073426366271
Q06973,0.43145901346491167
Q01154,0.4311133927702367
Q01402,0.43087052317032837
Q04076,0.43063970622498443
Q06354,0.43029384798660125
Q04073,0.4302611449290886
Q03359,0.43023384486913113
Q06729,0.4300060438527467
Q03705,0.42988182443083267
Q00259,0.4293064449156093
Q01009,0.4292824420174264
Q08624,0.4292679280819581
Q09963,0.4291547103641109
Q02475,0.4288131655767594
Q02455,0.42865022483031845
Q00309,0.4285133726492468
Q03963,0.4282866446367479
Q03414,0.4281951059380216
Q07441,0.4279255916292625
Q03197,0.42755176216926455
Q05005,0.4275196993273393
Q01132,0.42744992451735775
Q04660,0.4274103401820932
Q02444,0.4272087732889955
Q10232,0.42680440945976844
Q04872,0.42646801041490323
Q00175,0.4263041802208049
Q00750,0.4262851010141323
Q00434,0.4262448033995327
Q08627,0.4257790952940049
Q05629,0.42561756844051507
Q08109,0.42557898188910936
Q03470,0.42538705373288344
Q02987,0.4250852316242587
Q10410,0.42504658820470526
Q01751,0.42499508052134183
Q04285,0.4248345426664203
Q01791,0.42473837044121565
Q05391,0.4247094658967024
Q01997,0.424563149537268
Q03088,0.4242354489258833
Q09843,0.4240937910594295
Q00619,0.4240094691813594
Q01020,0.4238933407371964
Q02748,0.42383607617971714
Q01689,0.4238295651773503
Q02562,0.42338000873854664
Q10104,0.4231180772516211
Q05101,0.42308581178101656
Q02447,0.42297003045862647
Q06329,0.4228116357581199
Q08808,0.4227613790421142
Q08405,0.4225881894179192
Q05740,0.42245020609396305
Q01021,0.42228877675837684
Q09146,0.42224254619909546
Q00124,0.4219154655041615
Q07566,0.42191228492934735
Q02986,0.4217085724737622
Q09542,0.42161609819484697
Q02680,0.4215849191821804
Q02106,0.42127418959882523
Q02052,0.4211832669142493
Q00651,0.4211364384231808
Q07747,0.4211347213284208
Q05102,0.42105617410477747
Q01060,0.4209383769720862
Q02589,0.4207910648625525
Q08522,0.4207537222923692
Q04083,0.420670866767517
Q02405,0.42063202843306097
Q10150,0.4205225739134113
Q04340,0.4203517172932574
Q05328,0.42024258689066296
Q05299,0.4201028787602436
Q08436,0.41999309101023513
Q07374,0.4199375642322029
Q06774,0.41933608273039275
Q07974,0.41928497177712526
Q02595,0.4190625355609951
Q09807,0.4187657056532422
Q07593,0.41875677841916203
Q04558,0.4187282944031134
Q00467,0.41869401578776677
Q04259,0.41862461100114107
Q04854,0.41859469705169794
Q02591,0.4181758062773854
Q08466,0.41782982020353737
Q06261,0.4177854939189238
Q06948,0.41752240673214797
Q07421,0.41735378377863847
Q10177,0.4173177988399294
Q06496,0.41693356317599733
Q02751,0.4167193793787694
Q04685,0.4167192347007522
Q02094,0.4164503330876922
Q03028,0.4156111023980083
Q02661,0.4155675994376002
Q07540,0.4153334457471299
Q01621,0.41522396098326686
Q09166,0.4151905534935178
Q07312,0.41519049429203564
Q03132,0.41506365822269664
Q05942,0.4145307883723036
Q02450,0.4145142692742733
Q02471,0.4143423601416137
Q07348,0.4142576999392319
Q06272,0.4136972853227307
Q01800,0.41302193587569047
Q02133,0.4128986792358821
Q06394,0.41284738210010163
Q03596,0.41277845595422263
Q00200,0.4127584400378164
Q05567,0.4126988791203527
Q02155,0.41231215539396815
Q05746,0.4122147008887675
Q09750,0.41200671383039517
Q10287,0.41174056705576556
Q07167,0.41161399937302745
Q04489,0.411311115854716
Q05930,0.4105979961115492
Q05639,0.4105173173640845
Q03781,0.4104028361511378
Q01082,0.4102422876593629
Q03096,0.4101400965569516
Q03529,0.40995704405627076
Q07577,0.4097766739700269
Q09342,0.4096957859501981
Q09900,0.40965104075511477
Q06167,0.4093499073181267
Q09433,0.4093392369303951
Q02645,0.40933470233247854
Q07261,0.4091991220782285
Q05626,0.40885340415839455
Q05933,0.40879479514310535
Q04376,0.4081890863055508
Q09568,0.4081519140251163
Q10275,0.4076817400978279
Q09849,0.40730357193933514
Q00233,0.40725970853359156
Q09862,0.40718144380906657
Q09417,0.40707023916651114
Q01325,0.4070548741987587
Q06524,0.40690560662359837
Q05589,0.4066012984360418
Q01425,0.4065393722811529
Q10038,0.4061272138444607
Q05388,0.4059625471503863
Q07873,0.4059601425477871
Q00660,0.40540686505437784
Q08521,0.405149003792932
Q10328,0.4050595048107631
Q04127,0.40464244022290063
Q06279,0.4043644771443843
Q05023,0.4041649617804544
Q06636,0.4039402053225619
Q00291,0.4034588360898939
Q08961,0.40336618155626763
Q06034,0.4029791780809397
Q02735,0.40290774640208804
Q09615,0.40282573570611374
Q09167,0.4024144999129032
Q04316,0.4021730789873272
Q06357,0.4019916675827124
Q01079,0.40188529838388903
Q10318,0.4016463346061529
Q07112,0.40154444810744067
Q07476,0.4012617538578531
Q02711,0.40123768379967767
Q00336,0.40116983368469605
Q02126,0.40111502505248553
Q08820,0.4009550361284957
Q04926,0.4009487243705435
Q01263,0.4009462467793357
Q09391,0.4004400811997199
Q07560,0.40037835302075697
Q09990,0.4003730844363429
Q09129,0.4003385434824098
Q05432,0.40009109766429873
Q06033,0.3999020686048076
Q03975,0.39981090697226146
Q01452,0.39974582479113135
Q05843,0.3997185921104059
Q09291,0.3995429320736672
Q07452,0.3993928211307093
Q07623,0.39930154523404326
Q06917,0.39903098300259227
Q08235,0.39885962061753594
Q03691,0.39862297553763243
Q02608,0.3985468183766619
Q00730,0.398491539968286
Q00600,0.39845882558515927
Q00404,0.3983330129953768
Q01592,0.398326510267439
Q03503,0.3980144801570037
Q04190,0.39794507415907626
Q01431,0.39783872480539767
Q06956,0.39783489762904417
Q04694,0.3974270969007337
Q01248,0.39734956264443233
Q03296,0.39691577841778336
Q00107,0.39672022531205836
Q09132,0.3966751747766857
Q08229,0.3966573412514984
Q06442,0.39657400860935776
Q08532,0.3965520023030247
Q03714,0.39635108336624864
Q04297,0.3960544979653392
Q00098,0.3959865108642768
Q05135,0.39597005305271027
Q10338,0.39575902935021384
Q04417,0.3955961683745809
Q08703,0.395356062865442
Q10278,0.3953310796133983
Q06808,0.3948477543891029
Q10291,0.39477356267870944
Q04038,0.39457476392061064
Q06006,0.39456211978555733
Q05109,0.39446984020376524
Q06692,0.3942115747427389
Q02535,0.3941841805347853
Q07239,0.3940537561683854
Q07984,0.3940274177002519
Q08537,0.3937422167734819
Q06501,0.39367521164465047
Q06426,0.3935258555228549
Q05049,0.39342747472014483
Q03410,0.3932344110284055
Q08406,0.3929661758827817
Q07181,0.39281530233485423
Q05384,0.39265321232111683
Q09184,0.3926365440709287
Q06654,0.3925323394471875
Q00539,0.3922497990278742
Q01512,0.3917735345173543
Q03839,0.3916208110087078
Q01813,0.39137796169031797
Q07418,0.3912789570898502
Q10158,0.39115996995392865
Q01064,0.3910281103705644
Q07409,0.39070698159168427
Q07606,0.39047522718381494
Q08767,0.3904350117459285
Q08175,0.3900655876982459
Q09502,0.3899886708808487
Q00664,0.38992421302649527
Q07411,0.3891886840178594
Q03148,0.3891567314040832
Q01088,0.388858100399985
Q03134,0.3879563661820737
Q01874,0.3878563895238652
Q04191,0.3877190958323841
Q10403,0.3875082110698108
Q08762,0.38743292563554105
Q01408,0.3871734708775777
Q06473,0.38676092544933316
Q03396,0.38651338456071993
Q03641,0.3864875965275598
Q10386,0.3861670872806735
Q06633,0.38542198493441826
Q00945,0.38533511299810436
Q04626,0.38494827365270823
Q01941,0.38464458115590383
Q03765,0.3846401652573018
Q05819,0.38458749868623265
Q06387,0.384520045110256
Q08955,0.384149140294164
Q02074,0.3840290232701304
Q09403,0.3839622243193698
Q09890,0.38392723895459885
Q00437,0.3835439753508052
Q05836,0.38348182663796687
Q01857,0.38341661424183965
Q09357,0.3834135618347894
Q03453,0.382975790436268
Q08013,0.38239109110003283
Q03293,0.3822452872691764
Q09821,0.3822410536530609
Q01784,0.38195075832142034
Q04756,0.3816540373641287
Q00085,0.3814693056435405
Q02615,0.38105097941469
Q07465,0.381000024368577
Q00724,0.38037528424037786
Q00827,0.38025436812046765
Q10201,0.3799378015534169
Q07034,0.3797491854520619
Q08744,0.3793290961863092
Q04528,0.37909643836522566
Q09677,0.37876193391914265
Q08478,0.3787448828212065
Q09825,0.37867010237632615
Q03024,0.3785669967598931
Q07910,0.3784840364880726
Q05519,0.37827472675293594
Q03204,0.378041158167736
Q06066,0.37776210276756017
Q10194,0.37761763616072025
Q06375,0.3775879061466752
Q02123,0.37644007888197173
Q03252,0.3763481244980641
Q01351,0.37620823645122464
Q08645,0.3761831031664277
Q08687,0.3761329183281739
Q03530,0.37573801276001406
Q05765,0.37557808330053727
Q04152,0.3754427091529939
Q05531,0.37491273057757346
Q08965,0.3746600198828867
Q09296,0.37451477902037644
Q08519,0.37448156638323715
Q08185,0.37427645244128155
Q09738,0.37420403288220333
Q05936,0.3739301790626765
Q03671,0.3738894096473678
Q02161,0.3737698410311554
Q05878,0.3735557101131277
Q04279,0.3733594957879472
Q07548,0.3733454065899676
Q06618,0.3733406371996487
Q06089,0.37327221402901317
Q03478,0.37325764516274507
Q06380,0.3730430392930277
Q02032,0.37300058103896927
Q03760,0.3728876779869051
Q02342,0.37275857894044623
Q06892,0.372584912674389
Q09261,0.37256837234527224
Q00244,0.3724246381490877
Q03533,0.37220086974711497
Q09536,0.3718437722309685
Q05402,0.3717940874425502
Q02560,0.37146901809096816
Q08775,0.3714436049082237
Q03941,0.371221258529609
Q07757,0.37112870364570566
Q08315,0.37099939406407173
Q07252,0.37097579684199233
Q01362,0.3708606731796497
Q04090,0.3707040514092874
Q01137,0.3706239716498354
Q04142,0.3705695083605859
Q06684,0.3704788981290133
Q06388,0.3703112886506071
Q01016,0.3702727781895867
Q07885,0.3702654340553756
Q03250,0.37018798873451225
Q02199,0.36999677700496353
Q00960,0.3698642380526625
Q08471,0.3697982485564276
Q01724,0.36969314569922
Q05595,0.3696648310218034
Q10426,0.3696105727389232
Q01795,0.36933211697900037
Q09823,0.3692599370450951
Q06699,0.3690679217811731
Q04157,0.36883175521264877
Q00396,0.3687338695850345
Q08128,0.368499070875273
Q08742,0.36843208530906846
Q02075,0.36810431796682763
Q01666,0.36792333103098906
Q08561,0.3677022700816623
Q07044,0.3676925660139874
Q08023,0.3676914417406688
Q02961,0.3676773792839128
Q05000,0.3673614304334573
Q09122,0.3670143769165336
Q07331,0.3664529640339787
Q09364,0.36643001587687296
Q03582,0.3664237672872708
Q06158,0.36639882140275515
Q02806,0.36620980896589067
Q06113,0.365972109030393
Q02178,0.36571061904025093
Q04266,0.36531683367493767
Q06449,0.36520492210838745
Q03048,0.3651119952119066
Q01501,0.36510356884701006
Q05681,0.365087485456563
Q06867,0.36477948338076954
Q03856,0.36471353330667494
Q03885,0.36468536427419856
Q05719,0.3646356775610924
Q08844,0.36456551972161316
Q04264,0.3643601322968386
Q02887,0.36434922146445226
Q00796,0.3642939984830735
Q01056,0.36413048567299205
Q09062,0.36409502789714887
Q09267,0.363549459920127
Q03906,0.36336719844729487
Q07653,0.36272615255714863
Q00017,0.3625163404720153
Q01219,0.36248841651752856
Q10373,0.362440793003344
Q05441,0.3620299645735644
Q06385,0.3619843316395486
Q06245,0.36194390586640074
Q09891,0.36164663590069124
Q07864,0.3616347860448126
Q08481,0.3616022154657389
Q05645,0.3615672690220273
Q04793,0.3614614082895024
Q02268,0.3613342032369251
Q09262,0.36098864526747293
Q08200,0.36086376525626684
Q05293,0.36063577595034696
Q09761,0.36045986640132566
Q00019,0.36040514676831414
Q02307,0.3604006232180441
Q04638,0.3600232397325418
Q03220,0.3599190297026844
Q03046,0.35962424342552146
Q04623,0.3596057996450176
Q02260,0.3595826785821042
Q03631,0.3593636077283452
Q06149,0.35933514927252613
Q05856,0.35911939274586563
Q07662,0.3589852429238853
Q06462,0.3587781065822971
Q01958,0.3587759924066954
Q09101,0.3587168541012581
Q06367,0.3584888981199967
Q06577,0.3584800046076986
Q01464,0.3583501192683387
Q00281,0.3583458341040686
Q04737,0.35831575511280317
Q07567,0.3582699133494359
Q04817,0.358012011194591
Q04970,0.35780092579453376
Q00929,0.35779828514839607
Q04838,0.3577786264045193
Q06733,0.3576712434445013
Q02490,0.35758002543786427
Q00453,0.3575790107308666
Q03822,0.35753240076011217
Q08059,0.3572605442217377
Q08272,0.35701961980045943
Q08077,0.3570159020175679
Q00264,0.3569031182351645
Q04432,0.35675050290567517
Q10479,0.3564990099535858
Q00304,0.35632943581124216
Q00742,0.35608492221044247
Q07628,0.35601792913914426
Q00139,0.35581475317849803
Q03384,0.3555537885579024
Q01098,0.3552981423381414
Q01360,0.3550033520354318
Q04591,0.3548880088527198
Q01935,0.35399933311972415
Q00167,0.3536157543701276
Q03841,0.3534597959165451
Q00089,0.3534213617760301
Q01439,0.3532200048209965
Q07549,0.3531491986248998
Q00859,0.3531061223996462
Q08090,0.35308451449774425
Q01384,0.3529935289347655
Q06064,0.3528199567879748
Q03260,0.35261986626912695
Q02969,0.35254944987242864
Q03303,0.351961525178714
Q06566,0.3517327923008203
Q01826,0.3513529683093132
Q06931,0.35104123507476764
Q10048,0.35068999033768083
Q02950,0.35026775364302365
Q01085,0.3502141476843388
Q02774,0.35008959142093976
Q07437,0.3498812200886247
Q05858,0.3498734759485319
Q04356,0.34982608321731257
Q03821,0.3497364311114747
Q01516,0.3496699321399395
Q08339,0.34966372463264306
Q05093,0.349562340768747
Q06581,0.3495451164652261
Q01409,0.34942318600190536
Q08032,0.34909313234384753
Q09575,0.34903404468898663
Q07724,0.3487869931435576
Q04943,0.34869559488150126
Q07603,0.3482648654747858
Q07140,0.3481616311344049
Q02759,0.34815397131285203
Q04986,0.3480633343902281
Q05667,0.3479012017644769
Q09289,0.34787434637166864
Q10121,0.3478129251633105
Q01267,0.3478101150538028
Q03180,0.34780967045205746
Q07078,0.34777097774700266
Q09489,0.34775778874311186
Q09026,0.3475563192517339
Q05513,0.3472472279064667
Q10285,0.34653424804803645
Q08263,0.3461950757331157
Q05674,0.34605281934484683
Q06445,0.3455251653929754
Q02830,0.34539298880196223
Q06572,0.3453576997951218
Q06284,0.34512561926053514
Q04542,0.3449379042676212
Q04179,0.3447885335628549
Q04015,0.3447331245228008
Q05896,0.34472003479332075
Q07386,0.3446163234887717
Q07422,0.3444176058961119
Q07527,0.34437355929328156
Q05009,0.34436688966337103
Q06154,0.3442205206144822
Q04389,0.34414489716714625
Q09328,0.34407641807919354
Q08089,0.3440112920384963
Q10340,0.34400706838534484
Q00646,0.3438800926552355
Q07857,0.3436065966290514
Q09363,0.34352446500421213
Q08875,0.34346005460532714
Q06201,0.34342924355684445
Q01627,0.343361018551795
Q00078,0.34306791954568466
Q01417,0.3425511756031679
Q07382,0.3425354606088115
Q03364,0.3423951842058964
Q01480,0.3422695025681131
Q04643,0.3418110270721718
Q10438,0.34160957634378125
Q05460,0.3415085951871896
Q07963,0.34143795222054
Q10293,0.34085382822950894
Q04433,0.34081145453832845
Q08527,0.34057091867246286
Q07764,0.34057024335707836
Q10159,0.3400563167814155
Q00808,0.33945209330367865
Q05834,0.339300547837494
Q02386,0.33912429852164466
Q00906,0.33842870328436997
Q10274,0.33835057081691855
Q00588,0.33834519910959265
Q07626,0.3381839605421113
Q03237,0.3377233961448764
Q02295,0.33751700136875157
Q06888,0.33745025702757103
Q01951,0.33722911082113216
Q05436,0.33707936007106254
Q03434,0.3365483121029342
Q02148,0.3365385441491128
Q00733,0.3362480793910866
Q01110,0.33583341403388395
Q04940,0.3358157156358648
Q09637,0.33575310385028667
Q01427,0.33561057487988283
Q10394,0.3354204490261557
Q08357,0.33490351313072586
Q03715,0.33489590229366334
Q02049,0.334765362313564
Q08830,0.33453686889829815
Q03157,0.33429068791789857
Q04763,0.3342129099582157
Q04743,0.3341447569704673
Q00870,0.33390932808942725
Q07672,0.33387205858257396
Q01663,0.3338396312061217
Q00387,0.33370448799002234
Q07791,0.3336966041401559
Q00760,0.3336485415295991
Q00882,0.33362840046546105
Q06557,0.3334536898792169
Q02539,0.3333106682221108
Q00897,0.33299362044854364
Q08446,0.33289176919427615
Q04261,0.33263086731285496
Q06947,0.33246326050776526
Q01442,0.3324597257748865
Q08440,0.33243943200623516
Q09481,0.33234136747257365
Q08312,0.3322036523818051
Q08575,0.33205377866521374
Q08644,0.3319713773795907
Q03073,0.3318391815555156
Q08489,0.3315166028538567
Q09661,0.33139927987275763
Q04223,0.3313787435234695
Q05178,0.3310991265151131
Q06038,0.33107027018269797
Q02826,0.331056778372967
Q02166,0.3306374707374265
Q06190,0.32995195284213946
Q07220,0.3295788811245334
Q05886,0.32956827557235174
Q01005,0.3294595796840933
Q09005,0.32944847579576036
Q09197,0.32929844390330937
Q05301,0.32923957844845053
Q06477,0.3288838333451726
Q02275,0.3285784007203812
Q00280,0.32856145566409706
Q03298,0.3285329916266652
Q02908,0.3284547947572598
Q02034,0.32763460382997434
Q08295,0.32747611703086843
Q09993,0.32738816249854513
Q07735,0.3269622140141729
Q04227,0.32686826505796923
Q02575,0.32660311693402794
Q10405,0.32656056551664586
Q09978,0.32633286713650583
Q06801,0.32584845417218117
Q00205,0.32573686422198905
Q05251,0.3256417254031265
Q06373,0.325523293738257
Q01485,0.32506474806710267
Q00322,0.32486355319717897
Q00018,0.32477988304926114
Q08300,0.32464588109730774
Q09774,0.3246147754463343
Q08062,0.3245514506738719
Q10254,0.3241558383785294
Q04930,0.3241092439367664
Q00693,0.32408161053047585
Q07365,0.32403685457694814
Q09592,0.32386612604250353
Q08670,0.3237460561532284
Q03551,0.3234923322028048
Q06924,0.32336676402660314
Q03669,0.32299125233921894
Q02207,0.32289077072217437
Q05547,0.3228520373128344
Q06043,0.3228463541836052
Q08980,0.3228130960564606
Q05921,0.3225192891911609
Q09405,0.32211641527937973
Q04914,0.32086920415704473
Q00425,0.3203037393175926
Q02031,0.32026474904276864
Q05115,0.3201853832141225
Q06319,0.32014863634385055
Q04429,0.32008325377122865
Q00564,0.3200312526465682
Q00820,0.3200078325374244
Q08757,0.319398628191629
Q07238,0.3193767152676336
Q03910,0.319207774769545
Q03416,0.3187180050762434
Q05536,0.31871248344395015
Q02149,0.31855248558159704
Q01421,0.3184694675385638
Q00444,0.3184379346027715
Q08683,0.31824374924871085
Q07616,0.31817761734041144
Q08067,0.31796127533598023
Q04614,0.31789118660594223
Q04183,0.3178343661247079
Q04709,0.3176881454643489
Q05273,0.3176307659374684
Q04097,0.3174944128729285
Q06134,0.31715444611822835
Q09998,0.31708174025145786
Q00266,0.3169941897966298
Q01678,0.3169384599608366
Q01917,0.3169380270583363
Q02018,0.316938001803392
Q06527,0.3168915700472486
Q00801,0.3168611533259283
Q09765,0.31683869573232554
Q02519,0.3166695358564637
Q06188,0.31656216006411253
Q03310,0.3165276346580432
Q08924,0.31647392008810166
Q10207,0.31644145600447793
Q07692,0.31598847727461693
Q02293,0.31571516959311935
Q10022,0.31567713675813625
Q09790,0.3151708093233804
Q06240,0.3151696672037896
Q07595,0.31511492123584073
Q05784,0.3150833318284176
Q02758,0.3150707396479301
Q04428,0.31479910920597914
Q02572,0.31468584618718587
Q04989,0.31456846513468084
Q04878,0.31434949491044983
Q01251,0.3142971781774065
Q00358,0.314179449756668
Q03360,0.31394406227018096
Q03719,0.3136575316658127
Q10204,0.3136081408942987
Q07646,0.31343944540240054
Q09295,0.3130451069990924
Q00884,0.3129825574991627
Q07178,0.31282409795893873
Q09991,0.31201924190723884
Q06099,0.3115035913703151
Q04246,0.3112989058120267
Q06913,0.31124903562975237
Q08136,0.3112361219467976
Q00219,0.31122687600044185
Q10055,0.3110982411616816
Q01705,0.31099023448737945
Q10419,0.31098055546940717
Q08375,0.3103015681088154
Q04815,0.3102909941232949
Q03587,0.3102397197840714
Q09686,0.3101176710428266
Q07884,0.31011376518001305
Q04103,0.3090760764501607
Q02231,0.3081923413353724
Q03318,0.3081227373656577
Q04314,0.3079648243662374
Q04368,0.30792718739365327
Q04538,0.3078774378802873
Q06601,0.30781824309731454
Q07313,0.30765094979365387
Q00303,0.30760108212083304
Q02192,0.3073287315695158
Q02040,0.3071969540406032
Q05782,0.3071518455831756
Q06415,0.30706991201904954
Q07489,0.30666029312757803
Q03055,0.30664987063800614
Q06539,0.3056241018384396
Q09896,0.3054605791550598
Q02236,0.3053107504379615
Q00168,0.3052955296623003
Q07102,0.3052945112788298
Q05591,0.30509907207016723
Q06401,0.3049044681817399
Q08630,0.3047741633999227
Q02437,0.30476777356653467
Q07180,0.3044824618893005
Q09846,0.304447110035683
Q08302,0.30435575455635855
Q05615,0.3043089823046661
Q04296,0.30384348120318766
Q03953,0.30369329842217857
Q08753,0.30354508758485693
Q06925,0.30337806953575125
Q01353,0.3033745038832594
Q09787,0.30323666931967497
Q10226,0.30320587736557136
Q01837,0.30285439909890144
Q04677,0.30279814663119875
Q02631,0.30247312712637875
Q07870,0.3024304744708775
Q10193,0.30240643863948247
Q02866,0.30209589299745887
Q01848,0.3020416105660695
Q08320,0.30202991335769835
Q10325,0.30180334369192924
Q06708,0.3017956831942484
Q02369,0.30169267042916476
Q10079,0.3016072808606579
Q05778,0.3013660050562234
Q00604,0.30130275256576
Q06897,0.30128032887587575
Q00029,0.30092253868691043
Q08335,0.30084999309695204
Q10185,0.3006861716413861
Q00024,0.30065845374564615
Q04487,0.3006157860473547
Q01853,0.3005461234255601
Q07737,0.3002326081008674
Q02669,0.3000464965308941
Q05859,0.2997713863096912
Q04516,0.29964816668381794
Q05224,0.29940103647521343
Q03054,0.29925697049976174
Q00237,0.2991374287163932
Q05385,0.299040823671807
Q04503,0.298842528266227
Q02727,0.2987288859677935
Q02391,0.2986782885883614
Q01748,0.2981589625587373
Q05978,0.2981303804645221
Q04492,0.29782748581657587
Q09558,0.2974146816968126
Q05633,0.29732732631032227
Q03904,0.29616733551206736
Q05817,0.2959412781371864
Q02419,0.29583886199795584
Q01559,0.2957676348964675
Q03100,0.2957019183514518
Q06782,0.29569071331954194
Q04785,0.2956438624720454
Q10372,0.2956252560285526
Q02794,0.29549121646106863
Q00497,0.29547390298883364
Q04719,0.295466813945596
Q03029,0.2954358379880943
Q09922,0.29536048602579745
Q01519,0.29534888017145616
Q01053,0.2953045600896445
Q02963,0.2952748277817206
Q10128,0.2952570182713967
Q04969,0.29520266888794405
Q01114,0.2951705395251369
Q06511,0.29486552012605455
Q02570,0.29480381392549787
Q02597,0.294733692077877
Q09299,0.2947101326013471
Q07525,0.2946565348895873
Q07303,0.2943805707772567
Q03782,0.29405958295975965
Q05777,0.2937271021005594
Q01611,0.29350085438538087
Q08551,0.2934957560463698
Q00193,0.29347500195045967
Q10074,0.29347427585518443
Q00727,0.293413030587006
Q00954,0.2934039783236502
Q00133,0.2923628118922772
Q06543,0.2921712531128606
Q00189,0.29208977394047697
Q05440,0.29200219266266886
Q08679,0.2916706260657639
Q04394,0.29126643356371196
Q01271,0.2908754342719345
Q02234,0.2908343338429399
Q07168,0.2904880494257107
Q08236,0.2904161981820297
Q01645,0.2903529604808796
Q05158,0.2903107045423226
Q01234,0.2901802683356682
Q10263,0.29014727816766184
Q06051,0.2900511153532025
Q05199,0.2899793295967573
Q04466,0.28960415929718436
Q00923,0.28960062259487457
Q05686,0.2895717064372932
Q08783,0.2895663996627238
Q08378,0.2894113258699291
Q05283,0.2893875995623298
Q06689,0.289212659378738
Q06116,0.28911401449547686
Q07807,0.28908664065222794
Q04865,0.2890395571171925
Q04762,0.28900121360181213
Q02340,0.2889605070690567
Q04233,0.28861275447842455
Q07906,0.2878816237365127
Q01052,0.28743564417998985
Q00288,0.2874260029487874
Q03327,0.2874094936850795
Q06431,0.2873849472301378
Q01654,0.2873173938278037
Q01572,0.28719254894189866
Q09708,0.28709775198913534
Q06325,0.28671109214187546
Q04754,0.2865875761393933
Q04435,0.28631588512083656
Q06152,0.28583718900113253
Q09302,0.2857106006557963
Q00108,0.2855726275862434
Q01396,0.2854647252007371
Q05694,0.2854189131660394
Q00810,0.2853677793382481
Q04288,0.28527328648569894
Q00186,0.28492785803418497
Q08460,0.2848319247058516
Q10454,0.2846072084987984
Q10125,0.28447113658923806
Q07117,0.2844702209158637
Q00006,0.2837317828122404
Q09430,0.28366888137102614
Q03785,0.28360840795726616
Q06344,0.2835682844456851
Q09635,0.2835556919075389
Q09698,0.2835173007186201
Q08156,0.28337123733723524
Q02841,0.2833146062078431
Q07859,0.2833110471530308
Q07296,0.28326440769329453
Q01695,0.28320624558906154
Q02730,0.2831086956906
Q10041,0.28300263980059703
Q07369,0.282519207607537
Q06283,0.28247062646415033
Q08802,0.28238927363140237
Q00557,0.2822001662864594
Q09102,0.2821562857588112
Q01641,0.28211688855792194
Q07706,0.2817267812289067
Q06204,0.2812942982361805
Q00602,0.2810874310168167
Q04939,0.28108617938026453
Q07232,0.28108568158437175
Q07551,0.2808347616415441
Q07305,0.28081279987776214
Q02640,0.28067016129749195
Q00441,0.2806668407338619
Q00830,0.28029760382837376
Q08301,0.28029583649381873
Q01424,0.28015100734078463
Q08369,0.27986937642013043
Q01323,0.27958018237462684
Q09128,0.27940079705931714
Q03116,0.27937013434508373
Q07322,0.2791917705014103
Q02881,0.2790629164469161
Q03652,0.27898031725045697
Q01300,0.2788689698541987
Q07031,0.2788040038236292
Q09224,0.2787298460429652
Q03031,0.2787133010964113
Q01420,0.2786428752573592
Q02377,0.2785872203128977
Q03682,0.2785255314604323
Q04408,0.2784613742699918
Q07182,0.2783922231396878
Q05783,0.27838367721651025
Q04725,0.2782479147872608
Q07771,0.27824476755250405
Q05616,0.2781738032879559
Q03903,0.278048178042727
Q08882,0.2777635402001703
Q01604,0.2776666962306788
Q01260,0.27747463448743703
Q02012,0.27711518862499057
Q09866,0.27704705489702675
Q10390,0.27693071476827863
Q10283,0.2768543291521386
Q06877,0.2767599858429549
Q00814,0.2764003940201904
Q08218,0.27627618720810737
Q09709,0.27623887514010365
Q01887,0.27596928139551913
Q00722,0.2757573222118139
Q01227,0.2757107911444121
Q04610,0.2754364260274377
Q04436,0.27543255225734337
Q08893,0.275426372009925
Q07016,0.2754004496209937
Q09384,0.2753076233400761
Q07120,0.2749565841360701
Q01893,0.27476703985314227
Q00374,0.2747245761251723
Q01610,0.27467917013654064
Q00568,0.27419422828908974
Q05068,0.27418567143166317
Q00926,0.27383298056849537
Q09476,0.27382633594556594
Q08654,0.2738150607693096
Q09901,0.2735283501016623
Q00346,0.27326846902531277
Q03111,0.27319809309643167
Q00872,0.2731762156444027
Q06728,0.2730745157012416
Q01943,0.27302946562877567
Q08377,0.27259359788380594
Q02321,0.2725748221052081
Q08920,0.2723903997984479
Q05756,0.2722283384360422
Q06428,0.2718499115088479
Q00705,0.2717435276489672
Q08485,0.27167757690733707
Q01788,0.27149786325303554
Q04794,0.2712946690955475
Q01957,0.27124856505700906
Q04949,0.2711252932951933
Q09638,0.27103868109466434
Q01375,0.2709497273157226
Q05751,0.2708682797978639
Q02117,0.27084460973046487
Q00287,0.27083987129369075
Q08761,0.2707988718050114
Q06777,0.270786895273113
Q01437,0.27078099094945024
Q05593,0.27074150920171064
Q06419,0.27038359761563546
Q05761,0.27017801797327734
Q08634,0.2701057018636082
Q00199,0.26999547783837796
Q09550,0.2698580583473435
Q05225,0.2697815318205374
Q01617,0.26973366047407266
Q03743,0.2692205863509254
Q05119,0.26895990413086424
Q00027,0.2689530224682668
Q07510,0.26892100834229016
Q00858,0.2688116080341963
Q04839,0.2687534784125697
Q06523,0.2687462878529762
Q00392,0.26856441880668
Q07263,0.2685241690207114
Q09108,0.2684308562478427
Q08573,0.2683110538236177
Q08397,0.26822263350712344
Q00876,0.2681536689710137
Q00967,0.2681231911910375
Q07655,0.26790774197075196
Q07715,0.26764227345265734
Q10183,0.2676416681514723
Q00577,0.26760919909243214
Q04941,0.26753895833793545
Q02985,0.267415926500916
Q05528,0.2670590484445644
Q02284,0.2669926672694134
Q10265,0.26674836961057063
Q03804,0.2667140701619378
Q02396,0.26652897943849124
Q05480,0.2664825270553147
Q06115,0.2664776023358598
Q05374,0.26581845232147616
Q01381,0.2656604352040612
Q02109,0.2653723516530517
Q03484,0.265270034239801
Q03894,0.2647407288527073
Q01449,0.26423842053460167
Q04537,0.26422688576805553
Q05671,0.26416709560608903
Q01631,0.2641582449099702
Q00675,0.26391179360032535
Q06921,0.26370339737603476
Q08257,0.26356624765609676
Q00279,0.26356120682114065
Q09416,0.26351505377262285
Q06851,0.2633946730063569
Q09021,0.26329784960477515
Q01960,0.2630831508908782
Q02901,0.2630695462546975
Q08504,0.2630551311855078
Q06696,0.26280093281209205
Q02069,0.26270925182012006
Q05039,0.26270156929577254
Q07094,0.26249954702368616
Q10244,0.26243591338976835
Q09306,0.2621082109446884
Q04237,0.26202894869729276
Q08502,0.26188358292340097
Q01911,0.26181447957256004
Q04665,0.26167569149131376
Q09679,0.2609482792314243
Q08524,0.260799242607881
Q03687,0.2606079479940173
Q04383,0.26018816639571374
Q00323,0.26015686477765776
Q05097,0.2600904098934153
Q04637,0.2599146816023528
Q02289,0.25940197656066694
Q06660,0.25920724488811925
Q10101,0.25913120539431894
Q01302,0.25907287602103823
Q03445,0.258949121342019
Q00831,0.2588461274544754
Q04530,0.2585799168070892
Q06756,0.25851478684272394
Q09482,0.25814451067035793
Q01135,0.2579332263363955
Q06213,0.2578545007527792
Q08293,0.25784184459961546
Q05548,0.25768175577123975
Q09931,0.2576416639210083
Q03059,0.2573744104774024
Q05958,0.2573675557398755
Q01918,0.2572768681130198
Q09097,0.2569118909158464
Q02314,0.2569020858612458
Q02982,0.25665341393705854
Q09445,0.25648882635390746
Q01326,0.2563767902991872
Q00315,0.2563535027691311
Q07001,0.2560010317787177
Q03959,0.2559086960907215
Q03302,0.2558780984369011
Q01143,0.25576576350021496
Q10350,0.25559315425170726
Q05609,0.25552720749277436
Q01933,0.25528386600652114
Q04366,0.25490040726110497
Q05708,0.2547618950024523
Q08850,0.2546292494603422
Q09710,0.25445737550027897
Q06904,0.2544495429885735
Q06744,0.25410156051046623
Q03381,0.25405512041488804
Q04079,0.2539484773305546
Q01330,0.2537276973172823
Q03732,0.25368847998209393
Q01335,0.25352023711312627
Q02233,0.253304667105657
Q09595,0.25325772463663015
Q06891,0.2530257751338974
Q00941,0.25297098618917485
Q08144,0.2525597472857068
Q06182,0.25219880013651497
Q05291,0.2519365988626567
Q02511,0.25135314267273795
Q10446,0.2510564412493138
Q00956,0.2510449601829813
Q01541,0.25089315142007024
Q06789,0.25041668162071756
Q05731,0.2503675383744483
Q06142,0.25033921740557663
Q07105,0.2502509638077542
Q09256,0.2501563737168117
Q06040,0.249941513780829
Q07098,0.24962789198317525
Q06229,0.24962734634937336
Q01798,0.24937956289446905
Q04917,0.24937274355829495
Q03730,0.24933326643161718
Q05338,0.2491757264836776
Q08393,0.24917534079008619
Q04730,0.24848246881539016
Q07927,0.24842915713282568
Q05888,0.24834451844369818
Q08075,0.24813644183400244
Q06386,0.24802802450521932
Q00495,0.2480091318140951
Q00105,0.2478327014644514
Q07067,0.24782761925953248
Q09884,0.24751569544882582
Q04598,0.24720065110108544
Q07338,0.2471421546677251
Q04358,0.24713087601771
Q06770,0.24660562670739916
Q10354,0.24658511132840788
Q02530,0.24657551462424648
Q07782,0.246514744564468
Q02522,0.24624623263134462
Q04475,0.24623654390740135
Q02028,0.2461307552131123
Q02248,0.24590895924328296
Q01006,0.24586601132020292
Q00395,0.24541813708925006
Q06041,0.24513991308595917
Q03077,0.245062736146614
Q06817,0.24477725530751432
Q02436,0.244379338345385
Q06935,0.24424428772222545
Q09532,0.24422761074827443
Q10371,0.24419950961425246
Q05709,0.24410865401260404
Q05749,0.2439949854793591
Q07779,0.24395388816159616
Q04514,0.24384097654582343
Q05131,0.24381677035209756
Q10417,0.2436735943934496
Q02138,0.24365326214516206
Q09817,0.2434862699758182
Q06980,0.2432373166930511
Q06655,0.2432142015924661
Q04418,0.24304104522705317
Q02825,0.2428918370414634
Q04028,0.2424179845544367
Q04446,0.2423292672050041
Q05204,0.24231846581213354
Q02435,0.2420012430353784
Q01709,0.24196869336869353
Q09685,0.24156582342669997
Q07572,0.24117770522008236
Q09085,0.2408238085749991
Q02182,0.24072580563547866
Q07349,0.24065685969391284
Q07324,0.2406337054184267
Q05164,0.24041771767016185
Q02666,0.24041553573335525
Q01413,0.24019045414041348
Q10188,0.2400632838940818
Q08237,0.23991852313148648
Q01024,0.23974567176110637
Q03939,0.2397015441708496
Q05517,0.2394344430017733
Q05403,0.23942798172517282
Q00817,0.2392485419311579
Q03570,0.23919624877417892
Q06792,0.23851684554695254
Q07233,0.23846447038838955
Q00182,0.23838247663392964
Q09652,0.2383189292809467
Q03593,0.23824602363446734
Q05985,0.23812917744788997
Q04567,0.2379303944270328
Q00571,0.23786627998017068
Q05467,0.2378278210594724
Q10361,0.23777397106465342
Q04186,0.23763696157194955
Q07860,0.23741622703106746
Q04321,0.2370690376723973
Q01178,0.23700953196553867
Q03209,0.23684915352573216
Q02124,0.23659521015325508
Q04925,0.23632311787005106
Q06355,0.2361655500752053
Q00052,0.2359730146813737
Q06370,0.2355872361532728
Q01525,0.2355683026320921
Q03430,0.23531565258465653
Q01587,0.23507366888382977
Q01925,0.2349009293489287
Q02339,0.234898233192078
Q00021,0.23481608108617083
Q00861,0.23452513293302651
Q04222,0.23393338187124232
Q00400,0.23361732955621076
Q05832,0.23317056772396627
Q02521,0.2330705967283437
Q03815,0.23297648298547033
Q05222,0.2329090569880204
Q00984,0.23272457639103655
Q00563,0.23262446616673715
Q10170,0.23260993541997999
Q08018,0.2322326977049862
Q02493,0.2321230638165003
Q01792,0.23209261358755048
Q07131,0.23191194235687973
Q02861,0.2317811147814252
Q05565,0.2316754305139677
Q07176,0.23165298515359212
Q00925,0.23154918274776878
Q08884,0.2314529399975947
Q01225,0.23106067765417165
Q00958,0.2310431625152552
Q03607,0.23101589089361826
Q09505,0.23097225298345184
Q05613,0.2308077687214383
Q00791,0.23074055876112912
Q08779,0.2304658376803719
Q07035,0.23030778680241132
Q00887,0.23008565135572873
Q06208,0.22997245455441703
Q06707,0.22996585403734948
Q03185,0.22976968152403957
Q07745,0.22957337252165894
Q02292,0.2294952897251598
Q04374,0.22940108926841984
Q07109,0.2290347130250402
Q08655,0.2288260614948725
Q09100,0.22881705012166034
Q08240,0.22873810005811673
Q02079,0.22873616126053514
Q06000,0.22871193744360827
Q01308,0.2286530142518689
Q06249,0.2284435648056193
Q02189,0.22819832404336987
Q02329,0.22814453691030562
Q01575,0.22779472621406716
Q07995,0.22727393299601722
Q03106,0.2269578501684179
Q09650,0.22693464660038337
Q07881,0.22690576429462117
Q01499,0.226599428541609
Q00985,0.22659751720049046
Q04229,0.22640957106288462
Q07495,0.22630324135141616
Q09452,0.226287924177155
Q03535,0.22625830425637813
Q00503,0.22612292405026113
Q06769,0.22599822469645967
Q06480,0.22592388465308488
Q03807,0.22584389579005765
Q07661,0.22583146468393347
Q09570,0.22561953430787757
Q06058,0.22558847155105466
Q07206,0.22534051323441986
Q05651,0.22499240054144945
Q03876,0.22472251928189863
Q02791,0.22466359733343147
Q06331,0.22446112731115916
Q06057,0.2242605460473882
Q10264,0.22412887991010122
Q01882,0.22383431350340985
Q03212,0.2236875153869356
Q10091,0.2233608542842375
Q00612,0.22322425734820986
Q08535,0.2230778730126217
Q03218,0.2228857156409421
Q08097,0.222727826558502
Q04025,0.22265695468912394
Q08843,0.22259031646453015
Q03161,0.22256782870530978
Q05998,0.22234304457048076
Q06079,0.22212097926348118
Q09775,0.22201624989629012
Q08450,0.2219591925472791
Q03348,0.22184958650036204
Q03677,0.22180692737820357
Q10230,0.22168054521047637
Q09188,0.22167724860946178
Q01204,0.2215401061054197
Q08633,0.22104243091501255
Q06593,0.22072079436283834
Q07746,0.22071634391979097
Q07959,0.22069114250122146
Q06540,0.22052822593840016
Q08288,0.2204174390424853
Q03754,0.22022934298986446
Q05949,0.22022551492255135
Q05695,0.2201503325414558
Q03958,0.2200195090559127
Q08484,0.22000048538188852
Q10346,0.2199823865246563
Q01221,0.21992885111355717
Q03306,0.21959995720640088
Q09795,0.21952185653080486
Q04359,0.21943733918325314
Q10090,0.2193450606852559
Q03454,0.21930483054976174
Q00634,0.2192739386881689
Q06953,0.2192622377556071
Q05971,0.2192546540942317
Q06628,0.21924418410587954
Q08329,0.21910516352564582
Q00541,0.219092585251934
Q06731,0.21892200541035312
Q05463,0.2188737162164821
Q07052,0.21875066410347122
Q01642,0.21838454251919534
Q04633,0.21817582958576048
Q00683,0.21788677767692244
Q00185,0.21775393293359924
Q00936,0.21773646948916356
Q06362,0.21767776351673745
Q06106,0.21767029199020957
Q09953,0.21756546946239233
Q09608,0.21748681857312852
Q05866,0.2174826000726368
Q08458,0.2169125091854941
Q01660,0.2168677861560693
Q07050,0.21683888431811674
Q07469,0.21681164226718333
Q01879,0.21675332218027676
Q05305,0.21649249541635876
Q10004,0.21619248338559707
Q04342,0.2161667735269538
Q09024,0.2161561421668237
Q06046,0.2160465627534595
Q09193,0.21601945730689698
Q10056,0.21576201267514447
Q07768,0.21569473375209267
Q04431,0.2156510706252555
Q06743,0.21561622915956377
Q05908,0.21534533053735944
Q07412,0.21529174830484865
Q07013,0.21482393835020752
Q08938,0.21472981763430526
Q00261,0.21461693359285047
Q03175,0.2145690441576206
Q08785,0.21429326532613008
Q09744,0.21422742993337202
Q02914,0.21417816458586345
Q04645,0.21393690858027248
Q06905,0.21373103017075118
Q08043,0.21371448920470748
Q05459,0.21342308299662266
Q03375,0.21326893959325655
Q04370,0.21318800667027585
Q00102,0.2130961397307735
Q00548,0.2128858227668015
Q03659,0.2128557789239079
Q06168,0.21275993142238359
Q01808,0.2121814985758189
Q00670,0.21217151895818778
Q08613,0.2120710522711298
Q00066,0.21205694827715277
Q00326,0.2118034766576288
Q01840,0.21179075684226917
Q06862,0.2117183932664163
Q00996,0.21140163104603663
Q04545,0.21114426389591553
Q10021,0.21114252347208062
Q01100,0.21089293871938616
Q10498,0.2107710096870254
Q01686,0.21074049443037124
Q00101,0.21020676802869828
Q07866,0.21017768003842544
Q00080,0.20982659540181642
Q04081,0.20972014140178566
Q06631,0.20963912202100904
Q03171,0.2090598449793118
Q00049,0.20900434108236404
Q02856,0.20893295736043788
Q00746,0.20885551200876254
Q06377,0.20876304696979223
Q02750,0.20872137382589984
Q08356,0.20871674266414023
Q01496,0.20867577425791534
Q05310,0.2086707110162304
Q03094,0.20866397780919474
Q09127,0.20863901871700918
Q06164,0.2083651509657114
Q07483,0.20797296404923482
Q08849,0.2079532452294187
Q07868,0.20787494716203164
Q06612,0.2077249493990388
Q08101,0.20753106773562283
Q09852,0.20724847747747857
Q05663,0.20716960184003586
Q03365,0.20714559923045975
Q08066,0.20714076602273
Q03777,0.20701250434485519
Q04698,0.20681386773660396
Q04468,0.20656081022429748
Q01787,0.2062843787251346
Q02048,0.20628099171963535
Q05518,0.20590417049599918
Q05840,0.2056566902455531
Q04230,0.20546972485826193
Q03907,0.205250104376907
Q10456,0.20523427921659285
Q06114,0.20481270898545448
Q08207,0.20468440753277856
Q07071,0.2044221765136332
Q07173,0.2043472312311148
Q09933,0.2040995123578513
Q07007,0.2038139080169846
Q09666,0.20375670345813202
Q10030,0.20337134576904203
Q01283,0.20329085334933208
Q08878,0.2032454866052449
Q05614,0.20308083440354868
Q07841,0.20299225518343506
Q02778,0.2028237769220586
Q06857,0.20279493150026212
Q01927,0.20278649981348465
Q04841,0.20268993548788516
Q01113,0.20268193701792137
Q07872,0.2026612175321908
Q03883,0.20257776331754798
Q03611,0.2024446198887511
Q08969,0.20241082950679365
Q05269,0.20239690069493732
Q09947,0.20239225612319436
Q05323,0.20216259681212564
Q00717,0.20192860001198223
Q06750,0.20171641170584753
Q05598,0.20169374027820366
Q06448,0.20155255066588865
Q06576,0.20149929458661908
Q08459,0.20141598653672874
Q07221,0.20139416875109165
Q08324,0.20135747388366027
Q10494,0.20125805224147697
Q01066,0.20113251058778736
Q06376,0.20111442034070834
Q10334,0.20092560670948875
Q04298,0.2009206390925839
Q00164,0.2008812896509583
Q07632,0.2008810636592501
Q02757,0.2007281372374125
Q07171,0.20039278729467933
Q07354,0.20032610356816855
Q09280,0.20016963531884932
Q02964,0.2001321393501405
Q00457,0.19978882140444035
Q09455,0.19930464014103053
Q06718,0.19928523307344906
Q02677,0.19928025122402496
Q08913,0.19926878880396323
Q08589,0.19918145389648928
Q05961,0.19916004664896408
Q09691,0.1990504615179739
Q00203,0.19897275793490818
Q02682,0.1989325148109347
Q04564,0.1989077365893314
Q05911,0.1988725401370516
Q04707,0.19865818742033123
Q00268,0.19857816684376386
Q00487,0.19812354210174296
Q07009,0.19809824475100243
Q01912,0.1979251974482918
Q07136,0.19749277414395267
Q00417,0.19743552649218224
Q07327,0.1972340417317212
Q08835,0.19722134636068803
Q07983,0.19721317135107808
Q08389,0.19713386274105968
Q04099,0.19699767517057354
Q00033,0.19698228803339807
Q07250,0.1969677494223399
Q03448,0.19695326479316708
Q03813,0.19685586932118176
Q03868,0.19649963538061102
Q05678,0.19618271010968122
Q05142,0.1960383277788517
Q04126,0.19586542965091458
Q03208,0.19574888914819796
Q01566,0.1954827021156307
Q09360,0.19538964938209807
Q01637,0.1953404888471462
Q05191,0.19515452917752185
Q00118,0.19503864372666496
Q01713,0.19500646965945934
Q02463,0.1948600435287938
Q09797,0.1946700986356358
Q09659,0.1945604713091503
Q03548,0.19450950384530846
Q08054,0.19441505752044355
Q04010,0.19399061675581514
Q03061,0.19392230275802472
Q00807,0.1938475754437692
Q06504,0.1938469799628392
Q10472,0.19376425285867746
Q07047,0.19363631993608849
Q03606,0.19354754244206826
Q08729,0.19329068865948162
Q05588,0.19285552286839375
Q10349,0.19282081661454478
Q07786,0.19277438413240136
Q00480,0.19237039846352752
Q03746,0.19214908612380033
Q06640,0.1920878006728752
Q02432,0.19189880753408042
Q04855,0.19151303410241646
Q06978,0.1914788353732346
Q07028,0.19141016834936844
Q04647,0.19139238813994405
Q04094,0.19118716408299438
Q00001,0.19113755364009455
Q02008,0.19096213956171224
Q05337,0.19092425638414715
Q04822,0.19073546150685838
Q02408,0.1905128243585174
Q03723,0.1904169385712462
Q05882,0.19010142552209847
Q08936,0.18979985275071146
Q00713,0.18952840272814825
Q03284,0.1892808287987998
Q06749,0.18915604275696363
Q01699,0.18913604906540377
Q00748,0.18908732187725988
Q01036,0.18848929278805845
Q06757,0.1884011194155696
Q09684,0.18836407061855898
Q00056,0.1882838626041263
Q01311,0.18818665126001227
Q06484,0.18809830186596324
Q05762,0.18801183445632477
Q10087,0.188005010322465
Q06779,0.18794133650181896
Q10047,0.18788636738226847
Q00170,0.1878835752771128
Q03819,0.1877824845835215
Q05445,0.18776937606438365
Q00942,0.18775955818112014
Q00459,0.1876790545511124
Q05370,0.18751056974536007
Q06887,0.18750075643405925
Q02367,0.18741885160204205
Q04050,0.1871730226512938
Q10165,0.18715527250911784
Q04613,0.1869661234951137
Q00657,0.18684851418054543
Q04679,0.18677728996776563
Q00560,0.18670475441753542
Q00775,0.18662204996086248
Q09632,0.18624408801080722
Q03698,0.18585777872640374
Q04036,0.1858376197952016
Q05155,0.18566754157869894
Q08517,0.18564071998321743
Q04846,0.18545911214618188
Q03350,0.1853983074497286
Q08896,0.18498301146103138
Q09032,0.18497227363929408
Q02397,0.1849075120119686
Q06804,0.18486261199003853
Q04602,0.18482796303651408
Q00769,0.1847408461928559
Q08283,0.18457362125082058
Q10152,0.18437388202929927
Q00997,0.18427358245030503
Q02482,0.18402623042961672
Q04043,0.18400658928221486
Q03896,0.18397020071540393
Q01959,0.18380229864148367
Q01923,0.18368567025110613
Q10172,0.18367344431154514
Q02630,0.18339521947606832
Q07485,0.18336204915750914
Q07993,0.18324909630990863
Q06436,0.18319072652074547
Q00221,0.18305362521394308
Q10028,0.18281202231772672
Q01901,0.1827503509180982
Q06015,0.18272243817476805
Q10255,0.18254850322407598
Q05691,0.18213990024327345
Q06440,0.18181816648670296
Q02954,0.18166084636855426
Q01557,0.1815136039817793
Q06726,0.18149617778472557
Q00216,0.1813043843220011
Q07068,0.1812815745766148
Q01727,0.1811915703621625
Q03800,0.18114823132363414
Q06773,0.18105409160998223
Q04276,0.18102303441985287
Q04867,0.18083695478495776
Q07443,0.1808238844550846
Q08274,0.1807792712447026
Q06788,0.1805899659460627
Q08490,0.18031204774601792
Q06629,0.18012270135665817
Q01998,0.1800427468901878
Q00605,0.17993470499785308
Q04136,0.17992539248482287
Q01316,0.17986842157141042
Q10374,0.17969149633965212
Q02121,0.17950361518168137
Q03483,0.17930512468461135
Q03773,0.1791921644913584
Q03550,0.17897382990030886
Q01529,0.17896265071768738
Q02569,0.17866656495065966
Q01297,0.1786392145891003
Q04961,0.1784919422205338
Q07057,0.1784914824721801
Q01245,0.1784070223131842
Q08245,0.17806309869861175
Q06552,0.17797224656780836
Q03647,0.17797002319311978
Q02420,0.17786943790385995
Q06251,0.1778276638358744
Q02714,0.17767230293315403
Q07198,0.177634885918894
Q00183,0.17762959462489536
Q04027,0.1771737402052656
Q06323,0.17673177018541983
Q08390,0.17670170637382399
Q09106,0.1766200722486936
Q03756,0.17651998633438765
Q10434,0.17617408066307477
Q10057,0.17612511769173214
Q09203,0.1760716719677191
Q06787,0.17598923434108274
Q10368,0.1757216657365522
Q01247,0.17549071262310725
Q07125,0.17534574308230577
Q04392,0.17528328589038028
Q05664,0.17524620640708335
Q07164,0.17520827597657598
Q00338,0.17512028789275516
Q09115,0.17498380073395436
Q07058,0.17484925973939788
Q00821,0.173851152011456
Q07472,0.17348112260101956
Q07395,0.17347035230717053
Q00771,0.17324739346470827
Q00127,0.17324639605825856
Q03045,0.17324314377772054
Q03559,0.1731277760969559
Q08669,0.17280043641926932
Q06044,0.17268720962086728
Q01200,0.1726843617272872
Q06276,0.17266218191950777
Q05779,0.17257710752351724
Q01298,0.17241471469899686
Q08071,0.17208070490661367
Q08143,0.17201176445065744
Q10095,0.17191392730366972
Q08811,0.17185838592693503
Q03254,0.1717878017629846
Q07740,0.17170667750920793
Q04932,0.17166573236128374
Q00155,0.1715764539960236
Q01647,0.17157557098215515
Q02197,0.17154547368614442
Q04148,0.17141523850003473
Q10010,0.17138459692990202
Q03604,0.17137094155684016
Q06937,0.1712105585769264
Q09639,0.17118607001545125
Q03852,0.17116583623217063
Q08473,0.1709720433030926
Q08702,0.17070122754194728
Q07216,0.17051344375273272
Q06196,0.17049272533702725
Q06542,0.1704132580469347
Q00337,0.17029760010260242
Q04765,0.16954400874233105
Q02925,0.16953308861632688
Q03846,0.16949791111435353
Q00369,0.16913660033273542
Q00249,0.1691352188320638
Q06409,0.16897051136330526
Q02217,0.1689656518027839
Q06607,0.16889783750807214
Q07794,0.16863713904827773
Q05253,0.1685789878952076
Q06084,0.16853308661590388
Q01661,0.16785480998431868
Q03948,0.16776273774898032
Q00416,0.16740275800597343
Q09333,0.16739222545984875
Q07989,0.16736925486481735
Q07147,0.16710136622783905
Q09422,0.16689264813147428
Q03955,0.1668906098589521
Q07756,0.16638036316378252
Q09094,0.16611731155507245
Q00752,0.16602209438677895
Q09824,0.16594864689165187
Q02953,0.16568433063231588
Q06125,0.1655716541569862
Q09923,0.16546502597373725
Q02194,0.16536721430524914
Q01950,0.1651854671322939
Q06936,0.16514621189064058
Q09763,0.16514054108882179
Q10327,0.16511670572916767
Q02603,0.16496021735497426
Q07905,0.16486523952439713
Q01280,0.16482528286456619
Q09886,0.1645960097819232
Q09760,0.16458188104668467
Q02118,0.16438277397849885
Q06568,0.16416490131911818
Q01778,0.16390899720972257
Q03882,0.16390216280590902
Q08887,0.16365461248754903
Q01317,0.16352616422457655
Q05034,0.16351446437044365
Q01057,0.16328541710985306
Q06534,0.16324287696495277
Q02355,0.1631109122511733
Q03833,0.16303924111596516
Q05070,0.16301583260775995
Q04833,0.16237553935682006
Q08526,0.1623311155524242
Q02518,0.16224223401147658
Q00656,0.1622216249210734
Q08041,0.1621841298502247
Q03921,0.1621736124528521
Q09149,0.16190134985599525
Q00578,0.16164591589100744
Q05110,0.161561625084923
Q00774,0.1613955730584316
Q03742,0.1613575151699799
Q00156,0.16104706495489785
Q03128,0.16101013104024392
Q00754,0.1606363110076774
Q02255,0.15979637792492232
Q05637,0.15971484569807384
Q00077,0.15956606575502827
Q01955,0.15956342139588595
Q06595,0.15938583039751436
Q09225,0.1590217127686687
Q10032,0.15885417356778064
Q03486,0.1585837813451617
Q02760,0.15846467477346055
Q05375,0.15832424660021904
Q10266,0.15826982091033112
Q00704,0.15819038886688014
Q03267,0.1578716991095563
Q05048,0.15779098796677177
Q07990,0.15776624290032806
Q00116,0.1576116281624611
Q05935,0.15748902442131413
Q04108,0.15747865079914963
Q09494,0.15730238719311446
Q03838,0.15711237815365062
Q02835,0.15707863360568788
Q05814,0.15694085431208357
Q02670,0.1568350262278557
Q02001,0.15677799270109524
Q01177,0.15665476710460666
Q00553,0.15664686998685234
Q05008,0.15660490595181112
Q00010,0.15658096654883275
Q04979,0.1565222731922942
Q04898,0.15646616259046559
Q04860,0.15637566820379875
Q07036,0.15624518746611274
Q05326,0.15617110138371632
Q04069,0.15589296601269292
Q07814,0.1556231938315246
Q07247,0.15548717625531253
Q02252,0.15531654658163319
Q09681,0.15524220026443056
Q05533,0.1551297225139232
Q06258,0.15484399484713465
Q08673,0.15484019938371082
Q06088,0.15454677178249013
Q09875,0.15404428535548229
Q07270,0.15402640870848147
Q05583,0.15359390903000603
Q09818,0.15342948322950764
Q07622,0.15337502095687208
Q05125,0.15328937032794357
Q02277,0.15324577441871043
Q08509,0.15308975791071205
Q09331,0.15291846717175342
Q08290,0.15289864122147784
Q06430,0.1527806802892965
Q04993,0.15265452550142658
Q05526,0.15262804293322102
Q04995,0.15260128310935556
Q09754,0.15235644419024058
Q02249,0.15212982449634183
Q07733,0.15199612169131024
Q01601,0.1517982691917548
Q03925,0.15178371213864691
Q04770,0.15171793507682432
Q07307,0.15165012994097005
Q02549,0.15153338054481227
Q05569,0.15152992098816082
Q09215,0.15120384073255613
Q06418,0.15103568436478054
Q02937,0.15095612083197396
Q07372,0.1508303245167576
Q09829,0.15073430725016837
Q08976,0.1503138300943255
Q02504,0.1502380263232671
Q07399,0.15015355089135163
Q05256,0.14995396734655336
Q06192,0.14991781950967556
Q04644,0.1498504571126882
Q09957,0.14975206803701735
Q07020,0.14972174353150128
Q04717,0.14964862017103905
Q03748,0.14942242862360874
Q07966,0.14933829498278098
Q01618,0.14924590080238187
Q02729,0.14924241165108687
Q05791,0.14918067766680676
Q00324,0.14897400697856872
Q09393,0.14890920051750017
Q07693,0.14884385652186244
Q04631,0.14882471009529144
Q09792,0.14841915196303154
Q09350,0.1483440984132018
Q10200,0.1482414924804911
Q02147,0.1477061900688959
Q00677,0.14766279799098844
Q06228,0.14765368425052558
Q00486,0.14757413659258173
Q06598,0.14755835122988958
Q09654,0.14754824558827848
Q03979,0.14726560233449995
Q02695,0.14709305214617358
Q09374,0.1468373779694795
Q03605,0.14682863091213713
Q05147,0.14677676621707916
Q02838,0.14665115404229337
Q09940,0.1462625333573522
Q05833,0.1459552518186802
Q09286,0.14589989444582996
Q00982,0.14567083656695193
Q01281,0.14564327465590793
Q03329,0.14547059978049753
Q07497,0.14544838034039945
Q09779,0.1453485329790034
Q05367,0.14532170315310342
Q07909,0.1450704528054928
Q05360,0.14479833341970275
Q02917,0.14458632451539605
Q02578,0.14444291756566
Q04031,0.14433930503812653
Q03721,0.14427089735225776
Q03845,0.14413411598872802
Q06021,0.14407016001158562
Q02606,0.14379877894893844
Q00922,0.14377105808333276
Q03152,0.14357290108662302
Q04064,0.1435652764157711
Q06141,0.14342491322651038
Q04063,0.14321168376313734
Q03564,0.1431788199634993
Q02599,0.14304491083857598
Q05701,0.14302205613446678
Q00822,0.14296006507233835
Q00825,0.14261886867234583
Q04277,0.14253736200462772
Q07042,0.14246261419548104
Q07821,0.1423883918976854
Q03475,0.1423309140391158
Q02007,0.1422228536829392
Q04662,0.14191944432582687
Q06622,0.14164251705730907
Q08152,0.14146856560923526
Q01860,0.1413744215162711
Q02644,0.14124395135513101
Q06490,0.14121918189830443
Q07793,0.14086016868341988
Q08636,0.14084582465082846
Q07229,0.14063600744420263
Q03186,0.1403736629549545
Q00628,0.14031420393162608
Q07583,0.14012404567942197
Q08542,0.14004367115509705
Q10298,0.13983714749201406
Q01479,0.13980821323396284
Q00914,0.13956859635990007
Q02513,0.13946960754608073
Q08374,0.1392111991481016
Q07856,0.13903178858411874
Q00862,0.13892647044253906
Q05052,0.1388486261210924
Q09764,0.1387123605704877
Q04810,0.13858506365514545
Q04089,0.13853691667199686
Q04650,0.1385207008368822
Q03980,0.13847221300683002
Q02733,0.13827260846811978
Q08474,0.1381536381938201
Q03206,0.13808530404756325
Q00180,0.13807470408899847
Q09273,0.1378729935120517
Q02042,0.13787078893521668
Q09313,0.1377897813721192
Q03436,0.13768576947866729
Q01698,0.13763249186243756
Q05842,0.13729727622729124
Q00772,0.13714848716865427
Q06570,0.13711930346134854
Q03546,0.13691405961976633
Q06313,0.13687072664389852
Q04330,0.13681289499490779
Q08034,0.13681167815281034
Q05139,0.13680019415505842
Q05553,0.13667430124339527
Q02683,0.13657433209419775
Q07736,0.1362782931355617
Q04068,0.1359827579353495
Q08529,0.13571896122402866
Q08371,0.1357014697841629
Q00047,0.13566281682115308
Q06531,0.13562260909943216
Q06348,0.13559651253669464
Q03159,0.13554430444344098
Q09974,0.13535994221764094
Q10251,0.1352132275815845
Q04901,0.13504400432921204
Q01799,0.1350349443375828
Q03764,0.13493563906487102
Q06555,0.13489908903161724
Q05590,0.13478007932843394
Q01290,0.1346760284638546
Q01738,0.1345074862903534
Q00178,0.13441119016591427
Q08111,0.1340741190944833
Q07762,0.133951181459458
Q09012,0.13367145556233037
Q01750,0.13345398824957128
Q00300,0.1334398231425504
Q02460,0.1333180349763714
Q05571,0.13331177974466477
Q04563,0.13327755999449276
Q06928,0.13322303865166815
Q06919,0.13312060711318083
Q04480,0.1325368794620545
Q01861,0.13247998098768296
Q02818,0.1323333944159647
Q03905,0.13204574469200384
Q05974,0.13198060642834136
Q01736,0.13185616437401776
Q00500,0.1318379067514416
Q09712,0.13163403422721787
Q09943,0.13123834740561371
Q09840,0.13113173613928952
Q09910,0.13106732196795665
Q00050,0.13102192994913922
Q00989,0.13093085994651324
Q08317,0.13067561846285092
Q10313,0.1305675502064938
Q02859,0.13045917883240846
Q08824,0.13028774509448535
Q07454,0.13027988886847783
Q06049,0.13018267029924016
Q02297,0.13018110355686208
Q00633,0.13016393359997327
Q03432,0.13011019717906763
Q03118,0.12990446154338578
Q09369,0.1298960255485581
Q07598,0.1295955014942516
Q08366,0.12951579032014449
Q01223,0.12951182854220927
Q06435,0.12944711250680496
Q08579,0.12942493641599176
Q07431,0.12939941744018582
Q05768,0.1291866993215011
Q08968,0.1289555115587758
Q09044,0.12884796245555352
Q05062,0.12867693885030276
Q04889,0.1282646279458452
Q05918,0.12816307921010736
Q08658,0.1280452253732471
Q08002,0.1280261475277999
Q04077,0.12786892265609726
Q02173,0.12782798245396862
Q06273,0.12779071528061478
Q05650,0.12778341159726495
Q06160,0.12761531175729784
Q03369,0.12754905649881917
Q00068,0.12698300041548943
Q02871,0.12683170542867456
Q06211,0.12682135739493183
Q07162,0.1265429296540741
Q05789,0.12648296731110814
Q01790,0.1262798185357028
Q10007,0.12621512940971935
Q04439,0.1261293045724818
Q01293,0.12592325161306592
Q08919,0.125831344773638
Q04194,0.12577950491143935
Q03738,0.12564703920230347
Q02411,0.12512336404397578
Q03236,0.12504797968129094
Q08383,0.12492384557270063
Q02768,0.12484159735571047
Q10023,0.12469714856393736
Q06975,0.12450341084660282
Q02456,0.12437760129197539
Q04011,0.12393357634596308
Q00063,0.12368501308164903
Q07380,0.12366503342780716
Q01172,0.1236487985782011
Q05229,0.12347228108517161
Q08194,0.12334689611264875
Q04813,0.12332836793246926
Q01121,0.12322383093103823
Q05516,0.12321031540986482
Q03988,0.12312353472536526
Q05389,0.12300359995492381
Q06487,0.12299319929933164
Q00815,0.12286634870666338
Q00915,0.12265213318346338
Q03259,0.12246236202137495
Q07049,0.12207690805773821
Q06907,0.12183252954203014
Q03245,0.1218264857309463
Q06324,0.12130948965642364
Q06703,0.12126808662542594
Q08234,0.1211415736273831
Q00129,0.12109137604310706
Q03272,0.1210571130662168
Q03513,0.12092178913701819
Q01693,0.12060080129923367
Q00373,0.12056396076658324
Q03808,0.1205472016187131
Q08999,0.12032243292847639
Q05527,0.12015863422821225
Q00022,0.12010981950220016
Q00163,0.11980349596242428
Q03084,0.11977174549084939
Q03257,0.11969824966565529
Q01561,0.11959342335908213
Q04572,0.11938240984151148
Q03241,0.11931893217462693
Q08810,0.11925769745999278
Q04060,0.11916801809571113
Q03544,0.11902677879530357
Q01346,0.1188525846189551
Q03869,0.11853712894940588
Q00339,0.11836737777837075
Q10376,0.11825729691290714
Q03588,0.11805051264131407
Q00890,0.11786454622134682
Q00529,0.1175256254488655
Q10304,0.11750377566757976
Q03674,0.11746811512521696
Q06715,0.11737395540138812
Q03233,0.11692783270329343
Q08256,0.11670010902232249
Q00215,0.1166397890578439
Q08292,0.11656294202453217
Q08888,0.11651806175219917
Q03446,0.11641639453691467
Q09520,0.11628717772763662
Q04378,0.11628341101702251
Q05600,0.11622292412565353
Q03177,0.11562458094633807
Q00525,0.11533439750562907
Q08176,0.11525058497346503
Q04816,0.11523086198663289
Q01365,0.11520685683987562
Q03456,0.11515438508526578
Q09484,0.11481156942590433
Q08992,0.11458894734177998
Q03740,0.11447780403471859
Q05099,0.11434122588955643
Q07337,0.11409472142109459
Q04736,0.11398116798890622
Q00478,0.11389202775950807
Q00877,0.1138798414717445
Q08628,0.11382011828121182
Q05889,0.1137191857749623
Q06821,0.11370644245846083
Q02015,0.11366191589174081
Q02672,0.11330913073753973
Q05938,0.11327582900296831
Q07363,0.11320891188981763
Q02601,0.11289537403946938
Q06311,0.11270462402040744
Q01844,0.11262482343011662
Q02636,0.1124114742003638
Q06648,0.11229675121931301
Q08078,0.11199405742505751
Q02924,0.11176294076661429
Q01720,0.11168816140157123
Q09740,0.11161307175638194
Q00530,0.11161306063931661
Q03890,0.11158262354490227
Q08352,0.11146730511883594
Q05922,0.11131077660924033
Q01563,0.11113765347420175
Q05825,0.1110464260598033
Q06393,0.11093121058194307
Q06059,0.11092903572708619
Q02477,0.11088345023865286
Q07637,0.11077153672696217
Q00255,0.11071821582677943
Q02184,0.11065416014875162
Q02776,0.11054561163860595
Q00618,0.1102364519818898
Q06018,0.11016302501517058
Q01033,0.10909824997994999
Q05505,0.10906526048383017
Q06298,0.10899163225702739
Q08294,0.10888668737003682
Q04866,0.10871511611083026
Q04968,0.10817659231729336
Q09145,0.1081721796961316
Q10281,0.10808632323840689
Q06103,0.10768415434421297
Q06551,0.10768334947274719
Q05447,0.1074511804448881
Q09741,0.1073386663086398
Q07882,0.10729300266889255
Q09190,0.10727127834872624
Q01202,0.10721368980215201
Q04681,0.10710212414174122
Q03789,0.1068356855270314
Q00377,0.10661579111383018
Q07154,0.10653405580212028
Q06466,0.10646569944913643
Q08925,0.10639756072412525
Q01470,0.1062492993065448
Q02072,0.10622040772997637
Q04761,0.10620007900110118
Q08160,0.10591649587727482
Q01760,0.10590697728149998
Q01553,0.10581233127838141
Q06624,0.10573658511812553
Q07406,0.10566969576906929
Q05462,0.1055549682921461
Q09017,0.10536934377462434
Q05605,0.10533046387682542
Q07286,0.10497087417094961
Q01410,0.1048458685531691
Q06964,0.10467141747580852
Q00398,0.10454648877146297
Q00607,0.10449303212023202
Q08358,0.104320137001765
Q04323,0.1039979094690166
Q09921,0.10386373595278442
Q01746,0.10380280273682099
Q03441,0.1036808021880011
Q10441,0.10327996450372075
Q03388,0.10311236823547817
Q10480,0.10309688761719321
Q00352,0.10291484319025875
Q02998,0.10216251972296013
Q00202,0.10204289033657936
Q03420,0.10162875572547656
Q04973,0.1009938175577519
Q01061,0.10094081594335087
Q00210,0.1006677516504948
Q05035,0.10051091121375068
Q05060,0.10038097057492022
Q01684,0.10033578229250774
Q08367,0.10012411924383398
Q00140,0.1000619181948418
Q02332,0.09960713300765857
Q05412,0.09941826351010113
Q04493,0.09936540895091986
Q08049,0.09900677427210909
Q03684,0.09896939043618891
Q01697,0.09868008562632577
Q02235,0.0984996389552082
Q10277,0.09820113578148316
Q01252,0.09788965190971508
Q00144,0.09784505561734787
Q07205,0.09769021631639452
Q02022,0.09719281821193866
Q07464,0.0971374058658875
Q05095,0.09703943479052532
Q03308,0.09699557168818501
Q01395,0.09682920444222147
Q05397,0.096789225717506
Q07423,0.09669911434402581
Q04035,0.09661583017056267
Q05364,0.09641468053287615
Q02673,0.09624508800380714
Q08693,0.09619586539598145
Q01733,0.09615400916174988
Q00994,0.09610812909269494
Q01931,0.09608174619894023
Q01728,0.09578424553045245
Q03803,0.09571645930533144
Q07755,0.09566952285849568
Q05088,0.09560001282472379
Q03514,0.09516101230770241
Q05870,0.09510775496832688
Q02037,0.09509387198352458
Q07630,0.0950548780712562
Q06791,0.09502495624061855
Q07015,0.09472214009221078
Q01763,0.09450441287737328
Q05321,0.09434740866073119
Q07617,0.09431366985689521
Q08929,0.0942127295364748
Q02425,0.09382854279215543
Q05314,0.09354480814949882
Q04628,0.0932559091555897
Q04931,0.09324571235987228
Q05350,0.09307901976123871
Q01139,0.09303554634820144
Q04106,0.0930246259863411
Q09851,0.09282725400599572
Q10279,0.09258117514185316
Q02084,0.09253729548508606
Q09519,0.09253018425628694
Q10464,0.09252718265885658
Q08306,0.09237954215733281
Q04840,0.09222400053903042
Q00818,0.09220725185802932
Q04147,0.0919335937085224
Q00779,0.0918637731868519
Q05599,0.09186280642898062
Q02632,0.09180855728393011
Q00112,0.09153756854492301
Q04339,0.09148247449010628
Q05285,0.09121055783778992
Q09309,0.0911918303947815
Q01849,0.09109821381638186
Q05829,0.09098866669252281
Q01732,0.0909332618120666
Q05573,0.09080722606834854
Q08223,0.0907739575465435
Q09571,0.09068019865612677
Q04673,0.0903715598339008
Q06809,0.0902548005860802
Q09920,0.09006668785104555
Q04641,0.08996700598031192
Q06926,0.08970272878775631
Q06076,0.0896871572327911
Q08261,0.0896121044046356
Q01023,0.08949063549198816
Q02394,0.08938240773603935
Q06983,0.0891527736619308
Q07928,0.0887984797683324
Q01031,0.08838241714561576
Q01145,0.08833901444945023
Q03922,0.08831392620282626
Q06055,0.08825480811003726
Q08260,0.08819943766299285
Q05226,0.08818351219347549
Q05872,0.08810491982511384
Q10380,0.0874730844860431
Q03349,0.08735420017550047
Q09383,0.08734998603368398
Q04416,0.08722204779374206
Q05494,0.08717102322236184
Q08741,0.08706529491534286
Q02388,0.08695150367933223
Q03191,0.08679957199632986
Q08898,0.08677827730431115
Q02415,0.08674339658564083
Q08268,0.08668607121097473
Q02383,0.08628195700094295
Q07462,0.08573743767902664
Q02942,0.08556767079188646
Q07536,0.08551629382292668
Q04831,0.08529142303366546
Q02970,0.085264011522093
Q02851,0.08520874684834893
Q08975,0.0851231525379682
Q01377,0.08501630214392167
Q07376,0.08471553416088197
Q03480,0.08458515294514325
Q08021,0.08449754239961094
Q02360,0.08436596611681182
Q03477,0.08436381724743104
Q00995,0.08435473493930913
Q03105,0.0842222788260449
Q05945,0.08410745997953564
Q04617,0.08407750085932919
Q06843,0.08403020224555696
Q03347,0.08386554638532279
Q04074,0.08358392947936089
Q01855,0.08349687642423059
Q07311,0.08344136000059725
Q03435,0.08292834048974196
Q05137,0.08258894108850616
Q06206,0.08256097114253191
Q07620,0.08241141234125796
Q05108,0.08229144212283968
Q06959,0.08228109210921916
Q02376,0.08227096888726174
Q03463,0.08185256332648365
Q01542,0.08183550540707034
Q03143,0.081782546458987
Q01794,0.0816413012282437
Q10073,0.08111565681719726
Q10053,0.08109118470422491
Q00367,0.08093012442195396
Q07096,0.0807339896777139
Q04380,0.08063146019725019
Q03909,0.0805847813316656
Q10383,0.08045357539856984
Q06363,0.08038892915916213
Q03711,0.08037451371490337
Q09110,0.08014923164690908
Q08080,0.07990004864063283
Q04506,0.07962413267786499
Q07723,0.07962315957456043
Q05597,0.07940972858267445
Q06308,0.07937048204644132
Q08070,0.07936960364765484
Q06584,0.07917929957874198
Q08388,0.07889494560443401
Q06519,0.07879125171931928
Q06981,0.07867987231913985
Q00130,0.07860279947046071
Q00470,0.0785603937915141
Q00440,0.07855067472081999
Q01292,0.07844632337566389
Q03960,0.07835236999878684
Q03037,0.07828725640323071
Q06054,0.0782517435280862
Q03087,0.07824110652517227
Q09453,0.07794055808750566
Q07439,0.07793412069826096
Q03418,0.07768676611007719
Q00559,0.07756707956295153
Q06868,0.07753501202396176
Q07565,0.07740489584995199
Q09537,0.07730860557203019
Q10129,0.0770069304969797
Q08251,0.07695181204974849
Q07424,0.07692192056039063
Q08197,0.07680710354131792
Q08455,0.07674367088534137
Q03458,0.07650438033710859
Q06023,0.07648592671810824
Q09553,0.07618812839521313
Q01625,0.07604599488931708
Q09554,0.07591746462147853
Q02577,0.0757782024687483
Q05901,0.07576749144424046
Q01312,0.07553016698870656
Q02910,0.0754713883391572
Q01809,0.07539865058734238
Q08900,0.07539051118193751
Q08933,0.07537700822526727
Q10269,0.07535113425355079
Q04004,0.0752551793258766
Q02676,0.07499754998434471
Q02845,0.074883063734764
Q03951,0.07481722713867181
Q09322,0.07479695813491681
Q09814,0.07477641846392286
Q10119,0.07454350720831875
Q07211,0.07446005845095363
Q04338,0.07439560526505865
Q00462,0.07433276744095531
Q06961,0.073993704168288
Q02609,0.0738344818089564
Q09444,0.07378861491527236
Q02820,0.07378249308728488
Q03508,0.07377743868886379
Q08937,0.07377617168941081
Q06663,0.0735744322653901
Q09907,0.0734074735675964
Q08599,0.07332073193738298
Q08064,0.07329627247362573
Q07822,0.07327262077935084
Q03144,0.07305842315451698
Q08508,0.0730245257893815
Q10189,0.07293703609134264
Q04258,0.07276917111280583
Q00694,0.07268611660066752
Q04241,0.07263044704853507
Q07284,0.07256235022256342
Q04003,0.07248727087118767
Q07979,0.07242280657790318
Q06309,0.07234581789333888
Q05047,0.0722892728668428
Q06734,0.07208190540575801
Q04595,0.07191747479545771
Q04161,0.07182101611883122
Q04270,0.0717782517724703
Q02984,0.0717665945709366
Q10420,0.07168273407085882
Q00927,0.0714961764303581
Q00103,0.07147203005419334
Q09187,0.07144389521555078
Q03419,0.07116630324167283
Q06571,0.0710967076799953
Q09766,0.07085944127498324
Q01037,0.07076340191920273
Q06247,0.07067900563370798
Q05992,0.07038405345729713
Q04204,0.07031071634193267
Q01017,0.07008119715213984
Q04185,0.070066870145513
Q00446,0.07005673349574534
Q07694,0.06997182118174856
Q08833,0.0697991558566702
Q02761,0.06978097124807496
Q03541,0.06952851251338087
Q03734,0.06939832922467125
Q10433,0.06936882728898239
Q09392,0.06927317122836471
Q06483,0.06924914588089977
Q08863,0.06923593399210717
Q00386,0.06898438189274224
Q08429,0.06896096882772482
Q04823,0.06888018566457295
Q08890,0.0688799141809024
Q06829,0.06881733141976047
Q07277,0.0687347527625638
Q01331,0.06872370537142021
Q04891,0.06870811155913341
Q04727,0.06851885972665965
Q08000,0.06839039372989845
Q01450,0.06827091580103556
Q09798,0.06822946594743501
Q04212,0.06796665653996728
Q02068,0.06788338816763952
Q01176,0.06787721960087073
Q02265,0.0678341691276946
Q10497,0.06776857790549308
Q08145,0.06770717575386637
Q06316,0.06765775964701905
Q04601,0.06756403094501315
Q01461,0.06729358175049192
Q10347,0.06728698715893938
Q00212,0.06707726742945318
Q03455,0.06701451661890578
Q04879,0.06693877261596241
Q02524,0.06688764629655848
Q02972,0.06680777845147819
Q08984,0.06653189414029347
Q01108,0.06585954872041222
Q01299,0.06585171971642463
Q07008,0.0658222311739041
Q03763,0.06581993852672759
Q02627,0.06565109332291916
Q06834,0.06546969423897503
Q09161,0.06543917960844946
Q00450,0.06538112640916438
Q01994,0.06537934778146426
Q01008,0.06517525060921042
Q07344,0.06500273782836079
Q01967,0.06498642990473216
Q00271,0.06487677939881174
Q07455,0.0647663487218047
Q07100,0.06473360141942043
Q09509,0.06462708674015162
Q07330,0.06442317012076006
Q05818,0.06438856582950028
Q09319,0.06428202422246115
Q07070,0.06420415951594671
Q02852,0.06405220305749529
Q07575,0.06384147450812751
Q09599,0.06353690836251646
Q08563,0.06320073942331736
Q07056,0.06309562903992594
Q01000,0.0628066552336024
Q02571,0.06280256078086284
Q00813,0.06255848048424711
Q02267,0.0625253324747122
Q02880,0.0621948909998692
Q06268,0.0621401252598545
Q03034,0.062097308891589646
Q06343,0.06201487157731196
Q02566,0.06182722675520966
Q09932,0.061604460780194964
Q05555,0.06122713606628711
Q07090,0.06099165332705986
Q05025,0.060981581669257996
Q00685,0.060953974822233394
Q09352,0.06036205342773395
Q06855,0.06032521903633258
Q06293,0.06014513431493907
Q10342,0.06010511978979333
Q02691,0.05989282947654613
Q01018,0.059865403305462486
Q00641,0.05954754467686285
Q07223,0.05944300094569176
Q09397,0.05906938965851139
Q03518,0.05877029522312631
Q09077,0.05869222516532698
Q01103,0.0586163898239524
Q04400,0.058499751608980397
Q01786,0.058387619158092326
Q01134,0.05824151317886134
Q09617,0.0581327441546069
Q10012,0.05793366935839677
Q07917,0.05783566628418576
Q06984,0.05742049915078607
Q05770,0.05739653569268845
Q01846,0.05737092480928645
Q02719,0.05709343635743899
Q06317,0.057087520453089124
Q00552,0.057019269300670125
Q01866,0.056619185125084855
Q03184,0.05655981855006388
Q06626,0.05651813561386031
Q01150,0.056478344142392556
Q09412,0.05642320935428472
Q07375,0.056294476222311415
Q04919,0.05611428978652212
Q08107,0.05608374722708778
Q10127,0.05602840199080365
Q09612,0.056014881681658905
Q06856,0.055922897499487256
Q04653,0.0557250460279303
Q06661,0.0556407606914511
Q04332,0.05563826756838672
Q06985,0.05557985558644649
Q09458,0.055345058899663034
Q08691,0.055146485761085925
Q05991,0.055010592548417454
Q04019,0.05499245815236478
Q03934,0.05495229402128924
Q04517,0.054909793370733526
Q09732,0.054646203279295966
Q08501,0.054553097927634873
Q01084,0.05425418999854861
Q06525,0.054198635866377805
Q04908,0.05406485175149999
Q09525,0.05386457556482403
Q01187,0.05366087799074163
Q02883,0.05357758086733944
Q10213,0.05355385725484014
Q00466,0.053537865965386254
Q03019,0.05314713899381238
Q06668,0.052795153168227194
Q02918,0.05276863796403585
Q06695,0.05276597468554163
Q01781,0.05234004001418816
Q06029,0.052338907334274175
Q08281,0.052329944616492235
Q04590,0.051983262053719385
Q00191,0.05196792947426444
Q03853,0.05189528123700919
Q08448,0.05146738115942227
Q08514,0.05132978459753765
Q01015,0.05125941762233371
Q06794,0.051234299569652614
Q05261,0.051046158167628815
Q08203,0.05085244910693187
Q09498,0.05077899637841728
Q00065,0.05077888489673175
Q00855,0.05075355812378867
Q04061,0.050240261333549224
Q05331,0.050228687182881177
Q07242,0.05007294270054452
Q02614,0.05006057649626443
Q01581,0.04983503874909524
Q03249,0.04956754792713708
Q03398,0.049536713057377946
Q06264,0.04951917020329825
Q05654,0.04938427039004727
Q05365,0.04919400307714975
Q00231,0.049042021721192146
Q08424,0.049015508352849874
Q05416,0.04887866463785511
Q02592,0.04874758580513483
Q03621,0.04868486418854733
Q07519,0.04867384246130837
Q02623,0.04861424568990074
Q05270,0.048362307432661504
Q05401,0.04831036810079858
Q07855,0.04828264602395637
Q04856,0.048083968944311634
Q05808,0.0479830093849376
Q02718,0.04794122168391234
Q04521,0.047873440350777695
Q07971,0.04786888006135983
Q04386,0.047646143398064764
Q08997,0.04745739110321766
Q04420,0.047375009893421374
Q07370,0.04723442096162267
Q05925,0.04721548682354521
Q06479,0.0472127886486644
Q03341,0.04719114788540508
Q04837,0.04704510397616374
Q04005,0.046944646796081624
Q09281,0.046619620201785776
Q07356,0.046617624187887056
Q10300,0.046448222789154725
Q10312,0.046253939754953635
Q07601,0.046188473657882305
Q05714,0.04570767707518987
Q08430,0.04567004423105232
Q03166,0.04562462909516843
Q06990,0.045621670402712616
Q06502,0.045540197605309134
Q08726,0.04541968832221417
Q07141,0.0454163934097015
Q08273,0.04538519884421666
Q06234,0.044605129517981686
Q02181,0.04452308329191116
Q01025,0.04446873745610468
Q05923,0.044433751874878004
Q09429,0.044369111897134196
Q02737,0.04429260131623413
Q04295,0.04395223058296959
Q02218,0.04385183513375751
Q10388,0.04375654345784259
Q06644,0.043715366368288044
Q01399,0.0435717880471741
Q01406,0.04328235597673564
Q00418,0.04318718954282824
Q00854,0.04312742674228951
Q10148,0.04308789441965101
Q04799,0.04297368128502923
Q06391,0.04295984085184028
Q09199,0.04295060695423714
Q06676,0.04280927695926916
Q10465,0.04277279956441941
Q00397,0.042373368442207696
Q07212,0.04214067126136355
Q06585,0.042072452413108974
Q03851,0.04196643169038017
Q08120,0.041551945232797954
Q08985,0.04141118812401366
Q02005,0.04139440504273189
Q01229,0.04132691809694335
Q09156,0.04127647959979723
Q02241,0.04125918112333091
Q06836,0.041060165422201006
Q06506,0.040995458837949014
Q06368,0.040980027031576764
Q02884,0.04076470755316712
Q09133,0.04070044227415893
Q00158,0.04066896232006332
Q00919,0.04055018867753404
Q05996,0.040506907045888614
Q03972,0.04044854431135932
Q09826,0.04017420650778339
Q00224,0.04012803140442068
Q02035,0.04000404265621186
Q05807,0.039906603515260736
Q00196,0.03983986758366969
Q03437,0.03975591861390349
Q05871,0.039658044597671256
Q09231,0.03946828710292764
Q06122,0.039413382637944666
Q05809,0.039344997677606776
Q03123,0.039148785418007204
Q09010,0.03912565893623134
Q03235,0.0390779031050984
Q09503,0.03883237348943741
Q07925,0.038776475249610816
Q09885,0.03856365028320097
Q09749,0.03841388210641585
Q07800,0.03833344605503102
Q08689,0.03832596852190475
Q07351,0.037898151277717784
Q04600,0.037730665274861803
Q02796,0.037598565482678384
Q09831,0.037508674759137474
Q07802,0.037456917514890053
Q08951,0.037230724856650216
Q09382,0.037187900096362005
Q07833,0.036955490784757954
Q06498,0.03693455124794642
Q08231,0.03683391606827533
Q04164,0.0363538908724546
Q05377,0.036158018622699656
Q00780,0.036149034195346846
Q02580,0.03609567377458337
Q06532,0.03605986487310961
Q02348,0.03600497686382699
Q06713,0.03595430719345616
Q04998,0.03572270524922292
Q03834,0.03563114938009627
Q08652,0.03560314507994936
Q00379,0.035529868194781655
Q00365,0.03550936319111068
Q00488,0.03546805979881925
Q01836,0.03529283351053408
Q05851,0.03513497013514565
Q00572,0.03494504015161415
Q00320,0.03471939536261386
Q01577,0.034244789042791116
Q02568,0.0342031639491637
Q00977,0.03420116478088931
Q04505,0.03398657039320161
Q05724,0.033854321119729254
Q03136,0.033662244929710906
Q03767,0.03364376637053269
Q02799,0.03340906324088109
Q03216,0.03332304438024169
Q03982,0.033277482105216395
Q03107,0.03327203077081941
Q09255,0.033235777125267874
Q00274,0.033194298583445525
Q06199,0.03311405920991914
Q09335,0.032987939137540286
Q00028,0.03279154103139482
Q09303,0.03269919404002602
Q08110,0.03261589204251322
Q08033,0.03241728524930128
Q07960,0.03231649937838884
Q02111,0.03220705200128114
Q10005,0.031842459998768585
Q03780,0.031130632530985445
Q10303,0.030927902913885343
Q04095,0.0305861216766797
Q08547,0.030539439833098918
Q01776,0.030523382342547062
Q04024,0.03040931602787714
Q02809,0.03034608841075977
Q09349,0.030289187462155392
Q04471,0.02996662383598632
Q00644,0.029697046847286187
Q03444,0.029618296517132933
Q08685,0.029522671694037335
Q02202,0.02949062958721956
Q04818,0.02917228940540372
Q02351,0.02910782916554903
Q03131,0.029087055244676856
Q06478,0.02905952453403951
Q03366,0.02902182593716135
Q05914,0.028984689509484268
Q06236,0.028839218913162865
Q08740,0.028801572066167198
Q08177,0.028708641916681932
Q02763,0.028236821727490168
Q09842,0.028214066814296935
Q02527,0.028069650280060133
Q10065,0.027839073476364457
Q05939,0.02767031901753614
Q08550,0.027532148032213193
Q04174,0.027409453549714493
Q07304,0.027186665949706767
Q03788,0.02708619047932525
Q04835,0.026858576317232912
Q08030,0.026608484031923695
Q00267,0.026294728136130614
Q00886,0.026029867667057702
Q06958,0.026016352063899493
Q08343,0.025951396612481033
Q08557,0.025865314234851763
Q08053,0.025665555549156366
Q01854,0.025636620432979245
Q07209,0.02563342636834465
Q05053,0.0252178826075621
Q02026,0.025162671081948397
Q09194,0.025120822512446496
Q06759,0.024868440161103407
Q05238,0.024690652523495688
Q06186,0.024516941585357756
Q05092,0.024474794348396188
Q02154,0.024441228156932383
Q03849,0.024127916365140802
Q07710,0.023763827741540414
Q05736,0.023730177656919964
Q01193,0.02371515982066901
Q09315,0.023648692946846468
Q02099,0.02346935335749931
Q07837,0.02341842349991479
Q00547,0.02315738324106475
Q00475,0.023150529412622245
Q03093,0.023060347735040697
Q04888,0.02286871481751172
Q01805,0.02285288484284924
Q08700,0.02285271540131469
Q06291,0.022645848913175403
Q04473,0.022644048891205283
Q04150,0.022566929774515167
Q06910,0.022529496124632512
Q00546,0.022498064797840975
Q05335,0.022402753195913665
Q03699,0.022380474676557013
Q00871,0.022357783063655927
Q03400,0.022319245376248853
Q07631,0.022280123462516378
Q00263,0.02204589906034935
Q02847,0.022001342003749466
Q02919,0.02180840799087995
Q08171,0.021791608264122138
Q08121,0.021777183275239836
Q03986,0.021667013697555484
Q03309,0.02163835864450663
Q02545,0.02161948374060499
Q00347,0.021297698009991484
Q02629,0.021121095479617408
Q00992,0.020944540515919187
Q09245,0.020858413823863907
Q04100,0.020679483822668435
Q09037,0.020608848535357542
Q00128,0.020438058629609304
Q09125,0.02025004089911767
Q06885,0.02024611079237238
Q01027,0.020218139501536385
Q06832,0.02017878944617598
Q02734,0.0200873333384148
Q09054,0.020011983876827528
Q01971,0.019943148457172148
Q06070,0.019741094955620635
Q06969,0.019721833168444895
Q02179,0.019670923906886014
Q00575,0.019115546553926402
Q02855,0.01903443809170752
Q01034,0.018986416540498312
Q03425,0.01890914857400419
Q04935,0.018900144577010215
Q05913,0.01887597981531386
Q09649,0.01845108279186863
Q04805,0.0184371584477137
Q05336,0.018331995576681075
Q06864,0.018151948118125226
Q04023,0.018048721674297254
Q00141,0.017927027783899655
Q07654,0.017869338841328235
Q05190,0.01778996479785658
Q03135,0.01766341997369239
Q09219,0.017610288522571432
Q07076,0.017438828649520958
Q01482,0.016870636933524565
Q05136,0.016451402140099384
Q06285,0.016430466064748055
Q01851,0.016412234311273925
Q00053,0.016274365267350564
Q06097,0.016249407589686567
Q09379,0.016056055105075174
Q07641,0.015970378124254857
Q09440,0.015872368869335227
Q05551,0.01582147447921714
Q09019,0.015813144983420173
Q07484,0.015341731068496737
Q00007,0.015240095352011122
Q01465,0.015236621837111532
Q04605,0.01504885870135677
Q01646,0.015020270662386585
Q09835,0.014669375663340353
Q10492,0.014536775147418458
Q07951,0.014173335914207608
Q09178,0.013967588720800712
Q07744,0.013944573339913124
Q02783,0.013757800501674137
Q07280,0.013226477289142662
Q08094,0.012976324372194096
Q08139,0.012971541159527696
Q02021,0.012941829642936487
Q03089,0.012939505374174218
Q09475,0.012871186119827488
Q10179,0.012812326176577918
Q04875,0.012656125586801492
Q07507,0.012576732537791352
Q05223,0.012470141565908128
Q01682,0.012376544547079572
Q09929,0.012347569327316515
Q06521,0.01195230567949137
Q06898,0.011939945521141037
Q08588,0.01193783369544322
Q05539,0.011881551904129596
Q09104,0.011820582236007635
Q01952,0.011820252867939652
Q07590,0.011736045459148478
Q09056,0.011581451199295306
Q05455,0.011482138018337345
Q07774,0.011479931408592808
Q03172,0.011476658003525268
Q04893,0.01123778469665852
Q04573,0.011156868183651244
Q07148,0.01114328543456345
Q01001,0.011113032679703943
Q03940,0.011084671407379496
Q08696,0.010759759866481367
Q07878,0.010679933860069117
Q01361,0.010662751773666903
Q04515,0.010622661743205097
Q07820,0.010526562244194765
Q05079,0.010261084589761962
Q02697,0.01018100719378815
Q03271,0.010173026244562086
Q02653,0.00996723335730482
Q06225,0.009801947605677081
Q10435,0.009781025309397095
Q02253,0.009731805250742421
Q10016,0.009728397621460938
Q05827,0.009306423092785825
Q03812,0.009274677248722807
Q02467,0.009220677614762402
Q00433,0.00908252224535507
Q09443,0.0090272604165261
Q03354,0.008969843739991667
Q08167,0.008912133948542204
Q09942,0.008862159450059229
Q04307,0.00871338084966748
Q01429,0.008707331939680305
Q04904,0.008631877645335993
Q05931,0.008623254153761991
Q03315,0.008605713117050832
Q09544,0.008413949355818427
Q09868,0.008301311215167802
Q02842,0.008186761341833004
Q08894,0.008100140526671783
Q02343,0.007925184620086265
Q05707,0.007746621513118001
Q04812,0.007573592114348216
Q05168,0.007424163419476659
Q01928,0.00735106925888452
Q02642,0.007350036813056248
Q04329,0.007189677435504075
Q01010,0.007160483589300966
Q05341,0.00701123211803271
Q02258,0.006904319419907131
Q08074,0.006651435218756609
Q04357,0.006642770144540829
Q08278,0.006357710227831464
Q03198,0.005993938250402096
Q01149,0.0058645654217192806
Q02421,0.005581376386166208
Q03049,0.005485038960296439
Q01961,0.005378018149077597
Q04502,0.005288263274590231
Q00214,0.005205401088422278
Q09423,0.0051653535732545655
Q00631,0.005163990972394976
Q02505,0.00514640767168656
Q03776,0.004994584336190053
Q07649,0.004970910341402635
Q01081,0.004759528145024833
Q04800,0.004630017465548993
Q01486,0.004483804196242628
Q02330,0.004459400113910796
Q04861,0.004454958306022614
Q00902,0.004173847419528401
Q01287,0.004036616530071457
Q08009,0.0037287652866290185
Q02943,0.0037185903618858346
Q07529,0.003565981875458969
Q06520,0.003420259123390095
Q09671,0.0032629886923422153
Q09800,0.0031207096023436608
Q10308,0.0027451779372469854
Q04552,0.0026930360640660587
Q02488,0.002690683692109204
Q08806,0.0024554341376847567
Q01782,0.0022769047883164145
Q05538,0.0022724244560570444
Q00993,0.002066428751925245
Q06151,0.00201251239544998
Q02270,0.0019261358703003347
Q10231,0.0015505305073676646
Q10445,0.0013825603699237727
Q07968,0.001220989175847401
Q02466,0.001170374860921324
Q03594,0.001011600248320955
Q00755,0.0009421162928683035
Q01148,0.0006735253903048484
Q06107,0.00037462341746003966
Q02687,2.6154116417109345e-05
Q05752,2.0574879934987393e-05
Q08285,-1.6133022696831207e-05
Q05030,-6.256776342989268e-05
Q08275,-0.0003684780870142968
Q02808,-0.00038456345569104125
Q03755,-0.00043299355456496226
Q01491,-0.0005457244312735367
Q09518,-0.0007574995293381658
Q01954,-0.0008905676971893097
Q03653,-0.000930202321390578
Q00294,-0.0009570922080529481
Q09087,-0.0011994094974113615
Q08005,-0.0012469127897654251
Q10132,-0.0014571571680609399
Q04596,-0.0014694492025821573
Q03616,-0.0016678674168038698
Q04692,-0.0016689033935901355
Q02103,-0.0017112024466240292
Q07256,-0.0017866988257317156
Q08643,-0.0018463626744969859
Q08157,-0.0019131762011036025
Q00087,-0.00201748140666525
Q10223,-0.002092383391973267
Q03183,-0.002127318403701361
Q06016,-0.0021904726269663436
Q06909,-0.0025488297114520104
Q10212,-0.0026489151267887956
Q09975,-0.002686517178369593
Q05454,-0.0030848328566452986
Q08706,-0.0032187312821650277
Q07999,-0.003400059521024931
Q08391,-0.0034219279911302885
Q03601,-0.003489661847971087
Q05572,-0.0038437318040332982
Q05132,-0.004175877912589809
Q07299,-0.004448950567720299
Q03563,-0.004592801993018213
Q08408,-0.004733996648183956
Q07975,-0.004738322466170927
Q02134,-0.005114976339664495
Q06641,-0.005417113714186762
Q06812,-0.005443134279283926
Q03858,-0.005512303116524497
Q09346,-0.005603168329660796
Q09622,-0.005717557831277698
Q00745,-0.005749536940986388
Q03554,-0.005797030142412713
Q02563,-0.005861112964074455
Q06798,-0.005867036330612071
Q02206,-0.00590651139199433
Q06471,-0.006116644581855761
Q07699,-0.0062993298977587694
Q04181,-0.006428642162825171
Q08539,-0.006758947736186772
Q07677,-0.006773464330178079
Q10137,-0.00678355316051296
Q03040,-0.006944165264095658
Q02934,-0.006977095277448867
Q04234,-0.00700339557258238
Q06724,-0.007054534719331747
Q06997,-0.007137458560659572
Q10437,-0.007154462796247822
Q08949,-0.007176694316239511
Q06823,-0.007181147053282881
Q02096,-0.007182406559733514
Q01662,-0.0073772539388408725
Q06406,-0.007385095510284066
Q03428,-0.007415011603224327
Q06944,-0.007451574526173876
Q08885,-0.007453326587056698
Q02451,-0.007553221541077076
Q00099,-0.007600328552396543
Q06929,-0.007663668774861441
Q02940,-0.007694731945392254
Q09068,-0.0077201623747406405
Q03720,-0.007742619706488019
Q00088,-0.00776058004193254
Q09633,-0.007827001174710151
Q10257,-0.007911661085688266
Q09191,-0.00796877929242389
Q03536,-0.008011874158686285
Q02257,-0.0081346987289549
Q03560,-0.00815127830245363
Q02047,-0.008210614767699237
Q04739,-0.0084326918425466
Q09095,-0.008642327324129654
Q05024,-0.00866612352193808
Q06469,-0.008724780332182719
Q02567,-0.008790925871699622
Q07339,-0.008850726991288561
Q05796,-0.00887614684429502
Q05566,-0.008982726237250306
Q05987,-0.009028305008196484
Q09977,-0.009040307120261196
Q05584,-0.009061045163424044
Q06239,-0.009063478586307645
Q01926,-0.00918055335496898
Q08582,-0.009228167883539284
Q06463,-0.009591102722071677
Q03238,-0.009630189468082929
Q01904,-0.009651229655533193
Q04080,-0.009928119639018733
Q07387,-0.009994448237345462
Q03473,-0.010020012303366119
Q01551,-0.010737398832832363
Q07367,-0.010818881603207329
Q10284,-0.010868433595773604
Q04467,-0.011209112313075635
Q06265,-0.01121818531034015
Q06139,-0.011317525534294992
Q04465,-0.011571954911147212
Q01707,-0.011668659245334239
Q00484,-0.011706009215103109
Q08715,-0.011840998650529896
Q00002,-0.01193998820261964
Q08380,-0.01196496651112019
Q07888,-0.012090977236958364
Q05693,-0.012415259891249728
Q10357,-0.012432610144186819
Q01843,-0.012503583309534123
Q09235,-0.012626181250880818
Q08795,-0.01263064201968814
Q01275,-0.012781943260693625
Q00595,-0.012802267832204312
Q00234,-0.012867763470511146
Q02203,-0.01312063388395948
Q03488,-0.013451302670211426
Q09016,-0.013892682139413097
Q03231,-0.013985376033532651
Q03713,-0.01400288514795676
Q08603,-0.014023087881818311
Q04715,-0.014369453588840208
Q03139,-0.014511562369660832
Q03281,-0.014582641726365307
Q02531,-0.014687672474488184
Q01700,-0.014928182064060415
Q08238,-0.014929909822102154
Q02404,-0.014957604791678077
Q02605,-0.01507115124579978
Q00104,-0.015076557684428884
Q05281,-0.01511579844074082
Q03370,-0.015196044502284558
Q00301,-0.01535027705897479
Q06092,-0.015510229856344891
Q08943,-0.015755459106629725
Q02966,-0.015858496745186672
Q01438,-0.0159088906636788
Q03757,-0.016067796894953017
Q09345,-0.01669345246965325
Q02858,-0.016919625152807132
Q09438,-0.017251400424334058
Q07281,-0.01729437476511635
Q04351,-0.01744182081424609
Q05280,-0.017636094827746623
Q00389,-0.017930617777500903
Q02854,-0.018132887613785748
Q08313,-0.01825486159638407
Q08095,-0.018481105164522883
Q01049,-0.01849324078295223
Q04615,-0.018648991319934527
Q10335,-0.018677895271930627
Q10294,-0.018890072045701242
Q00793,-0.018903499861559845
Q10467,-0.018927653284645372
Q03442,-0.019061763191065142
Q03976,-0.01908002021130485
Q05032,-0.019198831831483024
Q02082,-0.019771231605527254
Q04960,-0.0199116842418434
Q00794,-0.020005969478322352
Q03865,-0.020013251521501064
Q05799,-0.020112075509420176
Q03500,-0.02014336180192495
Q04999,-0.02027162672370548
Q02368,-0.020281446451243697
Q05072,-0.020434877771921767
Q05011,-0.02043855496275276
Q03739,-0.020599972073701248
Q02698,-0.020814079512581043
Q06178,-0.02094999429789434
Q05713,-0.0209669773312103
Q10477,-0.021081953312642055
Q10106,-0.021193903010583846
Q07739,-0.021242243034015534
Q00964,-0.021399691637517884
Q09294,-0.021413925896561027
Q02581,-0.021740449168563637
Q06060,-0.021763071778736914
Q05407,-0.021778421212602764
Q06288,-0.021945105337044024
Q04575,-0.02198521295511179
Q01249,-0.022430219124161262
Q00687,-0.02245439542097352
Q07600,-0.022655797310654636
Q00443,-0.02278441518956928
Q06404,-0.023166228781528235
Q07126,-0.023243260804351087
Q00517,-0.023436850921318576
Q09735,-0.02345631832627349
Q06332,-0.023511237967952424
Q08793,-0.023812114115503914
Q00012,-0.023930390552742323
Q08431,-0.02447728346411408
Q00802,-0.024585955504874125
Q03368,-0.024694634307710097
Q08769,-0.0247890392874093
Q03824,-0.025212924558444347
Q03860,-0.0252530731946728
Q01112,-0.025262129360852356
Q01201,-0.025457944433536567
Q01096,-0.025491620775705014
Q07594,-0.025792946767707936
Q10184,-0.025872299302941586
Q07537,-0.02625633783408238
Q01978,-0.026335794507119314
Q09011,-0.026529696311463725
Q08606,-0.026597175829054336
Q00865,-0.026914004725961324
Q04852,-0.02692927280007045
Q08212,-0.02702973470143337
Q08665,-0.027235189204459484
Q03802,-0.027286763154876523
Q02784,-0.02735270935082337
Q08611,-0.027353816569421114
Q06290,-0.027388352527816476
Q05118,-0.027676406829972213
Q03526,-0.028133260202643985
Q05248,-0.028178862765533146
Q10271,-0.028261597822210993
Q03836,-0.028585406704173793
Q09413,-0.028757088497851333
Q07704,-0.028904011375765655
Q01385,-0.029061869382542627
Q02793,-0.029169886991929232
Q05617,-0.029400696336617
Q08942,-0.02942449216251048
Q01210,-0.029574821495476546
Q03312,-0.02959562803773014
Q02193,-0.029652696073007693
Q02254,-0.029722653235258762
Q08001,-0.029890408711639203
Q02308,-0.030200670818786083
Q03683,-0.030201011727511114
Q02911,-0.030206793951701123
Q02834,-0.030282892266054403
Q10485,-0.030508951898394303
Q10206,-0.030860141674218352
Q00983,-0.030969711598128134
Q09131,-0.03113334694215575
Q04447,-0.0312105052425864
Q04026,-0.031324793161666475
Q07267,-0.0314620899949217
Q00570,-0.03151949410665365
Q00965,-0.031653492419950635
Q08974,-0.03204398859190085
Q00401,-0.03230732121478648
Q03201,-0.03231775290634378
Q04485,-0.0323335316214004
Q00096,-0.03247452698470183
Q08387,-0.03266492019633687
Q08982,-0.03268230406521801
Q02172,-0.032774534964169336
Q06233,-0.032877773416692554
Q03712,-0.0329575713885602
Q08752,-0.03296619603344975
Q08554,-0.03307577419054658
Q02712,-0.03308562112202802
Q05348,-0.03313566715239166
Q04159,-0.03372748854371301
Q08469,-0.033810386535505284
Q00834,-0.03417877501206072
Q03943,-0.03423791034819055
Q08668,-0.03437411709730789
Q03735,-0.03451420870952707
Q07306,-0.034623536010589685
Q05183,-0.0346861827850031
Q09689,-0.035005256213447446
Q01876,-0.035078824231830764
Q09651,-0.03516073530941281
Q01796,-0.0352352050855889
Q02227,-0.035480544057492396
Q00623,-0.035554768687800525
Q02932,-0.03578531802193137
Q03576,-0.0358712997708379
Q00759,-0.03595253305155858
Q08133,-0.035992110072113156
Q02639,-0.03615633074318854
Q06248,-0.03668042603386993
Q06174,-0.03678718768635693
Q05687,-0.036806354474744056
Q00880,-0.0369935262182456
Q07487,-0.0371100097314206
Q05290,-0.037259674630120254
Q07648,-0.037421026025906155
Q03316,-0.037569912293101713
Q07691,-0.03781706484606172
Q06340,-0.037873596438339305
Q09960,-0.03790321283645831
Q08682,-0.037916481381166406
Q09627,-0.03793696844217417
Q08165,-0.03809269784819847
Q00284,-0.03822453652551776
Q00201,-0.038401147327029435
Q00192,-0.038453498384775624
Q05133,-0.03846919058520822
Q00682,-0.03853382457959834
Q03097,-0.03868075432718471
Q01352,-0.03883208310358949
Q01648,-0.038907391633721713
Q05240,-0.03907817695671987
Q07132,-0.03921927588451054
Q04153,-0.039225922161269085
Q06013,-0.03939116407336896
Q05197,-0.03951298751726191
Q09888,-0.039592949876379714
Q03843,-0.03987968436107234
Q02282,-0.03996899655945091
Q09863,-0.04008793227093243
Q07514,-0.040128107629298214
Q01909,-0.04042813659053667
Q08623,-0.04044565723484513
Q10248,-0.04072522911533702
Q04406,-0.040788457697856786
Q08688,-0.0408084541511913
Q08714,-0.04095317480031343
Q08629,-0.0409807396153067
Q03439,-0.04099476779147531
Q01157,-0.041058509373338804
Q07133,-0.041185335770347116
Q05946,-0.0415545407643362
Q02731,-0.04157031906391392
Q00513,-0.041629736999636166
Q02839,-0.04168149815736043
Q02787,-0.04172680851579107
Q00666,-0.04177861663723452
Q09985,-0.04190248249317914
Q01099,-0.041950427768643814
Q08217,-0.04206167934238513
Q04790,-0.042115585201536555
Q10126,-0.04213354181994066
Q02994,-0.042201939270251565
Q00166,-0.04253449203263408
Q02061,-0.04260283745894356
Q08085,-0.04264192641870063
Q09517,-0.04273260958144746
Q00953,-0.042871244661460875
Q00849,-0.04302315676401443
Q05162,-0.043160715609944195
Q08751,-0.043267818761339644
Q07818,-0.04338466914355816
Q00110,-0.04355216891110445
Q07328,-0.04372038634864966
Q05084,-0.04384694926857927
Q08803,-0.04386750634594688
Q01602,-0.04391970720572223
Q01194,-0.04411729991194784
Q08892,-0.04421615161422925
Q05506,-0.04431737286045116
Q00980,-0.04436139300040694
Q02004,-0.04442779786610087
Q05646,-0.04471146647201902
Q08196,-0.04475579841025165
Q01454,-0.044933003844209875
Q03344,-0.04541840728380117
Q04947,-0.04548290797708215
Q09874,-0.0455538432603629
Q03334,-0.04582783878463144
Q08731,-0.045885625799330206
Q08528,-0.0460467126984335
Q06131,-0.04608694533080661
Q01730,-0.04620300488975581
Q07396,-0.04650161672643813
Q05271,-0.0466887261237141
Q00463,-0.046789458119323266
Q06232,-0.04683930405353758
Q02873,-0.04688727653060873
Q01507,-0.04700870232968946
Q05184,-0.047019121381856245
Q00681,-0.047022018045258074
Q04748,-0.04703981263121906
Q09878,-0.04714175752298841
Q09013,-0.04715533573485108
Q01268,-0.04722365903066156
Q09655,-0.047251496399183905
Q02286,-0.04743116410505838
Q01597,-0.04753334869434075
Q08153,-0.04755301504089706
Q08927,-0.047705286726972086
Q06067,-0.048147231194314494
Q02053,-0.04835451039868175
Q01831,-0.048362213928755046
Q00620,-0.048525476423544385
Q05773,-0.04865438252489258
Q08091,-0.048662174969323596
Q03994,-0.04870714050559057
Q03044,-0.04888084454047278
Q09236,-0.049069615051711424
Q03283,-0.04918426033476254
Q07315,-0.049352259274672156
Q07673,-0.04960869926103683
Q02983,-0.04975889903507539
Q04488,-0.0500192715648263
Q00765,-0.05006665800927288
Q07275,-0.050107365133315505
Q08807,-0.05022208270655166
Q06949,-0.05039161740289883
Q06513,-0.05049368040774718
Q05657,-0.05057697779907618
Q08928,-0.050702000323996556
Q05007,-0.050818126084742794
Q08560,-0.05090187891079708
Q04783,-0.05091355516690753
Q09362,-0.05098542637406466
Q05524,-0.05156045740413343
Q08707,-0.05164191142550119
Q04129,-0.05171528072100747
Q06486,-0.05184572872933806
Q04118,-0.05196991891490204
Q06667,-0.05201385257996294
Q08718,-0.0520592191623794
Q01888,-0.05222480392555985
Q05855,-0.05225795028857539
Q02196,-0.05231723643730404
Q07477,-0.05246604965079706
Q05558,-0.05264076374732525
Q01744,-0.05275615240160541
Q05208,-0.05277875202532736
Q02546,-0.0533978633381015
Q08011,-0.053404853430474186
Q07325,-0.053443688159176564
Q00290,-0.053484231634882966
Q06730,-0.05359317455086319
Q05386,-0.05361840076193612
Q04132,-0.053892025225786795
Q02678,-0.05396330810995435
Q08705,-0.054044938516930756
Q02382,-0.05410063898602163
Q02514,-0.05419405162372577
Q07676,-0.054323704405170765
Q01468,-0.054431887309366725
Q08856,-0.054453154044577276
Q10406,-0.05459908513224993
Q02526,-0.05465843475070835
Q00162,-0.05466689917235962
Q05899,-0.05488394813294133
Q09450,-0.05498124441746477
Q03795,-0.05506359114378074
Q09648,-0.055097292058648724
Q00504,-0.05521428776267462
Q06902,-0.05523203735924253
Q00970,-0.05539849399438644
Q05788,-0.055698706579602054
Q09277,-0.05571769292162853
Q10297,-0.05574957864012298
Q00083,-0.05597039304372535
Q06302,-0.056264429520931074
Q02427,-0.05638529449946333
Q10107,-0.05678906191265558
Q09243,-0.05679792849667883
Q06675,-0.0568708072373146
Q00269,-0.057123837228110354
Q00308,-0.05717830000400805
Q02913,-0.05731994267411125
Q04909,-0.057825985790131824
Q03710,-0.057857663635922374
Q01371,-0.057895699647935714
Q00537,-0.05809862694120663
Q06087,-0.05883241077232388
Q08014,-0.05895109653393184
Q09109,-0.058967207665919806
Q02633,-0.05908132519355311
Q02000,-0.059234770725877066
Q02895,-0.05925208795816848
Q04574,-0.059569582677472074
Q09820,-0.0595792182302415
Q01773,-0.05963924681335927
Q05592,-0.05970253544303558
Q00382,-0.05978771604920659
Q05983,-0.05987533367216939
Q08971,-0.05987936043203635
Q00226,-0.06044465325445558
Q08725,-0.0606083146907266
Q07696,-0.06090300117815571
Q06639,-0.06113504474666304
Q03613,-0.061248972714864756
Q02299,-0.061578246983952305
Q02693,-0.0619060999587742
Q09325,-0.0619318642697894
Q05257,-0.062001799979327026
Q06352,-0.0620844646345743
Q08093,-0.06209050191838559
Q10478,-0.06211261673940328
Q07642,-0.06211496121821069
Q07446,-0.06216239431970043
Q10145,-0.062308002421554314
Q06337,-0.062409432084783695
Q10225,-0.06276971131535834
Q02150,-0.06298899299118564
Q09089,-0.06303173214281288
Q10135,-0.06303235509792227
Q03855,-0.06328209485879299
Q02684,-0.06331607862391424
Q00679,-0.06336245763648159
Q02479,-0.06361308849174797
Q05212,-0.06374068398468886
Q02624,-0.06387557079130621
Q00055,-0.06405944603620092
Q03597,-0.06407232026767011
Q00609,-0.06412932101553219
Q00847,-0.06418597157329879
Q06455,-0.06421931907767273
Q05185,-0.06422524874367325
Q07627,-0.06424956725479268
Q00585,-0.0643948824583369
Q04008,-0.06449996644421473
Q08646,-0.06452385231024345
Q01244,-0.06459694854083113
Q07392,-0.06485683452777756
Q08505,-0.06486998099596245
Q09739,-0.06493107946676334
Q10117,-0.0650224879250627
Q08932,-0.06504388050570273
Q09442,-0.06507120278082065
Q08195,-0.06509470406757839
Q00073,-0.06516345631145255
Q09278,-0.06525454825200074
Q02402,-0.06539121621073772
Q08287,-0.06549063784867969
Q07445,-0.06554632385646228
Q08182,-0.06562486198999387
Q00875,-0.06576760962812456
Q06509,-0.06581746852209694
Q05160,-0.06584547670822966
Q01117,-0.06588952319536037
Q01147,-0.06589719517275545
Q04581,-0.0661680969102151
Q03276,-0.0668387080587579
Q00262,-0.06685678178364421
Q01274,-0.06688241453895807
Q07891,-0.0669078506346789
Q06243,-0.06697776035770625
Q04059,-0.06708054304831831
Q01623,-0.06737255731593486
Q00949,-0.06787117583097643
Q04240,-0.06808260863466695
Q02119,-0.06810365894849128
Q03779,-0.06860674333782968
Q02448,-0.0686992311091943
Q09375,-0.06896988237856558
Q07588,-0.0690159268851985
Q01165,-0.06913282032011042
Q02967,-0.0691329097223496
Q03126,-0.06944298711010267
Q06140,-0.06953427816486946
Q08483,-0.06961411069723693
Q02713,-0.06961718975281234
Q02977,-0.06965707588308787
Q00109,-0.06971662768710526
Q03433,-0.06984979337181396
Q02619,-0.06985259097274671
Q06147,-0.0699607620745222
Q10059,-0.07010632257358054
Q02469,-0.07013261722082803
Q08902,-0.07023098186270395
Q09767,-0.07036515505655502
Q07346,-0.07041272933405736
Q03938,-0.07063916556365911
Q08399,-0.07075923323623455
Q01775,-0.07089824330374177
Q10039,-0.07090746327924503
Q03502,-0.07107576399253519
Q07092,-0.07109118818258041
Q04874,-0.07115988360498818
Q09079,-0.07125008000856979
Q02923,-0.07125264802082654
Q01552,-0.07127767022838599
Q08031,-0.07158071161537481
Q08453,-0.07173800865721384
Q03289,-0.0723509313493863
Q06954,-0.07241609960409948
Q07932,-0.07251348326147149
Q01810,-0.07265234675936325
Q00046,-0.07286038277825932
Q07609,-0.07331842412958807
Q09893,-0.0733249445716153
Q06712,-0.07349403736399367
Q07466,-0.0739891191554265
Q10140,-0.0740419204482656
Q09882,-0.07404908360888372
Q06078,-0.07447301910010454
Q07241,-0.07450133223219546
Q10466,-0.07467090928923137
Q00601,-0.07486673528841463
Q05479,-0.07492422253316397
Q03864,-0.07500458903625831
Q07235,-0.07508977538886862
Q04228,-0.07547753040518795
Q02086,-0.07559227528569233
Q09168,-0.07608707025695323
Q04013,-0.07610997142522144
Q05332,-0.07631550642187851
Q09330,-0.07640087456667799
Q07636,-0.07640361717607208
Q08052,-0.07683421583801724
Q03661,-0.07696976968306131
Q04635,-0.07698196768322445
Q04379,-0.07705980816027552
Q02478,-0.07711109145110193
Q03891,-0.07721834741648341
Q07012,-0.07731079545279683
Q06389,-0.07750469886637754
Q09801,-0.07752567641037676
Q06705,-0.07753266823549022
Q05045,-0.07761721394471797
Q02344,-0.07814850310506567
Q06952,-0.07847433280994234
Q06111,-0.07849030731755174
Q08246,-0.07858833517900891
Q07202,-0.07860265923251265
Q06156,-0.07866203605103221
Q04578,-0.07878262219199367
Q08576,-0.07883239867659152
Q06289,-0.07905561254419485
Q10042,-0.07918450143685982
Q04098,-0.0791890113464861
Q00084,-0.07926423574511378
Q01334,-0.07944762580768325
Q06256,-0.07945993275253475
Q01536,-0.07947565528523202
Q00726,-0.07997510773197392
Q00092,-0.08009535392813812
Q03127,-0.0801627300956
Q05344,-0.08020079641740553
Q02802,-0.08027087037409751
Q07759,-0.08072348036769157
Q02222,-0.08074467736967358
Q01343,-0.08075224963070778
Q03640,-0.08086544883995814
Q05243,-0.08087316002457605
Q02269,-0.08102738709400606
Q00454,-0.08108200566874779
Q01257,-0.08111001764603948
Q06212,-0.08113264012471108
Q01894,-0.08124518093618142
Q09347,-0.08173370770638985
Q01878,-0.08174944250632435
Q00806,-0.08193764687343381
Q07528,-0.08198637973497547
Q08170,-0.08206187056265116
Q05156,-0.0822433040435527
Q02960,-0.08245088269834287
Q00889,-0.0827392685201583
Q05509,-0.08281049013021986
Q06062,-0.08281573454142714
Q07179,-0.08314890241010334
Q03395,-0.08322649472688502
Q07095,-0.08328510027242636
Q03547,-0.0836926119767416
Q03014,-0.08371794424973927
Q00313,-0.08373410599599605
Q05493,-0.083940885822737
Q02492,-0.08406338906365479
Q00938,-0.08430717206122035
Q09771,-0.08432639535815764
Q10343,-0.08433298953546325
Q04988,-0.08441628825965272
Q03423,-0.08455720533313506
Q02756,-0.08466668419439201
Q08650,-0.08468669852353247
Q00699,-0.08503888389068896
Q02190,-0.08509578068945582
Q05582,-0.08554712515660619
Q07520,-0.08563828160293487
Q02346,-0.08567821692472159
Q07213,-0.08614382209913053
Q09640,-0.0862915932012708
Q06085,-0.08658641413575056
Q03263,-0.08671608716951447
Q06026,-0.08683313763269623
Q07457,-0.08715364935304754
Q10398,-0.08719745216904835
Q05937,-0.08728556397765086
Q05655,-0.08731590502879251
Q08864,-0.08743892859391095
Q05861,-0.08745302437841217
Q00252,-0.08745379006863502
Q07650,-0.08745502433965971
Q07633,-0.08747359594719029
Q00501,-0.08758226914438742
Q03335,-0.08762545346166732
Q09428,-0.08775190021721149
Q05504,-0.08784293428563601
Q10315,-0.08784555645319826
Q07834,-0.08792885203748758
Q06999,-0.08795046595092017
Q01294,-0.08818449183154631
Q03080,-0.08829547056972742
Q02746,-0.08838406751118359
Q02016,-0.08847887488620887
Q04959,-0.088623542351364
Q00371,-0.08867037714066837
Q05415,-0.08870972883423849
Q07101,-0.08874186057463243
Q06214,-0.08899558050806398
Q03460,-0.08905895329516686
Q10462,-0.08915507508867153
Q03644,-0.08918535887271677
Q07308,-0.0893036743157769
Q01674,-0.0893099762170186
Q08213,-0.08937756108283325
Q07666,-0.08965980274597633
Q10326,-0.08988762957557137
Q09964,-0.08997031712995546
Q08360,-0.09000393225753692
Q03969,-0.09016009529750564
Q05894,-0.09020272389285909
Q00828,-0.09021557291841237
Q05419,-0.09030472120651964
Q01230,-0.09036138101641722
Q00792,-0.09036267095395845
Q02752,-0.09051323311700198
Q00674,-0.09070138623650661
Q01762,-0.09080984043385924
Q04044,-0.09122731766936241
Q07378,-0.09144395883481143
Q02320,-0.0914839003949783
Q06169,-0.09157986330817304
Q01531,-0.091639275188577
Q08852,-0.09176596419085968
Q09365,-0.09212013257785825
Q10336,-0.09212670122228434
Q02956,-0.0922251741620426
Q07064,-0.09232556462812401
Q01615,-0.09234202087200696
Q05151,-0.09266288268495518
Q09212,-0.0927948778924142
Q03665,-0.09279752694082363
Q09881,-0.09304414775535741
Q08106,-0.0933222364178927
Q09742,-0.09333918523329574
Q01665,-0.0933603460418001
Q00905,-0.09336297921686744
Q02077,-0.09341900028954975
Q02410,-0.09363921815065045
Q09083,-0.09372769556189116
Q00177,-0.09385310692308432
Q00496,-0.09397254996427748
Q00119,-0.09424219733832623
Q09972,-0.09427958466183883
Q05130,-0.09430158827957848
Q01673,-0.09440049226826237
Q09469,-0.09449439539893846
Q04245,-0.09454006679834594
Q10130,-0.09454014462987397
Q08800,-0.09458163705638147
Q07492,-0.0946966181512189
Q03203,-0.09487599175357762
Q10187,-0.09494214927127927
Q03524,-0.09516316382917407
Q02853,-0.09530117982681559
Q03479,-0.09535245024093188
Q08065,-0.09540513142054087
Q03000,-0.09557947542427885
Q09356,-0.0957186954934979
Q00878,-0.09597139923486714
Q07108,-0.09602355373362335
Q07542,-0.09607541373355637
Q09949,-0.09613555141666295
Q08084,-0.09614589578094436
Q00464,-0.09622384785128929
Q05327,-0.0967942449134805
Q05826,-0.09717369737268017
Q07919,-0.09718185993407503
Q08847,-0.0971988938881474
Q03741,-0.09720600183839928
Q10109,-0.09742627369020289
Q09238,-0.09755831391903706
Q02044,-0.09758766406454836
Q09799,-0.09768810656697312
Q07790,-0.0978040824284666
Q06295,-0.09802176397609381
Q00040,-0.09812262809103839
Q01511,-0.09829196393395932
Q03459,-0.09859574832641595
Q03531,-0.0986896843962933
Q08837,-0.09875400376754749
Q06781,-0.09918250160685856
Q08640,-0.09921930415940466
Q06914,-0.09922667649310785
Q04696,-0.09936500469755069
Q08637,-0.09938284141655877
Q07817,-0.09953852695691325
Q02812,-0.0998432262699141
Q02470,-0.10057188784804671
Q01047,-0.10058585866114934
Q02122,-0.10068661603620369
Q08503,-0.10082496406457522
Q06260,-0.10094331375309182
Q10215,-0.10109740423533038
Q04569,-0.10118190364669305
Q03372,-0.10128779151923988
Q09176,-0.1012956866969291
Q00732,-0.10136692355709025
Q07701,-0.1013898618993314
Q10452,-0.10143997951322165
Q08746,-0.10150222818560377
Q10273,-0.10177911241628715
Q03426,-0.10180869263843342
Q05487,-0.10191588888064261
Q07408,-0.10191760323953103
Q04740,-0.10197805897315106
Q02413,-0.10225923172381418
Q01547,-0.1026387067044554
Q04981,-0.10281146917714504
Q04282,-0.10312991940173531
Q03291,-0.10314547615313426
Q05703,-0.10330721687803396
Q07708,-0.1034525242208814
Q00544,-0.10345930375162342
Q06666,-0.10378701232068875
Q03880,-0.103877821657752
Q09204,-0.10390343631624935
Q03497,-0.10395522574392671
Q03632,-0.10432760589811563
Q08419,-0.1043846688792425
Q05017,-0.10453178421412851
Q01197,-0.10462735607111923
Q07063,-0.10467338774068721
Q00370,-0.10476692251954087
Q09001,-0.10479991160988311
Q00663,-0.10491556091012938
Q08823,-0.10532181994021572
Q05378,-0.10562842184442524
Q04905,-0.1059341835688277
Q04444,-0.10599335232662024
Q04899,-0.10601619154818344
Q08461,-0.10606077237090938
Q01460,-0.1061081501880744
Q02509,-0.1062203649707812
Q07279,-0.10634668085919169
Q02643,-0.10647830301736289
Q07282,-0.10653974083857479
Q07046,-0.10655996373226377
Q08610,-0.1066299393349942
Q04353,-0.1066398227492166
Q08214,-0.10683794987108224
Q04014,-0.10693165798840756
Q08790,-0.10709090280511557
Q01626,-0.10709269939098942
Q01589,-0.10719155186256855
Q06669,-0.10722684084463269
Q04215,-0.10728499746915492
Q02313,-0.10748390172958754
Q07830,-0.1075149313021155
Q07754,-0.10754459327566954
Q04462,-0.10758634274206642
Q08647,-0.10765867808795715
Q00250,-0.10767530456283879
Q09181,-0.10774729096726213
Q09305,-0.10784879318513266
Q08219,-0.1080495521095561
Q06396,-0.1089209680692569
Q05893,-0.10895278846274094
Q07730,-0.10919837606441586
Q04140,-0.10924441639898962
Q10098,-0.10938225731045141
Q04484,-0.10964748910052256
Q08187,-0.1097512385486311
Q09784,-0.10991685800191889
Q05177,-0.1101547006807318
Q02537,-0.11025089827516757
Q01731,-0.11033819785035161
Q01398,-0.1107450917339309
Q08179,-0.11080625528602008
Q08492,-0.1108789382460026
Q08791,-0.1111791999221726
Q01372,-0.11121716633920962
Q08259,-0.11126564923700777
Q07934,-0.11172752917666176
Q02989,-0.1118016652811207
Q04884,-0.11184218251159561
Q06548,-0.11187537433849769
Q09772,-0.11196150587925074
Q09871,-0.11226267679498189
Q05465,-0.11229845361069014
Q02878,-0.11268331516466679
Q04903,-0.11273462975170932
Q04732,-0.11312165049578483
Q02239,-0.11312473653002385
Q08638,-0.11318910040179898
Q07707,-0.11320856231561838
Q08848,-0.11370276690027788
Q07702,-0.11375184702929222
Q10220,-0.11382537036002933
Q03415,-0.11390900487064762
Q08777,-0.11407301670445974
Q07815,-0.11430141590456064
Q03978,-0.11434614806378357
Q00614,-0.11437701659969225
Q07166,-0.11440107183652358
Q00070,-0.11441998214058766
Q03129,-0.11463303913307653
Q00366,-0.11508969584606396
Q00686,-0.11514208700631123
Q05953,-0.11543807022693052
Q06810,-0.11595576181956022
Q02354,-0.11602743721017961
Q01500,-0.116204070880348
Q03011,-0.11634548878469628
Q03670,-0.11639137860075568
Q04430,-0.11651361288768071
Q09461,-0.11664937143207756
Q07062,-0.11672503751132648
Q01212,-0.11672982127018364
Q10192,-0.11703522682161216
Q03168,-0.11719006571707337
Q01458,-0.11725117878684281
Q07186,-0.11752327083172721
Q06594,-0.11753461462265422
Q05734,-0.11754402202185847
Q04109,-0.11760880323771267
Q03119,-0.11768769732287111
Q00933,-0.11792307581393982
Q09229,-0.1181159243578071
Q00972,-0.11820942676418554
Q03133,-0.11824237510057986
Q00506,-0.11824994064498981
Q00637,-0.11834981333567535
Q02819,-0.11834990148616253
Q07501,-0.11835942572584943
Q08050,-0.11844654048911328
Q08079,-0.1186270231364692
Q07499,-0.11889970649229845
Q03078,-0.1189781035687476
Q00627,-0.11900985553790287
Q07850,-0.11902705828510816
Q02205,-0.11909725890948578
Q02528,-0.11910811297618638
Q08536,-0.11913192904230363
Q01975,-0.11936703086121335
Q09420,-0.11943008745623332
Q08244,-0.11945144342627106
Q01366,-0.11949144455012263
Q09385,-0.11953922159403378
Q05647,-0.11955138467692707
Q07896,-0.11956404007237706
Q07347,-0.11977652315544962
Q00959,-0.12004134269053005
Q04170,-0.12011145101625656
Q07153,-0.12028964660885934
Q01734,-0.120418174405244
Q10333,-0.12046351945175239
Q04460,-0.12072911705495126
Q00554,-0.12078646689939658
Q02996,-0.12083055372588285
Q01756,-0.12087421722210533
Q08826,-0.12108030168551337
Q07128,-0.12117618444476719
Q00874,-0.12125355157357444
Q04171,-0.12138876466157561
Q00449,-0.12152271891621103
Q02325,-0.12153881605119282
Q03295,-0.12157501431664273
Q02446,-0.12263057719711498
Q09046,-0.12340224951179256
Q00757,-0.12354813144353215
Q00594,-0.12356457122229943
Q04305,-0.12356999291921586
Q01306,-0.12366540777955451
Q05312,-0.12366974260436614
Q05311,-0.12397240340855387
Q05347,-0.12407658816905814
Q01412,-0.12424959711539009
Q00074,-0.12440406746077726
Q10154,-0.12458368993695548
Q00090,-0.12463017217726118
Q04729,-0.12463472350348073
Q06077,-0.12487562830398394
Q01286,-0.1248881603304797
Q01683,-0.12507936073423884
Q03574,-0.12524676869402512
Q04520,-0.1253116558833976
Q08150,-0.12531446159672133
Q04646,-0.1254524961162341
Q07862,-0.12560532506518843
Q06722,-0.12562503191499452
Q08870,-0.1258271599537687
Q06870,-0.12589563418729124
Q00408,-0.1260002431562468
Q07926,-0.126175651435045
Q02318,-0.12655243423008405
Q05963,-0.12666552490459654
Q04111,-0.1268350265912291
Q03884,-0.12710807696392795
Q00356,-0.12764711056385217
Q06138,-0.1276900703134928
Q08158,-0.12769916750725477
Q09448,-0.1280631165370914
Q04983,-0.12817224698643542
Q08252,-0.12868471216757327
Q00414,-0.129061281235328
Q09676,-0.12907520142395187
Q09579,-0.1291350624956578
Q05003,-0.12964638246947818
Q09986,-0.12965110111777942
Q00350,-0.1299744618467229
Q04566,-0.13006996475047597
Q02333,-0.13014341014079311
Q08586,-0.13043100742896424
Q01467,-0.1304340195620414
Q04603,-0.13058600956631872
Q05361,-0.1307091455808995
Q07644,-0.1307769412989675
Q00171,-0.13077734009127046
Q08963,-0.13084824106382645
Q10310,-0.13091999505768287
Q01159,-0.1310808958792047
Q03675,-0.131125602274245
Q00879,-0.13126456594878722
Q05121,-0.13136975983635354
Q09071,-0.1314297717705709
Q05697,-0.13152088076023088
Q02618,-0.1315279529516834
Q06797,-0.13165753457434143
Q00584,-0.1316789179686544
Q09909,-0.13173576720660346
Q09988,-0.13189220969854187
Q05036,-0.1319569335681788
Q01596,-0.13212303789089408
Q10481,-0.13255844678833967
Q07545,-0.13257904057861064
Q06608,-0.13260156404313522
Q00148,-0.13265174565972415
Q04422,-0.13265911781246037
Q10084,-0.13266294495428313
Q02512,-0.13291369392328475
Q01568,-0.13292880268527635
Q06133,-0.13305497308399988
Q10182,-0.13319778311046143
Q03164,-0.13340506262035415
Q09782,-0.1335056611582688
Q08181,-0.13355624794190835
Q05741,-0.1336570013081504
Q05739,-0.13373448353098752
Q09611,-0.13380898649899794
Q09726,-0.13392941606312916
Q08308,-0.1342358514770342
Q01380,-0.13438822029479425
Q07420,-0.1344460509778086
Q08216,-0.13446082162604653
Q01868,-0.1345381457837518
Q05508,-0.13478930475837209
Q08055,-0.13479128843170948
Q06554,-0.1347993041153545
Q08147,-0.13491807970566114
Q08209,-0.1349346025826897
Q10052,-0.13497294898837858
Q09327,-0.1350399714558507
Q02310,-0.13515715418548502
Q05145,-0.13518132860853535
Q07688,-0.13519557143680583
Q01672,-0.135202335120273
Q07838,-0.13560366076567895
Q09707,-0.1357053152707908
Q08242,-0.1358038279318024
Q04029,-0.13643084720034354
Q07769,-0.13649880718788557
Q04293,-0.13651128026720682
Q04476,-0.1365405084071906
Q02311,-0.13660344994431506
Q03062,-0.13665918686455944
Q03692,-0.1368484371489598
Q09007,-0.13696702975664377
Q08351,-0.13705131297197626
Q07401,-0.13716670346437307
Q08954,-0.1372059914061257
Q04309,-0.1372851873186628
Q07214,-0.13730636903896531
Q04260,-0.1373250772657736
Q01767,-0.1373954298005158
Q06405,-0.13748987060027398
Q07922,-0.13761855980993357
Q03082,-0.13773682013000002
Q09047,-0.1377527962886407
Q10332,-0.13786007604054368
Q06269,-0.13798803052140346
Q03775,-0.13838322217004928
Q04982,-0.13844473129740664
Q08008,-0.13857333484029444
Q06790,-0.13857500290986532
Q09216,-0.1386398529812153
Q08088,-0.1387066186505483
Q03167,-0.13872070560678448
Q09160,-0.1387894819027659
Q05303,-0.13888872593237764
Q03840,-0.13889176173891232
Q05417,-0.1388925436279759
Q10301,-0.13892624150848704
Q01199,-0.13922436688820103
Q04627,-0.1393379876643977
Q01905,-0.13988360642703984
Q03461,-0.1401965393589576
Q00622,-0.1402469655443269
Q04531,-0.14037309386061822
Q06562,-0.14063587107939726
Q03886,-0.1406548713312595
Q04621,-0.1408295540095438
Q06028,-0.14107084244943097
Q03200,-0.1411379354144909
Q01315,-0.14136074334551915
Q04236,-0.1413764205708806
Q06073,-0.14145402403542162
Q06171,-0.14151338423430526
Q03141,-0.1415690077222196
Q08585,-0.14176253005541758
Q08499,-0.14184708250058511
Q09980,-0.14188984827243117
Q01125,-0.14189639101547083
Q01432,-0.1419915945539024
Q00904,-0.1420028764274908
Q03004,-0.14200313723283572
Q08771,-0.1421211477645528
Q02300,-0.14252230259216478
Q04746,-0.1426262200676679
Q08584,-0.14270950092644655
Q04007,-0.14280542897035503
Q10399,-0.14295542435241682
Q08462,-0.14303970932850976
Q00456,-0.14315837412072432
Q08036,-0.1432030097466771
Q07849,-0.14320801652807394
Q08318,-0.14334121329759592
Q01980,-0.14343927776078658
Q00762,-0.1434449618641092
Q02350,-0.1440220180366513
Q09431,-0.14421442480584482
Q06020,-0.1444080030867327
Q07663,-0.14443116104875833
Q04526,-0.1450076649770082
Q02747,-0.14526018533496524
Q03357,-0.14539281526376632
Q00376,-0.1455111694156482
Q10014,-0.1455885943046631
Q01259,-0.1457280217280931
Q08439,-0.14602223100803047
Q10009,-0.14602234385706217
Q04780,-0.1460242636921687
Q04942,-0.14614234834072548
Q02502,-0.146597599714455
Q03361,-0.14681563837987582
Q04668,-0.14686130922061177
Q08735,-0.1470747565989585
Q07391,-0.1470923608333026
Q04975,-0.14736452995670954
Q00507,-0.1475671905886259
Q00934,-0.1475918777200454
Q02656,-0.14761503127146838
Q00476,-0.14763843562230927
Q01982,-0.14775756778875315
Q01447,-0.14779513661249247
Q05394,-0.14786262614772563
Q09805,-0.14832255214071535
Q08680,-0.14856255657283665
Q09670,-0.1485855896087918
Q09427,-0.14884546907669124
Q03716,-0.1489477453529719
Q01426,-0.14918388330144097
Q01906,-0.14952622294835424
Q09285,-0.14966509910932674
Q10092,-0.1498198455020446
Q04847,-0.1498547787934259
Q03778,-0.14993145852890785
Q05502,-0.15000700717488744
Q00378,-0.15017565549767317
Q10316,-0.15022393009695448
Q10214,-0.1505410150827934
Q07749,-0.15060508488475072
Q05876,-0.15062731533184542
Q07295,-0.15094117830348575
Q00665,-0.15116847268060757
Q08482,-0.15119456662410458
Q02681,-0.15133981361823962
Q03258,-0.15134745665046778
Q03761,-0.15166941105194903
Q05091,-0.15178387937351231
Q09836,-0.15186207131965002
Q06315,-0.1519617812600578
Q04176,-0.15198627090550315
Q05801,-0.1520205804590085
Q09157,-0.15218705956232656
Q04175,-0.15219119749159946
Q09274,-0.15220015257320085
Q04920,-0.1522885976005041
Q05059,-0.15230353833912028
Q08681,-0.15247646180033803
Q09625,-0.15254325765629334
Q05120,-0.1525713561743696
Q09338,-0.15282935587366597
Q01895,-0.15295123878732494
Q08117,-0.15306115271457763
Q04454,-0.15311525988198244
Q03911,-0.15332797815121213
Q02017,-0.1535051435740048
Q05165,-0.1536401267717529
Q06439,-0.15365280938418494
Q09186,-0.1537203589503564
Q07159,-0.15402693798044736
Q03268,-0.15434175827445346
Q02771,-0.15434471791366206
Q04554,-0.15444286736967436
Q10077,-0.15453878567364507
Q03378,-0.1548068250324599
Q01419,-0.1552855463765104
Q08871,-0.155317569717179
Q03162,-0.1555581830839572
Q06965,-0.1555941915111283
Q02429,-0.15614502012180992
Q08401,-0.15618542197633176
Q09516,-0.15623351462779309
Q07478,-0.15629537756528808
Q09480,-0.15671048538638913
Q01097,-0.15676502801870718
Q02659,-0.15685045522775679
Q03036,-0.1572325659761601
Q03032,-0.15739969480291982
Q02725,-0.1575857901135176
Q09402,-0.15784528426912808
Q08347,-0.15795115463364182
Q04821,-0.15796351053516502
Q00134,-0.1579764657428953
Q00711,-0.15812358279164393
Q01457,-0.15814059595221722
Q09609,-0.15817799640725266
Q01373,-0.15819329853386319
Q09981,-0.1582742545738243
Q02158,-0.15840439770942588
Q05909,-0.1585165450060486
Q01514,-0.1585474569640646
Q04312,-0.1585581464889068
Q05486,-0.1591241109095249
Q06492,-0.15929811561800278
Q01350,-0.1593065361394968
Q08891,-0.159323041579306
Q07504,-0.15947333175705797
Q09297,-0.1596713422627853
Q05320,-0.15969310453131458
Q03468,-0.1599782505012026
Q08296,-0.15998946551304066
Q06522,-0.1602398592807865
Q06795,-0.16032940714638574
Q07187,-0.16033991778085543
Q06383,-0.16036193351985628
Q05319,-0.16050863239011912
Q03481,-0.16071550971413057
Q04751,-0.16071924715445968
Q01949,-0.1614157924267585
Q03790,-0.16146498558014388
Q06333,-0.1614687315003338
Q08873,-0.16149949902911245
Q06452,-0.16160496026707682
Q07867,-0.16165239139356907
Q03389,-0.1616851042280206
Q04655,-0.16179902963341836
Q06165,-0.1618068642103673
Q04197,-0.1618418665841853
Q01324,-0.16190990828711269
Q04188,-0.16198587220355873
Q08708,-0.16211007977448358
Q08773,-0.16220747681354253
Q00843,-0.1627327223357997
Q05696,-0.16297669222292863
Q02356,-0.16299398494147133
Q10163,-0.16302471927491285
Q00272,-0.16307334701648132
Q03627,-0.1635495009415338
Q03522,-0.16379882011769115
Q03945,-0.16400538078101407
Q07675,-0.16403670796271877
Q07481,-0.16421755088236772
Q02843,-0.16424856788348086
Q06736,-0.16446288164237516
Q10110,-0.16495050346976822
Q09008,-0.16509096578444238
Q05700,-0.16525487454643523
Q03916,-0.16531071551964277
Q04583,-0.16533076713315734
Q04726,-0.16545018035244705
Q07788,-0.16546680666541808
Q05349,-0.16552059013148535
Q05363,-0.16555789472250884
Q08334,-0.16565407830599505
Q02025,-0.16586107829301738
Q03489,-0.16598495908689112
Q00081,-0.16618658964950206
Q04155,-0.16623618628047507
Q10428,-0.16649596927833335
Q05205,-0.16652910984803118
Q07964,-0.1666543315413258
Q04700,-0.16687549707583615
Q00230,-0.1669960210991504
Q04771,-0.1670939683838974
Q08947,-0.16720897034038273
Q03590,-0.16735221894522018
Q00662,-0.16756013988067228
Q08035,-0.1675864983048547
Q08642,-0.16773884911553602
Q02957,-0.16807552168225534
Q03280,-0.16816818286789942
Q09153,-0.16819254191028318
Q06875,-0.16823445277831262
Q06838,-0.16847105628594358
Q09473,-0.16859613598988754
Q03579,-0.16861396385680125
Q10029,-0.16873883377292
Q06647,-0.16877297900798538
Q09833,-0.16883284413840927
Q08677,-0.16892050136164563
Q04807,-0.1690738871202146
Q02216,-0.1692064616186479
Q05728,-0.1698168419508511
Q08413,-0.1699245101547868
Q03996,-0.17010114038528307
Q05117,-0.17016286507868988
Q07321,-0.17017674764558335
Q08467,-0.17027811124458186
Q06173,-0.1704089253053022
Q06642,-0.17065367820289148
Q05730,-0.17093216618250578
Q03033,-0.17096305209828977
Q10329,-0.17102951474638073
Q07059,-0.17110734980138131
Q06259,-0.17118214588330774
Q04269,-0.171290606667579
Q00399,-0.1713892072779646
Q10075,-0.17145658463187397
Q01376,-0.17175350657014327
Q04310,-0.17220298591962144
Q04242,-0.17233793626945662
Q06400,-0.1725088663686388
Q05128,-0.17254166120469472
Q01338,-0.17276496218177295
Q03025,-0.17298403417619443
Q05839,-0.17305268779365027
Q10363,-0.1731084174610894
Q00331,-0.17314896062255886
Q02486,-0.17318007188311016
Q02403,-0.17322866094259182
Q08221,-0.17357389691170239
Q08073,-0.17367025509380696
Q01123,-0.17380846151576998
Q10070,-0.1739647355227704
Q03847,-0.1741557293462539
Q04543,-0.1742297073307081
Q01811,-0.1743435684484624
Q00840,-0.17476168034227008
Q08017,-0.17491294062308824
Q04787,-0.17516939557931172
Q09944,-0.17534573695706657
Q04051,-0.17552286808424963
Q02662,-0.17567135296199496
Q09876,-0.1758155442072437
Q03636,-0.17608105544279878
Q02303,-0.17610309959390297
Q08695,-0.1763355850573496
Q05760,-0.17637601981817294
Q00805,-0.17653618447792233
Q00892,-0.17657344621023807
Q10178,-0.17661169584923384
Q07027,-0.1774347911410784
Q02607,-0.177555711190455
Q00532,-0.17768186912668052
Q03292,-0.17775429835483963
Q05472,-0.17778838836718314
Q04162,-0.17787931841514126
Q07302,-0.1782004735970529
Q08794,-0.17826046487094932
Q07082,-0.17826415037908985
Q08581,-0.17829762653823414
Q09668,-0.1785712798946753
Q06932,-0.17885252081163686
Q03244,-0.17902170544907384
Q09560,-0.1791232250487314
Q03528,-0.17921120614011132
Q06516,-0.17928649613179548
Q08513,-0.17930201750607744
Q07656,-0.17933405947039613
Q01032,-0.17935844214957872
Q08267,-0.17955706735675997
Q05905,-0.17963108431215438
Q07394,-0.17966134338900683
Q09061,-0.17969936539296422
Q06979,-0.17971858865797768
Q04504,-0.17990485003593776
Q02558,-0.18002791906870627
Q05012,-0.1800553481219068
Q02634,-0.18014778468883585
Q02453,-0.180353768438032
Q09731,-0.18037006085301005
Q07343,-0.18042595811629575
Q03693,-0.18069722058492607
Q08756,-0.1807135112705099
Q00567,-0.18076277087969272
Q02920,-0.1808308442099153
Q10072,-0.18093031285122127
Q07524,-0.1809410632458044
Q02690,-0.1809545972667615
Q00319,-0.18096601828233258
Q02708,-0.18100581791012615
Q02459,-0.18131417879509293
Q07436,-0.18140207236486544
Q00243,-0.18144147112796075
Q07345,-0.18160104956334233
Q05307,-0.18163930261219674
Q03897,-0.181700087709819
Q04458,-0.18187758540908183
Q09254,-0.1818856798992123
Q03015,-0.1821169517511352
Q00423,-0.18224754339152466
Q02552,-0.18233025171196116
Q02337,-0.1825523340337035
Q06153,-0.1826663270122371
Q03427,-0.1830971209256757
Q00342,-0.1831600921859612
Q02790,-0.18352122545632688
Q05356,-0.18365425187744372
Q03662,-0.1844558830092778
Q00306,-0.1846976900640132
Q07635,-0.18474990760528723
Q02375,-0.1850330754824068
Q02097,-0.18506472273522517
Q03567,-0.18524231469000277
Q05422,-0.18527930674982998
Q08578,-0.18530274031009575
Q02272,-0.18539649177239836
Q03030,-0.18556666823098056
Q04455,-0.18566249443887783
Q06096,-0.1857569942568676
Q07262,-0.18580553428105487
Q09323,-0.1859221010022485
Q05203,-0.1860630041771506
Q07084,-0.18617714878712766
Q00819,-0.1861886235976498
Q04165,-0.18635611384079068
Q03173,-0.18637722922411926
Q03814,-0.1864859974655725
Q07842,-0.1865115223660882
Q06512,-0.18657162767247545
Q06693,-0.1866483884868535
Q05019,-0.18693637209745848
Q04092,-0.18694574360622185
Q09844,-0.187014459049609
Q03012,-0.18705929508838348
Q03862,-0.1871364736598943
Q08359,-0.1872857332463155
Q00091,-0.18730950390751228
Q01839,-0.18733331767123163
Q02928,-0.18755341071245377
Q08328,-0.1878301017287189
Q03961,-0.18784355877721468
Q05669,-0.18803052234999956
Q09378,-0.1883038017579039
Q04686,-0.18833908755087508
Q08615,-0.1883531646421878
Q02276,-0.18835726300577402
Q03288,-0.18863942020478522
Q00510,-0.18870052333642712
Q09426,-0.1888332754424221
Q03098,-0.1891488786285462
Q01650,-0.18936782151121323
Q05200,-0.18948383962473012
Q09601,-0.18949101268086496
Q08345,-0.18952635373821786
Q01055,-0.1896028280119938
Q09318,-0.18968008643035367
Q06004,-0.18992803383825058
Q08836,-0.1900201312244679
Q01939,-0.19026319891593124
Q03465,-0.19080696518269832
Q06045,-0.19099620795578304
Q02503,-0.19106939849238952
Q00988,-0.19124701097815763
Q03970,-0.19178972229519664
Q08323,-0.19204307031594178
Q08760,-0.19206302562657757
Q01896,-0.19215248722806216
Q08250,-0.19219490596031064
Q04705,-0.19241202784297676
Q00145,-0.19241729920241116
Q02263,-0.19254720802340453
Q05167,-0.19257039128613573
Q07618,-0.19283391391664687
Q08944,-0.19286573507088428
Q08816,-0.19291260631588156
Q08486,-0.19295768870891986
Q06209,-0.19301402162395342
Q04657,-0.1930494564133204
Q03796,-0.19314099908131155
Q06350,-0.19371199354900093
Q02721,-0.19402053654837514
Q08407,-0.19405440631253582
Q09705,-0.19411632021544512
Q07625,-0.19430744243366355
Q00407,-0.19434289578393243
Q10036,-0.19444797233430994
Q06330,-0.19445840019940452
Q06859,-0.1944679261884795
Q08781,-0.19451027733085485
Q04669,-0.19470381959767447
Q05980,-0.19488614312742
Q00543,-0.194911033236405
Q09182,-0.1949303597201839
Q07742,-0.1949637867126342
Q02043,-0.19521051559638697
Q05146,-0.19548489817348993
Q08081,-0.19562045487502222
Q07157,-0.1957333971060819
Q08766,-0.1960025494541778
Q02153,-0.19609597220204134
Q10191,-0.19621698184965744
Q04265,-0.19644473989134917
Q09523,-0.19645444045076452
Q06326,-0.1967499243664592
Q01341,-0.19676050202577272
Q03187,-0.1968010721718543
Q00238,-0.19694030839461413
Q09642,-0.19706029168225805
Q06896,-0.19718798900256235
Q08063,-0.19758481752441612
Q07752,-0.19777248261216177
Q06306,-0.19779294237067152
Q09119,-0.1982226697101691
Q04403,-0.1986049347965512
Q07150,-0.19864626328369586
Q08842,-0.1986861064211451
Q05366,-0.19889583140698616
Q08788,-0.19893289099792819
Q03991,-0.19906942163982683
Q02981,-0.1992376584894742
Q00385,-0.19951638899662363
Q01181,-0.19989029659200905
Q06604,-0.19999212181245815
Q09589,-0.20002491698852884
Q07432,-0.20007010561188512
Q03065,-0.20017805029958208
Q09425,-0.20052282944502556
Q06255,-0.20080012322281313
Q01819,-0.20104489851599597
Q00405,-0.20133848226956563
Q05537,-0.2016690637086344
Q06599,-0.2016739266972851
Q02430,-0.20176186003975785
Q07863,-0.20176898952022718
Q05050,-0.2018981212889203
Q04510,-0.2019870586010252
Q02392,-0.20229832361918137
Q04290,-0.20266936458827395
Q04667,-0.20272871113143448
Q04656,-0.20289960269374913
Q01833,-0.2032625210957879
Q01428,-0.20329373897669037
Q06278,-0.20353189459265045
Q00901,-0.20392007002644844
Q05845,-0.20418913248909212
Q02807,-0.20419112801159264
Q03540,-0.20456853295909913
Q00700,-0.20464030443952688
Q07900,-0.2046607856097848
Q09917,-0.20479218867629614
Q00718,-0.20502120826505432
Q05169,-0.20516692034275782
Q03706,-0.20517202289870176
Q08617,-0.2052789984737745
Q08625,-0.20531234034681978
Q04143,-0.20558623450073255
Q09562,-0.20564510519287732
Q06450,-0.20579735261638551
Q08116,-0.20590597253877696
Q08437,-0.20594107333482964
Q00008,-0.20596791240578977
Q02223,-0.20607254678891768
Q06908,-0.20616716391857345
Q08309,-0.20639941050611663
Q10324,-0.2064035104116023
Q01435,-0.20668787005183087
Q02095,-0.2067365189443162
Q06287,-0.20674452919610728
Q04687,-0.20680263405377983
Q02877,-0.2068415375425086
Q04675,-0.20689462869366906
Q07680,-0.20695307148653325
Q04549,-0.2069797938048759
Q03726,-0.20727605428727344
Q06019,-0.2072960259360385
Q10427,-0.20740504124941822
Q01914,-0.20773737438971854
Q02224,-0.2077399833061518
Q09483,-0.20774893207930661
Q00360,-0.20775754839309984
Q03382,-0.20799151785862233
Q06701,-0.20802672668737882
Q06341,-0.20816687072812937
Q07199,-0.2084096322859624
Q10196,-0.20851939686729218
Q07459,-0.20859568959069483
Q06740,-0.20871175286065657
Q02582,-0.20877515638254718
Q02141,-0.20879951360497503
Q00117,-0.20882009490799777
Q02600,-0.20892146442091747
Q01083,-0.2091212786096806
Q02409,-0.2091656045667763
Q00445,-0.20916699412937373
Q04494,-0.20919965304297528
Q00776,-0.20958972143116777
Q05763,-0.20960239910998146
Q01339,-0.20966234039623668
Q00147,-0.2099693255262058
Q02092,-0.21015911147834745
Q02596,-0.21016495206370298
Q09141,-0.21022782833393283
Q02294,-0.21038457216886544
Q10227,-0.2105310971924988
Q03642,-0.21085151566737662
Q04977,-0.21085685604517285
Q07444,-0.2110430494727829
Q09918,-0.21134159648626283
Q03952,-0.2113466500406184
Q08337,-0.21139930744097185
Q09477,-0.21146962020663965
Q09511,-0.21168359455065847
Q10017,-0.21188800169767324
Q05063,-0.21213089792739254
Q06074,-0.2121597710951433
Q04688,-0.21219663974413014
Q09845,-0.21223033252355827
Q03589,-0.21240514766051657
Q06653,-0.21244501938753937
Q04450,-0.21257140811797823
Q06645,-0.21329150885610423
Q08163,-0.2133283363034475
Q04701,-0.21333118454369862
Q02803,-0.2133539270907397
Q10037,-0.21341519667895312
Q03229,-0.21352451758976143
Q01379,-0.21376705267869292
Q04278,-0.21390338520230232
Q04900,-0.21426850456152088
Q05342,-0.21430698287426816
Q04728,-0.21443576255592398
Q07397,-0.21445991534560052
Q01340,-0.21470399415171998
Q02550,-0.21470970374788143
Q08480,-0.21496019333326688
Q06646,-0.2150953068344351
Q02765,-0.21522283432248235
Q08674,-0.21525356270868495
Q10001,-0.2158171015409058
Q04396,-0.21582259308858007
Q09137,-0.2160131894027968
Q08733,-0.21608788158833972
Q10276,-0.2161723689478842
Q00165,-0.21618693574936967
Q08930,-0.2161986424412179
Q02335,-0.21624889536146039
Q07191,-0.2163667009985494
Q04654,-0.21650855175589256
Q00979,-0.21671873782810513
Q06943,-0.21684140135301383
Q05471,-0.21701940293966257
Q01358,-0.21722795332566458
Q10245,-0.21740707661033515
Q06518,-0.21755380995769766
Q10421,-0.21769969584150148
Q06250,-0.21774789245021525
Q05941,-0.2178350102130355
Q09500,-0.21783984941789744
Q06271,-0.21803250590032805
Q08314,-0.2180845657885311
Q09490,-0.218234343695759
Q03866,-0.21831601587406305
Q09320,-0.21838401494829385
Q00239,-0.2186266160587868
Q09454,-0.21863558501599578
Q04802,-0.21865426056344744
Q04786,-0.21868387232501393
Q01218,-0.21874602819813466
Q05800,-0.21894057480010018
Q02128,-0.21897008778846358
Q09841,-0.21907328828490266
Q06508,-0.21912312158413183
Q08989,-0.21940886155564515
Q04218,-0.21977578729619607
Q05787,-0.2201340716902672
Q09636,-0.2203023142723418
Q10115,-0.22033687660243081
Q03786,-0.2206626046691236
Q05568,-0.22076187050733978
Q08915,-0.2211295232915961
Q04235,-0.22118822468878568
Q02849,-0.221248485181663
Q08277,-0.22128601706280063
Q06002,-0.22134363848159017
Q03993,-0.22135140027354044
Q03331,-0.22147935558747794
Q03688,-0.22151361573301814
Q07916,-0.2218369345077051
Q09621,-0.22187842415597744
Q06720,-0.22195609412236084
Q03708,-0.2220053410801268
Q05712,-0.2220964210476855
Q02371,-0.22215547197668573
Q10483,-0.2224161071909165
Q05813,-0.22257598226417452
Q07226,-0.222616689878246
Q06241,-0.22271752716312726
Q06101,-0.22282883613358226
Q06100,-0.2228559029628237
Q01278,-0.2230718602402171
Q09165,-0.22314891702760686
Q05067,-0.22334055399862124
Q02113,-0.2237799433297955
Q08619,-0.22452156030120562
Q03158,-0.22492239866543937
Q05993,-0.2249523402543028
Q01942,-0.22496326281502155
Q06982,-0.2249818966400189
Q00075,-0.2249861995442611
Q06444,-0.22555834836892297
Q07557,-0.22588573916427424
Q03273,-0.2259476273426965
Q04580,-0.2259638550626982
Q02868,-0.2259916879902919
Q00549,-0.22600227846685958
Q03990,-0.22618770214406766
Q00043,-0.22633558163855985
Q00930,-0.22637887469570367
Q07189,-0.22646998041436783
Q08452,-0.22647232235178583
Q03008,-0.22648032397673326
Q03374,-0.22651594661955138
Q09989,-0.22674461561240827
Q01309,-0.22678952212741552
Q06865,-0.22706669412281422
Q01548,-0.2273086729645217
Q00519,-0.22741581594924354
Q00731,-0.22742557065033434
Q07929,-0.2275797700664362
Q00242,-0.22775222185517405
Q09435,-0.2278849784310706
Q01735,-0.2278984836592109
Q04625,-0.2279493728763949
Q08025,-0.22795863409162556
Q00312,-0.22858906020388986
Q06346,-0.228610125899075
Q09973,-0.22890821244183263
Q04272,-0.22915887436822316
Q00157,-0.22926090819955683
Q00615,-0.22949599249755154
Q02991,-0.22956067694830778
Q06218,-0.22966257913363503
Q06185,-0.229701251999797
Q09806,-0.22982309270025006
Q05718,-0.22988149263915075
Q02228,-0.22997295711211696
Q02686,-0.23016251682162747
Q06933,-0.230313881820229
Q06009,-0.230585268537025
Q07980,-0.2306012345902656
Q00697,-0.23067538320995162
Q05161,-0.2307201104126954
Q09395,-0.23098317324004616
Q00536,-0.23102336143901836
Q00505,-0.23134224421854532
Q04271,-0.23154746193788958
Q00051,-0.2315871014362089
Q09376,-0.23161444798401973
Q06464,-0.2316326545980225
Q08939,-0.23166094329243098
Q03774,-0.23183216721115632
Q02204,-0.2318814518720364
Q05618,-0.23212431411507015
Q07871,-0.23259307819166888
Q03578,-0.23296081508890826
Q09631,-0.23310612892157165
Q04704,-0.2334380940789917
Q04918,-0.2334539547293403
Q06748,-0.23363201807380352
Q01696,-0.23391428739816214
Q08432,-0.23425841131838576
Q10400,-0.23431219864231037
Q02305,-0.2343497010289988
Q00045,-0.23457175146805978
Q07208,-0.23469938228125342
Q08414,-0.2351234999684432
Q09628,-0.23519876756762936
Q06451,-0.23524178033286586
Q09832,-0.23559455250283967
Q07085,-0.23573034714207192
Q06813,-0.23575322092052547
Q04967,-0.23575449508069632
Q05661,-0.2358155890474776
Q01899,-0.23597272010511522
Q09902,-0.23613885666148132
Q09196,-0.23629911571035
Q03686,-0.23660919660186536
Q04524,-0.2366557492350743
Q01968,-0.2366905316791647
Q05298,-0.23676634633881022
Q10069,-0.23715808368831057
Q00188,-0.23751350831322288
Q03749,-0.23751679854750232
Q09703,-0.2377231553023431
Q06003,-0.2377825221530082
Q10412,-0.23780085347767804
Q06223,-0.23781180692032577
Q00511,-0.23787652568920079
Q05171,-0.23801500417731344
Q01830,-0.2383908864169216
Q07185,-0.23839880513507483
Q02174,-0.23845991284320622
Q01127,-0.2387240614380384
Q05816,-0.23874670234766968
Q06499,-0.23901128365588253
Q09031,-0.23906402844526642
Q10202,-0.23909978474531177
Q03130,-0.23934395273664977
Q07516,-0.23942019335012948
Q02781,-0.2395445675663601
Q04806,-0.23970455739998284
Q07451,-0.24012289385363658
Q01638,-0.2401565233854262
Q00753,-0.24028661050088146
Q01764,-0.24039150490694544
Q08435,-0.24046048649830873
Q08104,-0.24049532809022864
Q01258,-0.2405808801061757
Q06920,-0.24084345644158617
Q08768,-0.24099932394181905
Q06475,-0.24103024135428452
Q05498,-0.24128421928973362
Q00229,-0.242004476205766
Q07371,-0.24224256342821932
Q01991,-0.24239469536456448
Q00951,-0.2426378516141122
Q10444,-0.24276765519868657
Q05507,-0.24288766739442882
Q05530,-0.24318514162054441
Q00520,-0.24322233546352007
Q04168,-0.24351793464845847
Q03083,-0.24382023909488246
Q01622,-0.24415836419297782
Q03189,-0.24447157093548824
Q00380,-0.24481626801866313
Q04620,-0.24481715390856226
Q01990,-0.24482178964497778
Q02882,-0.24491470819945174
Q06672,-0.24545439422608006
Q04869,-0.24552817820862333
Q05218,-0.24556046974599724
Q10261,-0.24562114985349498
Q01864,-0.24566313956453387
Q09150,-0.245739090640999
Q06136,-0.24588099125829838
Q08608,-0.2459198056812292
Q09904,-0.24639766308550134
Q10083,-0.2465703242850627
Q08656,-0.24657151049767725
Q02626,-0.2465729533431879
Q04680,-0.24657864944047142
Q05797,-0.24668405792687986
Q03572,-0.24675571204507463
Q06189,-0.24676553408272847
Q04720,-0.24718515072233407
Q10141,-0.24728704397376514
Q02071,-0.24743634599247813
Q05153,-0.24758219153195046
Q00946,-0.2476263628487648
Q01307,-0.24784414963087856
Q00432,-0.24795503621542764
Q09526,-0.24809440942570324
Q05952,-0.2483792410548639
Q10351,-0.24858636665114495
Q03974,-0.24860387374062026
Q06458,-0.24884164865173666
Q06815,-0.24887513753697377
Q09653,-0.24901176727779303
Q07017,-0.24924845924977831
Q07360,-0.2492898266637782
Q05195,-0.2493914973645304
Q07269,-0.24943964220155623
Q08593,-0.24959362758225806
Q02379,-0.24965953533783453
Q09861,-0.2502446352025855
Q07805,-0.2505252583259448
Q05018,-0.2506903009594254
Q06796,-0.250708293622332
Q04047,-0.2508663021276602
Q06119,-0.2509932282808422
Q09898,-0.2511316016139121
Q09839,-0.251143404179868
Q09246,-0.2514536815449658
Q05957,-0.2514607079483329
Q02287,-0.25175457842501714
Q09354,-0.2517631767191432
Q04985,-0.25184556598847474
Q04365,-0.2519698198149936
Q03750,-0.25217689311513736
Q03121,-0.25261017906616934
Q04200,-0.2526276779165446
Q04636,-0.25268541965180336
Q03618,-0.25310667267617004
Q09421,-0.2532066154336228
Q00120,-0.25338682105128724
Q00131,-0.253567440440657
Q09815,-0.253687129959237
Q01469,-0.253714530283043
Q02876,-0.2538297214760833
Q02160,-0.253898827266618
Q07562,-0.2540744276345464
Q08344,-0.25430321757901775
Q00372,-0.2543355342668642
Q04022,-0.25468129707491627
Q05040,-0.25491951862297924
Q00344,-0.25492510508184546
Q01582,-0.2549665266806693
Q01126,-0.25518026418817663
Q01411,-0.255421304813514
Q02955,-0.2555541670525133
Q10105,-0.2557221413295055
Q04199,-0.2559459613078565
Q04078,-0.2560710324645987
Q03421,-0.25631216816106617
Q02689,-0.2563454454334302
Q03196,-0.2565931215124371
Q10054,-0.25663152569351294
Q09620,-0.25671949150994267
Q08798,-0.25672198652851114
Q08827,-0.25702881111446724
Q09316,-0.25714433623638155
Q09159,-0.25734241807497743
Q05745,-0.257414565588901
Q01239,-0.2576231045700764
Q01363,-0.25763521817630974
Q03294,-0.2577866425651428
Q01205,-0.2578290355254597
Q04842,-0.2579913877355849
Q07427,-0.25825344546715223
Q03262,-0.2582706202891755
Q00973,-0.2582721515451316
Q02692,-0.25832604458639546
Q02083,-0.2583954905160105
Q06879,-0.25839884873649166
Q01945,-0.2584587672454982
Q01712,-0.25849016617935755
Q08172,-0.2586512681084221
Q03451,-0.25875516295212586
Q04202,-0.25886556697617574
Q00135,-0.2590453244147321
Q03628,-0.25916700811888765
Q01681,-0.2592967869473269
Q06974,-0.2597133465251208
Q07065,-0.2598995908267427
Q09665,-0.2601093566553638
Q01161,-0.2605512485653404
Q06688,-0.2606158891279232
Q00599,-0.2607251848897879
Q03556,-0.26074319025550435
Q05503,-0.26084014305013614
Q06745,-0.2609906444677303
Q05685,-0.26127510512580193
Q10431,-0.2612955139080224
Q08010,-0.2613010947773253
Q01605,-0.2614038792074881
Q04381,-0.26166364357960925
Q08583,-0.26168017352673484
Q06876,-0.26184645263754946
Q09680,-0.26188571697290686
Q05737,-0.26223478674863576
Q03571,-0.2622646739872466
Q06671,-0.262280207288978
Q02885,-0.2623467074074051
Q00739,-0.26236074498249035
Q07972,-0.2623896186057249
Q00523,-0.2624021865515508
Q03944,-0.26241739098240086
Q01215,-0.262626314665139
Q05586,-0.262630025595719
Q06068,-0.26270018963028374
Q08978,-0.2628766654823367
Q02219,-0.26303131228424803
Q09508,-0.26315349733417687
Q09233,-0.2632707344930157
Q06446,-0.2634248595329794
Q05411,-0.2634766081028236
Q05969,-0.2635008740142565
Q09946,-0.2639382299160344
Q03195,-0.2642763088603974
Q03210,-0.26448212001005234
Q04481,-0.26449474481153695
Q05563,-0.2645763514131993
Q04387,-0.2650442891995933
Q00384,-0.2654336615535467
Q02302,-0.2656261232413683
Q00307,-0.26570453057061694
Q06776,-0.26573990852954116
Q10139,-0.26587260046350053
Q09265,-0.2660473935326398
Q05903,-0.2660826582338168
Q04065,-0.2662293463448333
Q09970,-0.2665068106956978
Q01659,-0.2666975312031164
Q09545,-0.2669144399898723
Q01347,-0.26707007779390723
Q06651,-0.2672742847041852
Q10171,-0.2672864002208143
Q02215,-0.2674365446972702
Q00741,-0.267549394162236
Q04055,-0.2680556470590892
Q00310,-0.26813301494853997
Q05792,-0.26825873499022446
Q07843,-0.26832987135815134
Q08083,-0.2684604852423036
Q07419,-0.2685860780948956
Q02654,-0.26865751451750913
Q09069,-0.26883239355450245
Q02974,-0.26895578284744975
Q09025,-0.2690626141654988
Q07521,-0.26907107359183774
Q01725,-0.26934060997647746
Q06159,-0.26954427967527683
Q05275,-0.26958016228638954
Q06459,-0.26967275376020805
Q05735,-0.26973572556103487
Q05652,-0.2698765830761648
Q08991,-0.2699368392259396
Q01288,-0.2701586802812828
Q00005,-0.2701982383940958
Q02426,-0.2702009011040171
Q04343,-0.27044383467456834
Q08690,-0.27044831024789884
Q05244,-0.2707215148021365
Q10096,-0.2707909183339727
Q01726,-0.2709413396696134
Q02093,-0.27095362267992473
Q04843,-0.2710495319306519
Q05928,-0.2710587209107655
Q01715,-0.2711821286039273
Q04936,-0.27144664022682874
Q02813,-0.2717988449575551
Q10415,-0.27186697426080547
Q09634,-0.2719222155769122
Q01390,-0.2719623507444121
Q09213,-0.2720709898791008
Q01048,-0.2724340696591795
Q06737,-0.2725302241269761
Q06397,-0.27267675459325313
Q03545,-0.27297871920855493
Q06476,-0.2731803808329779
Q00908,-0.2735307077730568
Q06194,-0.2735513498413247
Q00512,-0.27362505029197837
Q00004,-0.27401266518190603
Q04280,-0.2740214602159828
Q08191,-0.2740440302411464
Q06303,-0.2748098058423077
Q04507,-0.2748186165341585
Q02701,-0.2748634922981832
Q00797,-0.2751810436551105
Q05138,-0.2753488629192103
Q02464,-0.27569749787123116
Q05002,-0.27584121366421444
Q09247,-0.2761715317074324
Q01714,-0.2762809192305952
Q06591,-0.27646022629296574
Q07613,-0.2765910479560995
Q08858,-0.27676982781070086
Q06627,-0.27683395043699743
Q01801,-0.2768578886965941
Q01093,-0.2768594055417183
Q03120,-0.2770788645536043
Q03052,-0.2771263247495528
Q01004,-0.2772045790995688
Q00334,-0.2774302754578296
Q07880,-0.2775023052335982
Q05920,-0.2776765559148985
Q03538,-0.27776255985117704
Q06296,-0.27787401360268366
Q01567,-0.27811456939618895
Q01616,-0.27812203585015577
Q03190,-0.2795970728423879
Q05123,-0.27975003119533226
Q02968,-0.2798369861029588
Q05581,-0.28011743566551706
Q04474,-0.2803317099515193
Q03766,-0.2804925948860612
Q06112,-0.28081984654554254
Q06494,-0.2808255740063108
Q05413,-0.2809168510079845
Q07920,-0.2810651334777239
Q08512,-0.2811708937249689
Q03266,-0.2812009905987901
Q06662,-0.28142994325820325
Q00592,-0.2815839180383802
Q02867,-0.28194585981508025
Q01228,-0.28224968652762206
Q07207,-0.28257017367083576
Q10352,-0.2826646284216838
Q05296,-0.2829485792644477
Q07335,-0.2829991076052433
Q00900,-0.2830948070704807
Q03393,-0.28319123076766867
Q03474,-0.2834426818615478
Q05757,-0.28346333350557024
Q03311,-0.28363925281766533
Q03825,-0.28370852841297955
Q00853,-0.2839056349982782
Q05927,-0.2839416774060482
Q03787,-0.28408677573335606
Q05339,-0.28430443892951557
Q03908,-0.28431630779199485
Q05220,-0.2844086321504335
Q07358,-0.284515008786995
Q07946,-0.28477184592782046
Q04141,-0.28508513585833817
Q05975,-0.28515151503738884
Q04086,-0.2852592718214221
Q03539,-0.2852839675788058
Q06625,-0.2853343359093878
Q08880,-0.28535804578179014
Q00020,-0.2854036941605434
Q01924,-0.2856303718911885
Q10482,-0.2859865445897423
Q08711,-0.2864428250051882
Q05288,-0.28654002058129024
Q00839,-0.2867029488727143
Q00391,-0.28681617413820054
Q06052,-0.2868319810472305
Q09983,-0.2869423805888044
Q06412,-0.2870540081646316
Q02168,-0.28706239888806734
Q02939,-0.2871466989684247
Q04522,-0.28716853656579944
Q05710,-0.2871946031104428
Q05960,-0.287246119007384
Q08276,-0.2872536863088047
Q09239,-0.28744505748824056
Q10491,-0.28832036302103325
Q02829,-0.28835727413759127
Q06711,-0.28861883310964714
Q00715,-0.2886640426072373
Q08916,-0.28890902911655025
Q00811,-0.2891390847201859
Q08270,-0.2892090821355163
Q02051,-0.28922983010466474
Q03066,-0.2896904142694816
Q01080,-0.29003128549431195
Q06177,-0.2904300428223331
Q08493,-0.29044981325137564
Q05354,-0.2905036781988937
Q02374,-0.29060535794964365
Q02290,-0.2907429139419005
Q02979,-0.290881149031359
Q08129,-0.29089179068512777
Q07494,-0.29098182615852897
Q05163,-0.2910451400559943
Q02836,-0.29108498861935556
Q09816,-0.2911173378057179
Q01780,-0.29123931956991633
Q01071,-0.29133820492828183
Q04125,-0.29139270439778275
Q07952,-0.2916308219271463
Q02483,-0.29164765351053423
Q09919,-0.291738910426721
Q03929,-0.2917825576632516
Q01658,-0.2921378988644934
Q07522,-0.2921517670860305
Q07482,-0.2922861112881692
Q01407,-0.2923364374860784
Q03192,-0.2924013337398741
Q09645,-0.2926449454121364
Q01448,-0.2928270227204782
Q00940,-0.29305120242272964
Q04629,-0.2930744865282006
Q01573,-0.2932734649432935
Q02679,-0.2933412605293235
Q04550,-0.29336441678129144
Q06453,-0.2934272860229696
Q03832,-0.29349411755251786
Q03989,-0.2935408698448843
Q02170,-0.2937513476254872
Q03256,-0.29388231382242097
Q02085,-0.2939124208097545
Q02491,-0.29394296570148504
Q05641,-0.29410832783952773
Q08988,-0.2942060146614918
Q06403,-0.29432149513020184
Q01889,-0.29456631007431877
Q04544,-0.29487183889401003
Q06083,-0.2949517499014301
Q05999,-0.2950083615353787
Q05638,-0.2953496588144122
Q01282,-0.29562438124711904
Q06422,-0.29591824070608086
Q03373,-0.2960751192173942
Q05907,-0.2961009267203909
Q05380,-0.29636772870189154
Q09859,-0.29641345497930316
Q09715,-0.2964202147137652
Q08605,-0.29669220571225985
Q03704,-0.29683489628553306
Q09030,-0.29686574361015805
Q02988,-0.2971235086316693
Q02110,-0.29716254462712305
Q03182,-0.29748825010418484
Q04224,-0.2976200692430546
Q00023,-0.298029621770494
Q05575,-0.2980523308657386
Q00921,-0.2982948930616249
Q03079,-0.2983748903297269
Q05725,-0.2984191633329489
Q02675,-0.29851668758731464
Q06589,-0.299115654880729
Q03758,-0.299183806760895
Q07923,-0.29922882711412213
Q00736,-0.2992355492320493
Q06894,-0.29944554613500896
Q06210,-0.2994734345416111
Q08838,-0.29964961114347205
Q02046,-0.3000490503766795
Q08142,-0.30009902894780854
Q07244,-0.3001853794945926
Q01216,-0.3002074113872575
Q10229,-0.3002250349982039
Q01255,-0.300266079208211
Q09457,-0.3003441316551486
Q04018,-0.3003777288658243
Q02059,-0.30057533704365325
Q06863,-0.3008159177743038
Q02462,-0.30088715212845096
Q01250,-0.3013992185694984
Q09727,-0.3015017021185368
Q06321,-0.3015563252702688
Q02975,-0.30199061182397063
Q02534,-0.3020723530026095
Q08533,-0.302131132811168
Q09275,-0.30224942929271453
Q00894,-0.30229326205785423
Q05175,-0.30232124395087867
Q04469,-0.3023953813685501
Q09232,-0.30256570592933285
Q08622,-0.3028395755494839
Q08019,-0.30330475041490734
Q04131,-0.30343629074316664
Q09185,-0.3034381239900572
Q09534,-0.30344615478389636
Q02169,-0.30348274625775384
Q02498,-0.30355010968393303
Q03265,-0.3036954229694421
Q09195,-0.3037686172461173
Q02457,-0.3040315579920418
Q05247,-0.30403602492720017
Q05262,-0.30437092923330283
Q06784,-0.3043869720939112
Q05688,-0.30443014104723426
Q07950,-0.3047228124616152
Q02724,-0.30494892961090647
Q01235,-0.30498183433370024
Q06069,-0.305115373181309
Q04243,-0.3051307741781672
Q03610,-0.30517092604182083
Q07570,-0.30526724885135875
Q05249,-0.3055944276942675
Q01768,-0.3058274697197471
Q05383,-0.3058961381199639
Q04568,-0.3059737469806909
Q04599,-0.3059995896597313
Q06895,-0.30616698903187717
Q07947,-0.3061880045069323
Q05096,-0.3063505656036897
Q06467,-0.3063970102763299
Q04410,-0.3065320046324086
Q03447,-0.3068770525672561
Q08425,-0.3068869569168262
Q07564,-0.3071481612524823
Q00410,-0.30724076737979006
Q02274,-0.30741328627817155
Q10099,-0.30745501834176564
Q09762,-0.30754378104349483
Q02554,-0.3076930257611971
Q07024,-0.307840709380492
Q03051,-0.30788146444746683
Q02561,-0.3079736442550167
Q05680,-0.30802901129936666
Q09492,-0.3081476849958494
Q03362,-0.30827218218616015
Q04397,-0.30830253689246356
Q07939,-0.3092497981650634
Q04006,-0.30930731622147833
Q05044,-0.30936820992670827
Q02824,-0.30939786876869363
Q04952,-0.3095264977208009
Q10155,-0.30956348464304634
Q01703,-0.30976635027492333
Q03320,-0.30981754782611004
Q06224,-0.3103433243849217
Q08544,-0.31040645920817217
Q04119,-0.31065246407906044
Q03515,-0.3107254323452313
Q05948,-0.31072615795624164
Q09603,-0.31074552115831555
Q01195,-0.3110923061682736
Q08190,-0.31140091066017644
Q02281,-0.3114362326530046
Q08362,-0.3114732460286514
Q09367,-0.31159902233805037
Q06110,-0.3116551816991497
Q01153,-0.3119107658407472
Q02785,-0.31197976643870945
Q04331,-0.3121002692139404
Q01614,-0.3121336984379092
Q09136,-0.3122243385249278
Q07384,-0.31251745266058045
Q05684,-0.3128309256826315
Q02414,-0.3130815784464997
Q01652,-0.31325507834332167
Q05625,-0.3134791218899536
Q05812,-0.31373010640236537
Q07018,-0.31381645408360426
Q00236,-0.313992062970801
Q07681,-0.3140220123161731
Q04849,-0.3141794614121571
Q02894,-0.3143315771731846
Q08418,-0.3143412166970565
Q01585,-0.3150460934220705
Q05080,-0.3150643920086025
Q09408,-0.31524452430116146
Q06457,-0.3152645015149587
Q02065,-0.3153141814235195
Q02315,-0.3155920241163393
Q02474,-0.3157949395785783
Q03927,-0.31605218637256016
Q05064,-0.3160852224042697
Q03290,-0.3161153750401779
Q07811,-0.31631896277711297
Q03163,-0.31666030778675547
Q02458,-0.31667779012870934
Q01261,-0.3167639282864356
Q06853,-0.3168137905375124
Q04104,-0.3168706015976129
Q04632,-0.31702368522359087
Q07332,-0.3171206565359302
Q07685,-0.3172752889810544
Q00067,-0.31740134065161935
Q09029,-0.31747861525305365
Q07425,-0.31755332187328517
Q07357,-0.31765183538431846
Q01211,-0.31769557528349185
Q09407,-0.3178953297432261
Q09009,-0.31790375276324734
Q06802,-0.31811001755356294
Q10103,-0.31814474806291276
Q01915,-0.31820377508339387
Q00069,-0.3183502053133947
Q04195,-0.3184312633026181
Q04292,-0.3185882420611186
Q02992,-0.31891438414439105
Q04283,-0.31891807598584654
Q04472,-0.3190306004960871
Q05607,-0.31940310570745833
Q03998,-0.31975024911465055
Q03725,-0.31978151266200194
Q07474,-0.3199594271377166
Q06976,-0.32014036056438167
Q09748,-0.3201989611444342
Q06335,-0.3203725215767952
Q08534,-0.32040029218237503
Q08087,-0.32060730499030227
Q03638,-0.32064428424263175
Q03872,-0.32070577398806727
Q05984,-0.3207429360986206
Q03673,-0.32076746314318566
Q07809,-0.3207770302815249
Q08595,-0.320971588618125
Q01916,-0.3210692749303054
Q03664,-0.32137339781503976
Q08796,-0.3215783135509422
Q02739,-0.3216023710915101
Q01357,-0.321684955362835
Q01174,-0.32173427836305485
Q08639,-0.3217491595754426
Q05074,-0.3217574356291689
Q01151,-0.32204804261830644
Q02655,-0.3226461266521929
Q06658,-0.3227299868492004
Q10160,-0.3227681154292109
Q01886,-0.3231388387951619
Q02641,-0.3232228371364313
Q05743,-0.3233743098337215
Q05390,-0.3234045823592947
Q07703,-0.32347011163568534
Q01812,-0.32360236007527965
Q08649,-0.32383614047611076
Q05089,-0.3238672891774467
Q07061,-0.3240735747638144
Q02108,-0.32418597579221053
Q02481,-0.3243696936042783
Q00833,-0.32460574635129197
Q08384,-0.3247029126910727
Q02349,-0.32471958381979765
Q03504,-0.32498195422435316
Q01558,-0.3250120645625845
Q06086,-0.32503245758966387
Q10151,-0.32528516543579494
Q01455,-0.3254548667243025
Q05144,-0.32559750521412617
Q10011,-0.3261256040092852
Q00591,-0.3261905607230158
Q08015,-0.32626799150999325
Q09734,-0.326571953082748
Q00472,-0.3268223370463943
Q05794,-0.3268407397756631
Q02647,-0.3269157950204938
Q03956,-0.32748950034617486
Q01393,-0.32781185171337995
Q04738,-0.3279385244146594
Q08068,-0.32829088301283904
Q02993,-0.32848787254346595
Q07953,-0.3285808435547447
Q07467,-0.3286014545605932
Q09847,-0.3286554109597942
Q02949,-0.32875376581901383
Q02899,-0.3293104665070275
Q04496,-0.32947543457207135
Q05587,-0.3294862867958837
Q03626,-0.32966420550719494
Q03305,-0.32975791693845136
Q00447,-0.3301364799768962
Q05989,-0.33021275828610974
Q08829,-0.3304640556581652
Q01640,-0.33050458491906437
Q02555,-0.33059585434794037
Q05406,-0.330917334110335
Q01065,-0.33098951658934417
Q08516,-0.3310406743762458
Q04672,-0.3311107119625371
Q04873,-0.3311519923281324
Q07039,-0.33129792295045346
Q05627,-0.331306412076182
Q06820,-0.33131873243905974
Q02744,-0.33189352387193
Q06727,-0.3319054486072207
Q07026,-0.3320447673911022
Q09781,-0.33205266089968377
Q10407,-0.3321917964089919
Q01284,-0.33233402498965164
Q04426,-0.3324048743573985
Q06586,-0.33242754597603374
Q03337,-0.3325007699000877
Q07292,-0.33279918173791245
Q02696,-0.3327994347612508
Q02029,-0.3328822790426178
Q02764,-0.33359440674220897
Q09217,-0.33362598808644095
Q09070,-0.33396259003311146
Q09192,-0.33396702707421344
Q05004,-0.3341187776827369
Q04792,-0.33417750051944983
Q09180,-0.33446708814060244
Q07158,-0.33462478313367944
Q07255,-0.33464162121962887
Q07711,-0.3347735084978966
Q09938,-0.33478709425257164
Q00316,-0.33479523723510046
Q03630,-0.33479954623646263
Q00493,-0.33483590300320026
Q09994,-0.3350599117244687
Q03552,-0.33508432585925635
Q03667,-0.3351126248851463
Q05497,-0.33537832889285457
Q08758,-0.33592756637627874
Q04463,-0.33613976159656944
Q07145,-0.33628384457945903
Q04604,-0.33628811210388454
Q08923,-0.3364032107720583
Q04682,-0.3365435191812493
Q04133,-0.3366905400656643
Q08443,-0.3367157485740607
Q03875,-0.33695271243312774
Q02902,-0.33696095464135967
Q08818,-0.337250208058405
Q05187,-0.3379358374477932
Q00767,-0.338237068184731
Q08587,-0.3383313715674904
Q08931,-0.3383428428666493
Q01422,-0.33844907570289734
Q05924,-0.3385265014797553
Q00974,-0.3386327350442283
Q00629,-0.3386920894811726
Q03532,-0.3387380304896944
Q07758,-0.3387411038571369
Q05733,-0.33889445806946167
Q02703,-0.3390568645402735
Q06238,-0.339129669985068
Q07645,-0.33918064931268543
Q10144,-0.33921934656707575
Q07705,-0.3393754642222378
Q04683,-0.33939047004857387
Q10198,-0.33975390595590327
Q04066,-0.33999900536308014
Q03703,-0.3408119314965911
Q09543,-0.3408494514165836
Q04328,-0.34090635635674604
Q02927,-0.3412300678577272
Q06950,-0.341290083153413
Q04804,-0.34147708476484795
Q09889,-0.3416038756103166
Q08115,-0.3417825418425263
Q03472,-0.3418626010639485
Q10228,-0.3421154036151892
Q09702,-0.3421354273875371
Q01207,-0.34233562518452093
Q07824,-0.3424122644497467
Q02312,-0.34241704486297864
Q08099,-0.3429053188035778
Q04082,-0.3430746510261608
Q05013,-0.34308245375701774
Q06024,-0.34319616798727626
Q06579,-0.3437166272194056
Q04664,-0.34387351053909065
Q01934,-0.3438919471967764
Q02449,-0.34426576941131537
Q08402,-0.34448733971893075
Q10134,-0.3448051721048435
Q09113,-0.34482673011466597
Q10286,-0.3448828332741391
Q05841,-0.34502091622345027
Q06421,-0.3450249633402594
Q09240,-0.345075853786273
Q07697,-0.3453411848425022
Q03137,-0.3453733116431424
Q05610,-0.34540573753793424
Q09135,-0.3454410667440033
Q07426,-0.34553107969157043
Q05157,-0.3456075846558893
Q07021,-0.3456149660927365
Q05552,-0.34584391485500077
Q03493,-0.3459086540437046
Q07134,-0.3459386853332084
Q00415,-0.34599782610289276
Q00035,-0.34602550116273306
Q09221,-0.3460285199236125
Q03759,-0.34625762951675215
Q09572,-0.346553687805154
Q07116,-0.3466459738211906
Q05215,-0.3466747545468429
Q10082,-0.3467744824680326
Q01038,-0.346824995439348
Q10203,-0.3469054700086698
Q06010,-0.3472440851402626
Q02573,-0.3475607272061586
Q02104,-0.34760594622435964
Q08792,-0.347840005684066
Q03178,-0.3480508128148705
Q08530,-0.348221760645983
Q08906,-0.34858624068302274
Q01817,-0.3486353646448909
Q05976,-0.3495215931115519
Q06441,-0.34958386438246675
Q00003,-0.3497032699496138
Q01973,-0.34972098888450115
Q08046,-0.3497758350463982
Q05690,-0.349808439508632
Q02832,-0.3500354880387517
Q04220,-0.3500692370449225
Q02893,-0.35011729735636316
Q01170,-0.35019321089713806
Q00260,-0.3502690625778397
Q04824,-0.35039121285542746
Q04445,-0.3504734014207111
Q02237,-0.3510324290090365
Q00658,-0.3513327971508565
Q02208,-0.3515583254191915
Q02212,-0.35162595009594433
Q04093,-0.3518609655758723
Q10062,-0.35194787241784814
Q07942,-0.35198705860918345
Q00126,-0.35201018773916437
Q00789,-0.35202842512900695
Q02628,-0.35263895052811006
Q04768,-0.3527630033016559
Q00782,-0.3528246180381864
Q05624,-0.3529237576255505
Q08901,-0.35295575794311723
Q10323,-0.35298918534831925
Q05822,-0.3533728109791804
Q07848,-0.3535816623851314
Q08045,-0.3543383082444299
Q03404,-0.35442999409861453
Q10210,-0.354708877471874
Q02381,-0.35528129184271606
Q10396,-0.35546263239415066
Q00138,-0.35563029208630975
Q03964,-0.3557429425621958
Q04778,-0.3562982166558127
Q10219,-0.35640565531374
Q03549,-0.35640670017332654
Q03830,-0.356637767140775
Q01600,-0.35663966639060934
Q05279,-0.35666549963857136
Q09667,-0.3567930844965812
Q03625,-0.3570465591842284
Q04766,-0.35707857512403135
Q00142,-0.3571108890033863
Q06738,-0.35712576766677995
Q02214,-0.35724589918949484
Q01518,-0.35728600469996175
Q10381,-0.35748933553654927
Q01739,-0.3574918100337451
Q08776,-0.3575382070587611
Q05286,-0.357772515482667
Q10450,-0.35841119328784743
Q03751,-0.35858837319071596
Q01233,-0.3586850324201169
Q08799,-0.35879105441171155
Q05346,-0.35889729998003855
Q04525,-0.35891395186186875
Q08373,-0.3589627334694269
Q05766,-0.3596566814031884
Q09574,-0.3597688222912075
Q03920,-0.35999230913913055
Q05313,-0.3602850225545009
Q10306,-0.3604913484728125
Q01051,-0.36053544687982897
Q04117,-0.36055485111440816
Q05098,-0.3605827925829619
Q01327,-0.36058618869419806
Q03282,-0.36060789991918574
Q09939,-0.360963306776496
Q10378,-0.36107471898560906
Q00596,-0.3611548809702988
Q02030,-0.36116641172431624
Q10024,-0.36123927262578404
Q06145,-0.3614165455315487
Q07722,-0.3615961217373131
Q07475,-0.36184935009533753
Q03072,-0.36185589679572366
Q05477,-0.3618895917687625
Q06732,-0.36206359547757916
Q01825,-0.36225529184633015
Q09118,-0.3622871667354984
Q09997,-0.3624228141645891
Q00491,-0.3624615860185907
Q03299,-0.36272321389495943
Q06304,-0.3631502498956107
Q05114,-0.36320170048625644
Q02749,-0.3634448196928999
Q03992,-0.3637143056183855
Q04391,-0.363768870544657
Q08970,-0.36384532345061504
Q02438,-0.36390303691101844
Q05214,-0.3639163199000143
Q00764,-0.3641871734864854
Q04911,-0.36434266188089387
Q01550,-0.3646397773279709
Q05648,-0.3647564976701048
Q08319,-0.3647727707254437
Q04523,-0.36480748864193635
Q08042,-0.36488082092946916
Q05559,-0.3650747521660768
Q01348,-0.3651223562742002
Q08255,-0.365541195204613
Q09177,-0.3657397751225894
Q04361,-0.3659234750861837
Q08749,-0.3660688652108747
Q05474,-0.3663072425714711
Q06923,-0.3663624240768883
Q02770,-0.3664980807063427
Q09791,-0.3665117416477548
Q01169,-0.36663112738660464
Q03580,-0.36665219924385584
Q08189,-0.3667847996158969
Q07404,-0.3669808791016786
Q06353,-0.3670370141556802
Q02434,-0.3672263710000293
Q01583,-0.3672701708347192
Q04267,-0.3672807629567429
Q06903,-0.367380519832349
Q05926,-0.3674693038444414
Q01586,-0.3678857840278274
Q03623,-0.36800469669259106
Q09314,-0.36807956307984
Q03702,-0.3684474971697651
Q10395,-0.36907311715466085
Q00357,-0.36922991927395843
Q09604,-0.3693077360397236
Q01314,-0.36939465327996296
Q04991,-0.3694242304418756
Q09298,-0.3694531094318031
Q02331,-0.3696907314718375
Q04407,-0.36978365899110066
Q01073,-0.37010370185017916
Q02663,-0.37080919332567874
Q01062,-0.3711610245552427
Q09934,-0.371763455720811
Q01850,-0.3719041172019379
Q05252,-0.373022037884281
Q01074,-0.37311770613870077
Q10208,-0.37319581022182363
Q09091,-0.37368249369081324
Q09683,-0.37371584946483344
Q07249,-0.37373068663273407
Q02500,-0.37420400345740346
Q04217,-0.3743896013260698
Q04084,-0.3744389866172657
Q07093,-0.37456985793181524
Q07359,-0.374612148170532
Q08135,-0.3749655783517387
Q07875,-0.37500397530896656
Q02322,-0.3750834137301181
Q04414,-0.37516770195164856
Q03091,-0.3752675801639674
Q01944,-0.3753167787789151
Q03828,-0.37546738298311155
Q06382,-0.3754919436346141
Q05076,-0.3756401507816039
Q08123,-0.37568990085885584
Q07674,-0.3761541896059082
Q00969,-0.376478065756584
Q07574,-0.37656219639482974
Q05769,-0.37658774120231203
Q04710,-0.37672863824940916
Q04178,-0.37677160244215163
Q06681,-0.37709026109191385
Q07940,-0.37725053628027533
Q03322,-0.3773235510893673
Q04149,-0.37766902169362415
Q03917,-0.3777106215630598
Q06432,-0.3779355505712623
Q09268,-0.3779548053942456
Q00773,-0.3780710722769149
Q00885,-0.37836107563066956
Q09390,-0.3784915211286283
Q07767,-0.37868322158862905
Q00270,-0.3788616096743614
Q07230,-0.3790687981024869
Q08271,-0.3790857941207724
Q02209,-0.37954518120533576
Q08233,-0.37974178841921147
Q10429,-0.3799036210419182
Q00867,-0.3805880829963245
Q00328,-0.38060077934301406
Q05082,-0.38063541576933607
Q04158,-0.3808687579781551
Q00403,-0.3808846149807785
Q05446,-0.380948671948342
Q07684,-0.38131524629403146
Q06176,-0.38154889982063667
Q09437,-0.38164823680843063
Q06673,-0.3818419456932808
Q09138,-0.38187513966343367
Q00928,-0.38198656716415014
Q06427,-0.38234959967666454
Q07523,-0.3825356641820298
Q01484,-0.3827833306172558
Q06361,-0.3828498715014149
Q04192,-0.38294293571386184
Q06274,-0.38314742694914833
Q05771,-0.383234578814759
Q04281,-0.3832652931173219
Q08661,-0.3837181343827459
Q08027,-0.3837195665011209
Q08311,-0.38374543614604817
Q09251,-0.3844094712544229
Q01870,-0.3844151631021687
Q03113,-0.3844764604302738
Q01319,-0.3845075489308044
Q03810,-0.38455598770736127
Q09123,-0.38461038818405
Q02542,-0.3848183819492033
Q05720,-0.3849326952717714
Q04697,-0.3850371546847053
Q01262,-0.3852604028033975
Q04449,-0.38586385052855515
Q01609,-0.3860141829879272
Q06281,-0.3865462499116666
Q06771,-0.38678943432771273
Q06561,-0.38709268829335625
Q04555,-0.38729926287806027
Q06413,-0.38751673471627446
Q08370,-0.38759562282204185
Q08148,-0.3882276902137905
Q01209,-0.3884772509985848
Q01824,-0.38853668348013254
Q04886,-0.3886200706975542
Q01845,-0.38867203842578923
Q05956,-0.3888846047621461
Q06852,-0.38903197617202556
Q06564,-0.3891877930969203
Q00783,-0.38920285531628407
Q09198,-0.38922718244192195
Q00363,-0.38923223118591144
Q06674,-0.3893865194978597
Q01322,-0.3897619558098516
Q05111,-0.3898593824389279
Q10234,-0.39020504905536796
Q02610,-0.3905589399019549
Q00650,-0.39135033240846057
Q10164,-0.39137008537994555
Q04441,-0.391414581836082
Q05621,-0.3916330270190691
Q04102,-0.3916488896701834
Q03174,-0.3918011829226981
Q07222,-0.39227850126405733
Q02291,-0.39267537800909297
Q04213,-0.39267986248452036
Q05292,-0.392879225050089
Q04012,-0.39310713354321747
Q09152,-0.39311909501507586
Q01919,-0.3931871266899731
Q03405,-0.39334763313407756
Q00695,-0.3934970570781536
Q02507,-0.39375621514063025
Q02273,-0.3938806817629201
Q07074,-0.3939061614823471
Q06128,-0.3940148626248061
Q09058,-0.3940426360534275
Q05673,-0.39412258894820607
Q08801,-0.3945251524374199
Q06226,-0.39453734343409885
Q08780,-0.3946368416561317
Q01462,-0.3946979642257317
Q04571,-0.3950547208449467
Q02221,-0.3953723300286056
Q08692,-0.3956790441141936
Q05981,-0.3958501038658889
Q06123,-0.39615796789550967
Q01296,-0.39638978488142035
Q03871,-0.39648405293534217
Q02033,-0.39661710309186565
Q10473,-0.39671163757280425
Q08057,-0.3972230895267996
Q06056,-0.3972605316198024
Q06592,-0.3973279698984516
Q09692,-0.3973413244845606
Q04434,-0.3974475881623181
Q06680,-0.39747612019025924
Q01965,-0.3976396549113711
Q04256,-0.3977267651453075
Q00642,-0.39777138278052726
Q01974,-0.39788973463276195
Q03727,-0.3982344206727185
Q01118,-0.3985710094264177
Q01816,-0.3987233702464681
Q08498,-0.39874163435105336
Q09140,-0.3989180432088374
Q03928,-0.3989381294413277
Q09856,-0.39913747855966003
Q03753,-0.400081037460675
Q03899,-0.400383776866595
Q06854,-0.4005584191294545
Q07283,-0.4006120138881604
Q08857,-0.40063411021026635
Q08096,-0.4008214889513513
Q08154,-0.4015280061854314
Q09394,-0.40197096407604616
Q02515,-0.4019826049492698
Q04206,-0.40208624052177844
Q01401,-0.4028294809636235
Q09488,-0.40312087511110184
Q05439,-0.4032632079319542
Q04689,-0.4033933583491214
Q05355,-0.4035355684449792
Q06312,-0.40374779572456165
Q08445,-0.4038368774950866
Q06032,-0.40388084194235463
Q07218,-0.4039374572976354
Q06358,-0.4041936389321419
Q10389,-0.4041940367893865
Q06758,-0.4044748035377809
Q03376,-0.4045218788602698
Q07787,-0.4045693668224398
Q07081,-0.40489084560619876
Q02088,-0.40520486869132566
Q06104,-0.4059064950967747
Q04690,-0.4059604572768045
Q04978,-0.4061939087196105
Q07956,-0.40644943747949264
Q04135,-0.4065378034174622
Q01092,-0.40654155656710345
Q00589,-0.40675159579159503
Q05578,-0.4069915760396608
Q05306,-0.40701909210996307
Q03731,-0.40704760552376157
Q08723,-0.4071310176309734
Q06042,-0.4073114908201706
Q01488,-0.4073410910692349
Q05069,-0.4076226492238053
Q04187,-0.40770014260005943
Q01505,-0.4078210014397087
Q01985,-0.4078298936653017
Q05150,-0.4083497399035271
Q02353,-0.408429657682423
Q07434,-0.40856265543089826
Q04724,-0.40861467513854044
Q05207,-0.40869408532240536
Q07808,-0.4089826361962139
Q06830,-0.40901236343692016
Q10385,-0.4091535892987196
Q03565,-0.40924350437481377
Q08253,-0.4094851449530596
Q08657,-0.4095296657110576
Q00106,-0.40991969589427585
Q04479,-0.4099670957146273
Q03534,-0.4101349765878571
Q03915,-0.4101356022377279
Q00590,-0.4101494162626578
Q10240,-0.41030609360868414
Q10060,-0.41041273175620124
Q04058,-0.41041928452615534
Q00218,-0.41043181034843024
Q06686,-0.41056018895392987
Q02487,-0.41064465136477807
Q00743,-0.41084113762718805
Q02905,-0.4109869536693065
Q03624,-0.41141841009504926
Q00790,-0.41142788746777326
Q06656,-0.4116287116127029
Q02810,-0.4123226794435023
Q09697,-0.4125027351339304
Q00521,-0.4130912262831781
Q08132,-0.41313903141581604
Q08327,-0.4132210392678926
Q01903,-0.4132458347663636
Q05431,-0.41330637954939353
Q02536,-0.4135130715668115
Q09082,-0.4137172418102752
Q08060,-0.4140238982524017
Q00114,-0.4141802310574514
Q05376,-0.4145304656144532
Q01632,-0.4147967320080667
Q01947,-0.41539794651441936
Q07294,-0.4154726297184053
Q09260,-0.41575442900347026
Q08881,-0.41620383754172885
Q09911,-0.4163169173710815
Q08701,-0.4164682950513798
Q05430,-0.4166447185867201
Q02309,-0.4167322518896874
Q09512,-0.41682487153238323
Q03583,-0.4170046192955603
Q08904,-0.41777194861974326
Q07760,-0.41808927329692214
Q07111,-0.4184484951573107
Q03566,-0.41857013222674233
Q03634,-0.4194935336400579
Q06766,-0.4195031907652671
Q05521,-0.41968857552513367
Q04002,-0.4202872465940856
Q06588,-0.42033230375900704
Q09468,-0.4204267307731227
Q00824,-0.42046996797898994
Q01472,-0.4210295274687424
Q03798,-0.4211097049490948
Q01102,-0.421187288538043
Q05174,-0.421223392296025
Q00975,-0.4214804811843873
Q07639,-0.4216924514852487
Q05073,-0.421749720154342
Q05357,-0.4235360609094128
Q04547,-0.4238361218238863
Q05006,-0.4238438736508401
Q00758,-0.424186659050362
Q04586,-0.424341083047733
Q05159,-0.42464419671175213
Q07290,-0.4247226946512431
Q09906,-0.4247248431696561
Q03577,-0.42487121451697857
Q02378,-0.4249086339825855
Q05854,-0.42511964476331526
Q02363,-0.42529501803490016
Q09547,-0.42539612669161886
Q02358,-0.4253989259426568
Q05934,-0.4255987495417992
Q07506,-0.4265395026942109
Q05753,-0.4265973437555502
Q08748,-0.42668191181197646
Q08518,-0.4268832916979107
Q01701,-0.42732150596663304
Q03747,-0.42750122548392433
Q09266,-0.4275690655629858
Q03035,-0.42824840302592626
Q09241,-0.4283012066740774
Q08022,-0.42830397748900956
Q10461,-0.4289510798073562
Q06080,-0.42900868679072696
Q04744,-0.429206129378138
Q04209,-0.4295805262564129
Q00654,-0.4297447298499108
Q08834,-0.4298261636556061
Q09124,-0.429837629193699
Q06807,-0.4300573702412159
Q02815,-0.4300897414405327
Q07037,-0.43010180345944626
Q04375,-0.4305203044649259
Q09618,-0.43078190067032324
Q05026,-0.4308074286214528
Q08540,-0.43192807998860544
Q05188,-0.43212040857439465
Q04313,-0.4322278807103072
Q05821,-0.43238601801954707
Q06818,-0.43246355412592347
Q04254,-0.43313976507601176
Q01984,-0.4332892371267707
Q08016,-0.43362140557565
Q04789,-0.43380138907054344
Q02879,-0.43413484578252276
Q04318,-0.434138109701595
Q09042,-0.43437787168119973
Q04536,-0.4346307417933514
Q01822,-0.4347139782703575
Q09674,-0.43475877500747834
Q08279,-0.4349365305056637
Q07273,-0.43571179322492043
Q09720,-0.43572013776745677
Q00652,-0.4358744319115648
Q08697,-0.43589242024492086
Q05699,-0.43590261417976195
Q03074,-0.4361879994652237
Q04146,-0.4361880408545483
Q06031,-0.4365250227942838
Q02171,-0.4367523008591018
Q01451,-0.4370865839859458
Q08869,-0.4372411213016558
Q00057,-0.43734549898672803
Q04113,-0.4377112442323507
Q04509,-0.4381798293704176
Q01803,-0.43826111380852767
Q01639,-0.4382647364746704
Q05594,-0.4384256291057466
Q02732,-0.4389648276680116
Q00248,-0.43896984524609056
Q06482,-0.43917001610039913
Q07075,-0.4392406164489604
Q04337,-0.43954241213079875
Q00317,-0.4396108977565627
Q09487,-0.4396130002491914
Q02317,-0.4396427697857359
Q04091,-0.4399305840293894
Q06262,-0.43993469519958484
Q04553,-0.4400597850561579
Q10393,-0.4401783052991624
Q07091,-0.44062133692976846
Q04208,-0.44063598686740446
Q06545,-0.44064631088247197
Q07175,-0.4408755955433792
Q08841,-0.44090033625757385
Q07201,-0.44105056623080363
Q03619,-0.4411765635447419
Q00799,-0.4413283300171136
Q06423,-0.4419442737838219
Q00702,-0.44206293919605033
Q01240,-0.4420688722875642
Q07447,-0.4422869516488306
Q07851,-0.44249908734291443
Q09022,-0.44271903065295376
Q09600,-0.4428050211772296
Q09424,-0.44287879257952806
Q10222,-0.442882722408454
Q07750,-0.44319174480204826
Q07032,-0.4434563687318438
Q01166,-0.4434611654077036
Q02288,-0.44347881736505135
Q04501,-0.4441212601929539
Q02976,-0.4446742749982667
Q06991,-0.44472727837633
Q04927,-0.44481992047067975
Q02915,-0.44506536713550615
Q00054,-0.4452967303574496
Q09220,-0.4456730657965616
Q08846,-0.4458030378500781
Q03867,-0.44619818351484775
Q05372,-0.4462510327237336
Q09722,-0.4463187473152189
Q06414,-0.4463557965808093
Q01423,-0.4465969685406848
Q01706,-0.4466783560937434
Q01383,-0.4467622876402157
Q05542,-0.4469287559476181
Q09387,-0.4469463630367557
Q00257,-0.44697708050547447
Q03809,-0.4475568793902593
Q06930,-0.44774694036969176
Q10169,-0.4478125258656621
Q01487,-0.4480798858326672
Q02745,-0.448155494537209
Q01828,-0.448534845056252
Q05910,-0.4486360544149213
Q07977,-0.4487691700465181
Q06322,-0.44889779526602885
Q01329,-0.448975636516205
Q03506,-0.4491060886390173
Q02722,-0.4491912723815003
Q08895,-0.4492096861556596
Q07997,-0.4499037511781893
Q10209,-0.4501409817328427
Q01649,-0.45015064486770623
Q04691,-0.45025419094947444
Q05803,-0.4502707603539491
Q09743,-0.4503331755053054
Q00527,-0.4507747300663543
Q03771,-0.45100306509016125
Q08470,-0.4512813181258438
Q03844,-0.45131728817576505
Q00206,-0.451424701741198
Q01562,-0.45150197413662807
Q04274,-0.45201229515757274
Q07463,-0.4521543993654841
Q08609,-0.45218548445726287
Q00348,-0.4523918370129215
Q00406,-0.45282884110658667
Q00314,-0.45298455722836417
Q09301,-0.4531229793094013
Q02365,-0.45338583793705567
Q01040,-0.453394954648704
Q08353,-0.4536117103025758
Q02370,-0.4536493702769491
Q00860,-0.4549371637351856
Q10495,-0.45505545022214205
Q10236,-0.4562126804745926
Q00737,-0.4562500449015041
Q08038,-0.45729733578521803
Q05846,-0.45732057934033
Q04921,-0.45741662095585545
Q03355,-0.45751434347927383
Q03336,-0.4575206473541037
Q03125,-0.45762265261744756
Q05802,-0.4580929627378704
Q03557,-0.45857710800748375
Q07149,-0.4587484702079388
Q03099,-0.4589665989074162
Q09656,-0.45921154096566463
Q00528,-0.4592195384475286
Q10033,-0.459418131766321
Q10000,-0.4603661870954352
Q01237,-0.46050640177870256
Q05620,-0.4608485038191037
Q03307,-0.46100141664985567
Q07253,-0.4610516708072085
Q01584,-0.4610659191115871
Q06996,-0.4613331112036714
Q07129,-0.46169987233247684
Q00643,-0.46191469463935675
Q00253,-0.4619956372026593
Q00499,-0.4622665468457578
Q09174,-0.4623137752728511
Q02232,-0.46249477101353476
Q07957,-0.46253405096085887
Q02006,-0.4626166931910671
Q03462,-0.4627335215620224
Q00987,-0.4627394255379702
Q08926,-0.4632775110848523
Q00911,-0.46333653568444494
Q05917,-0.46370726133663503
Q09307,-0.46384141139038904
Q05499,-0.46393222242240106
Q03457,-0.46437688932077076
Q03848,-0.4645679987183728
Q00154,-0.46471971271741175
Q02140,-0.4647919140801405
Q07985,-0.46479501833890197
Q00265,-0.46482042213527563
Q06938,-0.4649343400409912
Q04527,-0.4653297911270959
Q07714,-0.46635505023583573
Q07812,-0.46675807451711593
Q07806,-0.4668055090207143
Q09337,-0.46697177332126966
Q02151,-0.4674336720368201
Q02395,-0.46751547177362895
Q06155,-0.46755413060770934
Q10422,-0.4681237322900602
Q08299,-0.4686936971112076
Q02251,-0.4688817188882869
Q03510,-0.46914516967451114
Q02400,-0.46920458429474116
Q03431,-0.46935773958349597
Q08303,-0.4694678017189646
Q07949,-0.4695370687845995
Q10289,-0.4697861991587942
Q06939,-0.46982932238216557
Q08012,-0.4698335882279498
Q01891,-0.46997200428361946
Q09163,-0.4706758976338627
Q10100,-0.47077244208629165
Q03487,-0.4708434148116675
Q07659,-0.47098399663777474
Q09099,-0.47104132971859813
Q00714,-0.47118569749772604
Q06244,-0.47119558310831317
Q10369,-0.4712275562841709
Q00689,-0.4712597871599713
Q06590,-0.4713069052371507
Q02637,-0.47176605629512264
Q01171,-0.47200291063854927
Q06230,-0.4721872879040584
Q01680,-0.4722601555742006
Q00060,-0.4723128773349738
Q04032,-0.472631051294837
Q05604,-0.47273693794435206
Q01867,-0.47291950493401325
Q05954,-0.47336237331340886
Q02741,-0.4734380318291889
Q07605,-0.4741469653715786
Q01770,-0.4743789191482254
Q03145,-0.47502300625954996
Q02176,-0.47530645910482594
Q00580,-0.4753293682478849
Q00048,-0.4755471298103389
Q04423,-0.4756412175433408
Q07847,-0.47574466758049394
Q08570,-0.4759047294439883
Q04388,-0.47608039056337703
Q08417,-0.47618120540855596
Q02220,-0.4763065634926973
Q00842,-0.47639397724859195
Q03003,-0.4767617717860056
Q07289,-0.47701081718858795
Q03707,-0.47720521549965694
Q05399,-0.47728028583657695
Q10049,-0.477566164927556
Q07278,-0.4776033723108676
Q05675,-0.47813200098473335
Q02649,-0.47849428914246894
Q09075,-0.4785269433946578
Q04777,-0.4787094155822637
Q09406,-0.47933810963858303
Q05353,-0.4796311068317105
Q03232,-0.4798297510357991
Q04929,-0.47997223274478307
Q01749,-0.48030069765159095
Q03115,-0.4804290653313985
Q07245,-0.4805187982290447
Q07407,-0.4807798644081875
Q05410,-0.48092203573667563
Q01156,-0.48092815319718374
Q00515,-0.4813903180606109
Q03599,-0.4816057236135696
Q09626,-0.48186244437803066
Q00276,-0.4819276847332083
Q05990,-0.48210944390175303
Q01677,-0.48256230543474254
Q09773,-0.48269725996124024
Q08872,-0.48279815254057196
Q01076,-0.48280740901421715
Q09208,-0.48320655183008937
Q08226,-0.4837986601195838
Q06053,-0.48382524406013455
Q08510,-0.4839064681145623
Q00036,-0.48453212576827004
Q05113,-0.4848370938658
Q00179,-0.4848893626285564
Q03169,-0.4851034282929447
Q09114,-0.48513643944892076
Q06505,-0.4852154145482281
Q10457,-0.48526785772526365
Q09548,-0.485345146361337
Q02888,-0.4860468851165903
Q07664,-0.48612245693176825
Q05425,-0.48630498839746383
Q01182,-0.4865502035832458
Q06117,-0.4866276953058108
Q07509,-0.48674648061468556
Q01320,-0.4869052099882719
Q07846,-0.4869524952413555
Q06470,-0.487314861312835
Q02136,-0.4877572399405601
Q09999,-0.4882216219508763
Q01675,-0.48864352472300754
Q04791,-0.48866552891439863
Q07874,-0.48883107175768137
Q07210,-0.48886801116107964
Q04987,-0.48892001726157147
Q04300,-0.4889384243449128
Q05564,-0.48920856218036063
Q09867,-0.489489070918415
Q07438,-0.48972737421681645
Q07547,-0.48984686755478374
Q00708,-0.49049070871101524
Q03392,-0.49054442945196364
Q01522,-0.4907597020906456
Q10176,-0.4912215996599934
Q04169,-0.4913320114942112
Q02131,-0.4913647943831818
Q03649,-0.49146069593392083
Q00184,-0.49160570864123104
Q03654,-0.49167294852380616
Q04616,-0.4920664540390725
Q00535,-0.49223865733844785
Q07579,-0.4922641425402903
Q08571,-0.4925477243862641
Q07982,-0.4926010447822269
Q09858,-0.49277182384284784
Q00508,-0.4929108610525273
Q04880,-0.49328740605298865
Q10416,-0.4934190886991321
Q04639,-0.49353513001068566
Q05345,-0.49385487508357484
Q04551,-0.4938577382523272
Q03170,-0.4938714977989719
Q08364,-0.49389667630027656
Q07118,-0.49390886048676924
Q08264,-0.4939627841293184
Q01543,-0.4941214280454982
Q07398,-0.4944980319663214
Q09467,-0.4947697780211661
Q08381,-0.4952338384416449
Q03018,-0.49541997951925754
Q05194,-0.4954252490509191
Q10295,-0.4954385732626209
Q08468,-0.49581614716786254
Q10321,-0.4959990594532126
Q01386,-0.49607770060257006
Q10035,-0.49626055028302096
Q08403,-0.496425531557791
Q05994,-0.49649453279753386
Q07687,-0.4966977336438736
Q08118,-0.4967181964625666
Q04110,-0.49679554647669183
Q01869,-0.4968152004638611
Q05104,-0.49693095398312875
Q07225,-0.49703902403014477
Q00289,-0.4976507404117826
Q00655,-0.49793308604738057
Q10320,-0.49822094079035173
Q04546,-0.4983846766265842
Q08734,-0.4984883751362296
Q07544,-0.49849724143898144
Q10086,-0.49871778938596845
Q10113,-0.4988164394699311
Q08755,-0.49904740343533266
Q02657,-0.4993096857434769
Q00082,-0.499640122486057
Q04369,-0.499641833364346
Q01492,-0.4996506296894278
Q07518,-0.4996635429913187
Q06061,-0.4999099814770609
Q02520,-0.4999582493750224
Q09059,-0.5000691046939426
Q05221,-0.5000983052165001
Q09783,-0.500748332824549
Q08321,-0.5008160840961731
Q04876,-0.5009103489804506
Q03050,-0.5009693413627863
Q03006,-0.5010231859336999
Q05804,-0.5010544986936667
Q02909,-0.5011123537394113
Q01769,-0.5012997432428544
Q06417,-0.5013791747412466
Q06847,-0.501475821605132
Q03584,-0.5015307684343281
Q04713,-0.5015896204831707
Q09173,-0.5021618725134784
Q02167,-0.5022697888558785
Q02324,-0.502501531161763
Q05545,-0.5027990229309842
Q06349,-0.5033563999154378
Q02256,-0.5036857305589835
Q10238,-0.5042143887975867
Q02439,-0.5044343642117112
Q02602,-0.5045484945315091
Q06036,-0.5045777735270172
Q04166,-0.5050832451190866
Q09103,-0.5054363447731344
Q06906,-0.5057788302903281
Q07300,-0.5058037007703313
Q00857,-0.5058755643829852
Q01217,-0.5064281000533464
Q06963,-0.5065582407823335
Q01938,-0.506583365614773
Q00869,-0.5066683910522589
Q09965,-0.506692512826999
Q03717,-0.5069340229229863
Q03690,-0.5070582750360982
Q10458,-0.5070751944960116
Q07053,-0.5073445584020185
Q01441,-0.5074099101018518
Q09092,-0.50764761493892
Q09170,-0.507686447068708
Q06012,-0.5077376607604289
Q01694,-0.5079015610453467
Q08350,-0.5079031471554647
Q05966,-0.5080215089437632
Q01456,-0.5085970215485657
Q06381,-0.5086119471626889
Q09737,-0.5088834155007208
Q02583,-0.5093006184338746
Q10173,-0.5093470569352142
Q05254,-0.5095598738038566
Q00044,-0.5097761350032206
Q00132,-0.5102918682886451
Q08764,-0.510623684315057
Q02003,-0.5106935344892163
Q02886,-0.510737241581551
Q08910,-0.5109665754727961
Q02912,-0.5112065207632299
Q02497,-0.5114799185511221
Q07780,-0.512002196969615
Q04160,-0.512372221098479
Q01332,-0.5127655361943272
Q07004,-0.5132108593223118
Q01987,-0.5132119936611772
Q01820,-0.5136839094965571
Q03023,-0.5137230705752902
Q05919,-0.5139404754044232
Q09515,-0.5141409349972982
Q07143,-0.5142761232549431
Q07054,-0.5147606771918329
Q01483,-0.5148242877516982
Q03222,-0.5148612921964453
Q04201,-0.5148924476397098
Q01716,-0.5149099869954833
Q09189,-0.515048469574383
Q03081,-0.5152621381012417
Q09478,-0.5155005978513034
Q07897,-0.5155466643691636
Q09312,-0.5155658039139589
Q07634,-0.5157767141598406
Q05308,-0.5159999376517971
Q01140,-0.5160333891742253
Q04963,-0.5161026961594478
Q02316,-0.5161036023924919
Q06402,-0.5163558756859511
Q09693,-0.5165388782078894
Q07582,-0.5171470394025675
Q08921,-0.5174717327814755
Q00442,-0.5178482044511784
Q01986,-0.5178843282645904
Q06717,-0.5182706081770841
Q04257,-0.5183008260172434
Q06420,-0.5183355651102608
Q08564,-0.5184949537386356
Q02688,-0.5185199996560571
Q03724,-0.5185846664430717
Q09802,-0.518599224610346
Q00939,-0.51861727885896
Q01533,-0.5190253966289853
Q10071,-0.5190703008947857
Q07428,-0.5191565072046993
Q00912,-0.5191816392788028
Q05427,-0.5193726260669922
Q05230,-0.519491375347768
Q06889,-0.5195061407892606
Q03227,-0.5195136183274739
Q06193,-0.5195304939499445
Q07285,-0.5195521230737208
Q08840,-0.5197780239653056
Q02036,-0.5197857676893326
Q05929,-0.5202481046338305
Q09598,-0.5205054056038174
Q04658,-0.5210902449749639
Q03085,-0.5211810997212762
Q06785,-0.521508201861352
Q05906,-0.5221949124068707
Q05940,-0.5222469073904629
Q05656,-0.5230495814673418
Q07987,-0.5230531685859744
Q09326,-0.5231716393964132
Q02906,-0.5232691465109421
Q08208,-0.5232801114578005
Q02685,-0.5232878744673499
Q06682,-0.5234777500280678
Q01474,-0.5235058126439334
Q04311,-0.5235212325474108
Q03658,-0.5236293805699607
Q01528,-0.5240638093345663
Q00227,-0.5240886435600026
Q05622,-0.5242438723410199
Q02782,-0.5245748793333216
Q06803,-0.5246402110478551
Q03424,-0.52475889732945
Q03319,-0.5249043089873318
Q05083,-0.5249152167282003
Q04895,-0.524919071764084
Q00305,-0.5250612363534911
Q03895,-0.5252788692957865
Q07204,-0.5253089495296815
Q04348,-0.5253437334010208
Q09682,-0.5253814830390497
Q01072,-0.5255032318237678
Q06379,-0.5255302761323255
Q05950,-0.5257234588264448
Q07865,-0.5258097586243783
Q05726,-0.5258324377739031
Q06549,-0.5259601363642166
Q05511,-0.5260205322113783
Q04706,-0.5261869790075149
Q03660,-0.5261930634126321
Q05189,-0.526243066813936
Q03215,-0.5264891748458176
Q04205,-0.526803450577008
Q05636,-0.5268077104469822
Q00649,-0.5269267191813138
Q08597,-0.5270500969632913
Q08500,-0.5273719169719682
Q03314,-0.5276996031322064
Q02564,-0.5278183022257513
Q09093,-0.5280704172166248
Q00632,-0.5281431187696389
Q03092,-0.5284653752123016
Q09244,-0.5285555864105319
Q07587,-0.5288207826316698
Q01535,-0.5289905471332708
Q07892,-0.5292393382858785
Q01494,-0.5293116524312014
Q04360,-0.529394132364898
Q03505,-0.5295316899993907
Q02261,-0.5295622866237342
Q05682,-0.5295685347681108
Q06468,-0.5304749128972772
Q07783,-0.5308949761695038
Q10112,-0.5310277954744494
Q03987,-0.5315166684112385
Q03342,-0.5315614870033047
Q04882,-0.5315863349122891
Q05532,-0.5315874056814538
Q00059,-0.5316378565762903
Q01446,-0.5316784002977201
Q06342,-0.5319607254627642
Q02590,-0.5320432229890576
Q00986,-0.5321694222484259
Q04377,-0.5322123549429097
Q08472,-0.532235205536782
Q03387,-0.5328925643645969
Q06866,-0.5329067504155479
Q09396,-0.5329587666386163
Q04836,-0.5331350832798505
Q04933,-0.533407665967059
Q04955,-0.5337672032693153
Q09441,-0.5339312962719496
Q07260,-0.5340827902884255
Q05302,-0.5345181305768257
Q09984,-0.5350655565679673
Q03643,-0.5350958898123508
Q08567,-0.5352291199912115
Q00240,-0.5356353367409478
Q02304,-0.5358161471571098
Q08721,-0.5359488134107844
Q06831,-0.5361646045576731
Q00217,-0.5363387496957879
Q08451,-0.5364955103086171
Q05434,-0.5365157802770681
Q04868,-0.5370691649793587
Q08993,-0.5372665768677573
Q02137,-0.5374999144012914
Q00636,-0.5375901019319114
Q10353,-0.5378750894837672
Q00151,-0.537980748884297
Q01834,-0.5380197761657217
Q01881,-0.5382032543855467
Q08805,-0.5386288829115659
Q01774,-0.5389159188092395
Q05054,-0.5393498032299668
Q01146,-0.5397908385744812
Q03016,-0.5397963772376734
Q09810,-0.5399115315941123
Q08543,-0.5403704837798834
Q03346,-0.5407350574301553
Q04302,-0.5407686273770037
Q09813,-0.5408726494493269
Q02816,-0.5409299202197358
Q01111,-0.5411954508611656
Q03199,-0.5412378693611631
Q07799,-0.5412756943196648
Q03326,-0.5415059467152461
Q01063,-0.5418480575353424
Q07534,-0.5420026325814665
Q03464,-0.5424741919165397
Q08161,-0.5427423172602635
Q01883,-0.5427965102320745
Q09584,-0.5433989072241439
Q04344,-0.5435682484611084
Q03525,-0.5437707311508447
Q04759,-0.5444466953357685
Q06977,-0.5446106149540932
Q03581,-0.5447718072753769
Q04046,-0.5450558959424949
Q04752,-0.5450838665226856
Q05554,-0.5451489648561167
Q10430,-0.5451889832793919
Q04946,-0.5453600975234775
Q03558,-0.5456164187974472
Q05844,-0.5457947534739743
Q00725,-0.5459973290857959
Q08722,-0.5461738349932648
Q02947,-0.5462598392076881
Q01397,-0.5463292492569527
Q00471,-0.5468463978618994
Q04663,-0.5470365242849687
Q10436,-0.5471535064955264
Q01089,-0.5471873351272061
Q08641,-0.5474770734213747
Q08409,-0.5474775045491241
Q07113,-0.547587630286876
Q01565,-0.5476829266819457
Q09237,-0.5479251624684602
Q00037,-0.5479892370294661
Q06127,-0.5486042267868365
Q05887,-0.5486771982911071
Q07353,-0.5487182181914636
Q07490,-0.5488013308473697
Q01214,-0.5489946175622441
Q04253,-0.5492076337727927
Q05239,-0.5494236522201477
Q07383,-0.549503806911914
Q03762,-0.5498008210138986
Q09055,-0.5499063085521019
Q01910,-0.5500337593955539
Q03047,-0.5501054343156262
Q08463,-0.5501263051626506
Q04042,-0.5502851205329387
Q03397,-0.550347349169853
Q05883,-0.5508688113618415
Q03408,-0.5514803181862156
Q04335,-0.5515807554259303
Q03633,-0.5515848518210671
Q01378,-0.5516432330134015
Q09344,-0.5517739458706411
Q07217,-0.5519429296349299
Q01913,-0.5525068689839282
Q01136,-0.552571048466866
Q00803,-0.5533219749977811
Q08952,-0.5533817478368244
Q02900,-0.553650287223806
Q07778,-0.5537109933007066
Q08635,-0.5537673047086611
Q05967,-0.5544109392337997
Q07429,-0.5546461139904496
Q09897,-0.5550186790951085
Q00899,-0.5555011747922249
Q09614,-0.555725986153642
Q01829,-0.5558862962517618
Q01757,-0.5559371775037448
Q08523,-0.5559820447574222
Q00734,-0.5564373900059245
Q08699,-0.5564949728915393
Q02165,-0.556517211531952
Q03391,-0.5565493126811699
Q08202,-0.5574471981808216
Q09962,-0.5580154290363263
Q07721,-0.5582414270394245
Q05437,-0.5582565806165282
Q06124,-0.5583116581810441
Q03067,-0.5587545986608918
Q09064,-0.5590065410935833
Q07124,-0.5590871695174042
Q07264,-0.559632962204758
Q09936,-0.5596412522899186
Q04753,-0.5600872470866546
Q07804,-0.5600903499962946
Q00122,-0.5607292755177365
Q01105,-0.5608499095843128
Q01498,-0.5608630250480479
Q05408,-0.5608725369275174
Q05795,-0.5611931321254114
Q09588,-0.5612670859633507
Q05510,-0.5612747045815134
Q09569,-0.5615052992590105
Q07781,-0.5615157654455062
Q07448,-0.5616829145203642
Q05241,-0.5618386913940275
Q09746,-0.5624239632706807
Q04180,-0.5627009021082054
Q02822,-0.5627498051774
Q07893,-0.562849494368579
Q07160,-0.5629086155464558
Q00223,-0.5629670372988311
Q07597,-0.5630632638423656
Q06610,-0.5632983471511332
Q03110,-0.5634193063702609
Q10440,-0.5635866758371932
Q05371,-0.5638868505839778
Q07539,-0.5641084323870269
Q04775,-0.5645159122825429
Q02872,-0.564895177835472
Q01745,-0.5655053941635684
Q08865,-0.5656085878006223
Q03561,-0.5658653079213265
Q09724,-0.565880546087667
Q02364,-0.5659708091913551
Q06530,-0.5660186455458668
Q10064,-0.5664134750637917
Q06399,-0.5664912699731449
Q08598,-0.5665313213738308
Q06609,-0.5665597743785183
Q05570,-0.5673187337142167
Q09372,-0.5677948662626936
Q05837,-0.5680613717418204
Q10138,-0.5683933983066306
Q01291,-0.5687705795000665
Q06960,-0.5693502576258831
Q10359,-0.5695581515289379
Q03609,-0.5698034802190428
Q07801,-0.5698976045809331
Q02846,-0.5708969400953917
Q09828,-0.5710326230544293
Q02997,-0.5715035615110388
Q10432,-0.5718190667559854
Q01802,-0.5720960998439191
Q08325,-0.572997469397704
Q08789,-0.5731928776883717
Q05265,-0.5732721704738121
Q00788,-0.5732791373509273
Q04214,-0.5737136578901657
Q07955,-0.5737777370187817
Q07314,-0.5741486019192028
Q00473,-0.5741724142110243
Q05916,-0.5749223667220488
Q03811,-0.5752846692192536
Q04219,-0.5752908002060029
Q09796,-0.5754601397536949
Q09495,-0.5756358834646117
Q00574,-0.5761229005539571
Q01920,-0.5764643153412518
Q01168,-0.5765159746345914
Q09258,-0.5767348895345158
Q09334,-0.5770475761589533
Q08822,-0.577072235841455
Q05234,-0.577072708030264
Q05181,-0.5771347214798732
Q06786,-0.5771841486696784
Q01443,-0.5784861531354155
Q02266,-0.5785667514144844
Q06065,-0.5793570061183184
Q03817,-0.579401517912058
Q00918,-0.5808333190414585
Q08169,-0.5811506290729418
Q07097,-0.5813573739178691
Q04122,-0.5816142199413786
Q04974,-0.5817112278376645
Q03154,-0.5818828424686048
Q05869,-0.5825645966485701
Q07440,-0.5827113954430612
Q00978,-0.5827844101507795
Q07555,-0.5828235623303105
Q03555,-0.5830525818944049
Q04123,-0.5832431734554105
Q04306,-0.5832756713488889
Q00891,-0.5834649311418549
Q01236,-0.5835875714342866
Q03893,-0.5846483477481681
Q03149,-0.5846616641679084
Q05689,-0.5848283033119709
Q03827,-0.5848758815121693
Q07080,-0.5851706271186972
Q05805,-0.5852192940083739
Q03685,-0.5852375560376227
Q02225,-0.5854393248290368
Q05037,-0.5855251038910038
Q03831,-0.585726654649215
Q02789,-0.585908394842685
Q02736,-0.5862061022320215
Q09535,-0.586911173173309
Q04883,-0.5883718190316543
Q07921,-0.588861560072483
Q07500,-0.5894711936937369
Q08304,-0.5927955994485632
Q04731,-0.5928644366546789
Q00844,-0.5928882446488726
Q02185,-0.5929953555129884
Q02407,-0.5931893472461968
Q04438,-0.5934914376180473
Q08422,-0.5937308832197677
Q09945,-0.5938100089403433
Q09941,-0.5945190694300996
Q08704,-0.5953840143629555
Q02933,-0.5954789326681215
Q00948,-0.5956791412160037
Q09053,-0.5956794068915099
Q09460,-0.596260133141168
Q05325,-0.5964207059925678
Q02616,-0.5967116232227044
Q02328,-0.5969486309384248
Q06081,-0.5971589777578351
Q09948,-0.5976297318422369
Q05677,-0.5976868915223125
Q01179,-0.5979932040603744
Q01042,-0.5982418459966428
Q05250,-0.5987448603280601
Q08134,-0.59907898175111
Q05170,-0.599204580040232
Q04721,-0.5993132236269241
Q03109,-0.5994560241513072
Q09530,-0.599560817352464
Q00680,-0.599567307462007
Q00565,-0.5998531134666958
Q04782,-0.6001999384481902
Q09343,-0.600543253086844
Q00209,-0.6010069335180955
Q01013,-0.6010285646943471
Q03176,-0.6011416136905667
Q10008,-0.6014948220480684
Q09466,-0.6023951412871965
Q07505,-0.6026660320107483
Q09733,-0.6028657659221466
Q04367,-0.6033530405471014
Q07816,-0.6035573984318662
Q00232,-0.6046730581439203
Q06237,-0.6049416185732017
Q06620,-0.6058149602688309
Q02904,-0.6058547757388812
Q06649,-0.6059146183896453
Q01859,-0.6060708094129048
Q10147,-0.6065283166532748
Q06307,-0.6074722620398155
Q08006,-0.6078985007854877
Q09447,-0.6079538499317287
Q00361,-0.6081512639295237
Q03010,-0.608174051788683
Q06755,-0.6082906505235149
Q06378,-0.6083286090514104
Q06179,-0.6084099366937311
Q02422,-0.6085254757417163
Q07203,-0.6088247354022464
Q00026,-0.6093104555483521
Q07413,-0.6097912898292456
Q02769,-0.6104616715740531
Q04857,-0.6112011099505356
Q00998,-0.6113388696532591
Q07060,-0.6114893374684484
Q03744,-0.6115734805327466
Q05268,-0.611946280496899
Q07678,-0.6120822858209265
Q09006,-0.6122239054284639
Q08934,-0.6125706562730303
Q08476,-0.6128691813163462
Q07297,-0.6131273217720219
Q10080,-0.613461485310566
Q06582,-0.6148069493206295
Q03521,-0.6151257654644108
Q09578,-0.615303199386799
Q08098,-0.6153044713403337
Q03317,-0.6158414793416438
Q06121,-0.6163849323088055
Q03485,-0.6165969079881256
Q00302,-0.6166214504804762
Q02766,-0.6168347166739618
Q03275,-0.6172099368693393
Q07584,-0.6173691826718063
Q08354,-0.6177625775443062
Q02865,-0.6179067482446498
Q00014,-0.6179608042983108
Q02163,-0.617971586171599
Q01717,-0.6182855701399892
Q02705,-0.6184309375408751
Q06197,-0.618929996780032
Q01993,-0.6191940921913286
Q08434,-0.619270214092971
Q01523,-0.6194912606212307
Q01722,-0.6201037360997402
Q03718,-0.6207801973383982
Q06263,-0.6209005976548496
Q02301,-0.6210831445498637
Q04173,-0.6215052514601699
Q00976,-0.6217387771892046
Q08713,-0.622104616749025
Q01077,-0.6224871600190885
Q10235,-0.6226723906484232
Q04350,-0.6237539760296384
Q05329,-0.624074120529344
Q05051,-0.6242767098451517
Q09200,-0.6243980194177604
Q06491,-0.6246207066465681
Q00812,-0.6249166020706384
Q00355,-0.624959420368196
Q03377,-0.6259466366657923
Q06714,-0.6260945282188558
Q06227,-0.6263191518442112
Q00947,-0.6275478831630278
Q07309,-0.6280017211379278
Q08307,-0.6286282254783971
Q09398,-0.629107197541684
Q08977,-0.6291831001327984
Q06704,-0.6294993898800801
Q09456,-0.6313259419249307
Q00349,-0.6314451089762234
Q01969,-0.6315267984590719
Q02541,-0.6316596236539651
Q04304,-0.6320394917674506
Q00526,-0.6324797772500501
Q01539,-0.6329240179361874
Q04676,-0.6333705534893128
Q01173,-0.6334013795099054
Q03086,-0.634216977521212
Q04797,-0.634894579045373
Q03946,-0.6353991160813198
Q00435,-0.6358371827156483
Q04512,-0.6361122135264379
Q07243,-0.6365262316271442
Q03646,-0.6365603597844521
Q04154,-0.6367425909658911
Q04273,-0.6367969063560124
Q01301,-0.6371590741937944
Q05640,-0.6373502608317609
Q02971,-0.6375443348494013
Q09757,-0.6375780603591157
Q01144,-0.6379251413548147
Q04585,-0.6379822575166079
Q04892,-0.638004762906436
Q08854,-0.6380566026509988
Q01898,-0.6382355226044791
Q01152,-0.6390005930778343
Q04671,-0.639029370619608
Q05863,-0.6390392473781376
Q03491,-0.6391123527801936
Q09419,-0.6394399771949905
Q00429,-0.6398250889300957
Q08828,-0.6399277552300928
Q08365,-0.6401094139772926
Q08105,-0.6401470693319035
Q05468,-0.6402100399940001
Q06143,-0.640211197004657
Q06967,-0.640326977605323
Q00990,-0.6404054225804695
Q06827,-0.6407341416786507
Q01534,-0.6409629296199141
Q03156,-0.6409784276257713
Q05027,-0.6410149312311341
Q01752,-0.6416039914414366
Q08040,-0.6417610430885659
Q01544,-0.6418589037070817
Q06706,-0.6420267784159267
Q10089,-0.6420825973333935
Q09293,-0.6421710013808575
Q09004,-0.6422229069182589
Q01989,-0.6425106819252396
Q09283,-0.6428068352852743
Q09446,-0.6431485376453445
Q08812,-0.6432863325527259
Q00684,-0.6433880141892968
Q00640,-0.6436539263268988
Q06840,-0.644037847652076
Q10488,-0.644473035282393
Q07014,-0.6451080586866683
Q06001,-0.6452361232591778
Q09695,-0.6453863539744525
Q09804,-0.6456542274837695
Q05295,-0.6457607656725689
Q04649,-0.645868033076037
Q07679,-0.6461021105522352
Q05466,-0.6468193253425398
Q01067,-0.6470384246388411
Q03629,-0.6474601348347552
Q06643,-0.6477883299287577
Q07552,-0.6479813665180634
Q08559,-0.6482239891738717
Q05634,-0.6483095839512736
Q07458,-0.6483908615779047
Q03211,-0.6484713513126262
Q10081,-0.6488596169768162
Q01908,-0.6488997697568469
Q00190,-0.6490267212747317
Q04144,-0.649180012265655
Q09755,-0.6495604855703495
Q01444,-0.6495888946886795
Q00455,-0.6496858590438193
Q03495,-0.6497506304744162
Q04540,-0.6499586381861125
Q07621,-0.6500808954108094
Q01495,-0.6503298062364982
Q06433,-0.6506041747673867
Q02401,-0.6507782437489936
Q01095,-0.6517625173819146
Q02385,-0.6524234805940036
Q08310,-0.6530252561512873
Q05972,-0.6532407224310676
Q05258,-0.6532905653522044
Q06613,-0.6534321628535815
Q00428,-0.653810954546485
Q09630,-0.6538338552237545
Q08140,-0.6540373240251796
Q05333,-0.6544008734912461
Q08994,-0.6547205383613383
Q01530,-0.6552814974977559
Q06447,-0.6555211663664585
Q05393,-0.6558538370985086
Q04319,-0.6559163860559023
Q01685,-0.6559230991867534
Q03068,-0.6561897186594499
Q01779,-0.6563058281642761
Q04776,-0.6566537222693984
Q02175,-0.6575559739227009
Q01254,-0.6576473073583259
Q09566,-0.6578058374351251
Q08333,-0.657953656219616
Q03818,-0.6580597879417056
Q09555,-0.6580941372555631
Q09510,-0.6581038064311041
Q09967,-0.6585445753106446
Q05965,-0.6588719923882442
Q03242,-0.6589112999149069
Q09116,-0.6589765741115046
Q09597,-0.6590422471876589
Q07403,-0.6599167855689888
Q00115,-0.6599193283587647
Q02063,-0.659920049849462
Q06778,-0.6599235848025959
Q04354,-0.6600202793133421
Q01188,-0.6600763655102683
Q08565,-0.6601997980333305
Q08736,-0.6606063748718923
Q10311,-0.6609515019611132
Q04232,-0.6613522116756759
Q09887,-0.6614636073820573
Q01827,-0.6616977749607715
Q00278,-0.6621982497035507
Q00721,-0.6624115592066185
Q08591,-0.6634658681098362
Q02999,-0.6635837276646761
Q00838,-0.663702578418827
Q06137,-0.6640125841062557
Q07568,-0.6640829084760654
Q01804,-0.6644496927752904
Q01664,-0.6644645487897809
Q05166,-0.6649551925870103
Q00146,-0.6658347314141293
Q00800,-0.6660455958265283
Q04182,-0.6662031278832747
Q10250,-0.6664819850509376
Q09034,-0.6670518142736696
Q03301,-0.6671147149276501
Q01382,-0.6673146659145252
Q10345,-0.6674264486869517
Q02772,-0.6676307581379683
Q10337,-0.6678223648645605
Q00852,-0.6678893747486279
Q08879,-0.6679093881446674
Q05717,-0.6679220159230242
Q05316,-0.668289851718613
Q04541,-0.6683171173746442
Q05835,-0.6690650683857206
Q10397,-0.6691889301880639
Q01814,-0.669967776256551
Q01101,-0.6700306014220858
Q07130,-0.6702734934589428
Q08935,-0.6703662272835085
Q10167,-0.6704264496979835
Q03155,-0.6706765473236916
Q05959,-0.6707094335951954
Q00635,-0.6707551759122111
Q08184,-0.6711354829984411
Q05580,-0.6717376615325066
Q01578,-0.6718223919249651
Q01475,-0.6720612353662705
Q00710,-0.6724944556035859
Q00159,-0.6725067439394871
Q09040,-0.673399448072054
Q10377,-0.6735676429506474
Q04021,-0.6736719873226574
Q10124,-0.6737332956771254
Q05698,-0.6740412293563772
Q09930,-0.6742148102411367
Q04156,-0.6742994607309846
Q09758,-0.6749300331125107
Q05723,-0.6750996370297554
Q04362,-0.6754519647398893
Q05585,-0.6754555068277865
Q00893,-0.675495589419765
Q02264,-0.6759018593330304
Q09353,-0.675915017054925
Q03954,-0.6760564221432035
Q07936,-0.6762912276657528
Q00461,-0.6765929505041317
Q04345,-0.6769909760413818
Q04809,-0.6771620138199654
Q08340,-0.6773015881854972
Q04934,-0.6774142803893941
Q02002,-0.6780373050381874
Q07416,-0.678098456614228
Q10443,-0.6781771178092221
Q06716,-0.6783091774251755
Q04922,-0.6787351039526086
Q07988,-0.6787368783279556
Q01777,-0.6787508999096182
Q07323,-0.6787596472248807
Q04049,-0.6787609931760497
Q06638,-0.6788370769685529
Q05881,-0.6788700687993536
Q02773,-0.6790941991603183
Q03861,-0.6791074099374682
Q04301,-0.679297308407187
Q07350,-0.6795442724527101
Q09459,-0.6795468016167742
Q09470,-0.6800728436476193
Q00781,-0.6802093623521318
Q04924,-0.6803280636074838
Q02472,-0.6805261484435505
Q04327,-0.6805764979408664
Q02116,-0.680861282781699
Q01841,-0.6809171378831762
Q04130,-0.6811099912088763
Q03498,-0.6811116912322668
Q06356,-0.6812625290616694
Q09539,-0.6812696649037442
Q01418,-0.6813756387092851
Q05274,-0.6814324078826217
Q00368,-0.6814396418583181
Q10256,-0.6816299452134453
Q05485,-0.6825795544079428
Q06842,-0.6827712123380715
Q03602,-0.6828026871880097
Q10050,-0.6828658243738601
Q07604,-0.6829540836343425
Q09850,-0.6830122305177118
Q10116,-0.6834288318239156
Q05774,-0.6836018586381885
Q05970,-0.6838157031321256
Q05820,-0.6843827150005085
Q06050,-0.6847825259482033
Q01279,-0.6856272697165087
Q10413,-0.6856957280233292
Q01532,-0.6859716886865326
Q04619,-0.6859839267812774
Q00172,-0.6861492789605081
Q06207,-0.6861852236523311
Q09074,-0.6862216236059394
Q00703,-0.6867510712271728
Q03965,-0.6871853592862808
Q06844,-0.68751160956664
Q08962,-0.6875618473022707
Q09179,-0.6876765150812284
Q01970,-0.6879091863488325
Q09577,-0.6879658678474149
Q02298,-0.6881470247535574
Q10181,-0.6881832535127512
Q10025,-0.6886940604242406
Q09117,-0.6893157726315813
Q08728,-0.6900627236774025
Q01793,-0.690442957590418
Q01164,-0.6905738136918657
Q03553,-0.6914976821756629
Q07709,-0.6916851129518254
Q00961,-0.6917455123029543
Q09339,-0.6918951221427753
Q07228,-0.6919986565626071
Q04238,-0.6920454369693496
Q08541,-0.6921300890956598
Q05061,-0.6927330246445542
Q06163,-0.6927973287082508
Q08832,-0.6928173668583597
Q01246,-0.6935056361579304
Q02540,-0.6939714532517054
Q00125,-0.6941893728075789
Q00611,-0.6945881637701838
Q04957,-0.694747173777649
Q00071,-0.6951639367220678
Q03338,-0.6957409356160287
Q07854,-0.6957697785526448
Q09521,-0.6958495573946654
Q08874,-0.6959042652366879
Q07486,-0.6960518959688797
Q07700,-0.6963939996580811
Q01313,-0.6963984012813177
Q02700,-0.6965042674542798
Q07690,-0.696929476117205
Q09892,-0.6971219857822595
Q00143,-0.6972866902654206
Q07172,-0.6973631484624635
Q07532,-0.6975543000355516
Q03002,-0.6977385763924282
Q04584,-0.6979417715509983
Q03383,-0.6980990065967322
Q02930,-0.6981565470862119
Q06301,-0.6984873393414288
Q00777,-0.6985896955444024
Q01880,-0.6987164684495617
Q02055,-0.6987217755671717
Q04040,-0.6988447987110048
Q08206,-0.6990698457712204
Q09171,-0.6991238737489994
Q06630,-0.6991273150114621
Q03888,-0.6997140061654478
Q00041,-0.6999647863022611
Q09351,-0.7001813497162958
Q04071,-0.7005036095505959
Q07110,-0.7005228937247813
Q07508,-0.7006330713248579
Q08676,-0.700709761360276
Q00329,-0.7008417829476598
Q09164,-0.7014462296979609
Q08602,-0.7017544898599642
Q07652,-0.7017839202394626
Q01369,-0.7018949647717319
Q10246,-0.7019012205943481
Q05847,-0.7020455751363652
Q05541,-0.7022690075782266
Q09449,-0.7027187372870296
Q07155,-0.7032154632263198
Q05392,-0.7032848391066903
Q00465,-0.704177702741276
Q00153,-0.7044863535076016
Q04346,-0.7047869284524118
Q09308,-0.7049526893194962
Q05643,-0.7049794877173058
Q02777,-0.7054027267589728
Q04958,-0.7057763836945322
Q00330,-0.7058594216531372
Q06220,-0.7059933822743677
Q04845,-0.7062262221969533
Q05173,-0.7064543131162457
Q01687,-0.7067746839848355
Q07121,-0.7070798431475578
Q03912,-0.707294965304064
Q10493,-0.707446176180787
Q06946,-0.707475554465378
Q05289,-0.7081055751344602
Q04853,-0.7092063084798196
Q03826,-0.7092738352297702
Q06294,-0.7093187459886805
Q01613,-0.7107983799621059
Q06242,-0.71110426348307
Q01158,-0.7114712548144432
Q01270,-0.7116657605795894
Q00558,-0.7118516925552313
Q01890,-0.7119703781678611
Q05489,-0.7121658660972826
Q08815,-0.7132751301593274
Q03020,-0.7136461278197492
Q00898,-0.7137019018753074
Q09134,-0.713945012392156
Q06310,-0.7143830156812853
Q00343,-0.7145473000449098
Q05932,-0.7145517557886287
Q06839,-0.7148494488325585
Q06090,-0.7153883184560192
Q00086,-0.7155119856339196
Q05631,-0.7158308425319047
Q00424,-0.7163192120883691
Q01109,-0.7164204884032551
Q07766,-0.7165969341949593
Q00971,-0.7167435086964986
Q08497,-0.7170338129934483
Q00458,-0.7170400486385008
Q07725,-0.7179960062947701
Q01191,-0.7181344928478088
Q02699,-0.7183443640415642
Q05206,-0.7184712489713235
Q03269,-0.7186344411148755
Q09120,-0.7193892700271772
Q05577,-0.7196193039022891
Q01094,-0.7196716900589762
Q07671,-0.7197118088656642
Q08710,-0.7197315792391633
Q09646,-0.719821935658608
Q04699,-0.7200085733240553
Q07665,-0.7201697434509755
Q07935,-0.7203907889161222
Q10239,-0.7206271377679758
Q07048,-0.7209143508213733
Q09415,-0.7210641930089797
Q02242,-0.7212377412419878
Q04992,-0.7212470912475013
Q00353,-0.7213287000051807
Q05915,-0.7221200975250806
Q01862,-0.7221741985140887
Q10045,-0.7221961208620529
Q10442,-0.7222417462302552
Q10217,-0.7228815596999485
Q02804,-0.7232826532068297
Q06780,-0.723314706194356
Q02362,-0.7237871336131888
Q07329,-0.7239432158962898
Q10031,-0.7239930993569502
Q06565,-0.7240347504963084
Q01545,-0.7243378967107371
Q02800,-0.7249190798533865
Q04286,-0.7258643762979676
Q04733,-0.725894949430353
Q00770,-0.7260109036248256
Q07658,-0.7265550785377111
Q10486,-0.7265970432732258
Q04996,-0.7274033375295478
Q00716,-0.7275092586018119
Q04226,-0.7275980452638123
Q06871,-0.727753431931718
Q07152,-0.7279477207947055
Q02510,-0.7285184635392327
Q10425,-0.7285688282582787
Q09616,-0.7286175043992095
Q07686,-0.7287869631935013
Q02579,-0.728898738077736
Q07236,-0.7293681878442764
Q07010,-0.7300085981292583
Q09837,-0.730141065900074
Q07918,-0.730523434773093
Q02145,-0.7312375292770817
Q00561,-0.7315942961791723
Q08562,-0.7324112152859964
Q09753,-0.732441406832444
Q06934,-0.7329116497517513
Q09664,-0.7329431779305037
Q02246,-0.7342406002016456
Q05601,-0.7344603841759958
Q10268,-0.7345082962430017
Q07727,-0.7346969454817827
Q05340,-0.7351213682196285
Q03325,-0.7354842884740548
Q04984,-0.7355620594039721
Q03837,-0.7363327540133399
Q07107,-0.7363818907137571
Q04755,-0.7364922989216749
Q08249,-0.7371692812474392
Q04593,-0.7374765905655812
Q08917,-0.7375965287331806
Q09486,-0.7376632657351431
Q08410,-0.7377158626887125
Q10309,-0.7378213439407278
Q06987,-0.7379236644661704
Q07777,-0.7380120590359949
Q06698,-0.7383775044948363
Q04579,-0.7388287837104154
Q03772,-0.7388759265504521
Q03701,-0.7390113790310213
Q05676,-0.7391603162900496
Q03214,-0.7394783062752416
Q05105,-0.7395559035187562
Q05209,-0.7395802746994643
Q00583,-0.7407842772169192
Q03936,-0.7412914184375696
Q10015,-0.7415699931090102
Q08596,-0.7421390530552869
Q05490,-0.7423448800673638
Q08168,-0.7437356886726585
Q04587,-0.7441464928040263
Q02973,-0.7442099268740551
Q08051,-0.7442124470059248
Q07479,-0.7445796862098888
Q09090,-0.7451160484043877
Q02445,-0.7452419113038503
Q07257,-0.7467150371973573
Q00251,-0.7469359721171148
Q04299,-0.7475433053164331
Q10331,-0.7478045195491522
Q09121,-0.7485915716192537
Q02874,-0.7503884481393811
Q05396,-0.7504544887943684
Q10439,-0.7510111208053357
Q08141,-0.752219855555552
Q00610,-0.7522227179899453
Q02801,-0.7523192963879366
Q00285,-0.75319186555119
Q03595,-0.7545361234894435
Q06336,-0.7547235915310546
Q07716,-0.7550913789230923
Q10314,-0.7558794086757502
Q08239,-0.75590190978086
Q03854,-0.7560421061483913
Q05738,-0.756379008906941
Q08525,-0.7565777679677927
Q10470,-0.7567708937259922
Q06764,-0.7568490840134191
Q04830,-0.756959617904664
Q02423,-0.7570284836979434
Q08204,-0.7574580437321828
Q10339,-0.7576371220576441
Q08903,-0.7577008433247412
Q07240,-0.7580924086664351
Q08953,-0.7582543055277547
Q05742,-0.7584625343686425
Q09497,-0.7588756475468823
Q06634,-0.758906463503097
Q08566,-0.7591322100748736
Q10401,-0.759182294973955
Q08291,-0.7600930906074891
Q04714,-0.7617531638657042
Q06359,-0.7620111157785768
Q07030,-0.7622636286960435
Q07086,-0.7624601406889208
Q00647,-0.7634914165146864
Q10348,-0.7638554725614626
Q08666,-0.7639922987410697
Q09370,-0.765118097633963
Q08763,-0.7651922753620837
Q05198,-0.7657261282803334
Q04758,-0.7660951296360622
Q03933,-0.7663892831220831
Q10409,-0.7666912267841431
Q01981,-0.7675034878165492
Q10123,-0.7675985890655923
Q04945,-0.7680073949113767
Q03438,-0.7681306251689026
Q03859,-0.7687230033833338
Q02485,-0.7690847107561811
Q07355,-0.7697240483296183
Q07231,-0.7698857062609453
Q04951,-0.7699989537624274
Q09557,-0.7714229499749761
Q00448,-0.7715834035973378
Q08907,-0.7716003499606143
Q06940,-0.772240216967133
Q05658,-0.7734056169360588
Q04907,-0.7737164654892602
Q08232,-0.7738150219563027
Q00735,-0.774464904571979
Q03639,-0.7745607844175166
Q00955,-0.7748057927041396
Q07914,-0.77534058345366
Q06384,-0.7755025510558423
Q05020,-0.7759851339992075
Q07683,-0.7760062508001564
Q07828,-0.776140221077811
Q01807,-0.7767612332832177
Q07607,-0.7768497375397722
Q00436,-0.7772443931220058
Q04039,-0.7773655074064248
Q05885,-0.7775163592591992
Q07792,-0.7775719566566766
Q06992,-0.778238882652833
Q01670,-0.7783391007877826
Q08228,-0.7792744535875334
Q01039,-0.779920777104346
Q01858,-0.7800103666906337
Q00220,-0.7833804317307687
Q01303,-0.7839153135045576
Q05400,-0.7842826463487065
Q03983,-0.7845853364082457
Q05748,-0.7846196136291109
Q00709,-0.7847491692789332
Q04781,-0.7848584226347902
Q08940,-0.7852795589295148
Q08983,-0.7854496636877376
Q02743,-0.7856968211734222
Q02814,-0.7857915923274441
Q05202,-0.7859433406820028
Q07729,-0.7874774153542697
Q06697,-0.7884334118537139
Q06762,-0.788641686325931
Q10218,-0.7887183951356141
Q09714,-0.7889011542140438
Q04735,-0.7890657908850973
Q08248,-0.7899252269701819
Q10216,-0.790966614195234
Q09583,-0.7913011066273326
Q05706,-0.7926155033413483
Q05482,-0.7931034219737145
Q01852,-0.793396284779452
Q07876,-0.7936380707058037
Q06995,-0.7938894063665768
Q07087,-0.7946007140130215
Q03542,-0.7946121929591832
Q00204,-0.7946661288470767
Q03467,-0.7947726519535232
Q05947,-0.7948577262015587
Q03805,-0.7948652955963289
Q04424,-0.7963417187257039
Q09982,-0.7963592059858313
Q01591,-0.7963833143606251
Q03151,-0.7969132281005028
Q01116,-0.7969456645512792
Q00498,-0.7976456218606448
Q05603,-0.7980435334799304
Q03697,-0.7981238511741504
Q08507,-0.7981335653326614
Q05653,-0.7982979389300326
Q09658,-0.7989357890627748
Q02306,-0.7995045804285238
Q04897,-0.7998119814725467
Q03188,-0.8010278483702669
Q02259,-0.8012273460572179
Q08404,-0.8015142898287712
Q09586,-0.801901855664133
Q03792,-0.8019587900161371
Q00645,-0.8023777089482228
Q04764,-0.8025197825822723
Q08056,-0.8031151260393266
Q07961,-0.8038646085943306
Q01310,-0.8045053443024996
Q07615,-0.80493830437358
Q01962,-0.8049849239292926
Q07417,-0.8054154586492481
Q00412,-0.8054478614581534
Q08555,-0.8056865366199604
Q04263,-0.8062875511256969
Q09175,-0.8071852481066228
Q02797,-0.8072476112743446
Q02230,-0.8076842436776241
Q05196,-0.8084092285984987
Q06702,-0.8088659333323173
Q00137,-0.8096387451292735
Q05201,-0.8096799259854192
Q07945,-0.809814235329807
Q04409,-0.8105506940952877
Q01579,-0.8105946173791282
Q03967,-0.8110062802683881
Q06679,-0.8110740081751386
Q08626,-0.8113721777987216
Q09573,-0.8114359982586995
Q09541,-0.8120631402722811
Q05442,-0.812158584650697
Q01570,-0.8123523553947787
Q07170,-0.8123759484660735
Q04944,-0.8127104730530819
Q07342,-0.8133424065377408
Q09249,-0.8139260665873118
Q04928,-0.814062749928766
Q03635,-0.8143081311124484
Q03516,-0.8148755134520604
Q05781,-0.8153155096306848
Q09785,-0.8153758765460181
Q08821,-0.8156735884883388
Q09700,-0.8156766763741187
Q01466,-0.8158399598507582
Q02720,-0.8186095293585192
Q00502,-0.8188260559460828
Q03676,-0.8189032756478465
Q08047,-0.8193089097518805
Q05848,-0.8193585111421752
Q07215,-0.8195913861340073
Q10448,-0.819848910154632
Q00787,-0.8200269478317083
Q07530,-0.82011491616314
Q06203,-0.8207542818875804
Q04459,-0.8209987509125618
Q06677,-0.8210200119978033
Q04749,-0.8210597512729471
Q02091,-0.8211150434639855
Q07123,-0.8211191958018258
Q05619,-0.8220224235462198
Q03071,-0.8220869649776982
Q00341,-0.8224681935921854
Q05294,-0.824848438084893
Q05066,-0.8249576664786084
Q01490,-0.8253232917070376
Q03117,-0.8254607135342623
Q06005,-0.8263013236402653
Q08162,-0.8264737881382659
Q05217,-0.8270693232049043
Q01180,-0.8271185315456557
Q05754,-0.8280475650315695
Q05815,-0.8287706443708978
Q05379,-0.8288989575261164
Q01068,-0.8289692397082692
Q04965,-0.8291108218739555
Q10451,-0.8291376135341646
Q05611,-0.8291566961321037
Q05259,-0.8298944054087859
Q01964,-0.8305466775262903
Q05428,-0.8311713583067618
Q06968,-0.8314780934127404
Q09332,-0.8316705167172318
Q00460,-0.8322804535371091
Q00481,-0.8337942841163779
Q05478,-0.8343377422872602
Q01966,-0.8343537266389801
Q09000,-0.8355233228724273
Q07901,-0.8355956892902704
Q00671,-0.8362065475005763
Q05369,-0.8364323731218689
Q09451,-0.8377549121214397
Q05227,-0.8380385592996408
Q05500,-0.8381438770005438
Q04851,-0.8385915628587635
Q05850,-0.8391821530177761
Q01921,-0.8394306246157647
Q00194,-0.8395867666667128
Q04499,-0.8398412715393948
Q01657,-0.8399349606784072
Q09950,-0.8406916306100464
Q08959,-0.841466509034577
Q02827,-0.8430948033287682
Q10370,-0.8432603553232492
Q00254,-0.8433642649475628
Q04659,-0.8441040417328793
Q04906,-0.8447502881870763
Q06205,-0.8455557762073386
Q00917,-0.846047703734
Q03490,-0.8466930328456517
Q05576,-0.8472155116587574
Q03264,-0.8472367229321452
Q06941,-0.8475362743771935
Q04670,-0.8488653004122335
Q00197,-0.8490912806152354
Q06574,-0.849098412528454
Q05330,-0.8494155651695088
Q08678,-0.8501840803148161
Q01387,-0.8507950015174148
Q05154,-0.8508349957769593
Q06793,-0.8509265269859732
Q00093,-0.8509288876713214
Q01242,-0.8509718202585432
Q06657,-0.851777925830288
Q01569,-0.8523509806708482
Q05721,-0.8525505239740461
Q01902,-0.8531055058046405
Q00668,-0.8532924147656521
Q07763,-0.8536067298304887
Q08770,-0.8540451482858864
Q07538,-0.8548918969876027
Q06587,-0.855361112169268
Q01521,-0.8557072069398701
Q04630,-0.8565706231542829
Q05106,-0.8578198038485123
Q09292,-0.8578513046285767
Q05767,-0.8587031658784717
Q00981,-0.858790580394984
Q02929,-0.8597150646505918
Q00698,-0.8597488681212672
Q04594,-0.8600455455930371
Q07748,-0.86017168377514
Q06093,-0.8605490645490014
Q05473,-0.8614635768019194
Q02508,-0.8615855604806629
Q00888,-0.8633863227526191
Q05670,-0.8634399385263181
Q02078,-0.863768306562361
Q00531,-0.863961463191618
Q04508,-0.8655718286594933
Q09894,-0.8659306855269084
Q00388,-0.8659745431892638
Q06835,-0.8660302483451119
Q07883,-0.8661654119159234
Q04848,-0.8663876393189325
Q04325,-0.8671433175907091
Q10474,-0.8673040980980318
Q09279,-0.867872230677042
Q03614,-0.8680801966651641
Q01875,-0.8683852517070957
Q02440,-0.8685368730331783
Q06861,-0.8692496983698111
Q03246,-0.8693765104637765
Q06637,-0.8703094095321148
Q08941,-0.8704242484005981
Q08814,-0.8707274489861037
Q09995,-0.8708457574728145
Q07298,-0.871545000365036
Q05811,-0.8721671039690937
Q01549,-0.873098207100418
Q08222,-0.8731663350862161
Q02045,-0.8734608458748008
Q07578,-0.8735731143099739
Q07836,-0.8739346782127363
Q01356,-0.8740100623983464
Q00903,-0.8740987200504022
Q04390,-0.8746766867059669
Q03666,-0.8750267517061191
Q07340,-0.8750885080470702
Q01489,-0.8756747471353205
Q08672,-0.876056637574885
Q09903,-0.8764319026395591
Q07773,-0.8766201231894138
Q01832,-0.8769357629855832
Q02105,-0.877716641000992
Q08782,-0.8782197649875092
Q05014,-0.8788350395406985
Q09976,-0.8795133251484547
Q03695,-0.8797072146244543
Q05898,-0.8804321208133581
Q01453,-0.8809930989618192
Q01633,-0.8811640118243795
Q06008,-0.8812303537997201
Q05562,-0.8814904813510083
Q08210,-0.8818347960659955
Q04702,-0.8834423227505352
Q00173,-0.8841943867110336
Q07731,-0.8849049664739627
Q00688,-0.8857394869987464
Q10143,-0.8860416706381389
Q04347,-0.8862851137354463
Q02779,-0.886682212703886
Q09436,-0.887713429734997
Q02187,-0.8882166630978465
Q03043,-0.8884244289385779
Q06816,-0.888829313370025
Q10237,-0.8900477922070137
Q07738,-0.8902221384055101
Q04788,-0.8902244819813692
Q01513,-0.8904552413159845
Q10242,-0.8907312912629081
Q07468,-0.8910220989602913
Q08495,-0.8918970268603382
Q04760,-0.8922313315255909
Q01743,-0.8925657191954258
Q04885,-0.8928070727127867
Q06578,-0.892886793877357
Q06761,-0.8929548650732203
Q02958,-0.8937091197885456
Q02056,-0.8952852153749856
Q01119,-0.8956037415574645
Q02454,-0.8958973093541367
Q05982,-0.8962678350824133
Q09065,-0.8969512990394587
Q05143,-0.8984874226031818
Q09895,-0.8985320661226586
Q08614,-0.899209403402448
Q06575,-0.8998785807396535
Q08423,-0.9005325998112623
Q07944,-0.9008273132793806
Q08119,-0.9011525051482523
Q04483,-0.901511429597982
Q02658,-0.9020425656485384
Q10034,-0.9022694082889529
Q06922,-0.9023208234106153
Q06606,-0.9041476000365773
Q08103,-0.9046194923715666
Q04456,-0.9050750902628464
Q05450,-0.9056048851676797
Q01220,-0.9059520232574951
Q08444,-0.9060552196259585
Q00438,-0.9063145832431063
Q01655,-0.9063724479850643
Q09269,-0.9073482591668074
Q03412,-0.9078491615037921
Q09234,-0.9084184916233446
Q04529,-0.9090310977603123
Q00150,-0.9095451224662847
Q00573,-0.9103278964163725
Q03608,-0.9103666067484986
Q09529,-0.9105340944259442
Q05078,-0.910767643883449
Q02862,-0.912401630835207
Q04858,-0.9126409962724349
Q05266,-0.9126539051520692
Q04948,-0.9143933660830097
Q02547,-0.914673797478835
Q07502,-0.9150271285072121
Q07083,-0.9152138315411695
Q01956,-0.9158529051693702
Q10258,-0.9158705306066456
Q08372,-0.9160084300329732
Q06489,-0.9170412804688451
Q06989,-0.9179269116306684
Q01014,-0.9202566205243444
Q06360,-0.9208753102965106
Q06799,-0.9221631606444789
Q09675,-0.9234275083428201
Q09565,-0.924567649523666
Q04211,-0.9250264285481695
Q01115,-0.9251867824666886
Q01416,-0.9256307391483066
Q02157,-0.9263444250182405
Q09699,-0.9263850587570772
Q03901,-0.9265600439990241
Q09706,-0.9266010514552265
Q03678,-0.9267212256459676
Q06971,-0.9269308821426772
Q06994,-0.9270175676942192
Q08122,-0.9282805926687226
Q02372,-0.9289170005526024
Q00540,-0.928937087374336
Q01630,-0.930145959943766
Q08447,-0.9306161903753332
Q01590,-0.930667441653799
Q08648,-0.931246881877369
Q10249,-0.9318736523206128
Q08620,-0.9322333734795579
Q01304,-0.9344033642893922
Q06366,-0.9346445767684156
Q00246,-0.9357875871884833
Q04334,-0.9368844383426277
Q06292,-0.9379398321309833
Q00160,-0.9387245943523617
Q05176,-0.9388537164773013
Q01524,-0.9399978184573039
Q09711,-0.9407272741007264
Q10392,-0.9420311014984305
Q08743,-0.9422029215583829
Q02529,-0.9424797816859158
Q08348,-0.9427649715786115
Q03064,-0.9427896712129966
Q09276,-0.942971439037861
Q04284,-0.9434720476263544
Q02283,-0.9438659044864269
Q04829,-0.9448835363683125
Q01953,-0.9449217252994816
Q07803,-0.9452506596999473
Q04511,-0.9457259241869352
Q04588,-0.9460889181652573
Q07970,-0.9483028744943459
Q05747,-0.9493555666910076
Q03573,-0.9506675403021508
Q08990,-0.9506703780005568
Q06166,-0.9511115123933
Q01471,-0.9516455744751888
Q03207,-0.9522317887624473
Q09768,-0.9526796195781743
Q05744,-0.9527411518118649
Q10262,-0.9536505354236683
Q05451,-0.9539541037717754
Q06559,-0.9539760024038403
Q03213,-0.9553558509699441
Q07310,-0.9555066052762768
Q05246,-0.9561552495826655
Q05031,-0.956172907723193
Q08198,-0.9571260704401914
Q07005,-0.9579147350918713
Q07045,-0.9583851447205541
Q09581,-0.9594737319789378
Q09582,-0.9596177682596231
Q09751,-0.9598137017238662
Q02066,-0.9603321067422553
Q06541,-0.9609948724175947
Q10197,-0.9620329232306327
Q09049,-0.9628408296182901
Q00598,-0.9634058102953315
Q07115,-0.9634601741599068
Q09780,-0.963564316561943
Q05041,-0.9637008787606689
Q00785,-0.9639180560593961
Q07473,-0.9642317520615415
Q05877,-0.9642489983738078
Q03968,-0.9652424146357655
Q01753,-0.9658295713018451
Q00761,-0.9661552149613827
Q02620,-0.9705651939936183
Q07274,-0.9715361620964648
Q06768,-0.9715583258475768
Q04000,-0.9720752547648769
Q03476,-0.972196581442121
Q01445,-0.9722212062109143
Q10476,-0.9724944313289228
Q03013,-0.9730585397451113
Q09410,-0.97333842567694
Q07333,-0.9745002026473043
Q04333,-0.9745235213926746
Q02373,-0.9745430899415451
Q10020,-0.9748041727625104
Q08825,-0.9753541726655202
Q05900,-0.975924511327418
Q10299,-0.9767897561363589
Q10243,-0.9774027271786515
Q00277,-0.9782432548784085
Q07903,-0.978985534939415
Q00669,-0.9799453244697357
Q04747,-0.9807942882843572
Q06841,-0.9810193267848764
Q05535,-0.9813331891612869
Q03313,-0.9836241797913281
Q09259,-0.9838688065194185
Q07669,-0.9845568698940278
Q00944,-0.9848444963339127
Q08612,-0.98699840788145
Q03709,-0.9876473045019591
Q09966,-0.987852683164825
Q06202,-0.9880333016736959
Q08396,-0.9886012744996056
Q08911,-0.9887312897372948
Q06882,-0.9891628386292903
Q02651,-0.9893995401010348
Q05481,-0.9901374840746279
Q08039,-0.991328256883631
Q07319,-0.9918137034576844
Q03737,-0.9920706300698798
Q04745,-0.9957882721763207
Q05420,-0.9962575881668877
Q05043,-0.9970956295155248
Q03656,-0.9986589134069038
Q06488,-0.9995365435075275
Q07853,-0.9996346494318147
Q10156,-1.0000581724720294
Q09694,-1.0006816624577226
Q03942,-1.0016792935801049
Q04592,-1.0023799916377167
Q00586,-1.0034015813333066
Q07720,-1.0036558167459089
Q09148,-1.0037993456441567
Q02027,-1.0044597952806198
Q06611,-1.0045662318504986
Q03482,-1.0056804480039225
Q07184,-1.0069035213398518
Q07712,-1.0074895870274032
Q09329,-1.0087660581549052
Q02980,-1.0089343199600425
Q05786,-1.0092966527373872
Q03600,-1.0097449976264596
Q07246,-1.0107416345671552
Q08258,-1.0108174404006567
Q05424,-1.0113572400115842
Q01537,-1.0114000181069216
Q08981,-1.0143794459719466
Q06772,-1.0144330659860397
Q05525,-1.0148768884881583
Q09533,-1.0156996267804514
Q06869,-1.0157830566072796
Q06434,-1.015942838240233
Q02844,-1.0172072699830315
Q09563,-1.0175711773744305
Q07765,-1.0178930654588465
Q03842,-1.0181485767866654
Q07251,-1.0189944082491067
Q02366,-1.0190682482241615
Q10108,-1.0215777022269528
Q04535,-1.0236070559817652
Q00866,-1.0238716702461719
Q06775,-1.0245465502841786
Q07852,-1.0251745073824277
Q02334,-1.025635336153231
Q08298,-1.0270031779632431
Q07643,-1.0275720250706373
Q02556,-1.0280200214420105
Q08394,-1.0282500696888262
Q04997,-1.0284473555036533
Q10174,-1.0284863996720708
Q10356,-1.0291783297375745
Q07287,-1.02920948205159
Q08028,-1.029336474234284
Q06535,-1.0294122642690189
Q02250,-1.0295744633999753
Q09321,-1.0296278325184158
Q06091,-1.0302912516584053
Q04990,-1.0327062426258236
Q05426,-1.0332256365356014
Q02622,-1.0341874344186162
Q09593,-1.034509776840451
Q03450,-1.03568155914901
Q06583,-1.0359150942831583
Q07385,-1.0370068291871195
Q04355,-1.0376026115480537
Q05758,-1.03854936391693
Q09643,-1.0387306028945702
Q05444,-1.0392953455282317
Q04560,-1.0402348213055346
Q01564,-1.040480938855701
Q07541,-1.040849265340081
Q03537,-1.0414204173874708
Q09961,-1.0419744768249364
Q03520,-1.041997194194827
Q03371,-1.0444919864877211
Q02127,-1.0445604391271779
Q02612,-1.0445898549519759
Q09736,-1.0448264095702047
Q00286,-1.0479183054884178
Q01090,-1.0483701052036212
Q10162,-1.0484123820316564
Q03358,-1.0488427762078858
Q02144,-1.049310870851912
Q05235,-1.049739937044775
Q01208,-1.0504953597362852
Q01374,-1.0510273041203224
Q04871,-1.0513586738427934
Q01400,-1.0536148486032217
Q01668,-1.0546276962246948
Q04769,-1.055294923248805
Q02195,-1.0553717270564082
Q00174,-1.0569054865671865
Q08421,-1.058682078770838
Q03823,-1.0609064537938169
Q01075,-1.0611777974097316
Q01871,-1.0621893890486098
Q01269,-1.0635981611613994
Q08113,-1.0639580509507711
Q04684,-1.0674160350913446
Q09432,-1.0677970651981883
Q04037,-1.068843689562278
Q00851,-1.0689689815008503
Q09226,-1.0697436675326006
Q09756,-1.0712158686117046
Q03672,-1.071342718634808
Q05033,-1.0725031612573657
Q04828,-1.0725151367711083
Q01196,-1.0726567458705598
Q04916,-1.072762733948123
Q09830,-1.0727950073832269
Q05902,-1.0729237517934707
Q03950,-1.0738436816244852
Q02588,-1.075315023695532
Q06039,-1.0754051976355392
Q10469,-1.0760292902439466
Q01003,-1.076507247366991
Q05087,-1.0769626315446206
Q09462,-1.0774356952639417
Q02762,-1.0776323078350052
Q01106,-1.0802670021182075
Q06280,-1.083316371185771
Q08192,-1.084265784614225
Q00835,-1.0844402774149857
Q02837,-1.0844983140493352
Q03009,-1.0848428346889623
Q03902,-1.0849112732051314
Q08855,-1.0849870285223837
Q03511,-1.085000884407407
Q08577,-1.0857501936171507
Q01771,-1.0876768097036806
Q08124,-1.0876778961907618
Q06338,-1.0891496630248445
Q09048,-1.0894021591843812
Q03496,-1.0897880441052679
Q06763,-1.0898350279277138
Q09952,-1.0910060436466553
Q02726,-1.0913940628697543
Q03443,-1.0932252013046948
Q04405,-1.0933167341915773
Q09883,-1.0933736927411295
Q05806,-1.0946409075210135
Q01669,-1.09545787131715
Q02336,-1.0965614992529293
Q10051,-1.0973810106073183
Q07341,-1.0974907260061848
Q10093,-1.0990891016906463
Q00439,-1.1006899437656497
Q07732,-1.1016785015896682
Q07301,-1.103902298461743
Q04532,-1.104356035686983
Q02081,-1.1046665346285038
Q00258,-1.1046669346780031
Q04976,-1.1057571351170132
Q08716,-1.107021409608665
Q05488,-1.107891816752776
Q08531,-1.1087717756767936
Q03999,-1.1121688982872335
Q04844,-1.1129607616158452
Q05193,-1.1143268617241566
Q04825,-1.1148385994616754
Q03070,-1.1158597359376556
Q04184,-1.1162052112220193
Q07033,-1.1187035147483337
Q02586,-1.1198178535633767
Q06678,-1.1202614430086506
Q08361,-1.1209803745913896
Q03380,-1.1213872582987472
Q09580,-1.1214203200737718
Q06305,-1.122031909490135
Q08166,-1.122049861118813
Q01305,-1.1221436049089326
Q07785,-1.1245335107857777
Q04393,-1.1256799698070672
Q04618,-1.1258195095141321
Q09551,-1.1277828600631852
Q00228,-1.1282593182645324
Q02738,-1.1283625636076586
Q03060,-1.1302246669917497
Q00235,-1.1305241776776003
Q09263,-1.1322477621705818
Q02461,-1.1324437759289507
Q08186,-1.132909085362131
Q00910,-1.1333309807846164
Q02584,-1.1339524818900357
Q09472,-1.1340975664268402
Q10161,-1.1343698219346996
Q02247,-1.134567549534709
Q05660,-1.1363320799232128
Q03509,-1.1372550576279818
Q05705,-1.1375362403919425
Q01711,-1.1386459971344274
Q01273,-1.138857881417314
Q00483,-1.1390372189213471
Q06443,-1.1402557281255454
Q01643,-1.140458517642976
Q06824,-1.1416061793736962
Q00638,-1.142300318710545
Q05343,-1.1472816994814337
Q02728,-1.1484597517660593
Q07038,-1.1487849747292824
Q03507,-1.1495316177509933
Q04703,-1.1496929463040273
Q06600,-1.1502223604495314
Q08804,-1.1504764854627045
Q03569,-1.151180899924683
Q04923,-1.1514797401168222
Q02625,-1.1519769922226974
Q05470,-1.1535633956368068
Q00295,-1.1537563331899974
Q03239,-1.154907608395226
Q01758,-1.1560311435770407
Q08183,-1.1568492809650057
Q03829,-1.1576773938401428
Q09496,-1.1606331749091319
Q00362,-1.160740060445104
Q04902,-1.161115774004959
Q10019,-1.1636919465639521
Q08709,-1.1642915737514674
Q00896,-1.1665114423592262
Q02384,-1.1699439359015684
Q01555,-1.1705424832426723
Q07937,-1.1731236379035104
Q06687,-1.1732900643509687
Q00340,-1.1733768536389977
Q01856,-1.1754409599649474
Q07103,-1.175555434424407
Q05501,-1.1787284624434895
Q07183,-1.1789929458167474
Q00485,-1.1817393498339588
Q00061,-1.1828964544605038
Q09373,-1.1829400277718944
Q06198,-1.1840324377713225
Q09606,-1.1856273492098592
Q08569,-1.18772544351783
Q03038,-1.1898252253451918
Q09776,-1.1898951242188163
Q05116,-1.1909756147418045
Q07599,-1.1918758795145084
Q05022,-1.1936644738560247
Q01992,-1.19399777535559
Q06098,-1.1950784603834477
Q09872,-1.1957134599262171
Q08254,-1.1961117721825554
Q02860,-1.1966709500155117
Q03914,-1.197438883270451
Q07139,-1.1974884720063872
Q09719,-1.199354642304464
Q05857,-1.2023829595172744
Q06254,-1.2025215499054343
Q01932,-1.2035111271915193
Q09747,-1.2069501728922478
Q06507,-1.2083305199563916
Q04452,-1.2086666428187498
Q03205,-1.2142017684679995
Q01321,-1.2155328149308773
Q10471,-1.215574834645254
Q07832,-1.217811281144402
Q09789,-1.2207536988079504
Q06800,-1.2213208771416186
Q10114,-1.2225709173940362
Q06621,-1.2229305586188504
Q00492,-1.2244920797527379
Q02593,-1.2245614237648548
Q02465,-1.2250029770885213
Q01929,-1.2275662564750869
Q06900,-1.2293162959531487
Q00533,-1.2300332651455994
Q05550,-1.2315205463174321
Q10290,-1.2332623942408942
Q08750,-1.2352090542120833
Q06014,-1.2367012983935195
Q07291,-1.2382952558393625
Q10168,-1.2413895467278984
Q05884,-1.243707855065162
Q07513,-1.2447945768529578
Q00659,-1.2450756396283715
Q03793,-1.2491648121084733
Q05237,-1.249393106019727
Q01576,-1.2497029248364815
Q07559,-1.2506529522580458
Q05995,-1.2576665717262459
Q01231,-1.2583876570154786
Q00359,-1.259670890243057
Q00538,-1.265107836592113
Q06709,-1.26789735753738
Q04597,-1.268811022289442
Q03527,-1.279428244079049
Q03429,-1.2806873218704768
Q04693,-1.2828605721430055
Q09183,-1.2832170064942334
Q07550,-1.2832642799616378
Q05561,-1.2844227133278512
Q01434,-1.2954820715803683
Q04196,-1.297757673905339
Q02935,-1.2983890750375917
Q07638,-1.2991621785752903
Q01070,-1.3018132425685598
Q03181,-1.304335789784744
Q07992,-1.3079180548726572
Q04938,-1.3151667292273612
Q05453,-1.3167671355951207
Q01122,-1.3175716125437547
Q01477,-1.319311839233794
Q04570,-1.3194506989607215
Q07265,-1.3208910908475326
Q05606,-1.321969367003787
Q02090,-1.3242112010104934
Q06723,-1.3276419301150886
Q09033,-1.330043718137088
Q02201,-1.3342602459844122
Q02740,-1.3422011096055608
Q08964,-1.3434706068590028
Q02135,-1.3455987672456347
Q03494,-1.3462089929035133
Q00431,-1.3472791720062698
Q02019,-1.3528985371424278
Q08671,-1.355614798537244
Q08201,-1.35738228822089
Q08058,-1.3578385919892602
Q06493,-1.3650033108670703
Q08338,-1.37322422360253
Q10221,-1.3829012512891565
Q08520,-1.393798690581976
Q01863,-1.3963190247095971
Q00617,-1.3992269957869057
Q05875,-1.4050584370529895
Q01345,-1.4062469516724896
Q08580,-1.40820621790621
Q05775,-1.4102508940832275
Q08986,-1.4109307288956785
Q10384,-1.414697408524283
Q04121,-1.4151372924810581
Q10288,-1.4171780306775625
Q05732,-1.4194664333052378
Q10307,-1.4204340679560243
Q03351,-1.427994005756159
Q03399,-1.4323792385838996
Q09169,-1.437691089592527
Q09971,-1.4461098633088827
Q05404,-1.4461374725866487
Q03411,-1.450621163753306
Q09242,-1.4535525095902562
Q02617,-1.4573273013629982
Q05309,-1.4657625643053152
Q05373,-1.4667250801802998
Q08398,-1.4692962867281048
Q04033,-1.4705853865879315
Q04075,-1.4832694382228429
Q07614,-1.4886187394798582
Q01704,-1.4927606409233067
Q06615,-1.4984755329249302
Q07072,-1.5054022843284243
Q09723,-1.5085530904115585
Q02962,-1.517045607925322
Q10153,-1.5208524637643361
Q10002,-1.5345276109320642
Q01656,-1.536822969355909
Q03770,-1.5424669156796382
Q09916,-1.5508443570498336
Q02424,-1.5520813225896677
Q07775,-1.5626202706740324
Q04398,-1.576532969115027
Q05140,-1.5772567666357817
Q01222,-1.582845759150528
Q09096,-1.6093814920590925
Q07954,-1.6136480757199354
Q01721,-1.6142100941633077
Q09696,-1.620481966918342
Q09794,-1.6229523279814657
Q00763,-1.6475378867871047
Q07498,-1.655055294126728
Q10404,-1.6741471212325023
Q02245,-1.6742145918673772
Q00420,-1.674248034456319
Q07556,-1.6949162980160422
Q10489,-1.69497000311062
Q00943,-1.6970344435283409
Q00766,-1.710386717225354
Q08137,-1.733854540327101
Q09304,-1.7450767071132238
Q03519,-1.7542143662860679
Q05890,-1.7677766802636135
Q04268,-1.8924156415513853
Q03957,-1.9205096039845575
