question_id,section,subtopic,difficulty_tag,exam_tags,_true_correct_prob
Q00001,Logical Reasoning,Puzzles,Hard,General,0.332
Q00002,Quantitative Aptitude,Averages,Easy,Placements,0.876
Q00003,Quantitative Aptitude,Compound Interest,Hard,"CAT,TCS NQT,General",0.379
Q00004,Quantitative Aptitude,Progressions (AP/GP),Hard,"CAT,General",0.338
Q00005,Verbal Ability,Para Jumbles,Easy,Placements,0.777
Q00006,Quantitative Aptitude,Permutation & Combination,Medium,"CAT,TCS NQT,Placements",0.527
Q00007,Logical Reasoning,Input-Output,Easy,Banking,0.749
Q00008,Quantitative Aptitude,Progressions (AP/GP),Medium,"CAT,Placements",0.566
Q00009,Logical Reasoning,Input-Output,Medium,"SSC,Placements",0.553
Q00010,Logical Reasoning,Series Completion,Easy,"CAT,General",0.729
Q00011,Verbal Ability,Para Summary,Easy,SSC,0.77
Q00012,Verbal Ability,Fill in the Blanks,Medium,"SSC,CAT,Banking",0.535
Q00013,Quantitative Aptitude,Probability,Medium,Banking,0.591
Q00014,Quantitative Aptitude,Profit & Loss,Medium,"SSC,TCS NQT,General",0.489
Q00015,Logical Reasoning,Series Completion,Easy,"CAT,General,Placements",0.837
Q00016,Quantitative Aptitude,Mixtures & Alligations,Easy,Placements,0.809
Q00017,Quantitative Aptitude,Simple Interest,Easy,"SSC,Banking",0.726
Q00018,Verbal Ability,Cloze Test,Medium,"Placements,SSC",0.514
Q00019,Quantitative Aptitude,Linear Equations,Medium,General,0.566
Q00020,Quantitative Aptitude,Averages,Hard,"General,CAT,Placements",0.281
Q00021,Verbal Ability,Idioms & Phrases,Easy,"Placements,General,Banking",0.852
Q00022,Verbal Ability,Para Summary,Easy,"General,TCS NQT",0.847
Q00023,Logical Reasoning,Statement & Assumption,Easy,"SSC,CAT,Placements",0.817
Q00024,Quantitative Aptitude,Percentages,Easy,"Banking,SSC",0.849
Q00025,Quantitative Aptitude,Profit & Loss,Easy,TCS NQT,0.841
Q00026,Data Interpretation,Mixed DI Sets,Medium,General,0.618
Q00027,Quantitative Aptitude,Trigonometry,Medium,"General,Banking",0.568
Q00028,Verbal Ability,Synonyms & Antonyms,Medium,"Placements,General",0.627
Q00029,Logical Reasoning,Statement & Conclusion,Medium,"TCS NQT,Banking,General",0.554
Q00030,Quantitative Aptitude,Linear Equations,Medium,Placements,0.535
Q00031,Data Interpretation,Venn-based DI,Easy,"CAT,General",0.874
Q00032,Quantitative Aptitude,Simple Interest,Easy,General,0.774
Q00033,Quantitative Aptitude,Time & Work,Easy,"Banking,TCS NQT,CAT",0.846
Q00034,Verbal Ability,Para Summary,Easy,"TCS NQT,Banking",0.816
Q00035,Data Interpretation,Venn-based DI,Medium,"TCS NQT,CAT",0.515
Q00036,Quantitative Aptitude,Surds & Indices,Medium,"CAT,TCS NQT,SSC",0.534
Q00037,Verbal Ability,Cloze Test,Hard,"CAT,SSC",0.3
Q00038,Logical Reasoning,Input-Output,Easy,Banking,0.788
Q00039,Quantitative Aptitude,Number System,Easy,"General,SSC,Placements",0.792
Q00040,Logical Reasoning,Puzzles,Medium,"SSC,TCS NQT,Placements",0.57
Q00041,Logical Reasoning,Direction Sense,Hard,"Placements,TCS NQT",0.204
Q00042,Quantitative Aptitude,Permutation & Combination,Easy,TCS NQT,0.799
Q00043,Verbal Ability,Fill in the Blanks,Medium,"CAT,General",0.54
Q00044,Quantitative Aptitude,Linear Equations,Medium,"Placements,CAT",0.565
Q00045,Data Interpretation,Tables,Easy,"CAT,General,Banking",0.857
Q00046,Quantitative Aptitude,Profit & Loss,Medium,"Placements,General,Banking",0.588
Q00047,Logical Reasoning,Coding-Decoding,Medium,"TCS NQT,General",0.579
Q00048,Quantitative Aptitude,Geometry,Hard,TCS NQT,0.41
Q00049,Quantitative Aptitude,Pipes & Cisterns,Easy,"Placements,SSC,Banking",0.805
Q00050,Verbal Ability,Cloze Test,Easy,"SSC,Banking,TCS NQT",0.775
Q00051,Logical Reasoning,Puzzles,Easy,Placements,0.747
Q00052,Verbal Ability,Para Jumbles,Medium,"CAT,TCS NQT",0.574
Q00053,Data Interpretation,Venn-based DI,Easy,TCS NQT,0.761
Q00054,Data Interpretation,Tables,Hard,CAT,0.284
Q00055,Quantitative Aptitude,Partnership,Medium,"CAT,Placements,General",0.561
Q00056,Logical Reasoning,Syllogisms,Easy,"CAT,TCS NQT",0.865
Q00057,Quantitative Aptitude,Ratio & Proportion,Hard,"General,Banking",0.313
Q00058,Quantitative Aptitude,"Time, Speed & Distance",Easy,"Placements,TCS NQT,Banking",0.839
Q00059,Verbal Ability,Sentence Correction,Hard,"Banking,Placements",0.313
Q00060,Verbal Ability,Para Jumbles,Easy,General,0.817
Q00061,Quantitative Aptitude,Geometry,Hard,"Banking,General",0.315
Q00062,Quantitative Aptitude,Mensuration,Easy,"CAT,General,TCS NQT",0.764
Q00063,Logical Reasoning,Ranking & Order,Medium,"SSC,CAT,Placements",0.49
Q00064,Verbal Ability,Sentence Correction,Easy,TCS NQT,0.833
Q00065,Quantitative Aptitude,Mensuration,Medium,Banking,0.598
Q00066,Verbal Ability,Synonyms & Antonyms,Medium,"Banking,Placements",0.571
Q00067,Quantitative Aptitude,Profit & Loss,Medium,"TCS NQT,CAT",0.506
Q00068,Data Interpretation,Bar Graphs,Medium,"TCS NQT,CAT,General",0.509
Q00069,Data Interpretation,Tables,Medium,Banking,0.551
Q00070,Logical Reasoning,Analogy,Medium,"Placements,Banking",0.623
Q00071,Quantitative Aptitude,Percentages,Medium,Banking,0.496
Q00072,Data Interpretation,Bar Graphs,Hard,"SSC,Banking",0.324
Q00073,Data Interpretation,Caselets,Medium,"General,TCS NQT",0.574
Q00074,Data Interpretation,Radar/Spider Charts,Hard,Placements,0.296
Q00075,Quantitative Aptitude,Mixtures & Alligations,Medium,CAT,0.528
Q00076,Quantitative Aptitude,Progressions (AP/GP),Medium,"TCS NQT,CAT,SSC",0.593
Q00077,Data Interpretation,Bar Graphs,Medium,TCS NQT,0.506
Q00078,Verbal Ability,Odd One Out,Hard,"TCS NQT,Placements,CAT",0.308
Q00079,Quantitative Aptitude,Permutation & Combination,Medium,Placements,0.568
Q00080,Verbal Ability,Para Jumbles,Medium,"CAT,Placements,Banking",0.578
Q00081,Logical Reasoning,Puzzles,Easy,"Placements,TCS NQT,CAT",0.826
Q00082,Data Interpretation,Pie Charts,Hard,"General,TCS NQT",0.326
Q00083,Logical Reasoning,Venn Diagrams,Medium,"Placements,SSC",0.579
Q00084,Verbal Ability,Sentence Correction,Medium,"Banking,Placements",0.607
Q00085,Data Interpretation,Caselets,Easy,"SSC,CAT",0.761
Q00086,Logical Reasoning,Blood Relations,Easy,"TCS NQT,General",0.788
Q00087,Logical Reasoning,Puzzles,Medium,TCS NQT,0.584
Q00088,Quantitative Aptitude,"Time, Speed & Distance",Easy,"SSC,Placements,General",0.719
Q00089,Verbal Ability,Para Jumbles,Medium,SSC,0.553
Q00090,Verbal Ability,Critical Reasoning,Easy,Banking,0.746
Q00091,Verbal Ability,Idioms & Phrases,Easy,"SSC,TCS NQT,CAT",0.802
Q00092,Logical Reasoning,Clocks & Calendars,Medium,"CAT,Placements,SSC",0.517
Q00093,Verbal Ability,Para Jumbles,Hard,General,0.199
Q00094,Verbal Ability,Idioms & Phrases,Easy,SSC,0.809
Q00095,Logical Reasoning,Clocks & Calendars,Easy,"Placements,SSC,General",0.825
Q00096,Logical Reasoning,Statement & Conclusion,Easy,"Banking,SSC,CAT",0.843
Q00097,Quantitative Aptitude,Profit & Loss,Easy,"Banking,SSC,CAT",0.888
Q00098,Verbal Ability,Reading Comprehension,Easy,"Placements,SSC",0.82
Q00099,Data Interpretation,Line Graphs,Medium,"Banking,TCS NQT,General",0.656
Q00100,Logical Reasoning,Blood Relations,Easy,CAT,0.852
Q00101,Logical Reasoning,Direction Sense,Medium,"CAT,SSC,Placements",0.572
Q00102,Logical Reasoning,Input-Output,Easy,CAT,0.839
Q00103,Logical Reasoning,Clocks & Calendars,Medium,"CAT,SSC",0.537
Q00104,Logical Reasoning,Series Completion,Medium,"Placements,CAT,SSC",0.488
Q00105,Verbal Ability,Idioms & Phrases,Easy,"TCS NQT,Placements",0.872
Q00106,Logical Reasoning,Statement & Assumption,Hard,Placements,0.228
Q00107,Verbal Ability,Para Summary,Easy,Placements,0.81
Q00108,Quantitative Aptitude,Pipes & Cisterns,Medium,"Banking,Placements",0.52
Q00109,Data Interpretation,Caselets,Medium,General,0.629
Q00110,Logical Reasoning,Puzzles,Medium,"CAT,Banking",0.488
Q00111,Data Interpretation,Tables,Medium,Banking,0.564
Q00112,Quantitative Aptitude,Linear Equations,Easy,"Placements,General",0.769
Q00113,Verbal Ability,Reading Comprehension,Easy,"Placements,Banking,SSC",0.771
Q00114,Quantitative Aptitude,Averages,Medium,SSC,0.592
Q00115,Verbal Ability,Fill in the Blanks,Hard,"TCS NQT,Banking,SSC",0.341
Q00116,Quantitative Aptitude,Number System,Easy,SSC,0.831
Q00117,Verbal Ability,Synonyms & Antonyms,Hard,"SSC,CAT,TCS NQT",0.299
Q00118,Logical Reasoning,Input-Output,Medium,"General,SSC",0.556
Q00119,Quantitative Aptitude,Geometry,Hard,"TCS NQT,CAT,Banking",0.289
Q00120,Verbal Ability,Verbal Analogies,Medium,SSC,0.605
Q00121,Quantitative Aptitude,Percentages,Hard,"Banking,CAT,Placements",0.365
Q00122,Quantitative Aptitude,Linear Equations,Hard,"CAT,SSC",0.301
Q00123,Logical Reasoning,Venn Diagrams,Easy,"CAT,SSC,TCS NQT",0.816
Q00124,Data Interpretation,Data Sufficiency (DI),Medium,"Banking,SSC",0.543
Q00125,Verbal Ability,Idioms & Phrases,Medium,Placements,0.5
Q00126,Verbal Ability,Para Summary,Medium,"Banking,Placements,SSC",0.489
Q00127,Verbal Ability,Para Summary,Medium,"CAT,SSC,TCS NQT",0.549
Q00128,Quantitative Aptitude,"Time, Speed & Distance",Medium,"TCS NQT,General",0.505
Q00129,Logical Reasoning,Venn Diagrams,Hard,"Banking,General",0.259
Q00130,Quantitative Aptitude,Surds & Indices,Medium,TCS NQT,0.534
Q00131,Verbal Ability,Odd One Out,Easy,"Placements,CAT,SSC",0.812
Q00132,Quantitative Aptitude,Permutation & Combination,Hard,"General,TCS NQT,SSC",0.275
Q00133,Verbal Ability,Para Jumbles,Easy,General,0.728
Q00134,Verbal Ability,Critical Reasoning,Hard,Placements,0.23
Q00135,Data Interpretation,Line Graphs,Medium,CAT,0.514
Q00136,Verbal Ability,Sentence Correction,Medium,"TCS NQT,CAT",0.539
Q00137,Logical Reasoning,Cubes & Dice,Hard,"General,TCS NQT",0.299
Q00138,Quantitative Aptitude,"Time, Speed & Distance",Medium,"General,Banking,TCS NQT",0.5
Q00139,Quantitative Aptitude,Quadratic Equations,Easy,Placements,0.816
Q00140,Verbal Ability,Cloze Test,Medium,"CAT,General,Banking",0.509
Q00141,Data Interpretation,Tables,Medium,General,0.585
Q00142,Quantitative Aptitude,Permutation & Combination,Hard,"CAT,TCS NQT",0.28
Q00143,Quantitative Aptitude,Ratio & Proportion,Hard,Banking,0.311
Q00144,Quantitative Aptitude,Compound Interest,Medium,"General,TCS NQT",0.551
Q00145,Data Interpretation,Venn-based DI,Medium,"SSC,Banking,TCS NQT",0.623
Q00146,Logical Reasoning,Cubes & Dice,Medium,General,0.598
Q00147,Logical Reasoning,Analogy,Hard,"SSC,Placements",0.409
Q00148,Quantitative Aptitude,Set Theory,Easy,"TCS NQT,Banking",0.76
Q00149,Logical Reasoning,Statement & Assumption,Medium,"Banking,CAT",0.512
Q00150,Data Interpretation,Caselets,Hard,SSC,0.308
Q00151,Verbal Ability,Fill in the Blanks,Medium,"TCS NQT,CAT",0.598
Q00152,Verbal Ability,Synonyms & Antonyms,Easy,Placements,0.771
Q00153,Data Interpretation,Data Sufficiency (DI),Hard,"Placements,General,CAT",0.234
Q00154,Data Interpretation,Data Sufficiency (DI),Hard,"SSC,TCS NQT",0.392
Q00155,Quantitative Aptitude,Mensuration,Easy,"CAT,Placements",0.859
Q00156,Data Interpretation,Data Sufficiency (DI),Easy,"TCS NQT,CAT",0.777
Q00157,Logical Reasoning,Ranking & Order,Medium,"CAT,SSC",0.544
Q00158,Logical Reasoning,Clocks & Calendars,Easy,"Banking,TCS NQT",0.862
Q00159,Quantitative Aptitude,Pipes & Cisterns,Hard,"TCS NQT,General,Placements",0.3
Q00160,Verbal Ability,Odd One Out,Hard,SSC,0.302
Q00161,Verbal Ability,Para Summary,Easy,"CAT,Banking",0.747
Q00162,Data Interpretation,Mixed DI Sets,Medium,"General,Banking,Placements",0.543
Q00163,Quantitative Aptitude,Mensuration,Medium,TCS NQT,0.473
Q00164,Quantitative Aptitude,Probability,Medium,Banking,0.614
Q00165,Logical Reasoning,Blood Relations,Medium,General,0.609
Q00166,Logical Reasoning,Input-Output,Medium,Banking,0.553
Q00167,Data Interpretation,Line Graphs,Medium,SSC,0.582
Q00168,Verbal Ability,Para Summary,Easy,"Placements,Banking",0.868
Q00169,Quantitative Aptitude,Algebra,Easy,"Banking,SSC",0.853
Q00170,Logical Reasoning,Input-Output,Medium,"CAT,Banking",0.462
Q00171,Data Interpretation,Bar Graphs,Easy,"TCS NQT,CAT,SSC",0.875
Q00172,Logical Reasoning,Statement & Assumption,Medium,"CAT,General,TCS NQT",0.554
Q00173,Data Interpretation,Tables,Hard,CAT,0.215
Q00174,Logical Reasoning,Direction Sense,Hard,Placements,0.297
Q00175,Logical Reasoning,Analogy,Easy,"CAT,TCS NQT,Placements",0.735
Q00176,Quantitative Aptitude,Mensuration,Easy,"SSC,General,Placements",0.833
Q00177,Quantitative Aptitude,Logarithms,Easy,"General,CAT,Placements",0.818
Q00178,Quantitative Aptitude,Mixtures & Alligations,Easy,TCS NQT,0.753
Q00179,Data Interpretation,Bar Graphs,Medium,"TCS NQT,Banking",0.501
Q00180,Quantitative Aptitude,Quadratic Equations,Easy,"Placements,CAT,General",0.825
Q00181,Quantitative Aptitude,Simple Interest,Easy,"SSC,TCS NQT,CAT",0.795
Q00182,Quantitative Aptitude,Progressions (AP/GP),Medium,SSC,0.498
Q00183,Logical Reasoning,Input-Output,Medium,"SSC,CAT,General",0.515
Q00184,Data Interpretation,Bar Graphs,Hard,"Banking,CAT",0.311
Q00185,Quantitative Aptitude,Geometry,Easy,"General,Banking",0.831
Q00186,Quantitative Aptitude,Partnership,Easy,Banking,0.838
Q00187,Logical Reasoning,Coding-Decoding,Medium,"TCS NQT,SSC,Banking",0.474
Q00188,Logical Reasoning,Cubes & Dice,Medium,"General,TCS NQT",0.618
Q00189,Quantitative Aptitude,Averages,Easy,"Placements,CAT",0.829
Q00190,Logical Reasoning,Statement & Conclusion,Medium,"Placements,Banking",0.566
Q00191,Quantitative Aptitude,Progressions (AP/GP),Medium,"General,Banking,SSC",0.47
Q00192,Quantitative Aptitude,Number System,Medium,"SSC,Placements",0.56
Q00193,Quantitative Aptitude,Trigonometry,Easy,SSC,0.768
Q00194,Quantitative Aptitude,Averages,Hard,"SSC,TCS NQT",0.246
Q00195,Logical Reasoning,Statement & Conclusion,Medium,"CAT,TCS NQT,Placements",0.55
Q00196,Quantitative Aptitude,Profit & Loss,Medium,General,0.624
Q00197,Logical Reasoning,Input-Output,Medium,"TCS NQT,Placements",0.498
Q00198,Quantitative Aptitude,Partnership,Medium,"General,Banking",0.54
Q00199,Verbal Ability,Odd One Out,Medium,CAT,0.48
Q00200,Quantitative Aptitude,Mixtures & Alligations,Easy,Banking,0.828
Q00201,Quantitative Aptitude,Partnership,Easy,SSC,0.77
Q00202,Quantitative Aptitude,Surds & Indices,Hard,"SSC,Banking,General",0.257
Q00203,Quantitative Aptitude,Geometry,Medium,"TCS NQT,SSC,General",0.564
Q00204,Quantitative Aptitude,Partnership,Medium,"SSC,General",0.547
Q00205,Data Interpretation,Caselets,Hard,CAT,0.271
Q00206,Quantitative Aptitude,Pipes & Cisterns,Medium,SSC,0.588
Q00207,Data Interpretation,Pie Charts,Medium,"TCS NQT,Placements,General",0.467
Q00208,Verbal Ability,Sentence Correction,Easy,"Banking,SSC,TCS NQT",0.827
Q00209,Quantitative Aptitude,Simple Interest,Medium,SSC,0.469
Q00210,Quantitative Aptitude,Ratio & Proportion,Medium,"Placements,SSC",0.552
Q00211,Quantitative Aptitude,Number System,Medium,"TCS NQT,Placements,SSC",0.547
Q00212,Logical Reasoning,Syllogisms,Easy,TCS NQT,0.739
Q00213,Quantitative Aptitude,Mixtures & Alligations,Easy,"Placements,Banking,CAT",0.85
Q00214,Quantitative Aptitude,Number System,Medium,"SSC,Banking,TCS NQT",0.521
Q00215,Verbal Ability,Odd One Out,Medium,"Placements,CAT",0.426
Q00216,Quantitative Aptitude,Averages,Hard,"CAT,General",0.26
Q00217,Verbal Ability,Para Summary,Hard,"CAT,TCS NQT",0.319
Q00218,Data Interpretation,Bar Graphs,Easy,Placements,0.77
Q00219,Quantitative Aptitude,Progressions (AP/GP),Medium,"CAT,Placements",0.608
Q00220,Quantitative Aptitude,Simple Interest,Medium,"Banking,TCS NQT,Placements",0.563
Q00221,Quantitative Aptitude,Permutation & Combination,Easy,"Banking,General",0.82
Q00222,Verbal Ability,Critical Reasoning,Medium,"Banking,SSC,CAT",0.529
Q00223,Logical Reasoning,Puzzles,Hard,General,0.36
Q00224,Logical Reasoning,Series Completion,Medium,"General,CAT",0.53
Q00225,Logical Reasoning,Coding-Decoding,Easy,Placements,0.801
Q00226,Quantitative Aptitude,Probability,Hard,Placements,0.384
Q00227,Logical Reasoning,Blood Relations,Medium,"Banking,TCS NQT",0.562
Q00228,Quantitative Aptitude,Trigonometry,Hard,"CAT,Placements",0.339
Q00229,Verbal Ability,Critical Reasoning,Easy,"SSC,Banking,CAT",0.817
Q00230,Verbal Ability,Cloze Test,Medium,SSC,0.529
Q00231,Data Interpretation,Tables,Medium,"CAT,TCS NQT",0.527
Q00232,Quantitative Aptitude,Ratio & Proportion,Medium,"Placements,SSC,General",0.508
Q00233,Quantitative Aptitude,Profit & Loss,Medium,Placements,0.574
Q00234,Quantitative Aptitude,Mixtures & Alligations,Hard,"General,TCS NQT,SSC",0.317
Q00235,Quantitative Aptitude,Mensuration,Hard,Banking,0.287
Q00236,Verbal Ability,Error Spotting,Easy,"General,Banking",0.751
Q00237,Quantitative Aptitude,Averages,Medium,"TCS NQT,Banking,General",0.593
Q00238,Verbal Ability,Para Jumbles,Medium,"CAT,Banking,SSC",0.618
Q00239,Quantitative Aptitude,Logarithms,Easy,"CAT,General",0.711
Q00240,Logical Reasoning,Statement & Assumption,Hard,"TCS NQT,General,CAT",0.375
Q00241,Quantitative Aptitude,Surds & Indices,Medium,"TCS NQT,CAT",0.672
Q00242,Quantitative Aptitude,Time & Work,Hard,"TCS NQT,Banking",0.306
Q00243,Data Interpretation,Caselets,Medium,TCS NQT,0.574
Q00244,Verbal Ability,Para Summary,Easy,"Banking,CAT,General",0.811
Q00245,Logical Reasoning,Data Sufficiency,Medium,"SSC,General",0.63
Q00246,Data Interpretation,Pie Charts,Hard,SSC,0.274
Q00247,Logical Reasoning,Input-Output,Easy,"Banking,SSC,General",0.803
Q00248,Logical Reasoning,Syllogisms,Medium,"CAT,SSC",0.605
Q00249,Quantitative Aptitude,Averages,Easy,"CAT,Banking",0.749
Q00250,Logical Reasoning,Blood Relations,Hard,"TCS NQT,Banking,General",0.217
Q00251,Quantitative Aptitude,Percentages,Easy,TCS NQT,0.783
Q00252,Quantitative Aptitude,Linear Equations,Medium,"Banking,General,CAT",0.633
Q00253,Quantitative Aptitude,"Time, Speed & Distance",Easy,"TCS NQT,Placements",0.665
Q00254,Data Interpretation,Caselets,Medium,"General,Banking",0.547
Q00255,Logical Reasoning,Puzzles,Medium,General,0.537
Q00256,Quantitative Aptitude,Logarithms,Hard,General,0.245
Q00257,Logical Reasoning,Coding-Decoding,Medium,"TCS NQT,CAT",0.551
Q00258,Quantitative Aptitude,Probability,Hard,"CAT,Placements",0.299
Q00259,Quantitative Aptitude,Simple Interest,Easy,"CAT,Placements",0.798
Q00260,Logical Reasoning,Analogy,Easy,"SSC,TCS NQT,General",0.773
Q00261,Verbal Ability,Para Summary,Medium,"Banking,Placements",0.417
Q00262,Logical Reasoning,Cubes & Dice,Medium,"Placements,Banking,General",0.605
Q00263,Quantitative Aptitude,Logarithms,Easy,"General,Placements,CAT",0.73
Q00264,Verbal Ability,Critical Reasoning,Medium,"SSC,TCS NQT",0.511
Q00265,Quantitative Aptitude,Averages,Easy,SSC,0.847
Q00266,Quantitative Aptitude,Pipes & Cisterns,Easy,"TCS NQT,General",0.864
Q00267,Quantitative Aptitude,Surds & Indices,Medium,"Placements,Banking",0.524
Q00268,Verbal Ability,Idioms & Phrases,Easy,"SSC,General",0.824
Q00269,Quantitative Aptitude,Probability,Easy,"Banking,General,SSC",0.836
Q00270,Verbal Ability,Sentence Correction,Medium,"Placements,TCS NQT,Banking",0.572
Q00271,Verbal Ability,Sentence Correction,Easy,"CAT,SSC",0.83
Q00272,Quantitative Aptitude,Pipes & Cisterns,Easy,"General,Banking",0.785
Q00273,Quantitative Aptitude,Quadratic Equations,Easy,"General,Placements,Banking",0.816
Q00274,Logical Reasoning,Syllogisms,Hard,TCS NQT,0.237
Q00275,Verbal Ability,Verbal Analogies,Easy,"CAT,Banking",0.765
Q00276,Logical Reasoning,Puzzles,Easy,"Banking,CAT,Placements",0.73
Q00277,Verbal Ability,Para Summary,Medium,"Placements,CAT,Banking",0.446
Q00278,Quantitative Aptitude,Averages,Hard,"TCS NQT,Banking",0.385
Q00279,Verbal Ability,Cloze Test,Easy,SSC,0.798
Q00280,Data Interpretation,Venn-based DI,Medium,"SSC,Banking",0.605
Q00281,Logical Reasoning,Syllogisms,Easy,"CAT,Placements,SSC",0.815
Q00282,Verbal Ability,Sentence Correction,Easy,"CAT,Banking,General",0.714
Q00283,Quantitative Aptitude,Set Theory,Hard,"CAT,Banking,Placements",0.301
Q00284,Quantitative Aptitude,Partnership,Easy,"CAT,General",0.817
Q00285,Quantitative Aptitude,Algebra,Hard,SSC,0.31
Q00286,Quantitative Aptitude,Linear Equations,Medium,"Banking,Placements",0.501
Q00287,Verbal Ability,Sentence Correction,Hard,"Banking,TCS NQT,Placements",0.313
Q00288,Verbal Ability,Synonyms & Antonyms,Medium,CAT,0.599
Q00289,Quantitative Aptitude,Logarithms,Hard,"TCS NQT,Placements",0.208
Q00290,Logical Reasoning,Analogy,Easy,"Placements,General,Banking",0.736
Q00291,Quantitative Aptitude,Set Theory,Medium,"Banking,SSC",0.559
Q00292,Quantitative Aptitude,Surds & Indices,Medium,Banking,0.512
Q00293,Quantitative Aptitude,Mixtures & Alligations,Medium,"TCS NQT,Placements,CAT",0.501
Q00294,Logical Reasoning,Cubes & Dice,Medium,"TCS NQT,SSC",0.603
Q00295,Verbal Ability,Cloze Test,Hard,"General,SSC",0.257
Q00296,Quantitative Aptitude,Mensuration,Easy,"Placements,Banking",0.835
Q00297,Logical Reasoning,Analogy,Easy,Placements,0.928
Q00298,Quantitative Aptitude,Quadratic Equations,Medium,"SSC,TCS NQT,General",0.545
Q00299,Quantitative Aptitude,Partnership,Easy,"CAT,Banking",0.798
Q00300,Verbal Ability,Critical Reasoning,Medium,TCS NQT,0.639
Q00301,Quantitative Aptitude,Surds & Indices,Hard,"CAT,TCS NQT,Banking",0.332
Q00302,Quantitative Aptitude,Mixtures & Alligations,Medium,TCS NQT,0.599
Q00303,Logical Reasoning,Data Sufficiency,Easy,General,0.796
Q00304,Quantitative Aptitude,"Time, Speed & Distance",Medium,"SSC,Placements,CAT",0.581
Q00305,Data Interpretation,Bar Graphs,Medium,"Banking,CAT",0.578
Q00306,Verbal Ability,Verbal Analogies,Hard,"General,Placements",0.354
Q00307,Quantitative Aptitude,Profit & Loss,Medium,"SSC,Banking",0.571
Q00308,Quantitative Aptitude,Time & Work,Medium,Placements,0.56
Q00309,Data Interpretation,Venn-based DI,Easy,"TCS NQT,General",0.746
Q00310,Data Interpretation,Caselets,Hard,SSC,0.353
Q00311,Data Interpretation,Radar/Spider Charts,Medium,"General,SSC",0.551
Q00312,Quantitative Aptitude,Simple Interest,Hard,"CAT,Placements",0.301
Q00313,Quantitative Aptitude,Ratio & Proportion,Medium,"General,Banking,SSC",0.528
Q00314,Quantitative Aptitude,Profit & Loss,Medium,"CAT,SSC",0.535
Q00315,Quantitative Aptitude,Probability,Medium,Banking,0.541
Q00316,Logical Reasoning,Data Sufficiency,Medium,"General,SSC,Banking",0.528
Q00317,Quantitative Aptitude,Set Theory,Medium,"CAT,Placements",0.563
Q00318,Quantitative Aptitude,Trigonometry,Easy,TCS NQT,0.844
Q00319,Data Interpretation,Venn-based DI,Easy,"TCS NQT,Placements",0.804
Q00320,Data Interpretation,Pie Charts,Medium,"Banking,SSC,General",0.603
Q00321,Data Interpretation,Pie Charts,Medium,CAT,0.524
Q00322,Logical Reasoning,Syllogisms,Medium,"Banking,CAT",0.62
Q00323,Data Interpretation,Pie Charts,Hard,TCS NQT,0.278
Q00324,Logical Reasoning,Direction Sense,Medium,"Banking,SSC",0.623
Q00325,Quantitative Aptitude,Surds & Indices,Easy,"General,TCS NQT,Banking",0.733
Q00326,Quantitative Aptitude,Progressions (AP/GP),Easy,"General,Placements,Banking",0.754
Q00327,Quantitative Aptitude,Set Theory,Easy,Banking,0.798
Q00328,Logical Reasoning,Input-Output,Medium,"CAT,SSC",0.562
Q00329,Quantitative Aptitude,"Time, Speed & Distance",Hard,"Banking,Placements",0.349
Q00330,Data Interpretation,Mixed DI Sets,Medium,General,0.539
Q00331,Verbal Ability,Fill in the Blanks,Easy,"General,SSC,CAT",0.808
Q00332,Verbal Ability,Para Summary,Medium,"Placements,CAT",0.575
Q00333,Quantitative Aptitude,Mensuration,Easy,General,0.769
Q00334,Verbal Ability,Sentence Correction,Medium,"General,TCS NQT,CAT",0.522
Q00335,Quantitative Aptitude,Percentages,Hard,"Placements,General",0.371
Q00336,Verbal Ability,Verbal Analogies,Easy,CAT,0.771
Q00337,Verbal Ability,Idioms & Phrases,Easy,TCS NQT,0.81
Q00338,Logical Reasoning,Series Completion,Medium,SSC,0.474
Q00339,Quantitative Aptitude,Compound Interest,Hard,"CAT,SSC,Placements",0.269
Q00340,Data Interpretation,Line Graphs,Hard,"SSC,Placements,CAT",0.281
Q00341,Data Interpretation,Bar Graphs,Hard,CAT,0.333
Q00342,Quantitative Aptitude,Linear Equations,Medium,TCS NQT,0.651
Q00343,Logical Reasoning,Venn Diagrams,Easy,Placements,0.798
Q00344,Quantitative Aptitude,Averages,Easy,Placements,0.89
Q00345,Verbal Ability,Error Spotting,Easy,"TCS NQT,CAT",0.799
Q00346,Logical Reasoning,Seating Arrangement,Medium,"Banking,SSC",0.609
Q00347,Verbal Ability,Idioms & Phrases,Easy,"CAT,Banking,Placements",0.834
Q00348,Quantitative Aptitude,Logarithms,Hard,General,0.392
Q00349,Verbal Ability,Cloze Test,Medium,"SSC,Banking,CAT",0.591
Q00350,Verbal Ability,Reading Comprehension,Medium,"Banking,General",0.575
Q00351,Verbal Ability,Cloze Test,Medium,Banking,0.542
Q00352,Quantitative Aptitude,Partnership,Medium,"CAT,General",0.557
Q00353,Quantitative Aptitude,Algebra,Hard,"Placements,CAT,General",0.301
Q00354,Quantitative Aptitude,Averages,Easy,"General,TCS NQT,SSC",0.864
Q00355,Verbal Ability,Para Summary,Hard,"TCS NQT,SSC,Banking",0.232
Q00356,Verbal Ability,Idioms & Phrases,Medium,"Banking,CAT,TCS NQT",0.587
Q00357,Verbal Ability,Cloze Test,Easy,"TCS NQT,Placements,Banking",0.812
Q00358,Data Interpretation,Radar/Spider Charts,Easy,Banking,0.879
Q00359,Verbal Ability,Fill in the Blanks,Hard,"Banking,General",0.278
Q00360,Quantitative Aptitude,Pipes & Cisterns,Medium,SSC,0.56
Q00361,Quantitative Aptitude,Geometry,Medium,"General,SSC",0.61
Q00362,Quantitative Aptitude,Linear Equations,Hard,General,0.224
Q00363,Data Interpretation,Radar/Spider Charts,Hard,CAT,0.272
Q00364,Verbal Ability,Para Jumbles,Easy,Banking,0.819
Q00365,Quantitative Aptitude,Simple Interest,Easy,"General,SSC,Placements",0.878
Q00366,Verbal Ability,Idioms & Phrases,Medium,TCS NQT,0.547
Q00367,Quantitative Aptitude,Probability,Hard,"SSC,CAT,Banking",0.228
Q00368,Quantitative Aptitude,Linear Equations,Medium,"Banking,CAT,SSC",0.44
Q00369,Verbal Ability,Verbal Analogies,Easy,"SSC,CAT",0.812
Q00370,Verbal Ability,Verbal Analogies,Easy,"Placements,General,Banking",0.772
Q00371,Data Interpretation,Tables,Easy,SSC,0.833
Q00372,Logical Reasoning,Data Sufficiency,Medium,SSC,0.545
Q00373,Logical Reasoning,Statement & Assumption,Easy,"TCS NQT,General",0.798
Q00374,Data Interpretation,Venn-based DI,Easy,TCS NQT,0.812
Q00375,Quantitative Aptitude,Surds & Indices,Easy,"SSC,CAT,Placements",0.737
Q00376,Data Interpretation,Caselets,Medium,"SSC,General,TCS NQT",0.622
Q00377,Data Interpretation,Bar Graphs,Easy,Placements,0.817
Q00378,Verbal Ability,Verbal Analogies,Hard,"Banking,CAT,Placements",0.323
Q00379,Verbal Ability,Error Spotting,Medium,"CAT,General,Placements",0.56
Q00380,Verbal Ability,Para Summary,Medium,"Banking,SSC",0.585
Q00381,Quantitative Aptitude,Time & Work,Easy,"SSC,General",0.766
Q00382,Quantitative Aptitude,Progressions (AP/GP),Medium,"CAT,General,Placements",0.64
Q00383,Quantitative Aptitude,Time & Work,Medium,"CAT,General,SSC",0.592
Q00384,Quantitative Aptitude,Mensuration,Medium,"Banking,General,TCS NQT",0.517
Q00385,Quantitative Aptitude,Geometry,Easy,"Placements,TCS NQT",0.777
Q00386,Verbal Ability,Para Jumbles,Easy,"Banking,CAT",0.679
Q00387,Verbal Ability,Critical Reasoning,Hard,"General,TCS NQT,Banking",0.252
Q00388,Quantitative Aptitude,Permutation & Combination,Hard,"SSC,CAT,Placements",0.298
Q00389,Quantitative Aptitude,Quadratic Equations,Medium,"CAT,General,Placements",0.625
Q00390,Logical Reasoning,Clocks & Calendars,Easy,Placements,0.844
Q00391,Quantitative Aptitude,Averages,Medium,"SSC,CAT",0.538
Q00392,Quantitative Aptitude,Number System,Easy,"General,Banking",0.766
Q00393,Logical Reasoning,Coding-Decoding,Easy,Banking,0.89
Q00394,Verbal Ability,Idioms & Phrases,Easy,"Placements,TCS NQT,SSC",0.832
Q00395,Quantitative Aptitude,Profit & Loss,Easy,"General,CAT",0.87
Q00396,Quantitative Aptitude,Geometry,Hard,Banking,0.346
Q00397,Quantitative Aptitude,Profit & Loss,Medium,"TCS NQT,Banking",0.585
Q00398,Verbal Ability,Verbal Analogies,Hard,"General,Banking",0.32
Q00399,Quantitative Aptitude,Mixtures & Alligations,Hard,Banking,0.366
Q00400,Logical Reasoning,Blood Relations,Medium,"Placements,TCS NQT",0.56
Q00401,Logical Reasoning,Cubes & Dice,Medium,"SSC,CAT,Banking",0.517
Q00402,Data Interpretation,Pie Charts,Easy,Banking,0.776
Q00403,Data Interpretation,Data Sufficiency (DI),Easy,"CAT,Banking,SSC",0.826
Q00404,Verbal Ability,Error Spotting,Medium,"Placements,SSC",0.521
Q00405,Logical Reasoning,Coding-Decoding,Medium,TCS NQT,0.552
Q00406,Quantitative Aptitude,Set Theory,Medium,TCS NQT,0.556
Q00407,Quantitative Aptitude,Permutation & Combination,Easy,SSC,0.787
Q00408,Data Interpretation,Mixed DI Sets,Medium,"General,Placements,TCS NQT",0.467
Q00409,Verbal Ability,Para Jumbles,Medium,SSC,0.489
Q00410,Data Interpretation,Tables,Easy,TCS NQT,0.727
Q00411,Data Interpretation,Line Graphs,Medium,"CAT,Placements,Banking",0.634
Q00412,Logical Reasoning,Cubes & Dice,Hard,"TCS NQT,Banking,SSC",0.277
Q00413,Data Interpretation,Mixed DI Sets,Medium,Banking,0.583
Q00414,Data Interpretation,Pie Charts,Easy,"Banking,SSC",0.721
Q00415,Verbal Ability,Critical Reasoning,Medium,"CAT,SSC,General",0.519
Q00416,Verbal Ability,Critical Reasoning,Hard,"Banking,CAT",0.32
Q00417,Quantitative Aptitude,Percentages,Easy,"SSC,CAT",0.799
Q00418,Quantitative Aptitude,Set Theory,Hard,TCS NQT,0.359
Q00419,Logical Reasoning,Ranking & Order,Medium,"TCS NQT,General",0.607
Q00420,Quantitative Aptitude,Pipes & Cisterns,Medium,Banking,0.463
Q00421,Data Interpretation,Tables,Easy,"TCS NQT,Banking",0.735
Q00422,Verbal Ability,Idioms & Phrases,Easy,CAT,0.858
Q00423,Data Interpretation,Radar/Spider Charts,Medium,SSC,0.554
Q00424,Quantitative Aptitude,Partnership,Hard,TCS NQT,0.236
Q00425,Logical Reasoning,Coding-Decoding,Easy,Placements,0.875
Q00426,Quantitative Aptitude,Partnership,Easy,"Banking,TCS NQT",0.843
Q00427,Quantitative Aptitude,Permutation & Combination,Medium,"Placements,SSC,TCS NQT",0.534
Q00428,Verbal Ability,Critical Reasoning,Hard,"Banking,SSC",0.404
Q00429,Logical Reasoning,Syllogisms,Hard,"General,SSC,CAT",0.287
Q00430,Quantitative Aptitude,Algebra,Easy,TCS NQT,0.79
Q00431,Logical Reasoning,Ranking & Order,Hard,"SSC,TCS NQT",0.337
Q00432,Quantitative Aptitude,Compound Interest,Medium,"CAT,TCS NQT",0.546
Q00433,Quantitative Aptitude,Surds & Indices,Easy,SSC,0.846
Q00434,Logical Reasoning,Clocks & Calendars,Medium,"General,Banking,Placements",0.567
Q00435,Logical Reasoning,Seating Arrangement,Medium,"TCS NQT,Banking",0.605
Q00436,Quantitative Aptitude,Set Theory,Medium,"Placements,TCS NQT",0.498
Q00437,Data Interpretation,Pie Charts,Easy,"General,Banking,SSC",0.769
Q00438,Data Interpretation,Bar Graphs,Easy,"SSC,Placements",0.896
Q00439,Verbal Ability,Sentence Correction,Hard,"Banking,Placements",0.308
Q00440,Logical Reasoning,Statement & Assumption,Medium,Placements,0.568
Q00441,Data Interpretation,Pie Charts,Medium,"CAT,TCS NQT",0.605
Q00442,Quantitative Aptitude,Probability,Medium,"TCS NQT,CAT,SSC",0.609
Q00443,Logical Reasoning,Direction Sense,Medium,"Banking,Placements,TCS NQT",0.565
Q00444,Data Interpretation,Line Graphs,Easy,"TCS NQT,Placements,Banking",0.762
Q00445,Data Interpretation,Bar Graphs,Medium,"SSC,Placements",0.566
Q00446,Logical Reasoning,Cubes & Dice,Medium,"SSC,Banking,Placements",0.571
Q00447,Data Interpretation,Venn-based DI,Medium,SSC,0.609
Q00448,Verbal Ability,Odd One Out,Medium,SSC,0.489
Q00449,Verbal Ability,Cloze Test,Medium,"Banking,General,SSC",0.542
Q00450,Logical Reasoning,Ranking & Order,Easy,"TCS NQT,Banking,Placements",0.806
Q00451,Quantitative Aptitude,"Time, Speed & Distance",Medium,"Placements,SSC,CAT",0.63
Q00452,Logical Reasoning,Analogy,Medium,"TCS NQT,CAT",0.508
Q00453,Quantitative Aptitude,Partnership,Medium,"CAT,SSC,General",0.632
Q00454,Verbal Ability,Synonyms & Antonyms,Medium,"Banking,TCS NQT",0.6
Q00455,Logical Reasoning,Direction Sense,Hard,"CAT,Placements",0.175
Q00456,Quantitative Aptitude,Mensuration,Easy,"CAT,Banking",0.915
Q00457,Logical Reasoning,Syllogisms,Medium,"TCS NQT,SSC",0.601
Q00458,Verbal Ability,Sentence Correction,Medium,"CAT,SSC",0.672
Q00459,Verbal Ability,Sentence Correction,Medium,SSC,0.588
Q00460,Quantitative Aptitude,Simple Interest,Hard,"General,SSC,Placements",0.314
Q00461,Quantitative Aptitude,Compound Interest,Hard,SSC,0.262
Q00462,Logical Reasoning,Analogy,Easy,"Placements,Banking,TCS NQT",0.786
Q00463,Quantitative Aptitude,Logarithms,Easy,CAT,0.809
Q00464,Quantitative Aptitude,Number System,Medium,"Placements,General",0.62
Q00465,Verbal Ability,Idioms & Phrases,Easy,"TCS NQT,General,Banking",0.751
Q00466,Quantitative Aptitude,Simple Interest,Medium,"Placements,SSC",0.539
Q00467,Quantitative Aptitude,Simple Interest,Medium,Placements,0.52
Q00468,Logical Reasoning,Input-Output,Easy,"TCS NQT,Banking,CAT",0.816
Q00469,Data Interpretation,Pie Charts,Medium,"TCS NQT,General",0.561
Q00470,Quantitative Aptitude,Number System,Medium,"TCS NQT,General,Placements",0.618
Q00471,Data Interpretation,Line Graphs,Medium,"Banking,CAT",0.552
Q00472,Quantitative Aptitude,Logarithms,Easy,"Placements,TCS NQT",0.802
Q00473,Verbal Ability,Para Summary,Medium,General,0.488
Q00474,Verbal Ability,Cloze Test,Easy,TCS NQT,0.765
Q00475,Verbal Ability,Fill in the Blanks,Medium,TCS NQT,0.516
Q00476,Verbal Ability,Idioms & Phrases,Medium,"TCS NQT,General,CAT",0.564
Q00477,Logical Reasoning,Ranking & Order,Easy,"CAT,Banking",0.832
Q00478,Quantitative Aptitude,Linear Equations,Easy,"General,CAT",0.821
Q00479,Quantitative Aptitude,Linear Equations,Medium,SSC,0.598
Q00480,Quantitative Aptitude,Ratio & Proportion,Medium,"General,CAT,SSC",0.661
Q00481,Logical Reasoning,Direction Sense,Medium,SSC,0.51
Q00482,Logical Reasoning,Venn Diagrams,Medium,"Placements,Banking,TCS NQT",0.632
Q00483,Verbal Ability,Cloze Test,Hard,Placements,0.328
Q00484,Quantitative Aptitude,Profit & Loss,Easy,"Banking,CAT,SSC",0.881
Q00485,Quantitative Aptitude,"Time, Speed & Distance",Hard,Placements,0.271
Q00486,Quantitative Aptitude,Percentages,Medium,"SSC,TCS NQT",0.499
Q00487,Quantitative Aptitude,Quadratic Equations,Medium,"Banking,SSC,CAT",0.562
Q00488,Data Interpretation,Tables,Medium,"SSC,CAT",0.472
Q00489,Logical Reasoning,Venn Diagrams,Easy,"CAT,SSC",0.861
Q00490,Data Interpretation,Data Sufficiency (DI),Medium,"General,Banking",0.49
Q00491,Logical Reasoning,Ranking & Order,Medium,"Placements,Banking",0.515
Q00492,Logical Reasoning,Analogy,Hard,"TCS NQT,SSC",0.297
Q00493,Quantitative Aptitude,Profit & Loss,Medium,"Banking,CAT,General",0.558
Q00494,Quantitative Aptitude,Logarithms,Medium,TCS NQT,0.479
Q00495,Verbal Ability,Critical Reasoning,Easy,"CAT,General",0.855
Q00496,Data Interpretation,Mixed DI Sets,Easy,"SSC,General,Banking",0.83
Q00497,Logical Reasoning,Input-Output,Easy,General,0.861
Q00498,Logical Reasoning,Cubes & Dice,Medium,"Banking,CAT",0.557
Q00499,Quantitative Aptitude,Pipes & Cisterns,Medium,"TCS NQT,Banking",0.557
Q00500,Verbal Ability,Critical Reasoning,Medium,"CAT,General,Banking",0.542
Q00501,Quantitative Aptitude,Linear Equations,Easy,"General,Placements,CAT",0.761
Q00502,Quantitative Aptitude,Compound Interest,Hard,"General,Banking,CAT",0.233
Q00503,Logical Reasoning,Direction Sense,Easy,Placements,0.745
Q00504,Verbal Ability,Cloze Test,Medium,"SSC,Banking",0.442
Q00505,Data Interpretation,Bar Graphs,Medium,"Placements,Banking,SSC",0.554
Q00506,Logical Reasoning,Data Sufficiency,Hard,"CAT,TCS NQT",0.295
Q00507,Data Interpretation,Line Graphs,Hard,"SSC,Banking,General",0.267
Q00508,Quantitative Aptitude,Set Theory,Medium,"Placements,CAT",0.6
Q00509,Quantitative Aptitude,Number System,Medium,"Placements,Banking,TCS NQT",0.551
Q00510,Verbal Ability,Idioms & Phrases,Hard,SSC,0.3
Q00511,Quantitative Aptitude,Averages,Hard,"Banking,Placements,SSC",0.299
Q00512,Verbal Ability,Error Spotting,Medium,"Placements,CAT",0.591
Q00513,Quantitative Aptitude,Compound Interest,Medium,Banking,0.497
Q00514,Logical Reasoning,Coding-Decoding,Easy,"Banking,CAT,SSC",0.785
Q00515,Quantitative Aptitude,Surds & Indices,Easy,"General,CAT",0.803
Q00516,Data Interpretation,Venn-based DI,Medium,"SSC,General,Placements",0.576
Q00517,Quantitative Aptitude,Partnership,Medium,"General,Placements,SSC",0.503
Q00518,Verbal Ability,Idioms & Phrases,Easy,CAT,0.793
Q00519,Verbal Ability,Sentence Correction,Medium,Placements,0.539
Q00520,Quantitative Aptitude,Trigonometry,Hard,SSC,0.375
Q00521,Quantitative Aptitude,Probability,Medium,"SSC,Banking,Placements",0.519
Q00522,Verbal Ability,Verbal Analogies,Easy,CAT,0.785
Q00523,Logical Reasoning,Clocks & Calendars,Hard,"General,Banking",0.322
Q00524,Quantitative Aptitude,Permutation & Combination,Medium,"Banking,TCS NQT",0.61
Q00525,Logical Reasoning,Seating Arrangement,Medium,SSC,0.482
Q00526,Logical Reasoning,Seating Arrangement,Medium,"Banking,TCS NQT",0.539
Q00527,Verbal Ability,Fill in the Blanks,Medium,TCS NQT,0.521
Q00528,Quantitative Aptitude,Set Theory,Easy,"Placements,General,Banking",0.67
Q00529,Verbal Ability,Idioms & Phrases,Easy,CAT,0.726
Q00530,Quantitative Aptitude,Permutation & Combination,Easy,SSC,0.809
Q00531,Data Interpretation,Line Graphs,Hard,SSC,0.299
Q00532,Quantitative Aptitude,Partnership,Medium,SSC,0.579
Q00533,Logical Reasoning,Clocks & Calendars,Hard,SSC,0.299
Q00534,Quantitative Aptitude,"Time, Speed & Distance",Easy,"TCS NQT,SSC,Placements",0.753
Q00535,Verbal Ability,Cloze Test,Medium,"TCS NQT,General",0.481
Q00536,Logical Reasoning,Seating Arrangement,Medium,"General,Placements,TCS NQT",0.469
Q00537,Data Interpretation,Line Graphs,Hard,"TCS NQT,General,SSC",0.267
Q00538,Verbal Ability,Verbal Analogies,Medium,CAT,0.602
Q00539,Quantitative Aptitude,Profit & Loss,Hard,General,0.408
Q00540,Verbal Ability,Verbal Analogies,Hard,"General,Placements",0.27
Q00541,Verbal Ability,Verbal Analogies,Medium,"TCS NQT,CAT",0.552
Q00542,Quantitative Aptitude,Trigonometry,Medium,"TCS NQT,SSC,General",0.512
Q00543,Logical Reasoning,Analogy,Medium,General,0.532
Q00544,Quantitative Aptitude,Quadratic Equations,Easy,"Banking,CAT",0.809
Q00545,Data Interpretation,Bar Graphs,Medium,Banking,0.483
Q00546,Quantitative Aptitude,Geometry,Medium,"Banking,Placements",0.501
Q00547,Verbal Ability,Fill in the Blanks,Easy,"Placements,SSC,TCS NQT",0.859
Q00548,Quantitative Aptitude,Pipes & Cisterns,Easy,"Banking,Placements",0.836
Q00549,Quantitative Aptitude,Linear Equations,Hard,"TCS NQT,CAT,SSC",0.35
Q00550,Verbal Ability,Sentence Correction,Medium,"CAT,SSC",0.512
Q00551,Quantitative Aptitude,Mensuration,Easy,Placements,0.866
Q00552,Verbal Ability,Para Jumbles,Medium,SSC,0.578
Q00553,Quantitative Aptitude,Quadratic Equations,Hard,"Banking,Placements,TCS NQT",0.268
Q00554,Data Interpretation,Mixed DI Sets,Medium,"General,SSC,Placements",0.596
Q00555,Logical Reasoning,Coding-Decoding,Medium,"TCS NQT,Banking",0.577
Q00556,Quantitative Aptitude,Trigonometry,Easy,"Banking,CAT",0.854
Q00557,Data Interpretation,Pie Charts,Easy,"TCS NQT,Banking",0.748
Q00558,Logical Reasoning,Statement & Assumption,Medium,TCS NQT,0.452
Q00559,Data Interpretation,Mixed DI Sets,Easy,CAT,0.789
Q00560,Data Interpretation,Caselets,Medium,"TCS NQT,Banking",0.536
Q00561,Quantitative Aptitude,Mixtures & Alligations,Hard,"CAT,General,Banking",0.292
Q00562,Verbal Ability,Synonyms & Antonyms,Medium,"General,SSC",0.564
Q00563,Verbal Ability,Para Summary,Medium,"CAT,Banking",0.583
Q00564,Quantitative Aptitude,Percentages,Medium,"TCS NQT,Placements,SSC",0.609
Q00565,Data Interpretation,Venn-based DI,Hard,"CAT,Banking",0.32
Q00566,Verbal Ability,Idioms & Phrases,Easy,"TCS NQT,SSC",0.767
Q00567,Logical Reasoning,Puzzles,Hard,CAT,0.315
Q00568,Logical Reasoning,Ranking & Order,Medium,"SSC,TCS NQT",0.635
Q00569,Quantitative Aptitude,Linear Equations,Medium,Placements,0.588
Q00570,Verbal Ability,Verbal Analogies,Medium,"Banking,TCS NQT,CAT",0.569
Q00571,Quantitative Aptitude,Percentages,Medium,Placements,0.54
Q00572,Verbal Ability,Error Spotting,Easy,"Banking,TCS NQT",0.757
Q00573,Logical Reasoning,Cubes & Dice,Medium,TCS NQT,0.49
Q00574,Logical Reasoning,Direction Sense,Medium,"TCS NQT,SSC",0.572
Q00575,Logical Reasoning,Coding-Decoding,Easy,"TCS NQT,SSC",0.761
Q00576,Data Interpretation,Mixed DI Sets,Medium,"TCS NQT,General,Banking",0.582
Q00577,Quantitative Aptitude,Partnership,Easy,"SSC,Banking,CAT",0.836
Q00578,Data Interpretation,Mixed DI Sets,Medium,"General,CAT",0.531
Q00579,Logical Reasoning,Input-Output,Medium,"SSC,CAT,Banking",0.561
Q00580,Logical Reasoning,Statement & Conclusion,Medium,"TCS NQT,General,Placements",0.597
Q00581,Verbal Ability,Error Spotting,Easy,TCS NQT,0.724
Q00582,Verbal Ability,Odd One Out,Easy,TCS NQT,0.863
Q00583,Logical Reasoning,Ranking & Order,Medium,General,0.522
Q00584,Logical Reasoning,Statement & Assumption,Medium,TCS NQT,0.559
Q00585,Logical Reasoning,Puzzles,Medium,CAT,0.601
Q00586,Quantitative Aptitude,Mensuration,Hard,"Banking,Placements",0.33
Q00587,Logical Reasoning,Input-Output,Easy,"Placements,Banking,TCS NQT",0.791
Q00588,Verbal Ability,Error Spotting,Medium,"CAT,Placements,TCS NQT",0.527
Q00589,Verbal Ability,Idioms & Phrases,Medium,"General,Banking",0.493
Q00590,Quantitative Aptitude,Permutation & Combination,Medium,"SSC,Placements",0.54
Q00591,Quantitative Aptitude,Mensuration,Easy,"SSC,TCS NQT,General",0.876
Q00592,Data Interpretation,Caselets,Hard,"Banking,Placements,TCS NQT",0.332
Q00593,Verbal Ability,Critical Reasoning,Medium,"SSC,Placements,General",0.611
Q00594,Quantitative Aptitude,Mixtures & Alligations,Medium,"Placements,Banking,SSC",0.579
Q00595,Verbal Ability,Odd One Out,Medium,"TCS NQT,SSC",0.644
Q00596,Quantitative Aptitude,Mixtures & Alligations,Medium,TCS NQT,0.627
Q00597,Quantitative Aptitude,Surds & Indices,Easy,"Banking,General,SSC",0.807
Q00598,Quantitative Aptitude,Compound Interest,Hard,"CAT,SSC",0.212
Q00599,Quantitative Aptitude,Partnership,Medium,SSC,0.576
Q00600,Logical Reasoning,Cubes & Dice,Medium,"SSC,Banking,Placements",0.523
Q00601,Quantitative Aptitude,"Time, Speed & Distance",Easy,"SSC,TCS NQT,General",0.799
Q00602,Logical Reasoning,Direction Sense,Medium,TCS NQT,0.639
Q00603,Verbal Ability,Error Spotting,Easy,"Placements,General,CAT",0.75
Q00604,Verbal Ability,Cloze Test,Medium,"Placements,General,CAT",0.565
Q00605,Data Interpretation,Pie Charts,Easy,"SSC,Banking",0.795
Q00606,Quantitative Aptitude,Simple Interest,Easy,"Placements,CAT,General",0.79
Q00607,Data Interpretation,Data Sufficiency (DI),Easy,"Banking,General,Placements",0.846
Q00608,Logical Reasoning,Clocks & Calendars,Medium,"SSC,CAT",0.51
Q00609,Quantitative Aptitude,Profit & Loss,Medium,"TCS NQT,Placements,CAT",0.429
Q00610,Quantitative Aptitude,Time & Work,Hard,"Placements,CAT",0.344
Q00611,Quantitative Aptitude,Quadratic Equations,Medium,"Placements,SSC",0.553
Q00612,Data Interpretation,Bar Graphs,Easy,SSC,0.826
Q00613,Logical Reasoning,Puzzles,Easy,"SSC,Banking",0.84
Q00614,Quantitative Aptitude,Set Theory,Medium,"TCS NQT,Banking,Placements",0.487
Q00615,Logical Reasoning,Cubes & Dice,Hard,"Placements,CAT",0.219
Q00616,Quantitative Aptitude,Algebra,Easy,General,0.858
Q00617,Quantitative Aptitude,Mensuration,Easy,"SSC,Placements,CAT",0.81
Q00618,Logical Reasoning,Venn Diagrams,Easy,"TCS NQT,Placements",0.857
Q00619,Data Interpretation,Line Graphs,Medium,"General,Banking,TCS NQT",0.559
Q00620,Logical Reasoning,Venn Diagrams,Easy,Banking,0.782
Q00621,Logical Reasoning,Puzzles,Medium,Placements,0.572
Q00622,Logical Reasoning,Analogy,Medium,"Placements,CAT",0.595
Q00623,Verbal Ability,Critical Reasoning,Medium,"Placements,Banking",0.551
Q00624,Verbal Ability,Critical Reasoning,Medium,"SSC,TCS NQT",0.514
Q00625,Quantitative Aptitude,Pipes & Cisterns,Medium,"CAT,SSC,TCS NQT",0.518
Q00626,Quantitative Aptitude,Partnership,Easy,CAT,0.76
Q00627,Verbal Ability,Cloze Test,Medium,Banking,0.566
Q00628,Data Interpretation,Caselets,Hard,Banking,0.287
Q00629,Quantitative Aptitude,Surds & Indices,Medium,"General,SSC,CAT",0.594
Q00630,Logical Reasoning,Clocks & Calendars,Medium,"TCS NQT,Placements",0.546
Q00631,Quantitative Aptitude,Ratio & Proportion,Medium,Banking,0.529
Q00632,Verbal Ability,Synonyms & Antonyms,Hard,"General,TCS NQT",0.357
Q00633,Quantitative Aptitude,Linear Equations,Medium,"General,TCS NQT",0.596
Q00634,Logical Reasoning,Analogy,Medium,"General,Placements,TCS NQT",0.517
Q00635,Verbal Ability,Cloze Test,Medium,"CAT,TCS NQT,Banking",0.553
Q00636,Quantitative Aptitude,Permutation & Combination,Medium,"SSC,CAT,TCS NQT",0.593
Q00637,Verbal Ability,Reading Comprehension,Easy,"TCS NQT,Placements,General",0.783
Q00638,Quantitative Aptitude,Time & Work,Hard,"TCS NQT,Banking",0.28
Q00639,Verbal Ability,Para Jumbles,Easy,"Placements,TCS NQT,Banking",0.903
Q00640,Quantitative Aptitude,Profit & Loss,Hard,"Banking,CAT,General",0.247
Q00641,Verbal Ability,Synonyms & Antonyms,Medium,"Banking,General,CAT",0.546
Q00642,Data Interpretation,Venn-based DI,Medium,"General,SSC",0.573
Q00643,Verbal Ability,Error Spotting,Easy,Banking,0.791
Q00644,Quantitative Aptitude,Averages,Easy,General,0.849
Q00645,Logical Reasoning,Series Completion,Medium,"CAT,General,Banking",0.579
Q00646,Quantitative Aptitude,Linear Equations,Medium,"CAT,TCS NQT,General",0.566
Q00647,Quantitative Aptitude,Profit & Loss,Hard,"CAT,SSC",0.308
Q00648,Verbal Ability,Para Summary,Easy,Placements,0.866
Q00649,Logical Reasoning,Input-Output,Hard,"Banking,General",0.194
Q00650,Logical Reasoning,Ranking & Order,Hard,"CAT,TCS NQT",0.27
Q00651,Quantitative Aptitude,Compound Interest,Easy,"SSC,CAT,Placements",0.842
Q00652,Quantitative Aptitude,Probability,Easy,"TCS NQT,Placements",0.827
Q00653,Quantitative Aptitude,Pipes & Cisterns,Easy,CAT,0.881
Q00654,Verbal Ability,Reading Comprehension,Medium,"Banking,TCS NQT",0.534
Q00655,Logical Reasoning,Input-Output,Hard,"Banking,Placements,TCS NQT",0.32
Q00656,Verbal Ability,Odd One Out,Easy,"Placements,SSC",0.799
Q00657,Verbal Ability,Sentence Correction,Easy,"CAT,General,Banking",0.777
Q00658,Quantitative Aptitude,Logarithms,Hard,Placements,0.31
Q00659,Quantitative Aptitude,"Time, Speed & Distance",Hard,CAT,0.344
Q00660,Verbal Ability,Verbal Analogies,Medium,Banking,0.483
Q00661,Quantitative Aptitude,Logarithms,Easy,"General,CAT,Placements",0.826
Q00662,Data Interpretation,Bar Graphs,Medium,"Banking,Placements",0.559
Q00663,Verbal Ability,Idioms & Phrases,Medium,CAT,0.57
Q00664,Verbal Ability,Synonyms & Antonyms,Medium,"SSC,Placements,General",0.538
Q00665,Quantitative Aptitude,Progressions (AP/GP),Medium,"General,SSC,Placements",0.605
Q00666,Logical Reasoning,Clocks & Calendars,Medium,General,0.544
Q00667,Data Interpretation,Venn-based DI,Easy,Banking,0.773
Q00668,Verbal Ability,Critical Reasoning,Hard,"CAT,TCS NQT",0.295
Q00669,Quantitative Aptitude,Progressions (AP/GP),Hard,"Placements,Banking,TCS NQT",0.326
Q00670,Verbal Ability,Reading Comprehension,Hard,"General,Banking",0.287
Q00671,Quantitative Aptitude,Permutation & Combination,Hard,"General,Banking",0.253
Q00672,Verbal Ability,Para Summary,Easy,SSC,0.854
Q00673,Data Interpretation,Data Sufficiency (DI),Easy,TCS NQT,0.818
Q00674,Quantitative Aptitude,Trigonometry,Easy,Placements,0.892
Q00675,Quantitative Aptitude,Mixtures & Alligations,Medium,"Placements,Banking,CAT",0.59
Q00676,Quantitative Aptitude,Probability,Easy,"Banking,TCS NQT",0.719
Q00677,Verbal Ability,Idioms & Phrases,Easy,Banking,0.848
Q00678,Data Interpretation,Tables,Easy,"Placements,SSC",0.886
Q00679,Quantitative Aptitude,Set Theory,Easy,Banking,0.804
Q00680,Quantitative Aptitude,Linear Equations,Hard,TCS NQT,0.358
Q00681,Logical Reasoning,Series Completion,Easy,SSC,0.849
Q00682,Data Interpretation,Data Sufficiency (DI),Medium,"TCS NQT,General,CAT",0.575
Q00683,Logical Reasoning,Seating Arrangement,Medium,TCS NQT,0.517
Q00684,Verbal Ability,Error Spotting,Medium,"TCS NQT,Placements,Banking",0.458
Q00685,Data Interpretation,Tables,Medium,"SSC,CAT",0.631
Q00686,Logical Reasoning,Series Completion,Medium,General,0.616
Q00687,Quantitative Aptitude,Simple Interest,Medium,"Banking,Placements,TCS NQT",0.538
Q00688,Logical Reasoning,Ranking & Order,Medium,TCS NQT,0.508
Q00689,Data Interpretation,Mixed DI Sets,Medium,"Banking,General",0.552
Q00690,Verbal Ability,Idioms & Phrases,Easy,"SSC,General,TCS NQT",0.885
Q00691,Quantitative Aptitude,Linear Equations,Medium,"Banking,General,CAT",0.519
Q00692,Quantitative Aptitude,Pipes & Cisterns,Easy,"SSC,Placements",0.798
Q00693,Data Interpretation,Mixed DI Sets,Easy,"Banking,CAT",0.73
Q00694,Verbal Ability,Verbal Analogies,Easy,General,0.796
Q00695,Quantitative Aptitude,Compound Interest,Medium,SSC,0.535
Q00696,Verbal Ability,Idioms & Phrases,Medium,"TCS NQT,Banking,SSC",0.512
Q00697,Logical Reasoning,Direction Sense,Easy,SSC,0.792
Q00698,Quantitative Aptitude,Ratio & Proportion,Medium,"TCS NQT,Placements",0.584
Q00699,Quantitative Aptitude,Trigonometry,Easy,"General,SSC,TCS NQT",0.854
Q00700,Logical Reasoning,Analogy,Medium,"General,Banking,TCS NQT",0.551
Q00701,Data Interpretation,Line Graphs,Easy,"SSC,Placements,TCS NQT",0.765
Q00702,Logical Reasoning,Analogy,Medium,TCS NQT,0.474
Q00703,Data Interpretation,Bar Graphs,Medium,"CAT,General,TCS NQT",0.471
Q00704,Verbal Ability,Reading Comprehension,Hard,"Placements,General",0.345
Q00705,Verbal Ability,Para Jumbles,Easy,"Placements,CAT,General",0.776
Q00706,Quantitative Aptitude,Permutation & Combination,Easy,"SSC,CAT",0.807
Q00707,Verbal Ability,Verbal Analogies,Medium,"General,TCS NQT,Banking",0.537
Q00708,Logical Reasoning,Analogy,Medium,CAT,0.505
Q00709,Quantitative Aptitude,Probability,Medium,"Banking,CAT,TCS NQT",0.543
Q00710,Quantitative Aptitude,Permutation & Combination,Medium,"SSC,TCS NQT,General",0.554
Q00711,Data Interpretation,Bar Graphs,Medium,"General,Banking,Placements",0.495
Q00712,Logical Reasoning,Puzzles,Easy,TCS NQT,0.871
Q00713,Verbal Ability,Synonyms & Antonyms,Hard,Placements,0.348
Q00714,Verbal Ability,Verbal Analogies,Easy,"SSC,General,TCS NQT",0.814
Q00715,Data Interpretation,Data Sufficiency (DI),Easy,SSC,0.743
Q00716,Quantitative Aptitude,Quadratic Equations,Medium,"TCS NQT,Placements",0.555
Q00717,Quantitative Aptitude,Partnership,Medium,SSC,0.523
Q00718,Quantitative Aptitude,Surds & Indices,Medium,General,0.555
Q00719,Quantitative Aptitude,Set Theory,Medium,CAT,0.598
Q00720,Verbal Ability,Para Summary,Medium,"Banking,TCS NQT",0.571
Q00721,Verbal Ability,Odd One Out,Easy,General,0.85
Q00722,Logical Reasoning,Blood Relations,Medium,"Placements,CAT,Banking",0.516
Q00723,Verbal Ability,Para Summary,Hard,"SSC,TCS NQT,CAT",0.293
Q00724,Quantitative Aptitude,Permutation & Combination,Medium,Placements,0.591
Q00725,Logical Reasoning,Series Completion,Medium,"TCS NQT,Banking,SSC",0.602
Q00726,Logical Reasoning,Syllogisms,Easy,General,0.856
Q00727,Logical Reasoning,Statement & Conclusion,Easy,"TCS NQT,CAT,Placements",0.785
Q00728,Quantitative Aptitude,Algebra,Easy,Placements,0.839
Q00729,Verbal Ability,Verbal Analogies,Medium,General,0.522
Q00730,Logical Reasoning,Ranking & Order,Easy,SSC,0.79
Q00731,Verbal Ability,Synonyms & Antonyms,Medium,"Placements,TCS NQT,Banking",0.488
Q00732,Data Interpretation,Venn-based DI,Medium,"Banking,Placements",0.52
Q00733,Verbal Ability,Error Spotting,Easy,"CAT,TCS NQT,SSC",0.776
Q00734,Logical Reasoning,Syllogisms,Hard,Banking,0.299
Q00735,Logical Reasoning,Statement & Assumption,Easy,SSC,0.796
Q00736,Quantitative Aptitude,Logarithms,Easy,"TCS NQT,Banking,SSC",0.781
Q00737,Verbal Ability,Reading Comprehension,Medium,"SSC,Banking,TCS NQT",0.578
Q00738,Quantitative Aptitude,Ratio & Proportion,Hard,"TCS NQT,Banking",0.285
Q00739,Quantitative Aptitude,Geometry,Hard,General,0.359
Q00740,Data Interpretation,Data Sufficiency (DI),Easy,TCS NQT,0.818
Q00741,Data Interpretation,Caselets,Medium,General,0.471
Q00742,Logical Reasoning,Seating Arrangement,Easy,SSC,0.744
Q00743,Logical Reasoning,Direction Sense,Medium,"General,Placements",0.582
Q00744,Logical Reasoning,Ranking & Order,Easy,"SSC,CAT",0.825
Q00745,Quantitative Aptitude,Profit & Loss,Easy,SSC,0.792
Q00746,Quantitative Aptitude,Mensuration,Hard,"SSC,CAT",0.276
Q00747,Logical Reasoning,Direction Sense,Easy,Placements,0.746
Q00748,Logical Reasoning,Input-Output,Medium,"TCS NQT,General",0.562
Q00749,Logical Reasoning,Input-Output,Medium,CAT,0.605
Q00750,Verbal Ability,Para Jumbles,Easy,"TCS NQT,CAT",0.898
Q00751,Logical Reasoning,Venn Diagrams,Easy,"CAT,SSC",0.932
Q00752,Quantitative Aptitude,Geometry,Hard,"CAT,TCS NQT",0.225
Q00753,Data Interpretation,Tables,Medium,"TCS NQT,Placements,Banking",0.604
Q00754,Quantitative Aptitude,Time & Work,Medium,SSC,0.555
Q00755,Quantitative Aptitude,Mixtures & Alligations,Medium,"Banking,Placements",0.581
Q00756,Data Interpretation,Pie Charts,Easy,Banking,0.782
Q00757,Logical Reasoning,Statement & Conclusion,Hard,"SSC,Banking",0.356
Q00758,Logical Reasoning,Seating Arrangement,Medium,"SSC,Placements",0.547
Q00759,Quantitative Aptitude,Pipes & Cisterns,Easy,"Banking,TCS NQT,Placements",0.77
Q00760,Logical Reasoning,Cubes & Dice,Medium,Placements,0.619
Q00761,Logical Reasoning,Clocks & Calendars,Hard,Banking,0.297
Q00762,Verbal Ability,Fill in the Blanks,Medium,"Banking,SSC,General",0.564
Q00763,Logical Reasoning,Venn Diagrams,Hard,"General,TCS NQT",0.29
Q00764,Data Interpretation,Line Graphs,Medium,"SSC,TCS NQT",0.542
Q00765,Verbal Ability,Error Spotting,Hard,Banking,0.33
Q00766,Verbal Ability,Fill in the Blanks,Hard,Banking,0.153
Q00767,Quantitative Aptitude,Algebra,Medium,"General,Banking",0.606
Q00768,Verbal Ability,Verbal Analogies,Easy,SSC,0.847
Q00769,Quantitative Aptitude,Quadratic Equations,Medium,"Banking,SSC",0.519
Q00770,Quantitative Aptitude,Simple Interest,Hard,"Placements,TCS NQT,General",0.343
Q00771,Quantitative Aptitude,Surds & Indices,Hard,"CAT,Banking,Placements",0.348
Q00772,Quantitative Aptitude,Mensuration,Easy,"General,CAT",0.826
Q00773,Verbal Ability,Para Summary,Hard,"Banking,Placements,SSC",0.268
Q00774,Verbal Ability,Sentence Correction,Medium,"General,Placements",0.572
Q00775,Verbal Ability,Error Spotting,Medium,"Banking,CAT",0.568
Q00776,Quantitative Aptitude,Mensuration,Medium,"Banking,TCS NQT,General",0.604
Q00777,Quantitative Aptitude,Probability,Medium,"General,Banking,CAT",0.516
Q00778,Quantitative Aptitude,Linear Equations,Easy,"TCS NQT,General,CAT",0.793
Q00779,Verbal Ability,Para Jumbles,Hard,General,0.205
Q00780,Quantitative Aptitude,Surds & Indices,Medium,"Placements,TCS NQT",0.561
Q00781,Verbal Ability,Reading Comprehension,Medium,"General,Banking,SSC",0.47
Q00782,Quantitative Aptitude,Geometry,Easy,CAT,0.762
Q00783,Verbal Ability,Para Jumbles,Hard,"Placements,TCS NQT",0.341
Q00784,Quantitative Aptitude,Pipes & Cisterns,Medium,"TCS NQT,General,Placements",0.54
Q00785,Quantitative Aptitude,Mensuration,Medium,"Banking,General",0.553
Q00786,Logical Reasoning,Direction Sense,Medium,"CAT,Banking",0.564
Q00787,Quantitative Aptitude,Simple Interest,Hard,"Banking,CAT",0.149
Q00788,Logical Reasoning,Puzzles,Medium,"Placements,SSC,TCS NQT",0.559
Q00789,Quantitative Aptitude,Algebra,Medium,"Placements,TCS NQT",0.59
Q00790,Verbal Ability,Odd One Out,Hard,"Banking,CAT",0.251
Q00791,Logical Reasoning,Cubes & Dice,Medium,"General,Banking,SSC",0.57
Q00792,Quantitative Aptitude,Profit & Loss,Medium,"CAT,General",0.525
Q00793,Quantitative Aptitude,Number System,Easy,"General,CAT",0.774
Q00794,Verbal Ability,Cloze Test,Easy,General,0.808
Q00795,Quantitative Aptitude,Ratio & Proportion,Medium,"Placements,TCS NQT,General",0.534
Q00796,Verbal Ability,Fill in the Blanks,Easy,"Banking,General,Placements",0.808
Q00797,Quantitative Aptitude,Quadratic Equations,Medium,"Placements,General,Banking",0.517
Q00798,Logical Reasoning,Ranking & Order,Easy,General,0.785
Q00799,Verbal Ability,Verbal Analogies,Easy,Banking,0.813
Q00800,Logical Reasoning,Input-Output,Hard,"CAT,Placements",0.31
Q00801,Logical Reasoning,Series Completion,Hard,"General,CAT",0.313
Q00802,Logical Reasoning,Puzzles,Medium,"Placements,SSC,TCS NQT",0.521
Q00803,Verbal Ability,Sentence Correction,Medium,"CAT,SSC",0.598
Q00804,Data Interpretation,Radar/Spider Charts,Medium,"General,SSC,Banking",0.612
Q00805,Data Interpretation,Data Sufficiency (DI),Medium,"CAT,SSC,TCS NQT",0.519
Q00806,Verbal Ability,Odd One Out,Medium,"Placements,SSC,CAT",0.534
Q00807,Quantitative Aptitude,Surds & Indices,Medium,SSC,0.55
Q00808,Logical Reasoning,Puzzles,Medium,SSC,0.58
Q00809,Quantitative Aptitude,Simple Interest,Medium,SSC,0.525
Q00810,Verbal Ability,Error Spotting,Medium,TCS NQT,0.543
Q00811,Verbal Ability,Para Summary,Hard,"TCS NQT,Placements",0.331
Q00812,Logical Reasoning,Ranking & Order,Hard,"Placements,Banking",0.243
Q00813,Quantitative Aptitude,Set Theory,Medium,"General,Placements,TCS NQT",0.472
Q00814,Quantitative Aptitude,Trigonometry,Medium,"Placements,General",0.591
Q00815,Verbal Ability,Fill in the Blanks,Easy,"TCS NQT,CAT",0.741
Q00816,Verbal Ability,Fill in the Blanks,Easy,Banking,0.882
Q00817,Data Interpretation,Line Graphs,Easy,Banking,0.773
Q00818,Quantitative Aptitude,Probability,Medium,"General,Banking,TCS NQT",0.542
Q00819,Quantitative Aptitude,Surds & Indices,Hard,"Banking,General",0.289
Q00820,Logical Reasoning,Analogy,Medium,CAT,0.5
Q00821,Logical Reasoning,Blood Relations,Medium,SSC,0.549
Q00822,Data Interpretation,Bar Graphs,Medium,"Placements,TCS NQT",0.537
Q00823,Verbal Ability,Critical Reasoning,Easy,Banking,0.836
Q00824,Logical Reasoning,Analogy,Hard,"TCS NQT,CAT,General",0.336
Q00825,Quantitative Aptitude,Averages,Easy,"SSC,TCS NQT,CAT",0.834
Q00826,Quantitative Aptitude,Pipes & Cisterns,Easy,"TCS NQT,Placements",0.83
Q00827,Quantitative Aptitude,Geometry,Easy,General,0.805
Q00828,Quantitative Aptitude,Set Theory,Medium,SSC,0.627
Q00829,Quantitative Aptitude,Percentages,Easy,"SSC,General",0.808
Q00830,Verbal Ability,Para Jumbles,Easy,"CAT,Placements",0.803
Q00831,Data Interpretation,Tables,Medium,"TCS NQT,SSC,Banking",0.539
Q00832,Logical Reasoning,Coding-Decoding,Easy,"Placements,General,TCS NQT",0.874
Q00833,Quantitative Aptitude,Percentages,Easy,"SSC,TCS NQT,General",0.795
Q00834,Verbal Ability,Verbal Analogies,Medium,"Placements,SSC,TCS NQT",0.468
Q00835,Quantitative Aptitude,Mixtures & Alligations,Hard,"SSC,TCS NQT,CAT",0.301
Q00836,Data Interpretation,Line Graphs,Easy,"CAT,SSC",0.812
Q00837,Logical Reasoning,Direction Sense,Easy,"Placements,General,TCS NQT",0.781
Q00838,Verbal Ability,Error Spotting,Medium,"Placements,Banking",0.534
Q00839,Logical Reasoning,Analogy,Easy,TCS NQT,0.825
Q00840,Logical Reasoning,Statement & Conclusion,Medium,"Banking,General,TCS NQT",0.607
Q00841,Quantitative Aptitude,Profit & Loss,Easy,"CAT,Banking,SSC",0.788
Q00842,Logical Reasoning,Data Sufficiency,Hard,"Banking,SSC",0.323
Q00843,Verbal Ability,Verbal Analogies,Easy,General,0.758
Q00844,Quantitative Aptitude,Profit & Loss,Hard,"Banking,SSC,CAT",0.404
Q00845,Logical Reasoning,Ranking & Order,Easy,Banking,0.901
Q00846,Quantitative Aptitude,"Time, Speed & Distance",Easy,"SSC,General",0.8
Q00847,Verbal Ability,Critical Reasoning,Medium,"TCS NQT,General",0.439
Q00848,Quantitative Aptitude,Compound Interest,Easy,"Banking,SSC,CAT",0.877
Q00849,Logical Reasoning,Syllogisms,Easy,General,0.779
Q00850,Data Interpretation,Radar/Spider Charts,Easy,CAT,0.829
Q00851,Data Interpretation,Line Graphs,Hard,"Banking,CAT",0.22
Q00852,Logical Reasoning,Input-Output,Medium,General,0.573
Q00853,Quantitative Aptitude,Compound Interest,Medium,"SSC,Placements,General",0.571
Q00854,Verbal Ability,Para Jumbles,Easy,"SSC,General,CAT",0.801
Q00855,Logical Reasoning,Data Sufficiency,Medium,"General,Placements,CAT",0.586
Q00856,Verbal Ability,Para Summary,Easy,"SSC,Placements,Banking",0.735
Q00857,Logical Reasoning,Seating Arrangement,Medium,"CAT,General,Placements",0.534
Q00858,Quantitative Aptitude,Trigonometry,Medium,Placements,0.55
Q00859,Data Interpretation,Tables,Easy,"General,Banking,CAT",0.737
Q00860,Quantitative Aptitude,Number System,Hard,"SSC,CAT,Banking",0.33
Q00861,Verbal Ability,Error Spotting,Easy,Banking,0.778
Q00862,Logical Reasoning,Seating Arrangement,Medium,Banking,0.547
Q00863,Quantitative Aptitude,Profit & Loss,Easy,"CAT,General,SSC",0.837
Q00864,Data Interpretation,Mixed DI Sets,Easy,"Placements,Banking",0.791
Q00865,Verbal Ability,Synonyms & Antonyms,Medium,"General,Placements,CAT",0.621
Q00866,Data Interpretation,Venn-based DI,Hard,"CAT,TCS NQT,Placements",0.27
Q00867,Logical Reasoning,Cubes & Dice,Medium,"General,Placements",0.516
Q00868,Logical Reasoning,Direction Sense,Medium,"TCS NQT,Banking",0.59
Q00869,Verbal Ability,Sentence Correction,Easy,CAT,0.801
Q00870,Quantitative Aptitude,Compound Interest,Easy,TCS NQT,0.752
Q00871,Quantitative Aptitude,Pipes & Cisterns,Easy,"SSC,Banking",0.78
Q00872,Data Interpretation,Mixed DI Sets,Medium,Placements,0.584
Q00873,Logical Reasoning,Statement & Conclusion,Medium,"CAT,Placements,SSC",0.631
Q00874,Quantitative Aptitude,Partnership,Medium,General,0.555
Q00875,Data Interpretation,Caselets,Hard,TCS NQT,0.291
Q00876,Verbal Ability,Verbal Analogies,Medium,"Placements,Banking,SSC",0.596
Q00877,Logical Reasoning,Syllogisms,Easy,Banking,0.737
Q00878,Quantitative Aptitude,Quadratic Equations,Hard,Placements,0.318
Q00879,Quantitative Aptitude,Trigonometry,Easy,"TCS NQT,CAT,General",0.67
Q00880,Verbal Ability,Fill in the Blanks,Hard,"Placements,Banking",0.31
Q00881,Quantitative Aptitude,Progressions (AP/GP),Medium,"SSC,TCS NQT",0.584
Q00882,Quantitative Aptitude,Surds & Indices,Hard,Banking,0.36
Q00883,Logical Reasoning,Seating Arrangement,Easy,TCS NQT,0.775
Q00884,Quantitative Aptitude,Profit & Loss,Medium,SSC,0.546
Q00885,Quantitative Aptitude,"Time, Speed & Distance",Medium,CAT,0.516
Q00886,Data Interpretation,Data Sufficiency (DI),Easy,"SSC,TCS NQT,Banking",0.802
Q00887,Quantitative Aptitude,Geometry,Easy,"Banking,CAT,Placements",0.834
Q00888,Verbal Ability,Critical Reasoning,Hard,SSC,0.243
Q00889,Logical Reasoning,Seating Arrangement,Easy,"Placements,General,SSC",0.86
Q00890,Verbal Ability,Para Summary,Easy,"General,CAT,SSC",0.751
Q00891,Logical Reasoning,Input-Output,Hard,"Placements,CAT,General",0.27
Q00892,Logical Reasoning,Seating Arrangement,Medium,"CAT,Banking",0.621
Q00893,Quantitative Aptitude,Logarithms,Medium,"CAT,SSC,Placements",0.508
Q00894,Verbal Ability,Para Jumbles,Medium,General,0.576
Q00895,Data Interpretation,Line Graphs,Easy,"CAT,Placements,Banking",0.833
Q00896,Quantitative Aptitude,Linear Equations,Medium,"TCS NQT,SSC,Placements",0.475
Q00897,Verbal Ability,Fill in the Blanks,Easy,General,0.9
Q00898,Logical Reasoning,Statement & Conclusion,Hard,"CAT,General,SSC",0.455
Q00899,Verbal Ability,Para Summary,Medium,"TCS NQT,CAT",0.534
Q00900,Data Interpretation,Caselets,Medium,"TCS NQT,CAT,Banking",0.64
Q00901,Verbal Ability,Odd One Out,Hard,"SSC,CAT,Banking",0.342
Q00902,Quantitative Aptitude,Progressions (AP/GP),Easy,SSC,0.769
Q00903,Quantitative Aptitude,Time & Work,Hard,"CAT,TCS NQT",0.322
Q00904,Verbal Ability,Cloze Test,Medium,"CAT,Placements,General",0.589
Q00905,Data Interpretation,Bar Graphs,Medium,Placements,0.495
Q00906,Verbal Ability,Reading Comprehension,Medium,"SSC,Banking",0.531
Q00907,Logical Reasoning,Direction Sense,Easy,CAT,0.724
Q00908,Verbal Ability,Idioms & Phrases,Hard,"General,Banking,Placements",0.282
Q00909,Logical Reasoning,Venn Diagrams,Hard,Banking,0.3
Q00910,Verbal Ability,Error Spotting,Hard,"SSC,CAT",0.267
Q00911,Quantitative Aptitude,Progressions (AP/GP),Hard,"CAT,TCS NQT",0.192
Q00912,Quantitative Aptitude,Surds & Indices,Hard,Placements,0.355
Q00913,Quantitative Aptitude,Ratio & Proportion,Easy,"CAT,Banking,General",0.835
Q00914,Verbal Ability,Odd One Out,Medium,"SSC,General",0.53
Q00915,Quantitative Aptitude,Profit & Loss,Medium,"Banking,CAT,SSC",0.611
Q00916,Data Interpretation,Tables,Easy,"TCS NQT,SSC",0.813
Q00917,Verbal Ability,Error Spotting,Easy,"Placements,Banking,SSC",0.711
Q00918,Quantitative Aptitude,Progressions (AP/GP),Medium,"Placements,TCS NQT",0.57
Q00919,Verbal Ability,Sentence Correction,Easy,CAT,0.769
Q00920,Quantitative Aptitude,Geometry,Medium,Placements,0.627
Q00921,Quantitative Aptitude,Probability,Medium,"General,CAT",0.494
Q00922,Quantitative Aptitude,Algebra,Medium,General,0.612
Q00923,Data Interpretation,Data Sufficiency (DI),Medium,"General,SSC,CAT",0.606
Q00924,Quantitative Aptitude,"Time, Speed & Distance",Medium,"Placements,Banking,TCS NQT",0.622
Q00925,Verbal Ability,Reading Comprehension,Easy,General,0.752
Q00926,Logical Reasoning,Statement & Conclusion,Hard,CAT,0.252
Q00927,Quantitative Aptitude,Ratio & Proportion,Medium,"Banking,SSC,General",0.538
Q00928,Verbal Ability,Error Spotting,Medium,TCS NQT,0.504
Q00929,Logical Reasoning,Puzzles,Easy,"Placements,Banking,CAT",0.725
Q00930,Quantitative Aptitude,Progressions (AP/GP),Medium,"CAT,Banking,Placements",0.517
Q00931,Quantitative Aptitude,Ratio & Proportion,Easy,"SSC,General",0.81
Q00932,Verbal Ability,Para Summary,Easy,"General,SSC,TCS NQT",0.803
Q00933,Quantitative Aptitude,Mensuration,Hard,"Placements,CAT",0.273
Q00934,Logical Reasoning,Series Completion,Medium,TCS NQT,0.536
Q00935,Verbal Ability,Para Jumbles,Easy,CAT,0.841
Q00936,Verbal Ability,Synonyms & Antonyms,Medium,"Banking,SSC",0.493
Q00937,Quantitative Aptitude,Geometry,Easy,TCS NQT,0.851
Q00938,Data Interpretation,Mixed DI Sets,Easy,Banking,0.814
Q00939,Quantitative Aptitude,Mixtures & Alligations,Hard,"SSC,CAT",0.328
Q00940,Quantitative Aptitude,Profit & Loss,Medium,General,0.567
Q00941,Verbal Ability,Critical Reasoning,Medium,"General,TCS NQT,CAT",0.539
Q00942,Logical Reasoning,Series Completion,Easy,"Placements,CAT",0.798
Q00943,Logical Reasoning,Statement & Assumption,Hard,"Banking,TCS NQT",0.356
Q00944,Quantitative Aptitude,Percentages,Medium,"SSC,General,Placements",0.533
Q00945,Data Interpretation,Bar Graphs,Easy,"Banking,TCS NQT",0.799
Q00946,Quantitative Aptitude,Pipes & Cisterns,Medium,"Placements,CAT,Banking",0.541
Q00947,Data Interpretation,Pie Charts,Medium,CAT,0.528
Q00948,Verbal Ability,Reading Comprehension,Easy,Placements,0.72
Q00949,Logical Reasoning,Direction Sense,Medium,Banking,0.485
Q00950,Verbal Ability,Fill in the Blanks,Easy,"General,CAT,SSC",0.834
Q00951,Quantitative Aptitude,Profit & Loss,Hard,CAT,0.261
Q00952,Quantitative Aptitude,"Time, Speed & Distance",Easy,"Banking,Placements,CAT",0.765
Q00953,Quantitative Aptitude,Algebra,Medium,CAT,0.584
Q00954,Verbal Ability,Odd One Out,Easy,Placements,0.874
Q00955,Data Interpretation,Data Sufficiency (DI),Hard,"Banking,General,CAT",0.325
Q00956,Data Interpretation,Data Sufficiency (DI),Medium,"Banking,Placements,SSC",0.574
Q00957,Quantitative Aptitude,"Time, Speed & Distance",Medium,SSC,0.593
Q00958,Logical Reasoning,Statement & Conclusion,Easy,"Placements,CAT",0.844
Q00959,Logical Reasoning,Statement & Assumption,Hard,"SSC,Banking,TCS NQT",0.354
Q00960,Quantitative Aptitude,Probability,Medium,"CAT,General",0.668
Q00961,Data Interpretation,Caselets,Medium,"Placements,Banking",0.538
Q00962,Verbal Ability,Sentence Correction,Easy,"TCS NQT,Placements,CAT",0.873
Q00963,Verbal Ability,Para Summary,Medium,"SSC,Banking,TCS NQT",0.65
Q00964,Data Interpretation,Mixed DI Sets,Easy,"TCS NQT,SSC,Banking",0.762
Q00965,Verbal Ability,Critical Reasoning,Easy,CAT,0.781
Q00966,Quantitative Aptitude,Algebra,Medium,"Placements,CAT,SSC",0.548
Q00967,Quantitative Aptitude,Percentages,Medium,"TCS NQT,SSC",0.525
Q00968,Verbal Ability,Verbal Analogies,Easy,Placements,0.872
Q00969,Quantitative Aptitude,Simple Interest,Easy,General,0.84
Q00970,Verbal Ability,Sentence Correction,Medium,"TCS NQT,CAT",0.567
Q00971,Quantitative Aptitude,Ratio & Proportion,Easy,"Banking,SSC,Placements",0.746
Q00972,Logical Reasoning,Coding-Decoding,Medium,TCS NQT,0.509
Q00973,Logical Reasoning,Venn Diagrams,Medium,"General,SSC,CAT",0.574
Q00974,Quantitative Aptitude,Partnership,Hard,"SSC,TCS NQT,Placements",0.327
Q00975,Data Interpretation,Tables,Easy,"TCS NQT,SSC",0.804
Q00976,Data Interpretation,Line Graphs,Hard,"CAT,General",0.189
Q00977,Quantitative Aptitude,Percentages,Medium,TCS NQT,0.559
Q00978,Quantitative Aptitude,Ratio & Proportion,Hard,TCS NQT,0.449
Q00979,Verbal Ability,Odd One Out,Hard,SSC,0.321
Q00980,Logical Reasoning,Series Completion,Medium,SSC,0.58
Q00981,Quantitative Aptitude,Partnership,Medium,SSC,0.578
Q00982,Quantitative Aptitude,Percentages,Easy,Placements,0.754
Q00983,Quantitative Aptitude,Progressions (AP/GP),Easy,"Placements,CAT,SSC",0.849
Q00984,Logical Reasoning,Seating Arrangement,Easy,"General,Banking",0.846
Q00985,Quantitative Aptitude,Progressions (AP/GP),Easy,SSC,0.765
Q00986,Quantitative Aptitude,Mixtures & Alligations,Easy,"Placements,General",0.737
Q00987,Logical Reasoning,Input-Output,Medium,"Banking,SSC,Placements",0.481
Q00988,Quantitative Aptitude,Partnership,Hard,"General,TCS NQT,SSC",0.272
Q00989,Verbal Ability,Sentence Correction,Medium,"TCS NQT,Placements,Banking",0.471
Q00990,Logical Reasoning,Clocks & Calendars,Medium,"General,SSC,Placements",0.456
Q00991,Verbal Ability,Synonyms & Antonyms,Easy,"CAT,TCS NQT,Banking",0.668
Q00992,Data Interpretation,Bar Graphs,Medium,TCS NQT,0.55
Q00993,Logical Reasoning,Venn Diagrams,Easy,"Placements,TCS NQT,CAT",0.754
Q00994,Quantitative Aptitude,Trigonometry,Easy,SSC,0.813
Q00995,Verbal Ability,Error Spotting,Easy,Placements,0.843
Q00996,Quantitative Aptitude,Linear Equations,Medium,"Placements,CAT",0.538
Q00997,Logical Reasoning,Venn Diagrams,Easy,"CAT,SSC",0.931
Q00998,Verbal Ability,Sentence Correction,Medium,General,0.494
Q00999,Quantitative Aptitude,Profit & Loss,Easy,"SSC,CAT",0.814
Q01000,Verbal Ability,Error Spotting,Hard,CAT,0.388
Q01001,Verbal Ability,Para Summary,Medium,"General,Banking",0.605
Q01002,Logical Reasoning,Coding-Decoding,Easy,"Banking,General",0.769
Q01003,Data Interpretation,Mixed DI Sets,Hard,"Banking,CAT,General",0.26
Q01004,Logical Reasoning,Statement & Assumption,Hard,Banking,0.297
Q01005,Data Interpretation,Pie Charts,Easy,SSC,0.842
Q01006,Data Interpretation,Bar Graphs,Easy,"SSC,CAT",0.688
Q01007,Verbal Ability,Para Jumbles,Easy,"Placements,Banking",0.86
Q01008,Logical Reasoning,Coding-Decoding,Hard,"CAT,TCS NQT,General",0.275
Q01009,Logical Reasoning,Venn Diagrams,Easy,"TCS NQT,Banking,CAT",0.768
Q01010,Logical Reasoning,Input-Output,Easy,"Placements,TCS NQT,Banking",0.741
Q01011,Logical Reasoning,Coding-Decoding,Medium,CAT,0.595
Q01012,Verbal Ability,Fill in the Blanks,Easy,Placements,0.864
Q01013,Quantitative Aptitude,Geometry,Medium,"TCS NQT,General,SSC",0.54
Q01014,Verbal Ability,Cloze Test,Medium,"SSC,Placements",0.55
Q01015,Logical Reasoning,Puzzles,Easy,Banking,0.823
Q01016,Verbal Ability,Verbal Analogies,Medium,"Banking,Placements,CAT",0.623
Q01017,Verbal Ability,Fill in the Blanks,Medium,Banking,0.57
Q01018,Verbal Ability,Para Jumbles,Medium,"General,TCS NQT",0.507
Q01019,Quantitative Aptitude,Trigonometry,Easy,CAT,0.815
Q01020,Data Interpretation,Bar Graphs,Medium,Placements,0.573
Q01021,Logical Reasoning,Clocks & Calendars,Medium,Banking,0.56
Q01022,Verbal Ability,Para Jumbles,Easy,"Banking,General",0.847
Q01023,Logical Reasoning,Analogy,Medium,"SSC,CAT,Banking",0.508
Q01024,Quantitative Aptitude,Time & Work,Easy,"Banking,SSC",0.767
Q01025,Quantitative Aptitude,Time & Work,Medium,"CAT,SSC",0.551
Q01026,Quantitative Aptitude,Mensuration,Easy,"SSC,Placements",0.845
Q01027,Verbal Ability,Critical Reasoning,Medium,"CAT,Placements,General",0.576
Q01028,Verbal Ability,Para Jumbles,Easy,"SSC,TCS NQT,Banking",0.852
Q01029,Verbal Ability,Verbal Analogies,Easy,TCS NQT,0.809
Q01030,Quantitative Aptitude,Percentages,Easy,"TCS NQT,Banking",0.828
Q01031,Quantitative Aptitude,Probability,Medium,"Banking,TCS NQT,Placements",0.573
Q01032,Quantitative Aptitude,Trigonometry,Medium,"CAT,Banking",0.482
Q01033,Verbal Ability,Error Spotting,Medium,TCS NQT,0.515
Q01034,Quantitative Aptitude,Progressions (AP/GP),Medium,"TCS NQT,General,Placements",0.579
Q01035,Logical Reasoning,Puzzles,Medium,"Placements,General",0.567
Q01036,Quantitative Aptitude,"Time, Speed & Distance",Medium,Placements,0.472
Q01037,Quantitative Aptitude,Percentages,Hard,"CAT,Banking",0.284
Q01038,Data Interpretation,Tables,Hard,"Placements,TCS NQT,SSC",0.337
Q01039,Verbal Ability,Fill in the Blanks,Hard,"CAT,General,Banking",0.323
Q01040,Quantitative Aptitude,Probability,Easy,"TCS NQT,SSC",0.723
Q01041,Data Interpretation,Caselets,Easy,"Banking,CAT,General",0.838
Q01042,Data Interpretation,Pie Charts,Hard,"Placements,General",0.331
Q01043,Quantitative Aptitude,Progressions (AP/GP),Easy,"TCS NQT,CAT,General",0.749
Q01044,Quantitative Aptitude,Progressions (AP/GP),Medium,SSC,0.538
Q01045,Verbal Ability,Idioms & Phrases,Medium,"Banking,SSC",0.604
Q01046,Quantitative Aptitude,Quadratic Equations,Easy,"Banking,TCS NQT,General",0.734
Q01047,Verbal Ability,Reading Comprehension,Medium,SSC,0.569
Q01048,Logical Reasoning,Ranking & Order,Medium,TCS NQT,0.605
Q01049,Data Interpretation,Data Sufficiency (DI),Medium,Banking,0.557
Q01050,Verbal Ability,Fill in the Blanks,Medium,"Placements,CAT,Banking",0.551
Q01051,Verbal Ability,Critical Reasoning,Medium,"CAT,SSC",0.575
Q01052,Data Interpretation,Caselets,Hard,"SSC,Banking",0.23
Q01053,Quantitative Aptitude,Partnership,Medium,"CAT,Placements,TCS NQT",0.581
Q01054,Logical Reasoning,Clocks & Calendars,Easy,"Banking,SSC,TCS NQT",0.844
Q01055,Logical Reasoning,Input-Output,Medium,"General,CAT,Placements",0.497
Q01056,Data Interpretation,Radar/Spider Charts,Easy,Banking,0.874
Q01057,Logical Reasoning,Analogy,Medium,"SSC,CAT,Placements",0.601
Q01058,Quantitative Aptitude,Profit & Loss,Easy,"General,TCS NQT",0.867
Q01059,Verbal Ability,Para Summary,Medium,TCS NQT,0.578
Q01060,Logical Reasoning,Blood Relations,Medium,Placements,0.506
Q01061,Verbal Ability,Sentence Correction,Easy,Placements,0.878
Q01062,Verbal Ability,Reading Comprehension,Hard,"CAT,SSC",0.343
Q01063,Data Interpretation,Tables,Medium,"SSC,Banking",0.424
Q01064,Quantitative Aptitude,Permutation & Combination,Medium,"General,CAT",0.535
Q01065,Quantitative Aptitude,Surds & Indices,Hard,Placements,0.388
Q01066,Logical Reasoning,Data Sufficiency,Easy,"TCS NQT,Banking",0.879
Q01067,Quantitative Aptitude,Time & Work,Medium,"TCS NQT,General",0.56
Q01068,Data Interpretation,Mixed DI Sets,Hard,"Placements,SSC",0.262
Q01069,Verbal Ability,Error Spotting,Easy,"CAT,SSC,General",0.831
Q01070,Quantitative Aptitude,Quadratic Equations,Hard,Placements,0.26
Q01071,Data Interpretation,Tables,Easy,General,0.813
Q01072,Data Interpretation,Tables,Medium,"Placements,SSC,Banking",0.591
Q01073,Verbal Ability,Idioms & Phrases,Easy,General,0.774
Q01074,Data Interpretation,Bar Graphs,Hard,"Placements,General",0.29
Q01075,Data Interpretation,Bar Graphs,Hard,SSC,0.29
Q01076,Quantitative Aptitude,Logarithms,Easy,"General,SSC",0.763
Q01077,Quantitative Aptitude,Geometry,Medium,"SSC,Banking",0.525
Q01078,Quantitative Aptitude,Averages,Easy,Banking,0.786
Q01079,Data Interpretation,Caselets,Medium,"TCS NQT,General,Banking",0.547
Q01080,Quantitative Aptitude,Progressions (AP/GP),Medium,CAT,0.574
Q01081,Quantitative Aptitude,Permutation & Combination,Easy,"SSC,TCS NQT,General",0.776
Q01082,Quantitative Aptitude,Mixtures & Alligations,Medium,"CAT,Banking,General",0.532
Q01083,Verbal Ability,Fill in the Blanks,Easy,"General,SSC",0.83
Q01084,Quantitative Aptitude,Averages,Easy,"General,SSC",0.772
Q01085,Data Interpretation,Tables,Easy,TCS NQT,0.798
Q01086,Quantitative Aptitude,Ratio & Proportion,Medium,TCS NQT,0.508
Q01087,Verbal Ability,Para Summary,Easy,"SSC,Placements,CAT",0.809
Q01088,Quantitative Aptitude,Set Theory,Medium,"SSC,General",0.685
Q01089,Quantitative Aptitude,Geometry,Medium,"Banking,CAT",0.546
Q01090,Quantitative Aptitude,Progressions (AP/GP),Hard,"TCS NQT,Placements,SSC",0.258
Q01091,Quantitative Aptitude,Pipes & Cisterns,Medium,"Placements,TCS NQT,Banking",0.637
Q01092,Logical Reasoning,Data Sufficiency,Medium,"SSC,Placements,TCS NQT",0.534
Q01093,Verbal Ability,Critical Reasoning,Hard,Banking,0.32
Q01094,Verbal Ability,Synonyms & Antonyms,Hard,"SSC,TCS NQT,Placements",0.204
Q01095,Data Interpretation,Mixed DI Sets,Medium,"CAT,Placements,SSC",0.548
Q01096,Verbal Ability,Sentence Correction,Medium,"SSC,Banking,General",0.48
Q01097,Logical Reasoning,Data Sufficiency,Hard,"TCS NQT,SSC",0.348
Q01098,Logical Reasoning,Cubes & Dice,Easy,Banking,0.782
Q01099,Logical Reasoning,Syllogisms,Medium,"TCS NQT,General,CAT",0.538
Q01100,Data Interpretation,Radar/Spider Charts,Easy,TCS NQT,0.785
Q01101,Logical Reasoning,Puzzles,Medium,"Banking,TCS NQT,SSC",0.661
Q01102,Quantitative Aptitude,Geometry,Medium,Placements,0.542
Q01103,Logical Reasoning,Direction Sense,Medium,SSC,0.561
Q01104,Quantitative Aptitude,Geometry,Easy,"Banking,Placements,SSC",0.745
Q01105,Quantitative Aptitude,Partnership,Easy,CAT,0.773
Q01106,Data Interpretation,Radar/Spider Charts,Hard,"General,Placements",0.342
Q01107,Logical Reasoning,Venn Diagrams,Easy,"CAT,General,Banking",0.861
Q01108,Logical Reasoning,Statement & Conclusion,Easy,Placements,0.774
Q01109,Logical Reasoning,Coding-Decoding,Hard,"CAT,Placements",0.273
Q01110,Verbal Ability,Verbal Analogies,Easy,"General,Banking",0.824
Q01111,Quantitative Aptitude,Quadratic Equations,Hard,"Banking,General",0.258
Q01112,Quantitative Aptitude,Number System,Hard,TCS NQT,0.256
Q01113,Verbal Ability,Sentence Correction,Medium,"SSC,CAT,General",0.518
Q01114,Logical Reasoning,Series Completion,Medium,General,0.573
Q01115,Quantitative Aptitude,Number System,Medium,"General,Placements,TCS NQT",0.503
Q01116,Quantitative Aptitude,Partnership,Hard,"SSC,Placements",0.267
Q01117,Logical Reasoning,Puzzles,Medium,"TCS NQT,General",0.52
Q01118,Logical Reasoning,Clocks & Calendars,Medium,CAT,0.573
Q01119,Logical Reasoning,Syllogisms,Hard,"SSC,Banking",0.274
Q01120,Verbal Ability,Error Spotting,Easy,"TCS NQT,General,SSC",0.869
Q01121,Quantitative Aptitude,Geometry,Easy,"Placements,SSC,Banking",0.807
Q01122,Verbal Ability,Fill in the Blanks,Hard,Placements,0.193
Q01123,Logical Reasoning,Ranking & Order,Medium,Placements,0.446
Q01124,Verbal Ability,Sentence Correction,Easy,"Placements,General,CAT",0.886
Q01125,Quantitative Aptitude,Progressions (AP/GP),Medium,"Placements,CAT,SSC",0.522
Q01126,Verbal Ability,Error Spotting,Easy,"CAT,Banking,SSC",0.816
Q01127,Quantitative Aptitude,Probability,Medium,"CAT,TCS NQT,General",0.527
Q01128,Verbal Ability,Cloze Test,Easy,General,0.863
Q01129,Verbal Ability,Reading Comprehension,Easy,General,0.834
Q01130,Data Interpretation,Pie Charts,Medium,"Banking,General",0.642
Q01131,Quantitative Aptitude,Simple Interest,Easy,"SSC,Banking,Placements",0.805
Q01132,Verbal Ability,Sentence Correction,Easy,"General,CAT,SSC",0.865
Q01133,Quantitative Aptitude,Geometry,Easy,"CAT,TCS NQT,SSC",0.805
Q01134,Data Interpretation,Line Graphs,Easy,"CAT,TCS NQT",0.813
Q01135,Verbal Ability,Error Spotting,Medium,"CAT,SSC,General",0.593
Q01136,Data Interpretation,Pie Charts,Hard,"Placements,TCS NQT",0.277
Q01137,Verbal Ability,Sentence Correction,Easy,"TCS NQT,Placements",0.844
Q01138,Data Interpretation,Mixed DI Sets,Easy,"Banking,SSC,Placements",0.874
Q01139,Quantitative Aptitude,Percentages,Easy,"Banking,Placements,General",0.718
Q01140,Quantitative Aptitude,Algebra,Hard,CAT,0.28
Q01141,Data Interpretation,Bar Graphs,Easy,"CAT,General,Banking",0.832
Q01142,Quantitative Aptitude,Compound Interest,Easy,TCS NQT,0.79
Q01143,Quantitative Aptitude,Profit & Loss,Medium,"General,CAT,SSC",0.554
Q01144,Quantitative Aptitude,Set Theory,Medium,Banking,0.4
Q01145,Verbal Ability,Critical Reasoning,Medium,"Banking,CAT",0.573
Q01146,Data Interpretation,Pie Charts,Hard,CAT,0.376
Q01147,Verbal Ability,Critical Reasoning,Easy,"General,SSC",0.753
Q01148,Logical Reasoning,Input-Output,Hard,"CAT,General,TCS NQT",0.387
Q01149,Data Interpretation,Bar Graphs,Hard,General,0.357
Q01150,Quantitative Aptitude,Set Theory,Easy,SSC,0.745
Q01151,Quantitative Aptitude,Linear Equations,Easy,"TCS NQT,SSC",0.861
Q01152,Quantitative Aptitude,Pipes & Cisterns,Medium,SSC,0.537
Q01153,Logical Reasoning,Venn Diagrams,Easy,CAT,0.704
Q01154,Logical Reasoning,Ranking & Order,Medium,"Banking,SSC",0.547
Q01155,Quantitative Aptitude,Quadratic Equations,Easy,"Banking,General,Placements",0.846
Q01156,Quantitative Aptitude,Simple Interest,Medium,General,0.555
Q01157,Verbal Ability,Error Spotting,Hard,Placements,0.313
Q01158,Verbal Ability,Para Jumbles,Hard,"TCS NQT,Banking",0.364
Q01159,Logical Reasoning,Cubes & Dice,Easy,TCS NQT,0.794
Q01160,Logical Reasoning,Ranking & Order,Medium,"TCS NQT,CAT",0.555
Q01161,Quantitative Aptitude,Surds & Indices,Hard,"Placements,Banking,TCS NQT",0.376
Q01162,Quantitative Aptitude,Simple Interest,Medium,"Banking,CAT",0.58
Q01163,Logical Reasoning,Seating Arrangement,Easy,"General,SSC",0.813
Q01164,Quantitative Aptitude,Number System,Hard,"General,TCS NQT,Placements",0.238
Q01165,Verbal Ability,Cloze Test,Hard,"TCS NQT,General",0.205
Q01166,Quantitative Aptitude,Partnership,Easy,"TCS NQT,CAT,Banking",0.757
Q01167,Verbal Ability,Cloze Test,Medium,"Placements,Banking,SSC",0.578
Q01168,Quantitative Aptitude,Surds & Indices,Medium,"General,Banking,Placements",0.483
Q01169,Logical Reasoning,Syllogisms,Hard,General,0.295
Q01170,Logical Reasoning,Coding-Decoding,Medium,"Banking,General,Placements",0.616
Q01171,Verbal Ability,Para Jumbles,Easy,"SSC,Placements",0.724
Q01172,Verbal Ability,Fill in the Blanks,Easy,"CAT,TCS NQT",0.658
Q01173,Logical Reasoning,Statement & Assumption,Hard,"General,Banking,TCS NQT",0.279
Q01174,Logical Reasoning,Statement & Assumption,Easy,Banking,0.858
Q01175,Data Interpretation,Radar/Spider Charts,Easy,"Banking,CAT,General",0.81
Q01176,Logical Reasoning,Cubes & Dice,Easy,"CAT,Banking",0.822
Q01177,Logical Reasoning,Blood Relations,Medium,Banking,0.573
Q01178,Data Interpretation,Data Sufficiency (DI),Medium,TCS NQT,0.501
Q01179,Verbal Ability,Idioms & Phrases,Easy,CAT,0.752
Q01180,Verbal Ability,Verbal Analogies,Hard,"General,SSC,Placements",0.29
Q01181,Verbal Ability,Cloze Test,Easy,"Banking,SSC,TCS NQT",0.836
Q01182,Logical Reasoning,Syllogisms,Hard,Banking,0.198
Q01183,Verbal Ability,Fill in the Blanks,Medium,"TCS NQT,General,Banking",0.481
Q01184,Quantitative Aptitude,Partnership,Medium,"SSC,Banking,CAT",0.515
Q01185,Logical Reasoning,Puzzles,Medium,"Placements,CAT,SSC",0.522
Q01186,Logical Reasoning,Data Sufficiency,Easy,"SSC,TCS NQT,General",0.81
Q01187,Quantitative Aptitude,Partnership,Hard,CAT,0.295
Q01188,Quantitative Aptitude,Time & Work,Hard,"Placements,Banking",0.274
Q01189,Logical Reasoning,Puzzles,Easy,"TCS NQT,Placements",0.888
Q01190,Data Interpretation,Tables,Easy,Banking,0.801
Q01191,Data Interpretation,Tables,Hard,"Placements,SSC",0.311
Q01192,Verbal Ability,Para Jumbles,Medium,"CAT,TCS NQT",0.585
Q01193,Verbal Ability,Para Jumbles,Medium,"Banking,TCS NQT",0.513
Q01194,Verbal Ability,Idioms & Phrases,Hard,Banking,0.391
Q01195,Quantitative Aptitude,Number System,Hard,"General,CAT,Banking",0.36
Q01196,Logical Reasoning,Analogy,Medium,"Placements,TCS NQT,General",0.557
Q01197,Data Interpretation,Line Graphs,Easy,Banking,0.797
Q01198,Logical Reasoning,Venn Diagrams,Easy,"Banking,General,Placements",0.861
Q01199,Logical Reasoning,Statement & Conclusion,Easy,"SSC,General",0.795
Q01200,Verbal Ability,Odd One Out,Easy,Placements,0.821
Q01201,Verbal Ability,Para Summary,Hard,"General,TCS NQT,SSC",0.294
Q01202,Verbal Ability,Error Spotting,Easy,"SSC,TCS NQT,Placements",0.829
Q01203,Data Interpretation,Tables,Easy,TCS NQT,0.882
Q01204,Verbal Ability,Error Spotting,Easy,"General,SSC",0.854
Q01205,Data Interpretation,Line Graphs,Easy,"General,Placements,SSC",0.735
Q01206,Quantitative Aptitude,Partnership,Medium,SSC,0.579
Q01207,Logical Reasoning,Analogy,Easy,"TCS NQT,Banking,SSC",0.785
Q01208,Verbal Ability,Para Summary,Hard,TCS NQT,0.24
Q01209,Quantitative Aptitude,Simple Interest,Medium,Banking,0.602
Q01210,Quantitative Aptitude,Compound Interest,Easy,General,0.883
Q01211,Quantitative Aptitude,Percentages,Hard,SSC,0.325
Q01212,Data Interpretation,Line Graphs,Medium,"General,SSC",0.532
Q01213,Quantitative Aptitude,Compound Interest,Easy,General,0.705
Q01214,Quantitative Aptitude,Mixtures & Alligations,Medium,TCS NQT,0.616
Q01215,Quantitative Aptitude,Percentages,Medium,"Banking,CAT",0.546
Q01216,Logical Reasoning,Statement & Assumption,Medium,"General,TCS NQT,Banking",0.548
Q01217,Data Interpretation,Tables,Medium,"General,SSC,CAT",0.598
Q01218,Quantitative Aptitude,Quadratic Equations,Hard,"Banking,SSC",0.249
Q01219,Logical Reasoning,Syllogisms,Medium,General,0.545
Q01220,Verbal Ability,Critical Reasoning,Hard,TCS NQT,0.27
Q01221,Quantitative Aptitude,Mensuration,Easy,General,0.794
Q01222,Quantitative Aptitude,Partnership,Hard,"General,SSC,Placements",0.255
Q01223,Quantitative Aptitude,Pipes & Cisterns,Easy,SSC,0.655
Q01224,Quantitative Aptitude,Mensuration,Medium,General,0.531
Q01225,Logical Reasoning,Seating Arrangement,Easy,Placements,0.866
Q01226,Verbal Ability,Error Spotting,Easy,"CAT,Banking,General",0.816
Q01227,Quantitative Aptitude,Geometry,Easy,"TCS NQT,SSC",0.742
Q01228,Verbal Ability,Synonyms & Antonyms,Easy,TCS NQT,0.712
Q01229,Quantitative Aptitude,Averages,Medium,SSC,0.503
Q01230,Verbal Ability,Odd One Out,Easy,"Placements,CAT,General",0.83
Q01231,Data Interpretation,Mixed DI Sets,Hard,"CAT,TCS NQT,SSC",0.25
Q01232,Logical Reasoning,Analogy,Easy,"TCS NQT,SSC,CAT",0.762
Q01233,Verbal Ability,Error Spotting,Hard,"TCS NQT,Placements",0.349
Q01234,Logical Reasoning,Coding-Decoding,Easy,"CAT,TCS NQT,Placements",0.826
Q01235,Verbal Ability,Para Summary,Medium,"TCS NQT,Banking,CAT",0.49
Q01236,Quantitative Aptitude,Linear Equations,Hard,Placements,0.345
Q01237,Quantitative Aptitude,Surds & Indices,Hard,"SSC,General",0.345
Q01238,Data Interpretation,Caselets,Easy,TCS NQT,0.891
Q01239,Logical Reasoning,Analogy,Medium,"General,CAT,TCS NQT",0.473
Q01240,Quantitative Aptitude,Surds & Indices,Medium,"Banking,Placements",0.456
Q01241,Data Interpretation,Tables,Easy,General,0.809
Q01242,Verbal Ability,Fill in the Blanks,Medium,"CAT,Banking",0.571
Q01243,Verbal Ability,Critical Reasoning,Easy,"General,SSC,CAT",0.752
Q01244,Verbal Ability,Idioms & Phrases,Easy,"TCS NQT,General",0.766
Q01245,Data Interpretation,Radar/Spider Charts,Easy,"CAT,SSC",0.845
Q01246,Quantitative Aptitude,Set Theory,Medium,SSC,0.573
Q01247,Logical Reasoning,Seating Arrangement,Medium,Placements,0.587
Q01248,Logical Reasoning,Blood Relations,Easy,"CAT,Placements,TCS NQT",0.889
Q01249,Verbal Ability,Cloze Test,Easy,"CAT,Placements",0.747
Q01250,Verbal Ability,Idioms & Phrases,Medium,"General,Banking,CAT",0.588
Q01251,Quantitative Aptitude,Pipes & Cisterns,Easy,"Placements,CAT,Banking",0.814
Q01252,Verbal Ability,Error Spotting,Easy,"CAT,General",0.751
Q01253,Verbal Ability,Para Jumbles,Easy,Placements,0.839
Q01254,Quantitative Aptitude,Averages,Medium,"CAT,TCS NQT,Placements",0.548
Q01255,Quantitative Aptitude,Averages,Easy,"Banking,General",0.746
Q01256,Logical Reasoning,Ranking & Order,Easy,"SSC,CAT",0.896
Q01257,Quantitative Aptitude,Quadratic Equations,Medium,"CAT,TCS NQT,General",0.559
Q01258,Logical Reasoning,Seating Arrangement,Medium,"TCS NQT,CAT,General",0.597
Q01259,Quantitative Aptitude,Linear Equations,Easy,"CAT,SSC,TCS NQT",0.717
Q01260,Data Interpretation,Pie Charts,Medium,"Banking,General",0.603
Q01261,Quantitative Aptitude,Quadratic Equations,Medium,"CAT,Banking,Placements",0.561
Q01262,Verbal Ability,Idioms & Phrases,Hard,Placements,0.207
Q01263,Verbal Ability,Error Spotting,Medium,"TCS NQT,SSC",0.568
Q01264,Quantitative Aptitude,Set Theory,Easy,SSC,0.807
Q01265,Quantitative Aptitude,Surds & Indices,Easy,"General,SSC,CAT",0.859
Q01266,Logical Reasoning,Direction Sense,Easy,CAT,0.872
Q01267,Verbal Ability,Reading Comprehension,Easy,"TCS NQT,Banking,CAT",0.833
Q01268,Quantitative Aptitude,Mixtures & Alligations,Easy,General,0.897
Q01269,Quantitative Aptitude,Pipes & Cisterns,Hard,"SSC,Placements,Banking",0.312
Q01270,Quantitative Aptitude,Set Theory,Medium,"Placements,General,TCS NQT",0.582
Q01271,Verbal Ability,Sentence Correction,Medium,"SSC,Placements,CAT",0.504
Q01272,Quantitative Aptitude,Time & Work,Easy,"TCS NQT,CAT,Banking",0.868
Q01273,Logical Reasoning,Seating Arrangement,Hard,"General,CAT",0.304
Q01274,Logical Reasoning,Statement & Conclusion,Easy,Placements,0.828
Q01275,Logical Reasoning,Analogy,Medium,"SSC,Placements",0.472
Q01276,Quantitative Aptitude,Surds & Indices,Easy,"Placements,CAT,SSC",0.875
Q01277,Quantitative Aptitude,Logarithms,Easy,Placements,0.871
Q01278,Data Interpretation,Mixed DI Sets,Hard,"Banking,SSC",0.176
Q01279,Logical Reasoning,Clocks & Calendars,Hard,"TCS NQT,Placements,SSC",0.24
Q01280,Logical Reasoning,Venn Diagrams,Medium,"Placements,CAT",0.496
Q01281,Verbal Ability,Fill in the Blanks,Easy,Placements,0.817
Q01282,Quantitative Aptitude,Partnership,Medium,"General,Banking,SSC",0.503
Q01283,Verbal Ability,Fill in the Blanks,Medium,General,0.577
Q01284,Logical Reasoning,Venn Diagrams,Medium,"Banking,General",0.568
Q01285,Verbal Ability,Fill in the Blanks,Easy,"Banking,TCS NQT",0.904
Q01286,Verbal Ability,Para Jumbles,Easy,General,0.749
Q01287,Quantitative Aptitude,Logarithms,Hard,SSC,0.297
Q01288,Logical Reasoning,Direction Sense,Medium,"Placements,SSC,CAT",0.501
Q01289,Quantitative Aptitude,Pipes & Cisterns,Easy,CAT,0.81
Q01290,Logical Reasoning,Blood Relations,Easy,"TCS NQT,Banking,Placements",0.755
Q01291,Verbal Ability,Reading Comprehension,Hard,"SSC,TCS NQT,Banking",0.3
Q01292,Verbal Ability,Cloze Test,Easy,SSC,0.771
Q01293,Quantitative Aptitude,Quadratic Equations,Medium,TCS NQT,0.629
Q01294,Logical Reasoning,Clocks & Calendars,Medium,Banking,0.579
Q01295,Logical Reasoning,Seating Arrangement,Easy,"SSC,TCS NQT",0.825
Q01296,Logical Reasoning,Blood Relations,Hard,"Placements,TCS NQT,General",0.39
Q01297,Quantitative Aptitude,Permutation & Combination,Easy,Banking,0.749
Q01298,Verbal Ability,Synonyms & Antonyms,Medium,TCS NQT,0.612
Q01299,Verbal Ability,Verbal Analogies,Medium,"Placements,Banking,SSC",0.584
Q01300,Quantitative Aptitude,Percentages,Easy,Banking,0.793
Q01301,Logical Reasoning,Statement & Assumption,Hard,SSC,0.27
Q01302,Quantitative Aptitude,Linear Equations,Medium,CAT,0.542
Q01303,Quantitative Aptitude,Surds & Indices,Medium,TCS NQT,0.492
Q01304,Quantitative Aptitude,Linear Equations,Hard,"Banking,General",0.216
Q01305,Logical Reasoning,Syllogisms,Medium,General,0.515
Q01306,Verbal Ability,Fill in the Blanks,Easy,General,0.898
Q01307,Verbal Ability,Idioms & Phrases,Hard,"SSC,General,Placements",0.32
Q01308,Quantitative Aptitude,Quadratic Equations,Medium,"Banking,SSC,CAT",0.557
Q01309,Verbal Ability,Idioms & Phrases,Medium,"Banking,Placements",0.466
Q01310,Quantitative Aptitude,Permutation & Combination,Medium,"SSC,General",0.499
Q01311,Quantitative Aptitude,Trigonometry,Medium,"TCS NQT,CAT",0.658
Q01312,Data Interpretation,Venn-based DI,Medium,Banking,0.61
Q01313,Quantitative Aptitude,Time & Work,Hard,CAT,0.259
Q01314,Logical Reasoning,Statement & Conclusion,Hard,Placements,0.304
Q01315,Logical Reasoning,Coding-Decoding,Easy,SSC,0.796
Q01316,Logical Reasoning,Puzzles,Medium,"Placements,Banking,SSC",0.546
Q01317,Quantitative Aptitude,Pipes & Cisterns,Hard,Banking,0.325
Q01318,Verbal Ability,Cloze Test,Easy,"Banking,Placements",0.874
Q01319,Logical Reasoning,Coding-Decoding,Medium,"Banking,CAT,Placements",0.575
Q01320,Quantitative Aptitude,Percentages,Hard,TCS NQT,0.328
Q01321,Quantitative Aptitude,Progressions (AP/GP),Hard,Placements,0.322
Q01322,Logical Reasoning,Syllogisms,Hard,"Placements,CAT,General",0.173
Q01323,Verbal Ability,Critical Reasoning,Medium,TCS NQT,0.516
Q01324,Logical Reasoning,Ranking & Order,Medium,"TCS NQT,CAT,SSC",0.53
Q01325,Logical Reasoning,Seating Arrangement,Easy,Banking,0.842
Q01326,Logical Reasoning,Analogy,Easy,"Placements,General",0.81
Q01327,Logical Reasoning,Input-Output,Easy,"Placements,TCS NQT,General",0.821
Q01328,Logical Reasoning,Statement & Conclusion,Medium,General,0.571
Q01329,Verbal Ability,Cloze Test,Medium,"Banking,TCS NQT",0.572
Q01330,Verbal Ability,Verbal Analogies,Medium,Placements,0.605
Q01331,Logical Reasoning,Ranking & Order,Hard,"Placements,CAT",0.414
Q01332,Quantitative Aptitude,Number System,Medium,TCS NQT,0.594
Q01333,Logical Reasoning,Input-Output,Easy,TCS NQT,0.807
Q01334,Verbal Ability,Para Jumbles,Medium,Banking,0.519
Q01335,Quantitative Aptitude,Logarithms,Medium,"CAT,TCS NQT,General",0.544
Q01336,Quantitative Aptitude,Profit & Loss,Easy,"General,Placements",0.76
Q01337,Quantitative Aptitude,Logarithms,Medium,"CAT,Banking,TCS NQT",0.544
Q01338,Logical Reasoning,Data Sufficiency,Medium,General,0.522
Q01339,Logical Reasoning,Input-Output,Hard,Banking,0.301
Q01340,Quantitative Aptitude,Quadratic Equations,Easy,"TCS NQT,General",0.741
Q01341,Logical Reasoning,Puzzles,Medium,"Placements,SSC",0.558
Q01342,Data Interpretation,Radar/Spider Charts,Easy,CAT,0.851
Q01343,Quantitative Aptitude,Mixtures & Alligations,Easy,"TCS NQT,Banking,SSC",0.809
Q01344,Verbal Ability,Sentence Correction,Easy,General,0.733
Q01345,Data Interpretation,Bar Graphs,Hard,"TCS NQT,CAT,General",0.277
Q01346,Quantitative Aptitude,Quadratic Equations,Easy,"Placements,SSC,Banking",0.789
Q01347,Quantitative Aptitude,Linear Equations,Medium,Placements,0.514
Q01348,Data Interpretation,Data Sufficiency (DI),Medium,"TCS NQT,SSC,General",0.486
Q01349,Data Interpretation,Venn-based DI,Easy,"TCS NQT,SSC",0.849
Q01350,Quantitative Aptitude,Logarithms,Easy,"General,Banking",0.695
Q01351,Verbal Ability,Sentence Correction,Medium,"TCS NQT,General",0.535
Q01352,Logical Reasoning,Analogy,Easy,SSC,0.67
Q01353,Quantitative Aptitude,Probability,Easy,"Banking,SSC,TCS NQT",0.877
Q01354,Quantitative Aptitude,Progressions (AP/GP),Medium,"General,Banking",0.583
Q01355,Quantitative Aptitude,Pipes & Cisterns,Easy,General,0.825
Q01356,Verbal Ability,Para Jumbles,Medium,"Placements,Banking,General",0.523
Q01357,Logical Reasoning,Puzzles,Hard,TCS NQT,0.291
Q01358,Quantitative Aptitude,Quadratic Equations,Medium,"TCS NQT,General",0.532
Q01359,Data Interpretation,Bar Graphs,Easy,Banking,0.802
Q01360,Quantitative Aptitude,Set Theory,Medium,CAT,0.553
Q01361,Logical Reasoning,Direction Sense,Hard,"TCS NQT,Banking",0.325
Q01362,Quantitative Aptitude,Profit & Loss,Medium,SSC,0.523
Q01363,Logical Reasoning,Statement & Assumption,Medium,"CAT,TCS NQT",0.572
Q01364,Data Interpretation,Bar Graphs,Easy,"Banking,General,SSC",0.824
Q01365,Verbal Ability,Error Spotting,Easy,"CAT,Placements,Banking",0.864
Q01366,Logical Reasoning,Cubes & Dice,Medium,Placements,0.439
Q01367,Data Interpretation,Venn-based DI,Easy,"Placements,CAT",0.752
Q01368,Quantitative Aptitude,Logarithms,Easy,"TCS NQT,Placements,General",0.881
Q01369,Data Interpretation,Bar Graphs,Hard,"Placements,CAT",0.271
Q01370,Verbal Ability,Synonyms & Antonyms,Medium,SSC,0.491
Q01371,Logical Reasoning,Ranking & Order,Medium,"General,Banking",0.625
Q01372,Quantitative Aptitude,Quadratic Equations,Medium,"Placements,TCS NQT,CAT",0.643
Q01373,Logical Reasoning,Seating Arrangement,Medium,TCS NQT,0.584
Q01374,Quantitative Aptitude,Mixtures & Alligations,Medium,"TCS NQT,General,SSC",0.509
Q01375,Verbal Ability,Fill in the Blanks,Medium,"Placements,TCS NQT",0.594
Q01376,Logical Reasoning,Series Completion,Medium,"Banking,TCS NQT",0.496
Q01377,Verbal Ability,Reading Comprehension,Medium,"Placements,Banking",0.494
Q01378,Quantitative Aptitude,Permutation & Combination,Medium,TCS NQT,0.548
Q01379,Logical Reasoning,Seating Arrangement,Medium,"SSC,General,CAT",0.458
Q01380,Verbal Ability,Idioms & Phrases,Easy,"TCS NQT,General",0.798
Q01381,Logical Reasoning,Statement & Conclusion,Hard,"Banking,General,TCS NQT",0.294
Q01382,Quantitative Aptitude,Ratio & Proportion,Medium,"Banking,General",0.485
Q01383,Logical Reasoning,Blood Relations,Medium,"CAT,SSC",0.598
Q01384,Quantitative Aptitude,Profit & Loss,Easy,"General,Placements",0.803
Q01385,Data Interpretation,Tables,Medium,"Banking,SSC",0.561
Q01386,Verbal Ability,Idioms & Phrases,Medium,"CAT,SSC,Placements",0.595
Q01387,Verbal Ability,Critical Reasoning,Hard,Banking,0.236
Q01388,Quantitative Aptitude,Surds & Indices,Easy,"SSC,CAT,Placements",0.814
Q01389,Quantitative Aptitude,Trigonometry,Easy,"SSC,Placements",0.906
Q01390,Logical Reasoning,Statement & Conclusion,Medium,General,0.617
Q01391,Quantitative Aptitude,Surds & Indices,Easy,Banking,0.804
Q01392,Quantitative Aptitude,Pipes & Cisterns,Easy,Placements,0.735
Q01393,Logical Reasoning,Statement & Assumption,Hard,"Placements,General",0.353
Q01394,Data Interpretation,Tables,Easy,TCS NQT,0.83
Q01395,Quantitative Aptitude,Linear Equations,Hard,CAT,0.415
Q01396,Verbal Ability,Para Jumbles,Medium,General,0.476
Q01397,Data Interpretation,Radar/Spider Charts,Hard,"CAT,TCS NQT,General",0.251
Q01398,Data Interpretation,Radar/Spider Charts,Easy,"TCS NQT,SSC",0.85
Q01399,Quantitative Aptitude,Trigonometry,Hard,"SSC,Banking,Placements",0.259
Q01400,Quantitative Aptitude,Permutation & Combination,Hard,"Banking,Placements",0.264
Q01401,Logical Reasoning,Direction Sense,Medium,TCS NQT,0.589
Q01402,Verbal Ability,Para Summary,Easy,"TCS NQT,CAT",0.76
Q01403,Logical Reasoning,Data Sufficiency,Easy,"General,Placements",0.802
Q01404,Data Interpretation,Radar/Spider Charts,Easy,General,0.806
Q01405,Verbal Ability,Idioms & Phrases,Medium,"SSC,CAT",0.501
Q01406,Verbal Ability,Reading Comprehension,Medium,"Placements,Banking,CAT",0.536
Q01407,Logical Reasoning,Venn Diagrams,Easy,"TCS NQT,SSC",0.701
Q01408,Logical Reasoning,Coding-Decoding,Medium,"SSC,Placements,General",0.552
Q01409,Verbal Ability,Odd One Out,Easy,"SSC,General,Placements",0.723
Q01410,Quantitative Aptitude,Trigonometry,Medium,"Placements,Banking",0.518
Q01411,Data Interpretation,Mixed DI Sets,Medium,"Banking,SSC",0.571
Q01412,Verbal Ability,Odd One Out,Easy,TCS NQT,0.813
Q01413,Data Interpretation,Line Graphs,Medium,"General,Placements,CAT",0.525
Q01414,Logical Reasoning,Statement & Conclusion,Easy,TCS NQT,0.791
Q01415,Quantitative Aptitude,Geometry,Easy,"Placements,General",0.813
Q01416,Quantitative Aptitude,Pipes & Cisterns,Hard,Banking,0.311
Q01417,Data Interpretation,Bar Graphs,Medium,Banking,0.572
Q01418,Data Interpretation,Radar/Spider Charts,Medium,General,0.509
Q01419,Quantitative Aptitude,Permutation & Combination,Medium,"General,SSC,Banking",0.558
Q01420,Quantitative Aptitude,Mixtures & Alligations,Easy,"TCS NQT,General",0.911
Q01421,Verbal Ability,Reading Comprehension,Hard,"CAT,Placements",0.36
Q01422,Verbal Ability,Reading Comprehension,Hard,SSC,0.237
Q01423,Data Interpretation,Radar/Spider Charts,Easy,"CAT,Banking,SSC",0.851
Q01424,Verbal Ability,Critical Reasoning,Easy,"SSC,TCS NQT",0.844
Q01425,Data Interpretation,Venn-based DI,Easy,"SSC,CAT",0.804
Q01426,Logical Reasoning,Input-Output,Hard,SSC,0.292
Q01427,Logical Reasoning,Series Completion,Easy,"TCS NQT,General,Placements",0.809
Q01428,Quantitative Aptitude,Mixtures & Alligations,Medium,"SSC,TCS NQT",0.611
Q01429,Logical Reasoning,Analogy,Medium,"Banking,CAT,General",0.614
Q01430,Verbal Ability,Verbal Analogies,Medium,"Banking,Placements",0.542
Q01431,Quantitative Aptitude,Time & Work,Hard,"SSC,Banking,TCS NQT",0.361
Q01432,Logical Reasoning,Seating Arrangement,Hard,Placements,0.353
Q01433,Verbal Ability,Fill in the Blanks,Easy,SSC,0.847
Q01434,Quantitative Aptitude,Algebra,Hard,"SSC,General,Banking",0.289
Q01435,Verbal Ability,Critical Reasoning,Medium,"SSC,TCS NQT",0.504
Q01436,Data Interpretation,Venn-based DI,Easy,"Banking,Placements",0.758
Q01437,Verbal Ability,Synonyms & Antonyms,Medium,Placements,0.571
Q01438,Logical Reasoning,Statement & Assumption,Medium,"SSC,CAT,Placements",0.552
Q01439,Quantitative Aptitude,Time & Work,Medium,"CAT,General",0.601
Q01440,Logical Reasoning,Seating Arrangement,Medium,"TCS NQT,CAT",0.542
Q01441,Quantitative Aptitude,Number System,Hard,"TCS NQT,CAT",0.291
Q01442,Verbal Ability,Para Jumbles,Medium,"TCS NQT,Placements",0.545
Q01443,Logical Reasoning,Seating Arrangement,Medium,"Banking,SSC,Placements",0.519
Q01444,Verbal Ability,Sentence Correction,Medium,"SSC,Banking,Placements",0.579
Q01445,Logical Reasoning,Direction Sense,Medium,"Placements,CAT,TCS NQT",0.593
Q01446,Logical Reasoning,Data Sufficiency,Easy,"Banking,General",0.759
Q01447,Logical Reasoning,Statement & Conclusion,Hard,"Banking,Placements,TCS NQT",0.34
Q01448,Quantitative Aptitude,Progressions (AP/GP),Easy,"Banking,TCS NQT,General",0.794
Q01449,Quantitative Aptitude,Permutation & Combination,Medium,"General,TCS NQT,SSC",0.514
Q01450,Quantitative Aptitude,Linear Equations,Easy,"TCS NQT,Placements",0.826
Q01451,Verbal Ability,Para Jumbles,Hard,"SSC,General",0.25
Q01452,Logical Reasoning,Input-Output,Easy,"Placements,SSC",0.791
Q01453,Logical Reasoning,Blood Relations,Medium,TCS NQT,0.521
Q01454,Quantitative Aptitude,Compound Interest,Hard,"SSC,Banking",0.316
Q01455,Quantitative Aptitude,Probability,Easy,General,0.863
Q01456,Quantitative Aptitude,Trigonometry,Medium,"SSC,CAT",0.528
Q01457,Verbal Ability,Para Summary,Medium,"TCS NQT,Placements",0.564
Q01458,Logical Reasoning,Blood Relations,Hard,"SSC,Placements,Banking",0.299
Q01459,Verbal Ability,Idioms & Phrases,Easy,"Banking,Placements",0.811
Q01460,Data Interpretation,Line Graphs,Easy,"General,Banking,TCS NQT",0.801
Q01461,Verbal Ability,Sentence Correction,Easy,"CAT,Banking",0.833
Q01462,Quantitative Aptitude,Set Theory,Hard,TCS NQT,0.272
Q01463,Quantitative Aptitude,Logarithms,Easy,"General,SSC,TCS NQT",0.761
Q01464,Quantitative Aptitude,Set Theory,Easy,"TCS NQT,SSC,Banking",0.762
Q01465,Logical Reasoning,Series Completion,Easy,Placements,0.708
Q01466,Data Interpretation,Line Graphs,Hard,"CAT,Banking",0.239
Q01467,Logical Reasoning,Cubes & Dice,Easy,"General,TCS NQT",0.792
Q01468,Quantitative Aptitude,Trigonometry,Easy,SSC,0.784
Q01469,Quantitative Aptitude,Number System,Medium,CAT,0.566
Q01470,Quantitative Aptitude,Probability,Easy,Placements,0.756
Q01471,Data Interpretation,Pie Charts,Easy,"SSC,Placements",0.809
Q01472,Quantitative Aptitude,Partnership,Hard,"General,CAT",0.365
Q01473,Quantitative Aptitude,Ratio & Proportion,Hard,Placements,0.313
Q01474,Quantitative Aptitude,Number System,Medium,"Placements,SSC",0.538
Q01475,Verbal Ability,Para Summary,Hard,"Banking,SSC",0.292
Q01476,Quantitative Aptitude,Mensuration,Easy,"CAT,SSC,General",0.811
Q01477,Logical Reasoning,Direction Sense,Medium,SSC,0.489
Q01478,Verbal Ability,Para Summary,Easy,TCS NQT,0.808
Q01479,Quantitative Aptitude,Trigonometry,Medium,Placements,0.583
Q01480,Verbal Ability,Critical Reasoning,Easy,"CAT,General",0.841
Q01481,Logical Reasoning,Statement & Assumption,Easy,"Banking,Placements",0.737
Q01482,Quantitative Aptitude,Pipes & Cisterns,Easy,Placements,0.71
Q01483,Data Interpretation,Radar/Spider Charts,Hard,"CAT,TCS NQT,Placements",0.281
Q01484,Quantitative Aptitude,Trigonometry,Medium,"General,SSC",0.544
Q01485,Data Interpretation,Mixed DI Sets,Easy,General,0.78
Q01486,Data Interpretation,Bar Graphs,Medium,"TCS NQT,General,CAT",0.563
Q01487,Verbal Ability,Critical Reasoning,Easy,"General,SSC",0.741
Q01488,Quantitative Aptitude,"Time, Speed & Distance",Hard,"CAT,Placements",0.324
Q01489,Data Interpretation,Pie Charts,Hard,General,0.359
Q01490,Quantitative Aptitude,Geometry,Easy,"CAT,Placements",0.824
Q01491,Quantitative Aptitude,Averages,Medium,"CAT,Banking,Placements",0.501
Q01492,Logical Reasoning,Blood Relations,Hard,TCS NQT,0.28
Q01493,Logical Reasoning,Analogy,Easy,"TCS NQT,Placements,SSC",0.769
Q01494,Quantitative Aptitude,Profit & Loss,Medium,Placements,0.515
Q01495,Verbal Ability,Odd One Out,Medium,General,0.605
Q01496,Quantitative Aptitude,Logarithms,Medium,"General,CAT",0.527
Q01497,Verbal Ability,Reading Comprehension,Easy,"General,Placements",0.865
Q01498,Quantitative Aptitude,Partnership,Medium,"CAT,Placements,Banking",0.495
Q01499,Quantitative Aptitude,Ratio & Proportion,Easy,"TCS NQT,SSC",0.73
Q01500,Logical Reasoning,Cubes & Dice,Easy,"Placements,CAT,Banking",0.83
Q01501,Quantitative Aptitude,Linear Equations,Easy,"Placements,SSC,CAT",0.8
Q01502,Quantitative Aptitude,Trigonometry,Easy,"Banking,TCS NQT,SSC",0.789
Q01503,Data Interpretation,Venn-based DI,Easy,"Banking,Placements,TCS NQT",0.816
Q01504,Data Interpretation,Venn-based DI,Medium,"SSC,Banking",0.633
Q01505,Logical Reasoning,Statement & Conclusion,Easy,"TCS NQT,Placements,CAT",0.745
Q01506,Verbal Ability,Idioms & Phrases,Easy,Banking,0.726
Q01507,Data Interpretation,Caselets,Medium,"TCS NQT,SSC",0.598
Q01508,Quantitative Aptitude,Mensuration,Easy,General,0.812
Q01509,Logical Reasoning,Ranking & Order,Easy,"Placements,CAT,SSC",0.815
Q01510,Logical Reasoning,Statement & Assumption,Easy,"General,CAT",0.809
Q01511,Data Interpretation,Venn-based DI,Medium,"Placements,TCS NQT",0.44
Q01512,Data Interpretation,Radar/Spider Charts,Medium,"Placements,TCS NQT,SSC",0.542
Q01513,Verbal Ability,Fill in the Blanks,Hard,"General,SSC",0.26
Q01514,Verbal Ability,Para Jumbles,Medium,TCS NQT,0.455
Q01515,Verbal Ability,Cloze Test,Hard,CAT,0.37
Q01516,Verbal Ability,Synonyms & Antonyms,Hard,CAT,0.336
Q01517,Logical Reasoning,Series Completion,Easy,Banking,0.883
Q01518,Logical Reasoning,Series Completion,Medium,CAT,0.503
Q01519,Logical Reasoning,Ranking & Order,Medium,"Banking,TCS NQT,SSC",0.579
Q01520,Logical Reasoning,Syllogisms,Easy,"Placements,TCS NQT",0.763
Q01521,Quantitative Aptitude,Partnership,Medium,CAT,0.475
Q01522,Data Interpretation,Tables,Medium,"Banking,CAT,General",0.545
Q01523,Data Interpretation,Bar Graphs,Medium,"TCS NQT,Banking",0.597
Q01524,Logical Reasoning,Data Sufficiency,Medium,"CAT,TCS NQT,SSC",0.547
Q01525,Quantitative Aptitude,Permutation & Combination,Medium,General,0.537
Q01526,Quantitative Aptitude,Profit & Loss,Easy,"CAT,Placements",0.783
Q01527,Data Interpretation,Venn-based DI,Easy,CAT,0.848
Q01528,Logical Reasoning,Statement & Assumption,Easy,"Banking,Placements,TCS NQT",0.823
Q01529,Verbal Ability,Idioms & Phrases,Medium,"Placements,TCS NQT,General",0.594
Q01530,Data Interpretation,Venn-based DI,Medium,"TCS NQT,Banking,CAT",0.588
Q01531,Quantitative Aptitude,Set Theory,Medium,"SSC,Banking,TCS NQT",0.533
Q01532,Verbal Ability,Para Jumbles,Medium,Placements,0.511
Q01533,Logical Reasoning,Ranking & Order,Medium,"SSC,Placements,Banking",0.529
Q01534,Data Interpretation,Mixed DI Sets,Easy,"TCS NQT,SSC",0.846
Q01535,Verbal Ability,Fill in the Blanks,Hard,"General,Banking",0.286
Q01536,Quantitative Aptitude,Pipes & Cisterns,Medium,"TCS NQT,Placements",0.486
Q01537,Logical Reasoning,Series Completion,Medium,"TCS NQT,SSC",0.521
Q01538,Quantitative Aptitude,Linear Equations,Easy,"Banking,General",0.769
Q01539,Logical Reasoning,Blood Relations,Hard,"CAT,SSC,General",0.263
Q01540,Data Interpretation,Venn-based DI,Medium,SSC,0.645
Q01541,Data Interpretation,Bar Graphs,Medium,"Placements,General",0.52
Q01542,Quantitative Aptitude,Algebra,Medium,General,0.568
Q01543,Logical Reasoning,Statement & Conclusion,Medium,"TCS NQT,General,Placements",0.53
Q01544,Verbal Ability,Para Jumbles,Hard,Banking,0.245
Q01545,Verbal Ability,Fill in the Blanks,Hard,Placements,0.325
Q01546,Quantitative Aptitude,Averages,Medium,"TCS NQT,Placements",0.622
Q01547,Verbal Ability,Sentence Correction,Medium,"SSC,CAT",0.708
Q01548,Quantitative Aptitude,Progressions (AP/GP),Medium,"TCS NQT,Placements",0.494
Q01549,Quantitative Aptitude,Pipes & Cisterns,Hard,General,0.396
Q01550,Logical Reasoning,Venn Diagrams,Easy,"Placements,Banking",0.761
Q01551,Logical Reasoning,Puzzles,Easy,"General,SSC,CAT",0.697
Q01552,Verbal Ability,Error Spotting,Easy,"Banking,CAT,TCS NQT",0.801
Q01553,Logical Reasoning,Venn Diagrams,Easy,"Banking,General",0.882
Q01554,Logical Reasoning,Puzzles,Easy,General,0.818
Q01555,Data Interpretation,Bar Graphs,Medium,"General,Banking,CAT",0.482
Q01556,Logical Reasoning,Clocks & Calendars,Medium,"CAT,SSC,Placements",0.58
Q01557,Quantitative Aptitude,Algebra,Easy,"General,Placements,TCS NQT",0.776
Q01558,Quantitative Aptitude,Percentages,Medium,"General,Banking,TCS NQT",0.582
Q01559,Verbal Ability,Verbal Analogies,Easy,"TCS NQT,CAT,Placements",0.751
Q01560,Quantitative Aptitude,Geometry,Easy,"Banking,Placements",0.81
Q01561,Verbal Ability,Synonyms & Antonyms,Easy,"CAT,Banking",0.796
Q01562,Verbal Ability,Verbal Analogies,Easy,"CAT,TCS NQT,Banking",0.771
Q01563,Logical Reasoning,Statement & Conclusion,Easy,Banking,0.908
Q01564,Logical Reasoning,Input-Output,Easy,"Placements,General,Banking",0.729
Q01565,Quantitative Aptitude,Probability,Easy,Banking,0.761
Q01566,Verbal Ability,Para Summary,Hard,"TCS NQT,Placements,General",0.287
Q01567,Data Interpretation,Tables,Hard,SSC,0.38
Q01568,Quantitative Aptitude,Geometry,Medium,"General,TCS NQT",0.59
Q01569,Logical Reasoning,Seating Arrangement,Medium,General,0.51
Q01570,Quantitative Aptitude,Geometry,Hard,"SSC,General",0.348
Q01571,Quantitative Aptitude,"Time, Speed & Distance",Medium,"SSC,TCS NQT",0.56
Q01572,Logical Reasoning,Blood Relations,Easy,"Placements,SSC",0.838
Q01573,Quantitative Aptitude,Logarithms,Hard,"TCS NQT,Placements",0.335
Q01574,Quantitative Aptitude,Mensuration,Easy,Placements,0.941
Q01575,Data Interpretation,Tables,Medium,"SSC,Placements,CAT",0.513
Q01576,Verbal Ability,Para Jumbles,Hard,"CAT,Placements,TCS NQT",0.309
Q01577,Logical Reasoning,Clocks & Calendars,Easy,SSC,0.873
Q01578,Logical Reasoning,Puzzles,Hard,"Banking,General",0.322
Q01579,Verbal Ability,Reading Comprehension,Hard,"Placements,TCS NQT",0.252
Q01580,Quantitative Aptitude,"Time, Speed & Distance",Easy,TCS NQT,0.816
Q01581,Data Interpretation,Venn-based DI,Medium,"TCS NQT,Banking",0.491
Q01582,Quantitative Aptitude,Logarithms,Medium,"Placements,CAT,Banking",0.603
Q01583,Logical Reasoning,Syllogisms,Easy,"Placements,CAT",0.778
Q01584,Quantitative Aptitude,Mixtures & Alligations,Medium,General,0.556
Q01585,Quantitative Aptitude,Logarithms,Hard,"CAT,Banking",0.281
Q01586,Quantitative Aptitude,Set Theory,Medium,CAT,0.535
Q01587,Logical Reasoning,Ranking & Order,Medium,"SSC,General,CAT",0.616
Q01588,Data Interpretation,Bar Graphs,Easy,"General,Banking",0.789
Q01589,Logical Reasoning,Statement & Assumption,Hard,"TCS NQT,CAT",0.357
Q01590,Quantitative Aptitude,Algebra,Hard,"TCS NQT,General",0.281
Q01591,Verbal Ability,Para Jumbles,Hard,Placements,0.245
Q01592,Data Interpretation,Venn-based DI,Easy,"TCS NQT,CAT",0.871
Q01593,Quantitative Aptitude,Percentages,Medium,TCS NQT,0.58
Q01594,Verbal Ability,Critical Reasoning,Easy,"Banking,General",0.771
Q01595,Logical Reasoning,Coding-Decoding,Easy,SSC,0.868
Q01596,Data Interpretation,Mixed DI Sets,Medium,"General,SSC",0.594
Q01597,Verbal Ability,Sentence Correction,Medium,"SSC,CAT,General",0.54
Q01598,Data Interpretation,Data Sufficiency (DI),Easy,TCS NQT,0.812
Q01599,Quantitative Aptitude,Averages,Medium,Placements,0.628
Q01600,Logical Reasoning,Venn Diagrams,Medium,"General,Placements",0.473
Q01601,Quantitative Aptitude,Profit & Loss,Easy,"Banking,TCS NQT,Placements",0.788
Q01602,Quantitative Aptitude,Geometry,Medium,TCS NQT,0.455
Q01603,Logical Reasoning,Direction Sense,Easy,"SSC,TCS NQT",0.848
Q01604,Quantitative Aptitude,Algebra,Medium,"TCS NQT,Placements",0.56
Q01605,Verbal Ability,Sentence Correction,Medium,"Placements,TCS NQT,General",0.513
Q01606,Logical Reasoning,Direction Sense,Easy,"General,TCS NQT",0.883
Q01607,Verbal Ability,Synonyms & Antonyms,Medium,"Placements,TCS NQT",0.544
Q01608,Data Interpretation,Line Graphs,Medium,"CAT,TCS NQT",0.531
Q01609,Logical Reasoning,Puzzles,Hard,SSC,0.331
Q01610,Verbal Ability,Synonyms & Antonyms,Hard,"CAT,SSC,Banking",0.382
Q01611,Logical Reasoning,Input-Output,Medium,"Banking,SSC",0.569
Q01612,Verbal Ability,Synonyms & Antonyms,Easy,CAT,0.795
Q01613,Data Interpretation,Line Graphs,Medium,CAT,0.554
Q01614,Logical Reasoning,Statement & Conclusion,Hard,"TCS NQT,General,Placements",0.263
Q01615,Quantitative Aptitude,Logarithms,Hard,Placements,0.268
Q01616,Data Interpretation,Bar Graphs,Medium,"CAT,Banking",0.554
Q01617,Quantitative Aptitude,Compound Interest,Medium,"TCS NQT,Banking,SSC",0.528
Q01618,Quantitative Aptitude,Time & Work,Easy,"Banking,General",0.84
Q01619,Quantitative Aptitude,Compound Interest,Medium,Placements,0.473
Q01620,Quantitative Aptitude,Ratio & Proportion,Easy,Banking,0.792
Q01621,Data Interpretation,Bar Graphs,Easy,"Banking,Placements",0.8
Q01622,Quantitative Aptitude,Pipes & Cisterns,Hard,"Placements,General,CAT",0.315
Q01623,Logical Reasoning,Coding-Decoding,Medium,"TCS NQT,Banking",0.564
Q01624,Quantitative Aptitude,Partnership,Easy,"Banking,Placements",0.775
Q01625,Quantitative Aptitude,Geometry,Easy,"CAT,TCS NQT",0.776
Q01626,Logical Reasoning,Ranking & Order,Medium,"SSC,Banking,CAT",0.568
Q01627,Logical Reasoning,Puzzles,Easy,"Banking,CAT",0.82
Q01628,Logical Reasoning,Statement & Assumption,Medium,"TCS NQT,Banking,CAT",0.563
Q01629,Logical Reasoning,Ranking & Order,Medium,"General,CAT,Placements",0.605
Q01630,Data Interpretation,Caselets,Hard,"Banking,SSC",0.222
Q01631,Logical Reasoning,Clocks & Calendars,Medium,"Placements,Banking",0.562
Q01632,Quantitative Aptitude,Mixtures & Alligations,Easy,"CAT,TCS NQT,Placements",0.745
Q01633,Logical Reasoning,Cubes & Dice,Hard,"Banking,CAT,TCS NQT",0.306
Q01634,Quantitative Aptitude,Time & Work,Easy,"General,TCS NQT,Placements",0.769
Q01635,Logical Reasoning,Ranking & Order,Medium,"SSC,Banking",0.507
Q01636,Quantitative Aptitude,Number System,Easy,Banking,0.744
Q01637,Data Interpretation,Tables,Hard,"CAT,SSC",0.34
Q01638,Data Interpretation,Mixed DI Sets,Easy,"General,Placements,CAT",0.707
Q01639,Verbal Ability,Para Jumbles,Hard,General,0.302
Q01640,Quantitative Aptitude,Mensuration,Easy,"SSC,CAT,Banking",0.828
Q01641,Logical Reasoning,Coding-Decoding,Medium,"TCS NQT,Banking",0.566
Q01642,Logical Reasoning,Syllogisms,Medium,SSC,0.46
Q01643,Quantitative Aptitude,Progressions (AP/GP),Hard,"Placements,General,TCS NQT",0.3
Q01644,Verbal Ability,Synonyms & Antonyms,Easy,"CAT,Banking,SSC",0.859
Q01645,Logical Reasoning,Clocks & Calendars,Medium,"Banking,SSC,Placements",0.564
Q01646,Verbal Ability,Para Jumbles,Medium,Placements,0.55
Q01647,Verbal Ability,Reading Comprehension,Easy,"SSC,CAT,Banking",0.722
Q01648,Logical Reasoning,Analogy,Medium,"TCS NQT,CAT",0.491
Q01649,Logical Reasoning,Analogy,Medium,Placements,0.458
Q01650,Verbal Ability,Verbal Analogies,Easy,"Banking,General,TCS NQT",0.845
Q01651,Quantitative Aptitude,Mensuration,Medium,TCS NQT,0.558
Q01652,Logical Reasoning,Blood Relations,Hard,TCS NQT,0.41
Q01653,Logical Reasoning,Statement & Conclusion,Hard,"General,TCS NQT,Placements",0.31
Q01654,Data Interpretation,Bar Graphs,Medium,Placements,0.495
Q01655,Verbal Ability,Reading Comprehension,Medium,"SSC,CAT,Placements",0.545
Q01656,Logical Reasoning,Syllogisms,Hard,"TCS NQT,General,SSC",0.256
Q01657,Quantitative Aptitude,Algebra,Hard,CAT,0.338
Q01658,Data Interpretation,Pie Charts,Medium,"Placements,General",0.535
Q01659,Quantitative Aptitude,Surds & Indices,Medium,"TCS NQT,General",0.494
Q01660,Verbal Ability,Verbal Analogies,Easy,"Placements,Banking,SSC",0.846
Q01661,Quantitative Aptitude,Percentages,Medium,SSC,0.482
Q01662,Logical Reasoning,Venn Diagrams,Easy,"Banking,CAT",0.746
Q01663,Quantitative Aptitude,Geometry,Easy,"CAT,SSC,Banking",0.797
Q01664,Logical Reasoning,Direction Sense,Medium,General,0.568
Q01665,Data Interpretation,Caselets,Easy,"TCS NQT,Banking",0.858
Q01666,Verbal Ability,Idioms & Phrases,Easy,General,0.849
Q01667,Verbal Ability,Sentence Correction,Easy,"CAT,General,TCS NQT",0.875
Q01668,Quantitative Aptitude,Trigonometry,Hard,"General,TCS NQT,SSC",0.33
Q01669,Quantitative Aptitude,Geometry,Hard,"SSC,General,TCS NQT",0.226
Q01670,Quantitative Aptitude,Compound Interest,Hard,"TCS NQT,Banking,General",0.29
Q01671,Quantitative Aptitude,Trigonometry,Easy,TCS NQT,0.86
Q01672,Logical Reasoning,Statement & Assumption,Easy,"SSC,Placements,CAT",0.724
Q01673,Quantitative Aptitude,Simple Interest,Easy,Banking,0.779
Q01674,Verbal Ability,Cloze Test,Easy,General,0.732
Q01675,Logical Reasoning,Series Completion,Medium,"Banking,General,CAT",0.518
Q01676,Quantitative Aptitude,Algebra,Easy,"TCS NQT,Placements",0.837
Q01677,Quantitative Aptitude,Number System,Medium,"Placements,SSC,TCS NQT",0.575
Q01678,Verbal Ability,Para Jumbles,Medium,"SSC,TCS NQT",0.569
Q01679,Verbal Ability,Idioms & Phrases,Easy,"CAT,General",0.808
Q01680,Quantitative Aptitude,Surds & Indices,Medium,"SSC,Banking",0.533
Q01681,Quantitative Aptitude,Pipes & Cisterns,Medium,"TCS NQT,CAT,Placements",0.512
Q01682,Verbal Ability,Sentence Correction,Easy,"SSC,Banking",0.852
Q01683,Logical Reasoning,Analogy,Medium,General,0.584
Q01684,Verbal Ability,Synonyms & Antonyms,Hard,"Placements,Banking",0.242
Q01685,Quantitative Aptitude,Probability,Medium,"Banking,General",0.467
Q01686,Logical Reasoning,Syllogisms,Easy,"SSC,TCS NQT,General",0.825
Q01687,Logical Reasoning,Blood Relations,Hard,TCS NQT,0.397
Q01688,Logical Reasoning,Venn Diagrams,Easy,"CAT,Placements",0.851
Q01689,Quantitative Aptitude,Averages,Medium,SSC,0.503
Q01690,Logical Reasoning,Ranking & Order,Easy,"TCS NQT,Placements,Banking",0.772
Q01691,Quantitative Aptitude,Time & Work,Medium,"CAT,SSC,TCS NQT",0.57
Q01692,Quantitative Aptitude,Partnership,Medium,SSC,0.586
Q01693,Verbal Ability,Para Summary,Medium,Banking,0.565
Q01694,Verbal Ability,Sentence Correction,Medium,"Banking,SSC",0.509
Q01695,Verbal Ability,Sentence Correction,Medium,"SSC,Placements,CAT",0.524
Q01696,Verbal Ability,Fill in the Blanks,Easy,Placements,0.802
Q01697,Logical Reasoning,Seating Arrangement,Easy,"TCS NQT,CAT",0.745
Q01698,Verbal Ability,Odd One Out,Medium,"Placements,General,SSC",0.557
Q01699,Quantitative Aptitude,Trigonometry,Easy,"TCS NQT,SSC,General",0.681
Q01700,Quantitative Aptitude,Compound Interest,Medium,TCS NQT,0.652
Q01701,Data Interpretation,Line Graphs,Hard,General,0.267
Q01702,Quantitative Aptitude,Percentages,Easy,"Banking,TCS NQT",0.81
Q01703,Quantitative Aptitude,Simple Interest,Easy,SSC,0.766
Q01704,Data Interpretation,Bar Graphs,Medium,"TCS NQT,CAT,SSC",0.478
Q01705,Verbal Ability,Odd One Out,Medium,CAT,0.566
Q01706,Quantitative Aptitude,Permutation & Combination,Medium,"General,SSC,CAT",0.523
Q01707,Quantitative Aptitude,Progressions (AP/GP),Hard,"General,Placements",0.255
Q01708,Data Interpretation,Mixed DI Sets,Easy,Placements,0.752
Q01709,Verbal Ability,Critical Reasoning,Medium,"TCS NQT,SSC",0.574
Q01710,Verbal Ability,Odd One Out,Easy,"CAT,SSC,Placements",0.854
Q01711,Verbal Ability,Synonyms & Antonyms,Hard,"CAT,General",0.294
Q01712,Quantitative Aptitude,Logarithms,Medium,"TCS NQT,CAT,Placements",0.592
Q01713,Verbal Ability,Idioms & Phrases,Medium,"TCS NQT,SSC",0.517
Q01714,Logical Reasoning,Statement & Conclusion,Medium,General,0.547
Q01715,Data Interpretation,Caselets,Medium,"Placements,General,CAT",0.563
Q01716,Quantitative Aptitude,Mixtures & Alligations,Hard,"SSC,TCS NQT,Banking",0.203
Q01717,Logical Reasoning,Syllogisms,Medium,CAT,0.618
Q01718,Verbal Ability,Odd One Out,Medium,"CAT,General,Banking",0.496
Q01719,Quantitative Aptitude,Percentages,Easy,Banking,0.818
Q01720,Quantitative Aptitude,Quadratic Equations,Medium,General,0.508
Q01721,Data Interpretation,Radar/Spider Charts,Hard,"SSC,General,TCS NQT",0.211
Q01722,Quantitative Aptitude,"Time, Speed & Distance",Medium,"General,TCS NQT,CAT",0.438
Q01723,Verbal Ability,Odd One Out,Easy,"Placements,CAT,Banking",0.859
Q01724,Data Interpretation,Pie Charts,Easy,"SSC,Banking",0.786
Q01725,Logical Reasoning,Analogy,Easy,Placements,0.828
Q01726,Quantitative Aptitude,Compound Interest,Hard,"SSC,General,Banking",0.334
Q01727,Logical Reasoning,Coding-Decoding,Easy,"General,SSC,TCS NQT",0.756
Q01728,Verbal Ability,Odd One Out,Medium,"CAT,General",0.555
Q01729,Quantitative Aptitude,Trigonometry,Easy,SSC,0.857
Q01730,Quantitative Aptitude,Trigonometry,Easy,"Placements,SSC",0.815
Q01731,Logical Reasoning,Data Sufficiency,Hard,"TCS NQT,Placements,CAT",0.242
Q01732,Logical Reasoning,Ranking & Order,Easy,"CAT,SSC,General",0.733
Q01733,Quantitative Aptitude,Mixtures & Alligations,Medium,"Banking,General,TCS NQT",0.609
Q01734,Verbal Ability,Sentence Correction,Medium,"Placements,TCS NQT,General",0.642
Q01735,Quantitative Aptitude,Trigonometry,Medium,"CAT,SSC",0.593
Q01736,Data Interpretation,Tables,Medium,"TCS NQT,Banking,General",0.571
Q01737,Quantitative Aptitude,Progressions (AP/GP),Easy,"TCS NQT,Placements",0.816
Q01738,Verbal Ability,Synonyms & Antonyms,Medium,"General,CAT,Banking",0.614
Q01739,Verbal Ability,Para Jumbles,Hard,"TCS NQT,Banking,SSC",0.277
Q01740,Verbal Ability,Idioms & Phrases,Easy,Banking,0.838
Q01741,Data Interpretation,Line Graphs,Easy,"Banking,CAT",0.74
Q01742,Verbal Ability,Verbal Analogies,Easy,General,0.814
Q01743,Quantitative Aptitude,Logarithms,Medium,"SSC,Banking",0.571
Q01744,Logical Reasoning,Syllogisms,Hard,Placements,0.271
Q01745,Quantitative Aptitude,Compound Interest,Medium,"General,CAT,Placements",0.521
Q01746,Verbal Ability,Cloze Test,Medium,Banking,0.527
Q01747,Verbal Ability,Idioms & Phrases,Easy,"Banking,TCS NQT",0.692
Q01748,Data Interpretation,Radar/Spider Charts,Easy,Placements,0.74
Q01749,Quantitative Aptitude,Surds & Indices,Medium,"SSC,TCS NQT",0.471
Q01750,Data Interpretation,Caselets,Easy,"General,SSC",0.821
Q01751,Data Interpretation,Pie Charts,Easy,"CAT,TCS NQT,Banking",0.835
Q01752,Quantitative Aptitude,Compound Interest,Hard,"CAT,SSC",0.313
Q01753,Logical Reasoning,Syllogisms,Hard,General,0.241
Q01754,Quantitative Aptitude,Probability,Easy,"CAT,SSC",0.853
Q01755,Quantitative Aptitude,Number System,Easy,Banking,0.791
Q01756,Verbal Ability,Error Spotting,Easy,"Banking,SSC,General",0.754
Q01757,Quantitative Aptitude,Quadratic Equations,Medium,"Banking,TCS NQT",0.526
Q01758,Verbal Ability,Sentence Correction,Medium,"Placements,Banking,General",0.604
Q01759,Verbal Ability,Sentence Correction,Medium,"Banking,SSC,General",0.481
Q01760,Quantitative Aptitude,Compound Interest,Medium,"General,Placements",0.588
Q01761,Data Interpretation,Line Graphs,Medium,CAT,0.575
Q01762,Verbal Ability,Cloze Test,Hard,Placements,0.256
Q01763,Data Interpretation,Radar/Spider Charts,Medium,"Banking,Placements,CAT",0.587
Q01764,Quantitative Aptitude,Compound Interest,Medium,"Banking,General,TCS NQT",0.518
Q01765,Data Interpretation,Line Graphs,Medium,"TCS NQT,Banking",0.498
Q01766,Logical Reasoning,Cubes & Dice,Easy,"SSC,Placements",0.897
Q01767,Verbal Ability,Synonyms & Antonyms,Hard,"TCS NQT,CAT",0.319
Q01768,Quantitative Aptitude,Progressions (AP/GP),Easy,"General,Placements",0.829
Q01769,Quantitative Aptitude,Partnership,Hard,"SSC,Banking,General",0.37
Q01770,Quantitative Aptitude,Percentages,Medium,TCS NQT,0.592
Q01771,Quantitative Aptitude,Trigonometry,Medium,"SSC,CAT,Banking",0.5
Q01772,Verbal Ability,Error Spotting,Easy,Placements,0.818
Q01773,Verbal Ability,Error Spotting,Medium,"TCS NQT,SSC,Banking",0.505
Q01774,Quantitative Aptitude,Permutation & Combination,Hard,TCS NQT,0.311
Q01775,Quantitative Aptitude,Logarithms,Hard,Placements,0.343
Q01776,Data Interpretation,Radar/Spider Charts,Hard,"General,CAT,SSC",0.239
Q01777,Logical Reasoning,Syllogisms,Medium,"TCS NQT,CAT",0.52
Q01778,Quantitative Aptitude,Trigonometry,Hard,"TCS NQT,Banking",0.285
Q01779,Logical Reasoning,Venn Diagrams,Easy,"SSC,General",0.741
Q01780,Quantitative Aptitude,Mixtures & Alligations,Hard,CAT,0.391
Q01781,Verbal Ability,Error Spotting,Easy,"General,SSC,TCS NQT",0.81
Q01782,Data Interpretation,Bar Graphs,Medium,"Banking,TCS NQT,Placements",0.501
Q01783,Verbal Ability,Verbal Analogies,Medium,General,0.601
Q01784,Quantitative Aptitude,Mixtures & Alligations,Medium,"TCS NQT,CAT,SSC",0.596
Q01785,Verbal Ability,Odd One Out,Easy,Placements,0.827
Q01786,Data Interpretation,Venn-based DI,Medium,SSC,0.441
Q01787,Verbal Ability,Critical Reasoning,Medium,TCS NQT,0.571
Q01788,Data Interpretation,Caselets,Medium,"SSC,CAT",0.616
Q01789,Verbal Ability,Error Spotting,Medium,TCS NQT,0.495
Q01790,Quantitative Aptitude,Time & Work,Easy,"General,Placements,Banking",0.787
Q01791,Data Interpretation,Mixed DI Sets,Easy,SSC,0.834
Q01792,Quantitative Aptitude,Partnership,Medium,Banking,0.508
Q01793,Quantitative Aptitude,Time & Work,Hard,"CAT,SSC,General",0.372
Q01794,Quantitative Aptitude,Compound Interest,Easy,"Placements,Banking,TCS NQT",0.774
Q01795,Quantitative Aptitude,Quadratic Equations,Medium,General,0.607
Q01796,Quantitative Aptitude,Mensuration,Medium,"General,Placements,TCS NQT",0.408
Q01797,Verbal Ability,Verbal Analogies,Medium,"SSC,CAT,General",0.506
Q01798,Verbal Ability,Para Jumbles,Medium,Placements,0.589
Q01799,Quantitative Aptitude,Mensuration,Easy,"Banking,SSC",0.855
Q01800,Logical Reasoning,Analogy,Easy,"TCS NQT,Placements,Banking",0.821
Q01801,Data Interpretation,Data Sufficiency (DI),Medium,"SSC,Placements",0.516
Q01802,Quantitative Aptitude,Permutation & Combination,Medium,"CAT,SSC",0.404
Q01803,Logical Reasoning,Cubes & Dice,Hard,"General,SSC",0.199
Q01804,Logical Reasoning,Syllogisms,Hard,TCS NQT,0.158
Q01805,Verbal Ability,Cloze Test,Medium,"Banking,TCS NQT",0.582
Q01806,Logical Reasoning,Statement & Conclusion,Easy,"SSC,General",0.881
Q01807,Logical Reasoning,Puzzles,Easy,"General,TCS NQT",0.788
Q01808,Data Interpretation,Data Sufficiency (DI),Medium,"General,Placements",0.581
Q01809,Verbal Ability,Error Spotting,Medium,"TCS NQT,Placements,SSC",0.534
Q01810,Quantitative Aptitude,Surds & Indices,Medium,"Placements,SSC,CAT",0.503
Q01811,Logical Reasoning,Blood Relations,Medium,CAT,0.522
Q01812,Logical Reasoning,Input-Output,Hard,TCS NQT,0.276
Q01813,Verbal Ability,Para Jumbles,Medium,"Banking,SSC,Placements",0.507
Q01814,Data Interpretation,Caselets,Medium,"Placements,CAT",0.552
Q01815,Quantitative Aptitude,Number System,Medium,"CAT,General,Placements",0.574
Q01816,Quantitative Aptitude,Logarithms,Medium,"CAT,General,TCS NQT",0.497
Q01817,Verbal Ability,Verbal Analogies,Medium,Banking,0.593
Q01818,Quantitative Aptitude,Surds & Indices,Easy,"TCS NQT,Placements,CAT",0.813
Q01819,Quantitative Aptitude,Partnership,Hard,SSC,0.374
Q01820,Verbal Ability,Critical Reasoning,Easy,"General,CAT",0.765
Q01821,Quantitative Aptitude,Set Theory,Easy,"SSC,Banking",0.728
Q01822,Quantitative Aptitude,Partnership,Hard,"SSC,General,Placements",0.276
Q01823,Data Interpretation,Pie Charts,Easy,"CAT,Banking",0.848
Q01824,Quantitative Aptitude,Quadratic Equations,Easy,"CAT,SSC",0.826
Q01825,Verbal Ability,Critical Reasoning,Medium,Banking,0.556
Q01826,Quantitative Aptitude,Profit & Loss,Medium,"Placements,TCS NQT",0.527
Q01827,Verbal Ability,Para Summary,Hard,General,0.329
Q01828,Logical Reasoning,Analogy,Medium,Placements,0.544
Q01829,Logical Reasoning,Input-Output,Hard,TCS NQT,0.27
Q01830,Verbal Ability,Cloze Test,Hard,Banking,0.33
Q01831,Quantitative Aptitude,Partnership,Hard,"CAT,General",0.419
Q01832,Verbal Ability,Para Jumbles,Easy,TCS NQT,0.859
Q01833,Data Interpretation,Caselets,Easy,"CAT,Banking",0.836
Q01834,Verbal Ability,Synonyms & Antonyms,Hard,"General,CAT,TCS NQT",0.306
Q01835,Quantitative Aptitude,Surds & Indices,Medium,"SSC,Placements",0.546
Q01836,Quantitative Aptitude,Partnership,Medium,"Banking,TCS NQT",0.391
Q01837,Logical Reasoning,Blood Relations,Medium,"General,Banking,TCS NQT",0.491
Q01838,Verbal Ability,Para Summary,Easy,"General,CAT",0.798
Q01839,Data Interpretation,Venn-based DI,Medium,CAT,0.51
Q01840,Verbal Ability,Para Summary,Easy,"Banking,CAT,SSC",0.802
Q01841,Verbal Ability,Fill in the Blanks,Hard,"SSC,Banking,CAT",0.3
Q01842,Logical Reasoning,Seating Arrangement,Medium,"TCS NQT,SSC",0.571
Q01843,Quantitative Aptitude,Profit & Loss,Medium,"SSC,Placements",0.507
Q01844,Logical Reasoning,Coding-Decoding,Hard,"CAT,Banking,Placements",0.305
Q01845,Data Interpretation,Caselets,Easy,"Banking,CAT,SSC",0.788
Q01846,Data Interpretation,Radar/Spider Charts,Easy,General,0.78
Q01847,Verbal Ability,Odd One Out,Easy,"Placements,General,CAT",0.725
Q01848,Verbal Ability,Sentence Correction,Easy,General,0.864
Q01849,Verbal Ability,Verbal Analogies,Easy,Banking,0.834
Q01850,Quantitative Aptitude,Quadratic Equations,Hard,TCS NQT,0.319
Q01851,Logical Reasoning,Clocks & Calendars,Easy,"TCS NQT,Banking",0.741
Q01852,Verbal Ability,Reading Comprehension,Medium,SSC,0.537
Q01853,Quantitative Aptitude,Percentages,Medium,"General,CAT",0.582
Q01854,Logical Reasoning,Ranking & Order,Medium,Placements,0.551
Q01855,Verbal Ability,Cloze Test,Medium,"TCS NQT,Banking,Placements",0.495
Q01856,Verbal Ability,Error Spotting,Hard,"Placements,CAT,TCS NQT",0.141
Q01857,Logical Reasoning,Direction Sense,Easy,"General,CAT",0.938
Q01858,Quantitative Aptitude,Trigonometry,Medium,"CAT,Placements,TCS NQT",0.535
Q01859,Logical Reasoning,Blood Relations,Easy,General,0.787
Q01860,Data Interpretation,Bar Graphs,Easy,"CAT,Banking",0.78
Q01861,Quantitative Aptitude,Logarithms,Medium,TCS NQT,0.574
Q01862,Logical Reasoning,Seating Arrangement,Medium,CAT,0.453
Q01863,Logical Reasoning,Analogy,Hard,"TCS NQT,Placements,CAT",0.23
Q01864,Quantitative Aptitude,"Time, Speed & Distance",Medium,"SSC,Banking",0.515
Q01865,Verbal Ability,Fill in the Blanks,Easy,General,0.871
Q01866,Quantitative Aptitude,Progressions (AP/GP),Medium,"Placements,SSC,General",0.529
Q01867,Quantitative Aptitude,Percentages,Medium,"Placements,SSC,CAT",0.565
Q01868,Logical Reasoning,Puzzles,Medium,"Placements,Banking",0.538
Q01869,Quantitative Aptitude,Time & Work,Hard,"SSC,TCS NQT,Placements",0.292
Q01870,Logical Reasoning,Cubes & Dice,Easy,TCS NQT,0.791
Q01871,Quantitative Aptitude,Percentages,Hard,CAT,0.297
Q01872,Data Interpretation,Data Sufficiency (DI),Medium,CAT,0.562
Q01873,Quantitative Aptitude,Trigonometry,Medium,CAT,0.593
Q01874,Quantitative Aptitude,Number System,Easy,CAT,0.741
Q01875,Quantitative Aptitude,Partnership,Hard,"TCS NQT,SSC,Banking",0.329
Q01876,Logical Reasoning,Analogy,Easy,"Placements,General,TCS NQT",0.831
Q01877,Quantitative Aptitude,Set Theory,Easy,"TCS NQT,Banking",0.868
Q01878,Logical Reasoning,Input-Output,Easy,Placements,0.767
Q01879,Quantitative Aptitude,Logarithms,Easy,"CAT,TCS NQT,Placements",0.834
Q01880,Verbal Ability,Error Spotting,Hard,"TCS NQT,CAT",0.293
Q01881,Logical Reasoning,Clocks & Calendars,Medium,"Banking,CAT",0.522
Q01882,Logical Reasoning,Statement & Assumption,Medium,CAT,0.574
Q01883,Verbal Ability,Idioms & Phrases,Hard,TCS NQT,0.359
Q01884,Quantitative Aptitude,Linear Equations,Easy,"TCS NQT,Placements,Banking",0.917
Q01885,Quantitative Aptitude,Set Theory,Easy,"Placements,SSC,CAT",0.844
Q01886,Quantitative Aptitude,"Time, Speed & Distance",Hard,Placements,0.347
Q01887,Quantitative Aptitude,Surds & Indices,Easy,"Banking,Placements",0.766
Q01888,Quantitative Aptitude,Time & Work,Medium,"CAT,General,SSC",0.482
Q01889,Logical Reasoning,Clocks & Calendars,Hard,Banking,0.307
Q01890,Quantitative Aptitude,Averages,Hard,"TCS NQT,Banking",0.274
Q01891,Logical Reasoning,Syllogisms,Medium,General,0.488
Q01892,Quantitative Aptitude,Percentages,Easy,"Placements,General,CAT",0.812
Q01893,Logical Reasoning,Analogy,Easy,"CAT,General,Placements",0.766
Q01894,Quantitative Aptitude,Pipes & Cisterns,Easy,"TCS NQT,General",0.848
Q01895,Verbal Ability,Fill in the Blanks,Medium,"Placements,SSC",0.507
Q01896,Quantitative Aptitude,Ratio & Proportion,Hard,SSC,0.324
Q01897,Quantitative Aptitude,Ratio & Proportion,Easy,Placements,0.761
Q01898,Data Interpretation,Data Sufficiency (DI),Medium,Banking,0.63
Q01899,Quantitative Aptitude,Ratio & Proportion,Hard,Banking,0.259
Q01900,Logical Reasoning,Analogy,Easy,Banking,0.739
Q01901,Logical Reasoning,Direction Sense,Easy,TCS NQT,0.716
Q01902,Verbal Ability,Odd One Out,Hard,Banking,0.244
Q01903,Quantitative Aptitude,Linear Equations,Medium,Banking,0.499
Q01904,Verbal Ability,Error Spotting,Medium,General,0.531
Q01905,Quantitative Aptitude,Linear Equations,Medium,"Placements,SSC",0.563
Q01906,Quantitative Aptitude,Compound Interest,Hard,General,0.259
Q01907,Verbal Ability,Verbal Analogies,Medium,SSC,0.591
Q01908,Logical Reasoning,Direction Sense,Easy,Banking,0.808
Q01909,Logical Reasoning,Cubes & Dice,Hard,"Placements,SSC",0.368
Q01910,Data Interpretation,Tables,Hard,"TCS NQT,Placements",0.365
Q01911,Data Interpretation,Line Graphs,Easy,"TCS NQT,Placements,CAT",0.883
Q01912,Verbal Ability,Para Summary,Medium,"Banking,Placements,General",0.565
Q01913,Quantitative Aptitude,Mensuration,Medium,"CAT,Banking",0.528
Q01914,Logical Reasoning,Statement & Assumption,Easy,SSC,0.812
Q01915,Quantitative Aptitude,Geometry,Easy,"Placements,TCS NQT,General",0.855
Q01916,Verbal Ability,Verbal Analogies,Medium,Banking,0.44
Q01917,Verbal Ability,Reading Comprehension,Easy,Banking,0.8
Q01918,Data Interpretation,Venn-based DI,Easy,Banking,0.861
Q01919,Quantitative Aptitude,Permutation & Combination,Medium,"Banking,CAT",0.579
Q01920,Quantitative Aptitude,Mensuration,Medium,"Placements,CAT",0.54
Q01921,Logical Reasoning,Blood Relations,Medium,"General,Banking,Placements",0.513
Q01922,Verbal Ability,Synonyms & Antonyms,Easy,"SSC,Placements",0.733
Q01923,Verbal Ability,Cloze Test,Medium,CAT,0.589
Q01924,Quantitative Aptitude,Trigonometry,Medium,"SSC,Placements,Banking",0.598
Q01925,Data Interpretation,Bar Graphs,Medium,"Banking,Placements",0.547
Q01926,Quantitative Aptitude,Partnership,Medium,"Placements,SSC",0.575
Q01927,Data Interpretation,Radar/Spider Charts,Easy,"General,CAT,TCS NQT",0.767
Q01928,Verbal Ability,Para Summary,Easy,"SSC,TCS NQT,CAT",0.788
Q01929,Verbal Ability,Critical Reasoning,Medium,"SSC,TCS NQT",0.626
Q01930,Logical Reasoning,Series Completion,Medium,"CAT,TCS NQT,SSC",0.546
Q01931,Logical Reasoning,Syllogisms,Medium,"General,SSC,CAT",0.619
Q01932,Logical Reasoning,Puzzles,Medium,"SSC,Banking",0.556
Q01933,Verbal Ability,Verbal Analogies,Easy,SSC,0.814
Q01934,Verbal Ability,Fill in the Blanks,Medium,General,0.543
Q01935,Verbal Ability,Idioms & Phrases,Easy,"CAT,TCS NQT,Placements",0.81
Q01936,Logical Reasoning,Direction Sense,Medium,"Placements,TCS NQT",0.67
Q01937,Quantitative Aptitude,Simple Interest,Easy,"Banking,TCS NQT,Placements",0.794
Q01938,Logical Reasoning,Statement & Assumption,Easy,"SSC,General",0.828
Q01939,Quantitative Aptitude,Permutation & Combination,Medium,"Banking,SSC,CAT",0.586
Q01940,Quantitative Aptitude,Profit & Loss,Medium,"SSC,Banking",0.706
Q01941,Quantitative Aptitude,Trigonometry,Easy,"TCS NQT,CAT,Banking",0.71
Q01942,Quantitative Aptitude,Partnership,Medium,"General,TCS NQT,SSC",0.533
Q01943,Verbal Ability,Odd One Out,Hard,"SSC,CAT,Placements",0.263
Q01944,Quantitative Aptitude,Mensuration,Hard,CAT,0.293
Q01945,Logical Reasoning,Ranking & Order,Medium,SSC,0.55
Q01946,Quantitative Aptitude,Profit & Loss,Medium,Placements,0.538
Q01947,Data Interpretation,Caselets,Hard,General,0.195
Q01948,Data Interpretation,Line Graphs,Medium,"Placements,General",0.652
Q01949,Quantitative Aptitude,Permutation & Combination,Medium,"CAT,SSC,Banking",0.541
Q01950,Logical Reasoning,Direction Sense,Medium,"SSC,Banking",0.47
Q01951,Logical Reasoning,Cubes & Dice,Easy,"General,CAT,SSC",0.864
Q01952,Verbal Ability,Sentence Correction,Easy,CAT,0.801
Q01953,Data Interpretation,Tables,Hard,"General,SSC,Banking",0.337
Q01954,Data Interpretation,Mixed DI Sets,Hard,"General,SSC,Banking",0.327
Q01955,Verbal Ability,Verbal Analogies,Medium,"General,TCS NQT,Banking",0.659
Q01956,Logical Reasoning,Cubes & Dice,Medium,"TCS NQT,Placements",0.516
Q01957,Quantitative Aptitude,Mixtures & Alligations,Medium,SSC,0.541
Q01958,Verbal Ability,Sentence Correction,Medium,"SSC,General",0.509
Q01959,Data Interpretation,Bar Graphs,Easy,SSC,0.696
Q01960,Logical Reasoning,Clocks & Calendars,Hard,"Placements,TCS NQT",0.299
Q01961,Verbal Ability,Synonyms & Antonyms,Hard,"TCS NQT,SSC,Placements",0.317
Q01962,Quantitative Aptitude,Time & Work,Hard,"General,Placements,TCS NQT",0.286
Q01963,Quantitative Aptitude,Ratio & Proportion,Easy,CAT,0.835
Q01964,Quantitative Aptitude,Algebra,Medium,"Placements,Banking,SSC",0.551
Q01965,Data Interpretation,Mixed DI Sets,Medium,Placements,0.533
Q01966,Logical Reasoning,Syllogisms,Hard,"SSC,General,Placements",0.233
Q01967,Verbal Ability,Fill in the Blanks,Medium,"TCS NQT,Placements",0.549
Q01968,Quantitative Aptitude,Probability,Easy,"CAT,General",0.814
Q01969,Logical Reasoning,Ranking & Order,Easy,"Placements,Banking",0.83
Q01970,Verbal Ability,Fill in the Blanks,Hard,CAT,0.222
Q01971,Data Interpretation,Venn-based DI,Medium,"SSC,General,Banking",0.567
Q01972,Logical Reasoning,Clocks & Calendars,Easy,"General,Placements,Banking",0.874
Q01973,Quantitative Aptitude,Algebra,Medium,"CAT,Banking,General",0.598
Q01974,Data Interpretation,Line Graphs,Medium,"TCS NQT,CAT,SSC",0.666
Q01975,Quantitative Aptitude,Number System,Medium,"TCS NQT,Placements",0.459
Q01976,Data Interpretation,Radar/Spider Charts,Easy,"CAT,SSC",0.765
Q01977,Verbal Ability,Reading Comprehension,Medium,"General,Placements,TCS NQT",0.544
Q01978,Quantitative Aptitude,Averages,Medium,CAT,0.533
Q01979,Data Interpretation,Pie Charts,Easy,"Banking,CAT,General",0.762
Q01980,Data Interpretation,Tables,Medium,"SSC,TCS NQT",0.553
Q01981,Verbal Ability,Verbal Analogies,Hard,"CAT,SSC,Banking",0.312
Q01982,Verbal Ability,Synonyms & Antonyms,Hard,"Banking,SSC,General",0.304
Q01983,Logical Reasoning,Data Sufficiency,Easy,SSC,0.746
Q01984,Logical Reasoning,Data Sufficiency,Medium,"SSC,Banking",0.554
Q01985,Verbal Ability,Idioms & Phrases,Easy,Placements,0.798
Q01986,Data Interpretation,Radar/Spider Charts,Medium,"Banking,General,SSC",0.48
Q01987,Logical Reasoning,Coding-Decoding,Medium,"Banking,General,Placements",0.471
Q01988,Logical Reasoning,Seating Arrangement,Easy,Placements,0.841
Q01989,Data Interpretation,Caselets,Easy,"TCS NQT,SSC",0.787
Q01990,Quantitative Aptitude,Profit & Loss,Medium,"Banking,CAT,TCS NQT",0.547
Q01991,Quantitative Aptitude,Geometry,Easy,"SSC,Banking,Placements",0.786
Q01992,Quantitative Aptitude,Probability,Hard,"General,TCS NQT",0.299
Q01993,Verbal Ability,Synonyms & Antonyms,Hard,Placements,0.322
Q01994,Quantitative Aptitude,Quadratic Equations,Medium,"TCS NQT,Banking",0.592
Q01995,Verbal Ability,Reading Comprehension,Medium,"TCS NQT,SSC",0.471
Q01996,Verbal Ability,Odd One Out,Medium,"General,Banking,Placements",0.553
Q01997,Data Interpretation,Bar Graphs,Easy,Placements,0.765
Q01998,Verbal Ability,Critical Reasoning,Easy,"General,Banking",0.767
Q01999,Quantitative Aptitude,Simple Interest,Hard,"General,SSC,Banking",0.352
Q02000,Logical Reasoning,Coding-Decoding,Hard,"General,Placements",0.28
Q02001,Data Interpretation,Bar Graphs,Easy,SSC,0.794
Q02002,Verbal Ability,Odd One Out,Hard,TCS NQT,0.289
Q02003,Logical Reasoning,Data Sufficiency,Medium,"Banking,TCS NQT,General",0.576
Q02004,Data Interpretation,Caselets,Easy,"General,Banking,CAT",0.774
Q02005,Logical Reasoning,Data Sufficiency,Easy,"General,TCS NQT,CAT",0.807
Q02006,Quantitative Aptitude,Averages,Medium,TCS NQT,0.696
Q02007,Quantitative Aptitude,Percentages,Medium,SSC,0.545
Q02008,Verbal Ability,Odd One Out,Medium,"Placements,SSC,General",0.551
Q02009,Logical Reasoning,Syllogisms,Easy,"SSC,Banking",0.762
Q02010,Quantitative Aptitude,Set Theory,Medium,"CAT,SSC",0.494
Q02011,Quantitative Aptitude,Mixtures & Alligations,Medium,"General,CAT,Placements",0.577
Q02012,Logical Reasoning,Coding-Decoding,Medium,TCS NQT,0.64
Q02013,Logical Reasoning,Coding-Decoding,Easy,"SSC,General,TCS NQT",0.811
Q02014,Data Interpretation,Caselets,Easy,"General,SSC,CAT",0.778
Q02015,Logical Reasoning,Data Sufficiency,Medium,CAT,0.532
Q02016,Verbal Ability,Synonyms & Antonyms,Medium,"SSC,General,Banking",0.561
Q02017,Logical Reasoning,Input-Output,Easy,"Placements,CAT",0.828
Q02018,Logical Reasoning,Series Completion,Easy,TCS NQT,0.77
Q02019,Logical Reasoning,Statement & Assumption,Hard,TCS NQT,0.258
Q02020,Quantitative Aptitude,Logarithms,Easy,"TCS NQT,General,CAT",0.846
Q02021,Data Interpretation,Data Sufficiency (DI),Medium,"CAT,General",0.669
Q02022,Logical Reasoning,Direction Sense,Hard,Banking,0.341
Q02023,Logical Reasoning,Data Sufficiency,Easy,"General,SSC",0.805
Q02024,Data Interpretation,Line Graphs,Easy,"TCS NQT,General",0.746
Q02025,Data Interpretation,Mixed DI Sets,Medium,General,0.565
Q02026,Quantitative Aptitude,Mixtures & Alligations,Medium,General,0.525
Q02027,Logical Reasoning,Puzzles,Medium,Placements,0.539
Q02028,Logical Reasoning,Direction Sense,Medium,"Placements,SSC,General",0.504
Q02029,Verbal Ability,Sentence Correction,Easy,CAT,0.83
Q02030,Logical Reasoning,Input-Output,Medium,"CAT,General,TCS NQT",0.598
Q02031,Logical Reasoning,Analogy,Easy,"CAT,Placements",0.815
Q02032,Verbal Ability,Para Jumbles,Easy,General,0.903
Q02033,Data Interpretation,Venn-based DI,Medium,"CAT,Banking,General",0.545
Q02034,Verbal Ability,Critical Reasoning,Medium,CAT,0.508
Q02035,Logical Reasoning,Clocks & Calendars,Hard,"CAT,General,TCS NQT",0.27
Q02036,Data Interpretation,Tables,Hard,"Placements,General,SSC",0.222
Q02037,Verbal Ability,Reading Comprehension,Hard,Placements,0.252
Q02038,Quantitative Aptitude,Pipes & Cisterns,Medium,"TCS NQT,SSC",0.523
Q02039,Quantitative Aptitude,Linear Equations,Easy,TCS NQT,0.779
Q02040,Logical Reasoning,Statement & Assumption,Medium,"TCS NQT,CAT,General",0.513
Q02041,Quantitative Aptitude,Progressions (AP/GP),Medium,TCS NQT,0.564
Q02042,Quantitative Aptitude,"Time, Speed & Distance",Medium,"Placements,SSC,General",0.571
Q02043,Quantitative Aptitude,Probability,Easy,General,0.855
Q02044,Quantitative Aptitude,Simple Interest,Easy,TCS NQT,0.773
Q02045,Quantitative Aptitude,Partnership,Hard,"SSC,TCS NQT",0.233
Q02046,Logical Reasoning,Coding-Decoding,Medium,"General,CAT",0.586
Q02047,Verbal Ability,Synonyms & Antonyms,Easy,"Banking,General",0.78
Q02048,Verbal Ability,Sentence Correction,Easy,"Placements,Banking,CAT",0.839
Q02049,Logical Reasoning,Venn Diagrams,Medium,Banking,0.511
Q02050,Verbal Ability,Para Jumbles,Easy,"Placements,Banking,SSC",0.804
Q02051,Verbal Ability,Error Spotting,Hard,"TCS NQT,CAT",0.381
Q02052,Verbal Ability,Para Jumbles,Medium,"Banking,CAT",0.571
Q02053,Verbal Ability,Para Summary,Easy,"Banking,TCS NQT",0.879
Q02054,Logical Reasoning,Clocks & Calendars,Easy,"Banking,Placements,General",0.823
Q02055,Logical Reasoning,Clocks & Calendars,Hard,"Placements,CAT",0.304
Q02056,Verbal Ability,Odd One Out,Hard,"SSC,Placements,CAT",0.338
Q02057,Quantitative Aptitude,Surds & Indices,Easy,"General,CAT",0.843
Q02058,Data Interpretation,Data Sufficiency (DI),Medium,"TCS NQT,CAT",0.578
Q02059,Quantitative Aptitude,Simple Interest,Medium,Banking,0.512
Q02060,Verbal Ability,Para Summary,Easy,"TCS NQT,CAT,Placements",0.751
Q02061,Verbal Ability,Para Jumbles,Medium,"Placements,SSC",0.51
Q02062,Quantitative Aptitude,"Time, Speed & Distance",Easy,"Banking,CAT,Placements",0.809
Q02063,Data Interpretation,Data Sufficiency (DI),Hard,"Banking,SSC,TCS NQT",0.224
Q02064,Data Interpretation,Data Sufficiency (DI),Easy,"Banking,TCS NQT",0.789
Q02065,Quantitative Aptitude,Quadratic Equations,Medium,"TCS NQT,SSC",0.604
Q02066,Logical Reasoning,Direction Sense,Hard,"CAT,General",0.311
Q02067,Verbal Ability,Critical Reasoning,Easy,"Banking,Placements",0.824
Q02068,Quantitative Aptitude,Set Theory,Easy,CAT,0.713
Q02069,Quantitative Aptitude,Simple Interest,Medium,"CAT,General,Banking",0.563
Q02070,Data Interpretation,Bar Graphs,Easy,Banking,0.86
Q02071,Quantitative Aptitude,Logarithms,Easy,"SSC,Placements,General",0.774
Q02072,Verbal Ability,Verbal Analogies,Hard,"CAT,General,Banking",0.26
Q02073,Data Interpretation,Radar/Spider Charts,Easy,SSC,0.783
Q02074,Quantitative Aptitude,Surds & Indices,Hard,"Banking,TCS NQT",0.339
Q02075,Verbal Ability,Critical Reasoning,Easy,"SSC,TCS NQT,CAT",0.715
Q02076,Verbal Ability,Reading Comprehension,Medium,"CAT,Banking",0.522
Q02077,Data Interpretation,Radar/Spider Charts,Easy,"Banking,General",0.786
Q02078,Logical Reasoning,Cubes & Dice,Easy,CAT,0.69
Q02079,Verbal Ability,Synonyms & Antonyms,Hard,"General,SSC,Placements",0.308
Q02080,Verbal Ability,Odd One Out,Easy,"Placements,SSC",0.858
Q02081,Logical Reasoning,Ranking & Order,Easy,"CAT,TCS NQT",0.71
Q02082,Data Interpretation,Radar/Spider Charts,Easy,"TCS NQT,General,Banking",0.786
Q02083,Quantitative Aptitude,Trigonometry,Medium,"Placements,TCS NQT,CAT",0.54
Q02084,Logical Reasoning,Ranking & Order,Medium,"Banking,TCS NQT",0.475
Q02085,Verbal Ability,Para Summary,Medium,"General,SSC,TCS NQT",0.488
Q02086,Verbal Ability,Fill in the Blanks,Easy,CAT,0.744
Q02087,Quantitative Aptitude,Progressions (AP/GP),Medium,Placements,0.495
Q02088,Quantitative Aptitude,Linear Equations,Hard,"General,TCS NQT",0.297
Q02089,Data Interpretation,Bar Graphs,Medium,"SSC,Banking,CAT",0.679
Q02090,Data Interpretation,Data Sufficiency (DI),Hard,"SSC,Banking",0.188
Q02091,Quantitative Aptitude,Linear Equations,Hard,General,0.271
Q02092,Verbal Ability,Sentence Correction,Medium,Placements,0.519
Q02093,Data Interpretation,Caselets,Easy,"CAT,General,SSC",0.842
Q02094,Data Interpretation,Pie Charts,Easy,"Placements,CAT",0.801
Q02095,Logical Reasoning,Venn Diagrams,Medium,Banking,0.483
Q02096,Logical Reasoning,Input-Output,Easy,"TCS NQT,Banking,SSC",0.691
Q02097,Quantitative Aptitude,Number System,Hard,"Banking,TCS NQT,CAT",0.305
Q02098,Quantitative Aptitude,Algebra,Easy,"TCS NQT,Banking",0.807
Q02099,Verbal Ability,Fill in the Blanks,Easy,"CAT,Banking,General",0.812
Q02100,Quantitative Aptitude,Partnership,Hard,"Placements,SSC,Banking",0.337
Q02101,Data Interpretation,Venn-based DI,Easy,"SSC,Placements,General",0.705
Q02102,Logical Reasoning,Data Sufficiency,Easy,"Placements,Banking",0.816
Q02103,Logical Reasoning,Seating Arrangement,Hard,"Placements,SSC,TCS NQT",0.257
Q02104,Verbal Ability,Reading Comprehension,Easy,"TCS NQT,Banking",0.8
Q02105,Data Interpretation,Tables,Medium,"General,CAT,TCS NQT",0.524
Q02106,Verbal Ability,Verbal Analogies,Easy,"SSC,CAT",0.774
Q02107,Verbal Ability,Verbal Analogies,Easy,"Banking,General,Placements",0.781
Q02108,Data Interpretation,Mixed DI Sets,Hard,General,0.201
Q02109,Quantitative Aptitude,Mixtures & Alligations,Medium,"SSC,Banking,General",0.552
Q02110,Logical Reasoning,Series Completion,Hard,"Banking,SSC",0.24
Q02111,Data Interpretation,Venn-based DI,Medium,"General,TCS NQT",0.598
Q02112,Verbal Ability,Synonyms & Antonyms,Easy,General,0.799
Q02113,Quantitative Aptitude,Partnership,Medium,"Placements,TCS NQT,Banking",0.516
Q02114,Quantitative Aptitude,"Time, Speed & Distance",Medium,"General,Banking,SSC",0.519
Q02115,Quantitative Aptitude,Set Theory,Easy,"TCS NQT,Banking,CAT",0.834
Q02116,Data Interpretation,Venn-based DI,Medium,SSC,0.519
Q02117,Logical Reasoning,Cubes & Dice,Hard,Placements,0.27
Q02118,Quantitative Aptitude,Compound Interest,Easy,"General,SSC,Banking",0.768
Q02119,Logical Reasoning,Input-Output,Hard,"CAT,Placements",0.233
Q02120,Data Interpretation,Data Sufficiency (DI),Easy,"SSC,Placements",0.888
Q02121,Quantitative Aptitude,Averages,Medium,"TCS NQT,Placements,Banking",0.528
Q02122,Logical Reasoning,Statement & Assumption,Medium,Placements,0.556
Q02123,Verbal Ability,Sentence Correction,Medium,Placements,0.519
Q02124,Logical Reasoning,Clocks & Calendars,Easy,"Banking,TCS NQT",0.786
Q02125,Data Interpretation,Data Sufficiency (DI),Medium,"General,CAT",0.605
Q02126,Logical Reasoning,Series Completion,Easy,SSC,0.763
Q02127,Verbal Ability,Synonyms & Antonyms,Hard,SSC,0.284
Q02128,Logical Reasoning,Statement & Conclusion,Medium,"TCS NQT,Placements,CAT",0.556
Q02129,Quantitative Aptitude,Pipes & Cisterns,Easy,"CAT,General",0.792
Q02130,Logical Reasoning,Seating Arrangement,Easy,"TCS NQT,SSC",0.882
Q02131,Verbal Ability,Para Jumbles,Medium,"SSC,CAT",0.648
Q02132,Verbal Ability,Para Summary,Hard,"Placements,General,CAT",0.323
Q02133,Logical Reasoning,Puzzles,Medium,"General,TCS NQT,SSC",0.557
Q02134,Quantitative Aptitude,Trigonometry,Easy,Placements,0.821
Q02135,Verbal Ability,Verbal Analogies,Medium,SSC,0.531
Q02136,Quantitative Aptitude,Algebra,Medium,"General,Banking,Placements",0.654
Q02137,Quantitative Aptitude,Geometry,Medium,Placements,0.44
Q02138,Verbal Ability,Para Jumbles,Hard,Placements,0.38
Q02139,Verbal Ability,Critical Reasoning,Easy,"Banking,SSC",0.808
Q02140,Data Interpretation,Bar Graphs,Hard,"TCS NQT,SSC",0.231
Q02141,Verbal Ability,Error Spotting,Easy,SSC,0.747
Q02142,Quantitative Aptitude,Probability,Easy,"Banking,Placements",0.673
Q02143,Data Interpretation,Caselets,Easy,SSC,0.789
Q02144,Data Interpretation,Radar/Spider Charts,Medium,"SSC,General,CAT",0.543
Q02145,Verbal Ability,Cloze Test,Hard,"CAT,General,Placements",0.36
Q02146,Quantitative Aptitude,Averages,Easy,"Banking,SSC,TCS NQT",0.724
Q02147,Verbal Ability,Cloze Test,Medium,TCS NQT,0.488
Q02148,Logical Reasoning,Statement & Assumption,Easy,"Banking,CAT",0.725
Q02149,Quantitative Aptitude,Quadratic Equations,Easy,"SSC,CAT",0.838
Q02150,Quantitative Aptitude,Ratio & Proportion,Easy,"Placements,General",0.769
Q02151,Logical Reasoning,Cubes & Dice,Hard,"SSC,Banking,CAT",0.291
Q02152,Logical Reasoning,Statement & Conclusion,Medium,Banking,0.544
Q02153,Logical Reasoning,Analogy,Hard,"Banking,SSC,General",0.292
Q02154,Quantitative Aptitude,Simple Interest,Hard,General,0.425
Q02155,Logical Reasoning,Statement & Conclusion,Easy,"CAT,SSC,Banking",0.738
Q02156,Logical Reasoning,Venn Diagrams,Medium,"General,CAT",0.598
Q02157,Logical Reasoning,Syllogisms,Hard,"General,Placements,Banking",0.282
Q02158,Logical Reasoning,Direction Sense,Medium,Banking,0.466
Q02159,Verbal Ability,Sentence Correction,Medium,"SSC,General,CAT",0.501
Q02160,Data Interpretation,Pie Charts,Medium,Placements,0.57
Q02161,Verbal Ability,Idioms & Phrases,Easy,"General,Placements,Banking",0.797
Q02162,Data Interpretation,Mixed DI Sets,Medium,"Banking,Placements",0.477
Q02163,Data Interpretation,Caselets,Medium,General,0.498
Q02164,Verbal Ability,Verbal Analogies,Easy,"SSC,Placements",0.799
Q02165,Data Interpretation,Pie Charts,Hard,"SSC,Placements",0.302
Q02166,Verbal Ability,Para Summary,Medium,"TCS NQT,Placements",0.585
Q02167,Quantitative Aptitude,Number System,Medium,TCS NQT,0.55
Q02168,Quantitative Aptitude,Set Theory,Easy,"General,Placements,CAT",0.773
Q02169,Logical Reasoning,Cubes & Dice,Medium,SSC,0.517
Q02170,Logical Reasoning,Coding-Decoding,Easy,Banking,0.81
Q02171,Logical Reasoning,Input-Output,Medium,"SSC,Placements,CAT",0.632
Q02172,Quantitative Aptitude,Linear Equations,Medium,TCS NQT,0.57
Q02173,Logical Reasoning,Puzzles,Medium,General,0.609
Q02174,Quantitative Aptitude,Permutation & Combination,Easy,"Banking,General",0.877
Q02175,Quantitative Aptitude,Simple Interest,Hard,General,0.262
Q02176,Logical Reasoning,Series Completion,Medium,SSC,0.569
Q02177,Verbal Ability,Critical Reasoning,Easy,"Banking,General,Placements",0.82
Q02178,Quantitative Aptitude,Geometry,Easy,TCS NQT,0.786
Q02179,Data Interpretation,Tables,Medium,"General,Placements",0.541
Q02180,Quantitative Aptitude,Geometry,Easy,Banking,0.795
Q02181,Data Interpretation,Line Graphs,Medium,SSC,0.571
Q02182,Logical Reasoning,Statement & Conclusion,Easy,TCS NQT,0.811
Q02183,Logical Reasoning,Cubes & Dice,Hard,SSC,0.333
Q02184,Data Interpretation,Radar/Spider Charts,Easy,CAT,0.888
Q02185,Logical Reasoning,Analogy,Hard,SSC,0.274
Q02186,Quantitative Aptitude,Partnership,Easy,"General,Placements",0.672
Q02187,Quantitative Aptitude,Partnership,Hard,"General,Banking",0.284
Q02188,Verbal Ability,Error Spotting,Easy,"SSC,CAT,TCS NQT",0.711
Q02189,Logical Reasoning,Syllogisms,Medium,SSC,0.566
Q02190,Verbal Ability,Sentence Correction,Easy,"SSC,TCS NQT",0.848
Q02191,Data Interpretation,Bar Graphs,Easy,SSC,0.763
Q02192,Data Interpretation,Venn-based DI,Medium,"Banking,SSC,General",0.593
Q02193,Verbal Ability,Cloze Test,Easy,"Placements,TCS NQT",0.904
Q02194,Verbal Ability,Reading Comprehension,Easy,"Placements,SSC,General",0.75
Q02195,Data Interpretation,Venn-based DI,Hard,"SSC,Banking",0.339
Q02196,Logical Reasoning,Direction Sense,Medium,SSC,0.522
Q02197,Quantitative Aptitude,Partnership,Medium,"Banking,Placements,SSC",0.52
Q02198,Verbal Ability,Para Jumbles,Medium,"CAT,Placements",0.628
Q02199,Verbal Ability,Odd One Out,Easy,"General,SSC",0.793
Q02200,Quantitative Aptitude,Geometry,Easy,"SSC,TCS NQT",0.856
Q02201,Logical Reasoning,Statement & Conclusion,Hard,"SSC,Banking,Placements",0.369
Q02202,Quantitative Aptitude,Algebra,Medium,"Banking,Placements,General",0.516
Q02203,Data Interpretation,Bar Graphs,Medium,Placements,0.55
Q02204,Quantitative Aptitude,Percentages,Medium,Placements,0.476
Q02205,Verbal Ability,Reading Comprehension,Medium,"SSC,Placements",0.463
Q02206,Logical Reasoning,Cubes & Dice,Medium,"CAT,Banking",0.617
Q02207,Logical Reasoning,Syllogisms,Medium,"SSC,TCS NQT",0.484
Q02208,Verbal Ability,Odd One Out,Medium,"Banking,CAT",0.551
Q02209,Quantitative Aptitude,Pipes & Cisterns,Medium,CAT,0.502
Q02210,Logical Reasoning,Data Sufficiency,Easy,Placements,0.783
Q02211,Data Interpretation,Caselets,Easy,Placements,0.772
Q02212,Logical Reasoning,Statement & Conclusion,Medium,"General,TCS NQT,Placements",0.475
Q02213,Logical Reasoning,Blood Relations,Easy,"TCS NQT,Placements,Banking",0.803
Q02214,Quantitative Aptitude,Profit & Loss,Medium,Banking,0.463
Q02215,Logical Reasoning,Puzzles,Medium,"CAT,SSC",0.53
Q02216,Data Interpretation,Pie Charts,Hard,"SSC,TCS NQT",0.263
Q02217,Data Interpretation,Pie Charts,Easy,"Placements,CAT",0.795
Q02218,Quantitative Aptitude,Profit & Loss,Medium,"General,Banking",0.581
Q02219,Quantitative Aptitude,Mensuration,Medium,"SSC,TCS NQT,CAT",0.533
Q02220,Verbal Ability,Fill in the Blanks,Hard,General,0.196
Q02221,Verbal Ability,Verbal Analogies,Medium,"SSC,TCS NQT",0.554
Q02222,Quantitative Aptitude,Compound Interest,Easy,CAT,0.748
Q02223,Verbal Ability,Cloze Test,Hard,"SSC,CAT",0.32
Q02224,Data Interpretation,Pie Charts,Hard,"TCS NQT,Banking,CAT",0.279
Q02225,Quantitative Aptitude,Quadratic Equations,Hard,"Placements,General",0.328
Q02226,Quantitative Aptitude,Quadratic Equations,Easy,CAT,0.705
Q02227,Verbal Ability,Sentence Correction,Medium,Banking,0.512
Q02228,Verbal Ability,Para Summary,Easy,"General,Placements",0.77
Q02229,Verbal Ability,Para Jumbles,Easy,"Banking,General",0.778
Q02230,Logical Reasoning,Clocks & Calendars,Medium,"TCS NQT,Placements,SSC",0.489
Q02231,Quantitative Aptitude,Surds & Indices,Hard,SSC,0.293
Q02232,Logical Reasoning,Series Completion,Hard,"Banking,General",0.302
Q02233,Quantitative Aptitude,Trigonometry,Easy,"TCS NQT,General",0.829
Q02234,Logical Reasoning,Input-Output,Easy,Banking,0.871
Q02235,Quantitative Aptitude,Linear Equations,Medium,"Placements,Banking,TCS NQT",0.551
Q02236,Logical Reasoning,Seating Arrangement,Easy,TCS NQT,0.727
Q02237,Data Interpretation,Mixed DI Sets,Hard,"General,Placements",0.281
Q02238,Quantitative Aptitude,Set Theory,Medium,"General,Placements,Banking",0.56
Q02239,Quantitative Aptitude,Permutation & Combination,Hard,"General,TCS NQT,CAT",0.298
Q02240,Logical Reasoning,Clocks & Calendars,Medium,"Banking,CAT",0.488
Q02241,Quantitative Aptitude,Trigonometry,Medium,"Placements,General",0.579
Q02242,Quantitative Aptitude,Surds & Indices,Hard,"Placements,TCS NQT",0.283
Q02243,Verbal Ability,Para Summary,Easy,"TCS NQT,CAT",0.801
Q02244,Quantitative Aptitude,Probability,Medium,CAT,0.576
Q02245,Quantitative Aptitude,Permutation & Combination,Hard,TCS NQT,0.305
Q02246,Logical Reasoning,Input-Output,Hard,"CAT,Banking",0.284
Q02247,Quantitative Aptitude,Surds & Indices,Medium,"TCS NQT,SSC,General",0.644
Q02248,Quantitative Aptitude,Averages,Easy,"CAT,TCS NQT,General",0.792
Q02249,Quantitative Aptitude,Simple Interest,Medium,"General,Banking,Placements",0.565
Q02250,Quantitative Aptitude,Time & Work,Hard,"CAT,General",0.235
Q02251,Data Interpretation,Data Sufficiency (DI),Medium,"SSC,General,Banking",0.488
Q02252,Quantitative Aptitude,Surds & Indices,Easy,"TCS NQT,SSC",0.766
Q02253,Verbal Ability,Fill in the Blanks,Medium,Placements,0.543
Q02254,Verbal Ability,Synonyms & Antonyms,Medium,General,0.58
Q02255,Logical Reasoning,Statement & Conclusion,Easy,"CAT,Banking,General",0.719
Q02256,Verbal Ability,Reading Comprehension,Hard,"CAT,General",0.175
Q02257,Quantitative Aptitude,Time & Work,Easy,"Banking,General,TCS NQT",0.95
Q02258,Quantitative Aptitude,Surds & Indices,Medium,"TCS NQT,Banking,SSC",0.537
Q02259,Data Interpretation,Mixed DI Sets,Hard,"General,Banking,SSC",0.315
Q02260,Verbal Ability,Para Jumbles,Medium,Placements,0.538
Q02261,Logical Reasoning,Blood Relations,Hard,CAT,0.185
Q02262,Logical Reasoning,Blood Relations,Medium,"Placements,CAT,General",0.532
Q02263,Quantitative Aptitude,Trigonometry,Hard,"Placements,General,Banking",0.355
Q02264,Quantitative Aptitude,Set Theory,Medium,"Placements,CAT,SSC",0.622
Q02265,Quantitative Aptitude,Mensuration,Easy,Banking,0.678
Q02266,Logical Reasoning,Input-Output,Easy,CAT,0.834
Q02267,Logical Reasoning,Coding-Decoding,Easy,General,0.802
Q02268,Verbal Ability,Error Spotting,Easy,"Banking,General",0.813
Q02269,Quantitative Aptitude,Number System,Hard,"TCS NQT,Placements",0.27
Q02270,Verbal Ability,Sentence Correction,Easy,"TCS NQT,Banking",0.716
Q02271,Verbal Ability,Reading Comprehension,Medium,"CAT,General",0.538
Q02272,Quantitative Aptitude,Set Theory,Hard,"Banking,General,TCS NQT",0.294
Q02273,Verbal Ability,Error Spotting,Easy,"TCS NQT,General,SSC",0.809
Q02274,Logical Reasoning,Syllogisms,Medium,"Banking,General",0.529
Q02275,Logical Reasoning,Analogy,Easy,General,0.818
Q02276,Logical Reasoning,Syllogisms,Medium,"CAT,Banking,SSC",0.49
Q02277,Quantitative Aptitude,Probability,Hard,SSC,0.446
Q02278,Quantitative Aptitude,Set Theory,Easy,"Banking,CAT",0.75
Q02279,Quantitative Aptitude,Trigonometry,Medium,"General,SSC,Banking",0.581
Q02280,Logical Reasoning,Input-Output,Medium,Placements,0.501
Q02281,Logical Reasoning,Clocks & Calendars,Medium,"Placements,Banking,SSC",0.535
Q02282,Verbal Ability,Odd One Out,Medium,TCS NQT,0.518
Q02283,Quantitative Aptitude,Ratio & Proportion,Medium,"General,SSC,Banking",0.522
Q02284,Quantitative Aptitude,Compound Interest,Hard,"General,Banking",0.27
Q02285,Quantitative Aptitude,Geometry,Easy,"General,SSC,Banking",0.767
Q02286,Verbal Ability,Synonyms & Antonyms,Easy,"Placements,SSC,CAT",0.781
Q02287,Quantitative Aptitude,Surds & Indices,Medium,"Placements,General",0.614
Q02288,Logical Reasoning,Series Completion,Easy,TCS NQT,0.751
Q02289,Verbal Ability,Odd One Out,Easy,Banking,0.68
Q02290,Quantitative Aptitude,Trigonometry,Medium,"Placements,General",0.62
Q02291,Data Interpretation,Venn-based DI,Hard,CAT,0.226
Q02292,Quantitative Aptitude,Linear Equations,Easy,"SSC,Placements",0.884
Q02293,Logical Reasoning,Coding-Decoding,Medium,"CAT,General,SSC",0.539
Q02294,Logical Reasoning,Input-Output,Medium,TCS NQT,0.586
Q02295,Verbal Ability,Sentence Correction,Medium,TCS NQT,0.471
Q02296,Verbal Ability,Sentence Correction,Easy,"SSC,General",0.854
Q02297,Data Interpretation,Mixed DI Sets,Medium,TCS NQT,0.546
Q02298,Verbal Ability,Critical Reasoning,Easy,General,0.674
Q02299,Data Interpretation,Venn-based DI,Medium,"General,CAT,TCS NQT",0.505
Q02300,Logical Reasoning,Cubes & Dice,Medium,"CAT,General",0.531
Q02301,Logical Reasoning,Puzzles,Medium,"CAT,TCS NQT,General",0.575
Q02302,Logical Reasoning,Coding-Decoding,Hard,"CAT,Placements,SSC",0.296
Q02303,Quantitative Aptitude,Time & Work,Medium,"SSC,Banking,TCS NQT",0.59
Q02304,Data Interpretation,Pie Charts,Easy,General,0.706
Q02305,Quantitative Aptitude,Linear Equations,Hard,"Placements,CAT",0.332
Q02306,Logical Reasoning,Series Completion,Hard,"Banking,CAT",0.245
Q02307,Quantitative Aptitude,Ratio & Proportion,Easy,"SSC,General",0.832
Q02308,Logical Reasoning,Coding-Decoding,Easy,SSC,0.804
Q02309,Verbal Ability,Fill in the Blanks,Hard,"Banking,SSC,Placements",0.359
Q02310,Quantitative Aptitude,Compound Interest,Easy,"Banking,Placements,TCS NQT",0.82
Q02311,Verbal Ability,Para Summary,Easy,"Banking,General",0.805
Q02312,Logical Reasoning,Data Sufficiency,Medium,Banking,0.434
Q02313,Logical Reasoning,Direction Sense,Medium,General,0.612
Q02314,Verbal Ability,Idioms & Phrases,Easy,CAT,0.912
Q02315,Quantitative Aptitude,Algebra,Easy,"Banking,Placements",0.8
Q02316,Verbal Ability,Para Summary,Medium,Banking,0.473
Q02317,Verbal Ability,Reading Comprehension,Medium,"General,Placements,CAT",0.467
Q02318,Quantitative Aptitude,Set Theory,Easy,"General,TCS NQT,SSC",0.725
Q02319,Logical Reasoning,Input-Output,Hard,"General,TCS NQT",0.264
Q02320,Verbal Ability,Critical Reasoning,Medium,"General,SSC,TCS NQT",0.59
Q02321,Data Interpretation,Bar Graphs,Medium,"TCS NQT,General",0.528
Q02322,Verbal Ability,Synonyms & Antonyms,Medium,"Banking,General,Placements",0.653
Q02323,Quantitative Aptitude,Probability,Medium,"TCS NQT,Banking,SSC",0.618
Q02324,Verbal Ability,Cloze Test,Medium,"Placements,SSC",0.556
Q02325,Quantitative Aptitude,Profit & Loss,Medium,TCS NQT,0.599
Q02326,Data Interpretation,Mixed DI Sets,Easy,"General,Placements",0.8
Q02327,Verbal Ability,Idioms & Phrases,Easy,"SSC,Placements,CAT",0.834
Q02328,Quantitative Aptitude,Permutation & Combination,Medium,"SSC,TCS NQT,General",0.442
Q02329,Quantitative Aptitude,Set Theory,Easy,CAT,0.883
Q02330,Data Interpretation,Bar Graphs,Medium,"TCS NQT,SSC,Placements",0.581
Q02331,Verbal Ability,Critical Reasoning,Medium,"Banking,TCS NQT,CAT",0.65
Q02332,Logical Reasoning,Syllogisms,Medium,"SSC,TCS NQT",0.57
Q02333,Logical Reasoning,Data Sufficiency,Easy,CAT,0.822
Q02334,Verbal Ability,Cloze Test,Hard,Banking,0.28
Q02335,Quantitative Aptitude,Mixtures & Alligations,Hard,"General,CAT,Banking",0.25
Q02336,Logical Reasoning,Venn Diagrams,Hard,General,0.326
Q02337,Quantitative Aptitude,Progressions (AP/GP),Medium,"General,TCS NQT,Placements",0.573
Q02338,Quantitative Aptitude,Linear Equations,Easy,"SSC,TCS NQT",0.741
Q02339,Quantitative Aptitude,Surds & Indices,Easy,General,0.789
Q02340,Quantitative Aptitude,Quadratic Equations,Medium,"General,Placements,CAT",0.592
Q02341,Quantitative Aptitude,Algebra,Medium,"TCS NQT,Placements,SSC",0.547
Q02342,Data Interpretation,Radar/Spider Charts,Medium,Placements,0.572
Q02343,Quantitative Aptitude,Partnership,Medium,"Banking,CAT",0.659
Q02344,Data Interpretation,Pie Charts,Medium,Banking,0.56
Q02345,Data Interpretation,Line Graphs,Medium,"Placements,Banking",0.675
Q02346,Quantitative Aptitude,Profit & Loss,Hard,"General,TCS NQT",0.286
Q02347,Verbal Ability,Para Summary,Easy,"TCS NQT,General,Banking",0.854
Q02348,Quantitative Aptitude,Averages,Easy,"Banking,General,TCS NQT",0.725
Q02349,Logical Reasoning,Analogy,Easy,"Banking,Placements,TCS NQT",0.718
Q02350,Quantitative Aptitude,Permutation & Combination,Medium,Banking,0.529
Q02351,Logical Reasoning,Cubes & Dice,Easy,General,0.843
Q02352,Quantitative Aptitude,Permutation & Combination,Easy,"CAT,Placements,Banking",0.715
Q02353,Quantitative Aptitude,Trigonometry,Hard,General,0.341
Q02354,Verbal Ability,Synonyms & Antonyms,Medium,"SSC,CAT,Banking",0.591
Q02355,Logical Reasoning,Puzzles,Medium,SSC,0.555
Q02356,Verbal Ability,Verbal Analogies,Medium,"CAT,TCS NQT",0.529
Q02357,Logical Reasoning,Direction Sense,Easy,SSC,0.869
Q02358,Data Interpretation,Caselets,Easy,"SSC,General",0.851
Q02359,Verbal Ability,Odd One Out,Medium,Placements,0.554
Q02360,Logical Reasoning,Direction Sense,Medium,"Banking,CAT,SSC",0.601
Q02361,Verbal Ability,Critical Reasoning,Hard,Placements,0.302
Q02362,Verbal Ability,Error Spotting,Medium,"CAT,General",0.586
Q02363,Quantitative Aptitude,Probability,Medium,"CAT,General",0.508
Q02364,Quantitative Aptitude,Geometry,Hard,"TCS NQT,SSC",0.355
Q02365,Quantitative Aptitude,Progressions (AP/GP),Hard,"SSC,Banking",0.329
Q02366,Data Interpretation,Radar/Spider Charts,Medium,"TCS NQT,Placements,General",0.475
Q02367,Logical Reasoning,Cubes & Dice,Medium,"General,Banking",0.486
Q02368,Data Interpretation,Line Graphs,Medium,"SSC,CAT,Banking",0.505
Q02369,Verbal Ability,Para Summary,Medium,Banking,0.627
Q02370,Logical Reasoning,Venn Diagrams,Hard,"CAT,Banking,SSC",0.316
Q02371,Quantitative Aptitude,Set Theory,Medium,Placements,0.534
Q02372,Quantitative Aptitude,Partnership,Hard,TCS NQT,0.223
Q02373,Quantitative Aptitude,Set Theory,Hard,"SSC,TCS NQT,CAT",0.313
Q02374,Logical Reasoning,Seating Arrangement,Hard,TCS NQT,0.298
Q02375,Quantitative Aptitude,Probability,Medium,"CAT,TCS NQT,Placements",0.542
Q02376,Data Interpretation,Radar/Spider Charts,Medium,"CAT,General,Placements",0.506
Q02377,Logical Reasoning,Blood Relations,Easy,"Placements,General",0.812
Q02378,Data Interpretation,Radar/Spider Charts,Easy,TCS NQT,0.764
Q02379,Verbal Ability,Verbal Analogies,Easy,"Banking,TCS NQT",0.743
Q02380,Verbal Ability,Reading Comprehension,Easy,"CAT,SSC",0.817
Q02381,Logical Reasoning,Input-Output,Medium,Banking,0.577
Q02382,Quantitative Aptitude,Number System,Medium,"SSC,Banking,General",0.514
Q02383,Quantitative Aptitude,Profit & Loss,Medium,CAT,0.54
Q02384,Quantitative Aptitude,Probability,Medium,SSC,0.498
Q02385,Quantitative Aptitude,Compound Interest,Hard,SSC,0.294
Q02386,Verbal Ability,Para Jumbles,Easy,SSC,0.807
Q02387,Logical Reasoning,Input-Output,Medium,"Placements,CAT,SSC",0.609
Q02388,Quantitative Aptitude,Time & Work,Medium,General,0.625
Q02389,Quantitative Aptitude,Percentages,Medium,"Banking,CAT",0.643
Q02390,Quantitative Aptitude,Algebra,Easy,Banking,0.802
Q02391,Quantitative Aptitude,Algebra,Easy,"Banking,CAT",0.854
Q02392,Data Interpretation,Bar Graphs,Medium,Placements,0.521
Q02393,Logical Reasoning,Statement & Assumption,Easy,"TCS NQT,General",0.799
Q02394,Quantitative Aptitude,Quadratic Equations,Hard,SSC,0.334
Q02395,Quantitative Aptitude,Percentages,Medium,"Banking,TCS NQT",0.476
Q02396,Logical Reasoning,Input-Output,Medium,Banking,0.563
Q02397,Verbal Ability,Reading Comprehension,Easy,"General,Placements",0.761
Q02398,Quantitative Aptitude,Number System,Easy,"TCS NQT,General",0.756
Q02399,Data Interpretation,Pie Charts,Easy,TCS NQT,0.836
Q02400,Quantitative Aptitude,Set Theory,Easy,SSC,0.822
Q02401,Quantitative Aptitude,Progressions (AP/GP),Easy,"Banking,CAT",0.792
Q02402,Quantitative Aptitude,Set Theory,Medium,"Placements,General,SSC",0.504
Q02403,Quantitative Aptitude,Probability,Hard,Placements,0.307
Q02404,Logical Reasoning,Input-Output,Medium,"Banking,CAT,TCS NQT",0.594
Q02405,Logical Reasoning,Cubes & Dice,Medium,"SSC,Placements,CAT",0.607
Q02406,Data Interpretation,Bar Graphs,Easy,"SSC,TCS NQT",0.792
Q02407,Logical Reasoning,Statement & Conclusion,Easy,"Banking,SSC,Placements",0.781
Q02408,Quantitative Aptitude,Progressions (AP/GP),Hard,"SSC,CAT,Placements",0.234
Q02409,Quantitative Aptitude,Pipes & Cisterns,Medium,"TCS NQT,CAT,SSC",0.63
Q02410,Logical Reasoning,Seating Arrangement,Hard,"General,CAT",0.344
Q02411,Logical Reasoning,Direction Sense,Medium,"TCS NQT,SSC,Banking",0.547
Q02412,Verbal Ability,Sentence Correction,Medium,"TCS NQT,SSC,General",0.513
Q02413,Verbal Ability,Cloze Test,Medium,"General,Banking",0.604
Q02414,Verbal Ability,Critical Reasoning,Easy,General,0.746
Q02415,Logical Reasoning,Venn Diagrams,Medium,"Placements,Banking",0.478
Q02416,Quantitative Aptitude,Logarithms,Easy,"CAT,Placements",0.776
Q02417,Quantitative Aptitude,Set Theory,Easy,TCS NQT,0.772
Q02418,Logical Reasoning,Analogy,Easy,CAT,0.745
Q02419,Verbal Ability,Cloze Test,Easy,Banking,0.915
Q02420,Verbal Ability,Idioms & Phrases,Medium,"General,Banking,TCS NQT",0.643
Q02421,Verbal Ability,Idioms & Phrases,Easy,General,0.797
Q02422,Logical Reasoning,Seating Arrangement,Hard,"CAT,Banking,General",0.267
Q02423,Quantitative Aptitude,Linear Equations,Hard,"TCS NQT,SSC",0.276
Q02424,Quantitative Aptitude,Quadratic Equations,Medium,General,0.485
Q02425,Quantitative Aptitude,Number System,Medium,Banking,0.537
Q02426,Logical Reasoning,Data Sufficiency,Hard,Banking,0.369
Q02427,Verbal Ability,Reading Comprehension,Medium,General,0.576
Q02428,Logical Reasoning,Blood Relations,Easy,"General,SSC",0.784
Q02429,Quantitative Aptitude,"Time, Speed & Distance",Hard,TCS NQT,0.315
Q02430,Logical Reasoning,Clocks & Calendars,Medium,"Placements,General,Banking",0.532
Q02431,Data Interpretation,Mixed DI Sets,Medium,SSC,0.518
Q02432,Quantitative Aptitude,Trigonometry,Easy,"General,TCS NQT,Placements",0.803
Q02433,Verbal Ability,Reading Comprehension,Easy,General,0.789
Q02434,Verbal Ability,Para Summary,Medium,SSC,0.503
Q02435,Quantitative Aptitude,Progressions (AP/GP),Easy,"Banking,Placements,TCS NQT",0.77
Q02436,Verbal Ability,Cloze Test,Medium,"TCS NQT,General,Placements",0.575
Q02437,Logical Reasoning,Seating Arrangement,Easy,"Placements,CAT,General",0.772
Q02438,Logical Reasoning,Statement & Conclusion,Medium,"Placements,TCS NQT,SSC",0.532
Q02439,Logical Reasoning,Series Completion,Medium,"CAT,TCS NQT,SSC",0.619
Q02440,Data Interpretation,Venn-based DI,Easy,"CAT,Banking",0.733
Q02441,Logical Reasoning,Syllogisms,Easy,"Banking,General",0.871
Q02442,Data Interpretation,Caselets,Easy,General,0.839
Q02443,Data Interpretation,Venn-based DI,Easy,"Banking,SSC",0.77
Q02444,Data Interpretation,Venn-based DI,Medium,General,0.557
Q02445,Verbal Ability,Sentence Correction,Hard,SSC,0.282
Q02446,Quantitative Aptitude,Geometry,Medium,"Banking,SSC,CAT",0.587
Q02447,Logical Reasoning,Ranking & Order,Easy,SSC,0.846
Q02448,Data Interpretation,Pie Charts,Medium,"CAT,Placements,Banking",0.541
Q02449,Quantitative Aptitude,Profit & Loss,Hard,Placements,0.24
Q02450,Data Interpretation,Line Graphs,Medium,"SSC,CAT",0.553
Q02451,Verbal Ability,Cloze Test,Medium,"CAT,General,Banking",0.52
Q02452,Verbal Ability,Para Summary,Easy,TCS NQT,0.769
Q02453,Logical Reasoning,Venn Diagrams,Medium,"Placements,CAT",0.538
Q02454,Verbal Ability,Odd One Out,Hard,SSC,0.373
Q02455,Verbal Ability,Reading Comprehension,Easy,"TCS NQT,Placements",0.754
Q02456,Quantitative Aptitude,Profit & Loss,Easy,"TCS NQT,Banking,CAT",0.743
Q02457,Quantitative Aptitude,Set Theory,Medium,"TCS NQT,CAT",0.598
Q02458,Quantitative Aptitude,Profit & Loss,Hard,CAT,0.356
Q02459,Logical Reasoning,Ranking & Order,Medium,"General,CAT",0.509
Q02460,Verbal Ability,Synonyms & Antonyms,Easy,Banking,0.843
Q02461,Verbal Ability,Reading Comprehension,Medium,"TCS NQT,Banking",0.488
Q02462,Verbal Ability,Para Jumbles,Medium,General,0.58
Q02463,Logical Reasoning,Syllogisms,Medium,"CAT,SSC,Banking",0.598
Q02464,Logical Reasoning,Ranking & Order,Hard,TCS NQT,0.295
Q02465,Verbal Ability,Para Summary,Medium,TCS NQT,0.525
Q02466,Verbal Ability,Cloze Test,Easy,"CAT,Banking,TCS NQT",0.729
Q02467,Logical Reasoning,Cubes & Dice,Hard,"TCS NQT,General",0.366
Q02468,Quantitative Aptitude,Simple Interest,Easy,"General,CAT",0.732
Q02469,Verbal Ability,Odd One Out,Easy,"SSC,TCS NQT,Placements",0.835
Q02470,Quantitative Aptitude,Simple Interest,Hard,CAT,0.278
Q02471,Data Interpretation,Pie Charts,Easy,"Placements,TCS NQT,General",0.754
Q02472,Verbal Ability,Cloze Test,Easy,"SSC,General,Banking",0.794
Q02473,Data Interpretation,Radar/Spider Charts,Easy,"TCS NQT,Banking,Placements",0.793
Q02474,Data Interpretation,Tables,Medium,CAT,0.542
Q02475,Verbal Ability,Reading Comprehension,Medium,SSC,0.492
Q02476,Logical Reasoning,Input-Output,Medium,"General,SSC,TCS NQT",0.514
Q02477,Verbal Ability,Verbal Analogies,Easy,"Placements,General,Banking",0.696
Q02478,Logical Reasoning,Clocks & Calendars,Medium,"SSC,General,TCS NQT",0.538
Q02479,Logical Reasoning,Blood Relations,Medium,"TCS NQT,Placements,CAT",0.595
Q02480,Verbal Ability,Sentence Correction,Easy,"TCS NQT,CAT,Banking",0.856
Q02481,Verbal Ability,Fill in the Blanks,Medium,Placements,0.538
Q02482,Quantitative Aptitude,Set Theory,Easy,CAT,0.685
Q02483,Quantitative Aptitude,Algebra,Easy,General,0.856
Q02484,Data Interpretation,Radar/Spider Charts,Medium,"General,Banking,SSC",0.614
Q02485,Quantitative Aptitude,Progressions (AP/GP),Hard,"SSC,TCS NQT,General",0.291
Q02486,Logical Reasoning,Input-Output,Hard,"Placements,CAT",0.355
Q02487,Logical Reasoning,Cubes & Dice,Hard,Banking,0.403
Q02488,Verbal Ability,Sentence Correction,Hard,General,0.228
Q02489,Logical Reasoning,Statement & Assumption,Easy,"Placements,Banking,General",0.822
Q02490,Quantitative Aptitude,Ratio & Proportion,Medium,"General,SSC",0.613
Q02491,Verbal Ability,Error Spotting,Medium,"Placements,Banking",0.453
Q02492,Data Interpretation,Line Graphs,Medium,SSC,0.55
Q02493,Logical Reasoning,Blood Relations,Easy,SSC,0.755
Q02494,Quantitative Aptitude,Number System,Medium,"CAT,Placements,SSC",0.59
Q02495,Quantitative Aptitude,Mensuration,Medium,General,0.567
Q02496,Quantitative Aptitude,Progressions (AP/GP),Easy,"CAT,General",0.759
Q02497,Quantitative Aptitude,"Time, Speed & Distance",Hard,SSC,0.282
Q02498,Verbal Ability,Synonyms & Antonyms,Medium,SSC,0.575
Q02499,Data Interpretation,Line Graphs,Medium,"TCS NQT,Placements",0.528
Q02500,Logical Reasoning,Coding-Decoding,Hard,CAT,0.309
Q02501,Logical Reasoning,Coding-Decoding,Easy,"CAT,General",0.818
Q02502,Verbal Ability,Cloze Test,Medium,Banking,0.516
Q02503,Data Interpretation,Pie Charts,Easy,"Placements,SSC",0.825
Q02504,Quantitative Aptitude,Mensuration,Easy,SSC,0.789
Q02505,Logical Reasoning,Data Sufficiency,Hard,"Placements,TCS NQT,Banking",0.272
Q02506,Verbal Ability,Error Spotting,Medium,CAT,0.575
Q02507,Logical Reasoning,Direction Sense,Medium,Placements,0.519
Q02508,Logical Reasoning,Series Completion,Medium,"Banking,SSC,TCS NQT",0.419
Q02509,Quantitative Aptitude,Logarithms,Medium,"General,Placements",0.483
Q02510,Verbal Ability,Reading Comprehension,Hard,"TCS NQT,Placements,SSC",0.286
Q02511,Logical Reasoning,Direction Sense,Easy,"Placements,CAT",0.731
Q02512,Quantitative Aptitude,Set Theory,Medium,"Placements,TCS NQT",0.595
Q02513,Quantitative Aptitude,Progressions (AP/GP),Easy,"Placements,CAT",0.762
Q02514,Quantitative Aptitude,Trigonometry,Hard,"TCS NQT,CAT,Placements",0.277
Q02515,Logical Reasoning,Ranking & Order,Medium,"TCS NQT,SSC,Banking",0.536
Q02516,Quantitative Aptitude,Permutation & Combination,Easy,"Placements,SSC",0.849
Q02517,Logical Reasoning,Data Sufficiency,Easy,"General,Banking,TCS NQT",0.741
Q02518,Logical Reasoning,Analogy,Easy,"TCS NQT,Banking",0.85
Q02519,Quantitative Aptitude,Set Theory,Medium,"General,CAT,Placements",0.542
Q02520,Verbal Ability,Sentence Correction,Easy,Banking,0.83
Q02521,Quantitative Aptitude,Ratio & Proportion,Easy,"Placements,SSC",0.758
Q02522,Quantitative Aptitude,Geometry,Medium,"TCS NQT,Placements",0.526
Q02523,Quantitative Aptitude,Linear Equations,Medium,"TCS NQT,CAT",0.556
Q02524,Logical Reasoning,Direction Sense,Easy,SSC,0.681
Q02525,Quantitative Aptitude,Mensuration,Medium,"SSC,Placements,CAT",0.538
Q02526,Quantitative Aptitude,Mensuration,Hard,"TCS NQT,SSC,Banking",0.315
Q02527,Quantitative Aptitude,Mensuration,Medium,"Banking,General",0.506
Q02528,Logical Reasoning,Data Sufficiency,Medium,"SSC,General",0.533
Q02529,Quantitative Aptitude,Quadratic Equations,Medium,Placements,0.57
Q02530,Quantitative Aptitude,Mensuration,Medium,SSC,0.616
Q02531,Verbal Ability,Cloze Test,Medium,SSC,0.499
Q02532,Verbal Ability,Para Jumbles,Medium,"TCS NQT,General",0.569
Q02533,Quantitative Aptitude,Probability,Medium,"CAT,SSC,Placements",0.611
Q02534,Quantitative Aptitude,Simple Interest,Medium,CAT,0.489
Q02535,Data Interpretation,Mixed DI Sets,Medium,TCS NQT,0.603
Q02536,Quantitative Aptitude,"Time, Speed & Distance",Hard,"Placements,SSC",0.287
Q02537,Verbal Ability,Critical Reasoning,Medium,"General,SSC",0.489
Q02538,Verbal Ability,Sentence Correction,Medium,"TCS NQT,Placements,SSC",0.621
Q02539,Quantitative Aptitude,Number System,Easy,"SSC,General",0.807
Q02540,Logical Reasoning,Ranking & Order,Medium,"TCS NQT,CAT",0.515
Q02541,Logical Reasoning,Analogy,Medium,"TCS NQT,Placements,Banking",0.533
Q02542,Quantitative Aptitude,Ratio & Proportion,Hard,General,0.296
Q02543,Data Interpretation,Tables,Easy,"Placements,TCS NQT",0.856
Q02544,Logical Reasoning,Cubes & Dice,Easy,"Banking,SSC,CAT",0.814
Q02545,Quantitative Aptitude,Algebra,Medium,Banking,0.579
Q02546,Verbal Ability,Error Spotting,Medium,"Placements,Banking",0.573
Q02547,Quantitative Aptitude,Mensuration,Hard,"CAT,SSC,Placements",0.266
Q02548,Verbal Ability,Verbal Analogies,Easy,SSC,0.841
Q02549,Quantitative Aptitude,Pipes & Cisterns,Easy,Banking,0.774
Q02550,Logical Reasoning,Data Sufficiency,Medium,"Placements,Banking",0.499
Q02551,Logical Reasoning,Input-Output,Easy,"Banking,TCS NQT,SSC",0.804
Q02552,Logical Reasoning,Venn Diagrams,Easy,"CAT,TCS NQT,General",0.782
Q02553,Data Interpretation,Line Graphs,Medium,SSC,0.549
Q02554,Quantitative Aptitude,Progressions (AP/GP),Medium,"TCS NQT,General,Banking",0.608
Q02555,Quantitative Aptitude,Quadratic Equations,Medium,Banking,0.545
Q02556,Verbal Ability,Para Jumbles,Medium,"Banking,Placements,General",0.606
Q02557,Verbal Ability,Para Jumbles,Medium,"TCS NQT,Banking",0.54
Q02558,Data Interpretation,Caselets,Medium,Placements,0.624
Q02559,Logical Reasoning,Puzzles,Medium,"TCS NQT,Placements,CAT",0.561
Q02560,Quantitative Aptitude,Partnership,Medium,"Banking,CAT,Placements",0.614
Q02561,Data Interpretation,Tables,Medium,Banking,0.657
Q02562,Verbal Ability,Critical Reasoning,Easy,Placements,0.777
Q02563,Data Interpretation,Caselets,Medium,"TCS NQT,CAT,Banking",0.52
Q02564,Quantitative Aptitude,Percentages,Medium,"TCS NQT,CAT",0.5
Q02565,Quantitative Aptitude,Time & Work,Easy,"Banking,General",0.786
Q02566,Quantitative Aptitude,Time & Work,Medium,Placements,0.562
Q02567,Logical Reasoning,Input-Output,Medium,"General,CAT",0.622
Q02568,Verbal Ability,Para Summary,Easy,Placements,0.787
Q02569,Quantitative Aptitude,"Time, Speed & Distance",Medium,"Banking,General",0.623
Q02570,Logical Reasoning,Coding-Decoding,Medium,"TCS NQT,SSC,Placements",0.519
Q02571,Quantitative Aptitude,Permutation & Combination,Easy,"General,Banking,SSC",0.712
Q02572,Logical Reasoning,Series Completion,Easy,Placements,0.887
Q02573,Verbal Ability,Odd One Out,Hard,Banking,0.297
Q02574,Data Interpretation,Tables,Easy,"SSC,TCS NQT,Banking",0.715
Q02575,Logical Reasoning,Cubes & Dice,Easy,"TCS NQT,CAT",0.761
Q02576,Data Interpretation,Pie Charts,Medium,"General,Banking",0.56
Q02577,Verbal Ability,Fill in the Blanks,Medium,"General,SSC,Banking",0.489
Q02578,Data Interpretation,Line Graphs,Hard,"Placements,General",0.41
Q02579,Logical Reasoning,Input-Output,Hard,"Banking,Placements",0.354
Q02580,Logical Reasoning,Puzzles,Easy,"General,CAT",0.918
Q02581,Quantitative Aptitude,Ratio & Proportion,Easy,SSC,0.681
Q02582,Logical Reasoning,Clocks & Calendars,Hard,"CAT,Placements,Banking",0.31
Q02583,Logical Reasoning,Input-Output,Medium,"CAT,SSC,General",0.569
Q02584,Verbal Ability,Para Jumbles,Easy,"SSC,Banking,TCS NQT",0.873
Q02585,Logical Reasoning,Coding-Decoding,Easy,"Placements,TCS NQT",0.78
Q02586,Quantitative Aptitude,Percentages,Hard,"CAT,General",0.262
Q02587,Quantitative Aptitude,Set Theory,Easy,"General,Banking,TCS NQT",0.819
Q02588,Quantitative Aptitude,Algebra,Hard,"Banking,Placements,General",0.234
Q02589,Data Interpretation,Bar Graphs,Easy,SSC,0.78
Q02590,Verbal Ability,Para Jumbles,Medium,"Placements,SSC,Banking",0.548
Q02591,Quantitative Aptitude,Trigonometry,Easy,"CAT,General",0.751
Q02592,Quantitative Aptitude,Probability,Medium,"Placements,Banking,General",0.64
Q02593,Logical Reasoning,Analogy,Hard,"Placements,General",0.313
Q02594,Verbal Ability,Reading Comprehension,Easy,"CAT,Placements,SSC",0.783
Q02595,Verbal Ability,Para Jumbles,Medium,"General,Banking,Placements",0.487
Q02596,Data Interpretation,Pie Charts,Easy,"CAT,SSC,Placements",0.877
Q02597,Data Interpretation,Radar/Spider Charts,Hard,"Placements,General",0.342
Q02598,Data Interpretation,Bar Graphs,Easy,"TCS NQT,Placements,Banking",0.768
Q02599,Logical Reasoning,Syllogisms,Medium,"TCS NQT,CAT,Banking",0.514
Q02600,Logical Reasoning,Clocks & Calendars,Easy,"CAT,TCS NQT",0.754
Q02601,Data Interpretation,Bar Graphs,Medium,Banking,0.562
Q02602,Verbal Ability,Sentence Correction,Hard,SSC,0.267
Q02603,Quantitative Aptitude,Ratio & Proportion,Easy,CAT,0.847
Q02604,Quantitative Aptitude,Number System,Medium,"CAT,General",0.589
Q02605,Quantitative Aptitude,Algebra,Easy,General,0.784
Q02606,Logical Reasoning,Seating Arrangement,Hard,CAT,0.313
Q02607,Quantitative Aptitude,Surds & Indices,Hard,General,0.301
Q02608,Quantitative Aptitude,Time & Work,Easy,Banking,0.807
Q02609,Logical Reasoning,Puzzles,Easy,"SSC,TCS NQT",0.824
Q02610,Quantitative Aptitude,Set Theory,Medium,TCS NQT,0.515
Q02611,Data Interpretation,Tables,Easy,"Banking,General,CAT",0.826
Q02612,Verbal Ability,Sentence Correction,Medium,CAT,0.496
Q02613,Quantitative Aptitude,Linear Equations,Easy,"Placements,CAT",0.86
Q02614,Logical Reasoning,Ranking & Order,Medium,"SSC,CAT,Banking",0.543
Q02615,Quantitative Aptitude,"Time, Speed & Distance",Medium,"Placements,CAT",0.529
Q02616,Logical Reasoning,Statement & Conclusion,Medium,"TCS NQT,SSC,CAT",0.552
Q02617,Verbal Ability,Para Jumbles,Medium,Banking,0.622
Q02618,Logical Reasoning,Clocks & Calendars,Easy,"Banking,CAT,Placements",0.814
Q02619,Quantitative Aptitude,Averages,Hard,TCS NQT,0.352
Q02620,Logical Reasoning,Venn Diagrams,Medium,"General,Banking,Placements",0.546
Q02621,Verbal Ability,Fill in the Blanks,Medium,General,0.567
Q02622,Verbal Ability,Error Spotting,Medium,"General,Banking",0.425
Q02623,Logical Reasoning,Seating Arrangement,Easy,"CAT,TCS NQT",0.748
Q02624,Logical Reasoning,Cubes & Dice,Medium,"TCS NQT,Placements",0.639
Q02625,Quantitative Aptitude,Permutation & Combination,Medium,"General,CAT,Placements",0.581
Q02626,Quantitative Aptitude,Number System,Hard,"CAT,SSC,Placements",0.325
Q02627,Verbal Ability,Error Spotting,Hard,"Placements,TCS NQT",0.447
Q02628,Data Interpretation,Pie Charts,Hard,Placements,0.249
Q02629,Logical Reasoning,Data Sufficiency,Easy,"SSC,Placements",0.722
Q02630,Quantitative Aptitude,Compound Interest,Easy,"Placements,CAT",0.725
Q02631,Data Interpretation,Tables,Easy,"TCS NQT,Banking,SSC",0.752
Q02632,Quantitative Aptitude,Compound Interest,Easy,"SSC,CAT",0.826
Q02633,Quantitative Aptitude,Permutation & Combination,Medium,"General,SSC",0.537
Q02634,Logical Reasoning,Blood Relations,Medium,General,0.568
Q02635,Data Interpretation,Mixed DI Sets,Medium,"Placements,General",0.653
Q02636,Verbal Ability,Idioms & Phrases,Easy,General,0.808
Q02637,Logical Reasoning,Statement & Assumption,Hard,"General,Placements,Banking",0.315
Q02638,Logical Reasoning,Venn Diagrams,Easy,Banking,0.883
Q02639,Logical Reasoning,Blood Relations,Medium,Banking,0.633
Q02640,Data Interpretation,Pie Charts,Easy,CAT,0.769
Q02641,Logical Reasoning,Direction Sense,Medium,Placements,0.495
Q02642,Verbal Ability,Para Jumbles,Hard,TCS NQT,0.341
Q02643,Logical Reasoning,Series Completion,Hard,TCS NQT,0.36
Q02644,Quantitative Aptitude,Profit & Loss,Medium,"General,Banking",0.55
Q02645,Quantitative Aptitude,Mixtures & Alligations,Hard,General,0.349
Q02646,Verbal Ability,Sentence Correction,Easy,Banking,0.743
Q02647,Quantitative Aptitude,Time & Work,Medium,"Placements,SSC,TCS NQT",0.595
Q02648,Verbal Ability,Verbal Analogies,Medium,"General,Placements",0.52
Q02649,Verbal Ability,Critical Reasoning,Medium,"CAT,SSC",0.536
Q02650,Quantitative Aptitude,Quadratic Equations,Easy,"Placements,Banking",0.862
Q02651,Logical Reasoning,Cubes & Dice,Medium,"TCS NQT,General",0.507
Q02652,Verbal Ability,Error Spotting,Easy,"Placements,Banking",0.794
Q02653,Quantitative Aptitude,Number System,Medium,"Banking,CAT",0.572
Q02654,Logical Reasoning,Clocks & Calendars,Medium,"TCS NQT,Placements,General",0.478
Q02655,Logical Reasoning,Statement & Conclusion,Easy,"Banking,SSC",0.702
Q02656,Quantitative Aptitude,Mensuration,Medium,"Banking,TCS NQT",0.476
Q02657,Logical Reasoning,Analogy,Medium,SSC,0.507
Q02658,Quantitative Aptitude,Compound Interest,Hard,"Banking,Placements,TCS NQT",0.328
Q02659,Data Interpretation,Tables,Easy,CAT,0.725
Q02660,Quantitative Aptitude,Permutation & Combination,Easy,"General,SSC,Banking",0.799
Q02661,Quantitative Aptitude,Quadratic Equations,Medium,"Banking,SSC",0.492
Q02662,Quantitative Aptitude,Quadratic Equations,Hard,"SSC,TCS NQT",0.305
Q02663,Quantitative Aptitude,Profit & Loss,Medium,"CAT,General",0.596
Q02664,Quantitative Aptitude,Quadratic Equations,Easy,"Placements,General,Banking",0.711
Q02665,Quantitative Aptitude,Averages,Easy,"SSC,TCS NQT,Banking",0.894
Q02666,Quantitative Aptitude,Set Theory,Easy,"SSC,CAT,Banking",0.757
Q02667,Logical Reasoning,Input-Output,Medium,"Placements,General,Banking",0.555
Q02668,Logical Reasoning,Syllogisms,Medium,"General,CAT",0.574
Q02669,Data Interpretation,Line Graphs,Hard,"TCS NQT,Banking",0.244
Q02670,Quantitative Aptitude,Surds & Indices,Medium,SSC,0.512
Q02671,Verbal Ability,Sentence Correction,Medium,"TCS NQT,Placements,CAT",0.558
Q02672,Verbal Ability,Para Jumbles,Easy,General,0.785
Q02673,Verbal Ability,Error Spotting,Medium,"Banking,TCS NQT",0.647
Q02674,Data Interpretation,Pie Charts,Medium,"Placements,Banking,General",0.563
Q02675,Quantitative Aptitude,Geometry,Medium,"General,SSC",0.524
Q02676,Data Interpretation,Venn-based DI,Medium,"General,Banking,SSC",0.484
Q02677,Logical Reasoning,Input-Output,Easy,"CAT,General,SSC",0.733
Q02678,Quantitative Aptitude,Compound Interest,Medium,"General,Placements",0.505
Q02679,Quantitative Aptitude,Pipes & Cisterns,Medium,"General,SSC",0.559
Q02680,Logical Reasoning,Blood Relations,Easy,Banking,0.798
Q02681,Quantitative Aptitude,Number System,Medium,CAT,0.476
Q02682,Logical Reasoning,Input-Output,Easy,"Banking,SSC,General",0.89
Q02683,Logical Reasoning,Coding-Decoding,Medium,SSC,0.488
Q02684,Quantitative Aptitude,Time & Work,Easy,"Placements,General,Banking",0.822
Q02685,Data Interpretation,Line Graphs,Hard,"CAT,Banking,Placements",0.264
Q02686,Quantitative Aptitude,Time & Work,Medium,CAT,0.494
Q02687,Quantitative Aptitude,Pipes & Cisterns,Medium,Placements,0.597
Q02688,Quantitative Aptitude,Averages,Hard,"Banking,TCS NQT",0.303
Q02689,Verbal Ability,Para Jumbles,Easy,"Placements,CAT,SSC",0.742
Q02690,Quantitative Aptitude,Profit & Loss,Easy,"CAT,SSC",0.782
Q02691,Logical Reasoning,Seating Arrangement,Medium,"CAT,TCS NQT",0.516
Q02692,Quantitative Aptitude,Ratio & Proportion,Hard,"Banking,CAT",0.358
Q02693,Quantitative Aptitude,Number System,Medium,SSC,0.496
Q02694,Logical Reasoning,Blood Relations,Medium,"TCS NQT,CAT,General",0.678
Q02695,Quantitative Aptitude,"Time, Speed & Distance",Medium,"CAT,Banking,SSC",0.572
Q02696,Logical Reasoning,Analogy,Medium,"SSC,TCS NQT",0.514
Q02697,Quantitative Aptitude,Geometry,Medium,"SSC,General",0.547
Q02698,Verbal Ability,Fill in the Blanks,Easy,SSC,0.746
Q02699,Logical Reasoning,Ranking & Order,Hard,"TCS NQT,CAT",0.344
Q02700,Logical Reasoning,Data Sufficiency,Medium,"CAT,General",0.574
Q02701,Quantitative Aptitude,Mensuration,Easy,"Banking,Placements,CAT",0.779
Q02702,Verbal Ability,Verbal Analogies,Easy,TCS NQT,0.735
Q02703,Verbal Ability,Critical Reasoning,Medium,"Placements,SSC,Banking",0.46
Q02704,Logical Reasoning,Analogy,Easy,"Banking,Placements,CAT",0.854
Q02705,Quantitative Aptitude,Set Theory,Hard,"CAT,SSC",0.282
Q02706,Verbal Ability,Reading Comprehension,Easy,"SSC,Banking,Placements",0.835
Q02707,Logical Reasoning,Analogy,Easy,"General,TCS NQT",0.75
Q02708,Verbal Ability,Para Jumbles,Medium,"Banking,General",0.462
Q02709,Data Interpretation,Pie Charts,Easy,"Banking,SSC,Placements",0.933
Q02710,Data Interpretation,Line Graphs,Easy,"TCS NQT,General,CAT",0.805
Q02711,Logical Reasoning,Direction Sense,Hard,"CAT,SSC",0.325
Q02712,Quantitative Aptitude,Surds & Indices,Medium,"Banking,Placements,General",0.533
Q02713,Data Interpretation,Pie Charts,Medium,"General,TCS NQT",0.521
Q02714,Data Interpretation,Tables,Medium,Placements,0.546
Q02715,Quantitative Aptitude,Time & Work,Medium,"General,CAT,TCS NQT",0.497
Q02716,Quantitative Aptitude,Geometry,Easy,"CAT,Placements,SSC",0.797
Q02717,Logical Reasoning,Ranking & Order,Medium,"Placements,SSC",0.617
Q02718,Data Interpretation,Radar/Spider Charts,Medium,"CAT,Placements,Banking",0.551
Q02719,Quantitative Aptitude,Profit & Loss,Medium,"SSC,Placements,CAT",0.628
Q02720,Verbal Ability,Cloze Test,Medium,"Banking,General",0.452
Q02721,Data Interpretation,Venn-based DI,Easy,"Placements,General",0.786
Q02722,Logical Reasoning,Statement & Conclusion,Easy,SSC,0.766
Q02723,Logical Reasoning,Seating Arrangement,Medium,CAT,0.549
Q02724,Verbal Ability,Fill in the Blanks,Medium,"TCS NQT,Placements,CAT",0.547
Q02725,Verbal Ability,Verbal Analogies,Medium,"Placements,SSC",0.518
Q02726,Quantitative Aptitude,Quadratic Equations,Hard,"General,CAT,SSC",0.285
Q02727,Data Interpretation,Bar Graphs,Medium,"TCS NQT,Placements,Banking",0.589
Q02728,Quantitative Aptitude,Geometry,Hard,"SSC,Placements",0.211
Q02729,Logical Reasoning,Statement & Assumption,Hard,Banking,0.335
Q02730,Verbal Ability,Reading Comprehension,Medium,"Banking,SSC,Placements",0.589
Q02731,Verbal Ability,Critical Reasoning,Medium,Banking,0.565
Q02732,Verbal Ability,Cloze Test,Medium,"Placements,TCS NQT",0.552
Q02733,Data Interpretation,Caselets,Easy,General,0.798
Q02734,Logical Reasoning,Syllogisms,Hard,"SSC,General,CAT",0.257
Q02735,Logical Reasoning,Statement & Conclusion,Medium,"TCS NQT,Banking,Placements",0.522
Q02736,Verbal Ability,Odd One Out,Hard,"General,Banking",0.302
Q02737,Quantitative Aptitude,Percentages,Medium,"Placements,General",0.492
Q02738,Quantitative Aptitude,Pipes & Cisterns,Hard,General,0.316
Q02739,Logical Reasoning,Syllogisms,Easy,Banking,0.825
Q02740,Verbal Ability,Error Spotting,Medium,"SSC,Placements",0.501
Q02741,Quantitative Aptitude,Number System,Hard,"Banking,SSC,General",0.221
Q02742,Logical Reasoning,Analogy,Medium,"Banking,General",0.503
Q02743,Data Interpretation,Pie Charts,Hard,"General,SSC,TCS NQT",0.338
Q02744,Verbal Ability,Error Spotting,Hard,General,0.279
Q02745,Quantitative Aptitude,Probability,Medium,"CAT,Placements",0.59
Q02746,Quantitative Aptitude,Algebra,Medium,"CAT,SSC,Banking",0.522
Q02747,Quantitative Aptitude,Set Theory,Easy,TCS NQT,0.848
Q02748,Verbal Ability,Synonyms & Antonyms,Hard,"General,Banking",0.32
Q02749,Quantitative Aptitude,Mixtures & Alligations,Medium,Placements,0.536
Q02750,Logical Reasoning,Series Completion,Medium,"Placements,CAT,SSC",0.549
Q02751,Logical Reasoning,Puzzles,Medium,"Placements,Banking,TCS NQT",0.514
Q02752,Quantitative Aptitude,Surds & Indices,Medium,CAT,0.556
Q02753,Quantitative Aptitude,Simple Interest,Easy,"Banking,Placements",0.88
Q02754,Quantitative Aptitude,Percentages,Medium,TCS NQT,0.446
Q02755,Verbal Ability,Cloze Test,Easy,"TCS NQT,Banking",0.837
Q02756,Verbal Ability,Synonyms & Antonyms,Medium,"General,Banking,Placements",0.613
Q02757,Quantitative Aptitude,Percentages,Medium,Placements,0.578
Q02758,Verbal Ability,Para Summary,Medium,"SSC,TCS NQT",0.542
Q02759,Quantitative Aptitude,Time & Work,Easy,"General,Banking,CAT",0.785
Q02760,Quantitative Aptitude,Mensuration,Medium,"Banking,SSC,General",0.445
Q02761,Quantitative Aptitude,Linear Equations,Hard,CAT,0.303
Q02762,Verbal Ability,Para Jumbles,Medium,CAT,0.593
Q02763,Verbal Ability,Odd One Out,Easy,"General,TCS NQT,Placements",0.834
Q02764,Logical Reasoning,Blood Relations,Medium,"TCS NQT,General,Banking",0.464
Q02765,Quantitative Aptitude,Averages,Medium,"General,CAT,Placements",0.539
Q02766,Quantitative Aptitude,Quadratic Equations,Hard,"General,Banking",0.294
Q02767,Quantitative Aptitude,Mixtures & Alligations,Medium,"Placements,CAT,SSC",0.582
Q02768,Logical Reasoning,Seating Arrangement,Easy,"TCS NQT,Placements,Banking",0.781
Q02769,Logical Reasoning,Blood Relations,Medium,"TCS NQT,General",0.501
Q02770,Data Interpretation,Venn-based DI,Medium,"CAT,TCS NQT",0.558
Q02771,Quantitative Aptitude,Progressions (AP/GP),Medium,"General,CAT,Placements",0.603
Q02772,Logical Reasoning,Puzzles,Medium,TCS NQT,0.528
Q02773,Quantitative Aptitude,Partnership,Hard,CAT,0.258
Q02774,Quantitative Aptitude,Probability,Easy,"SSC,CAT",0.834
Q02775,Data Interpretation,Bar Graphs,Easy,TCS NQT,0.776
Q02776,Logical Reasoning,Series Completion,Medium,"Placements,CAT,SSC",0.548
Q02777,Data Interpretation,Bar Graphs,Medium,CAT,0.56
Q02778,Quantitative Aptitude,Permutation & Combination,Easy,"SSC,TCS NQT",0.865
Q02779,Logical Reasoning,Coding-Decoding,Hard,"General,CAT",0.28
Q02780,Quantitative Aptitude,Ratio & Proportion,Easy,"CAT,TCS NQT",0.826
Q02781,Data Interpretation,Caselets,Hard,"TCS NQT,Banking,Placements",0.274
Q02782,Logical Reasoning,Analogy,Medium,"SSC,TCS NQT,General",0.618
Q02783,Quantitative Aptitude,Logarithms,Medium,"TCS NQT,Placements,CAT",0.565
Q02784,Logical Reasoning,Syllogisms,Medium,CAT,0.574
Q02785,Logical Reasoning,Series Completion,Medium,SSC,0.584
Q02786,Verbal Ability,Sentence Correction,Easy,TCS NQT,0.837
Q02787,Quantitative Aptitude,Probability,Medium,TCS NQT,0.608
Q02788,Quantitative Aptitude,Linear Equations,Easy,"Placements,TCS NQT",0.761
Q02789,Logical Reasoning,Input-Output,Hard,TCS NQT,0.327
Q02790,Logical Reasoning,Statement & Conclusion,Easy,"Banking,Placements",0.733
Q02791,Logical Reasoning,Ranking & Order,Medium,"CAT,SSC",0.604
Q02792,Quantitative Aptitude,Surds & Indices,Easy,"General,Placements",0.802
Q02793,Data Interpretation,Venn-based DI,Medium,CAT,0.619
Q02794,Quantitative Aptitude,Set Theory,Medium,"SSC,Placements,General",0.568
Q02795,Quantitative Aptitude,Progressions (AP/GP),Easy,"General,TCS NQT,Placements",0.816
Q02796,Quantitative Aptitude,Geometry,Medium,SSC,0.532
Q02797,Data Interpretation,Data Sufficiency (DI),Medium,"CAT,TCS NQT",0.447
Q02798,Quantitative Aptitude,Ratio & Proportion,Medium,SSC,0.656
Q02799,Verbal Ability,Para Jumbles,Hard,"CAT,TCS NQT,Banking",0.296
Q02800,Verbal Ability,Para Jumbles,Hard,"General,CAT",0.35
Q02801,Logical Reasoning,Data Sufficiency,Hard,"SSC,Placements",0.389
Q02802,Verbal Ability,Sentence Correction,Hard,"CAT,General",0.226
Q02803,Quantitative Aptitude,Quadratic Equations,Medium,Banking,0.463
Q02804,Verbal Ability,Para Jumbles,Medium,Placements,0.558
Q02805,Verbal Ability,Idioms & Phrases,Easy,"SSC,TCS NQT,Banking",0.918
Q02806,Logical Reasoning,Puzzles,Easy,"SSC,TCS NQT,General",0.781
Q02807,Data Interpretation,Venn-based DI,Medium,"TCS NQT,CAT",0.52
Q02808,Logical Reasoning,Syllogisms,Medium,SSC,0.628
Q02809,Logical Reasoning,Ranking & Order,Medium,SSC,0.54
Q02810,Quantitative Aptitude,Pipes & Cisterns,Medium,"TCS NQT,General,Banking",0.706
Q02811,Quantitative Aptitude,Trigonometry,Easy,"Placements,SSC,CAT",0.808
Q02812,Verbal Ability,Cloze Test,Medium,"General,Placements,TCS NQT",0.583
Q02813,Data Interpretation,Line Graphs,Medium,"TCS NQT,SSC",0.519
Q02814,Data Interpretation,Bar Graphs,Hard,"General,SSC,Placements",0.364
Q02815,Data Interpretation,Data Sufficiency (DI),Easy,"Banking,Placements,General",0.753
Q02816,Quantitative Aptitude,Linear Equations,Hard,"TCS NQT,SSC",0.25
Q02817,Quantitative Aptitude,Averages,Easy,"TCS NQT,Placements",0.757
Q02818,Quantitative Aptitude,Mixtures & Alligations,Medium,"CAT,SSC,Banking",0.518
Q02819,Logical Reasoning,Venn Diagrams,Easy,General,0.704
Q02820,Quantitative Aptitude,Profit & Loss,Medium,General,0.476
Q02821,Verbal Ability,Sentence Correction,Medium,Placements,0.586
Q02822,Data Interpretation,Bar Graphs,Medium,General,0.641
Q02823,Logical Reasoning,Clocks & Calendars,Medium,"Banking,CAT,General",0.649
Q02824,Verbal Ability,Cloze Test,Medium,"General,Placements,Banking",0.551
Q02825,Data Interpretation,Radar/Spider Charts,Hard,"General,TCS NQT,CAT",0.293
Q02826,Quantitative Aptitude,Quadratic Equations,Easy,TCS NQT,0.767
Q02827,Logical Reasoning,Series Completion,Hard,"CAT,Banking,SSC",0.309
Q02828,Logical Reasoning,Statement & Assumption,Easy,"General,TCS NQT,CAT",0.758
Q02829,Data Interpretation,Radar/Spider Charts,Hard,General,0.345
Q02830,Logical Reasoning,Statement & Assumption,Medium,CAT,0.539
Q02831,Logical Reasoning,Data Sufficiency,Easy,TCS NQT,0.796
Q02832,Verbal Ability,Fill in the Blanks,Medium,Banking,0.588
Q02833,Quantitative Aptitude,Trigonometry,Easy,"Placements,SSC",0.898
Q02834,Quantitative Aptitude,Simple Interest,Medium,"General,Placements",0.548
Q02835,Verbal Ability,Idioms & Phrases,Medium,SSC,0.593
Q02836,Logical Reasoning,Clocks & Calendars,Medium,"SSC,General",0.549
Q02837,Quantitative Aptitude,"Time, Speed & Distance",Easy,General,0.806
Q02838,Quantitative Aptitude,Set Theory,Easy,"Banking,Placements,SSC",0.779
Q02839,Verbal Ability,Cloze Test,Easy,"CAT,Banking,TCS NQT",0.767
Q02840,Verbal Ability,Reading Comprehension,Easy,"CAT,TCS NQT",0.774
Q02841,Logical Reasoning,Cubes & Dice,Medium,"SSC,General",0.601
Q02842,Verbal Ability,Para Jumbles,Easy,SSC,0.872
Q02843,Quantitative Aptitude,Pipes & Cisterns,Easy,Banking,0.777
Q02844,Quantitative Aptitude,Linear Equations,Medium,CAT,0.512
Q02845,Verbal Ability,Para Summary,Medium,"Placements,CAT",0.504
Q02846,Quantitative Aptitude,Permutation & Combination,Medium,"Placements,Banking,CAT",0.612
Q02847,Quantitative Aptitude,Trigonometry,Easy,Placements,0.832
Q02848,Verbal Ability,Cloze Test,Easy,"Placements,Banking",0.794
Q02849,Verbal Ability,Para Summary,Medium,"SSC,General",0.609
Q02850,Logical Reasoning,Input-Output,Easy,TCS NQT,0.82
Q02851,Logical Reasoning,Statement & Conclusion,Medium,Banking,0.668
Q02852,Data Interpretation,Radar/Spider Charts,Hard,Placements,0.37
Q02853,Data Interpretation,Mixed DI Sets,Hard,"Banking,CAT,SSC",0.298
Q02854,Verbal Ability,Error Spotting,Medium,CAT,0.463
Q02855,Verbal Ability,Sentence Correction,Easy,"CAT,Placements",0.843
Q02856,Quantitative Aptitude,Quadratic Equations,Medium,"General,SSC",0.505
Q02857,Quantitative Aptitude,Percentages,Easy,General,0.755
Q02858,Logical Reasoning,Series Completion,Easy,"General,SSC",0.871
Q02859,Verbal Ability,Para Jumbles,Medium,"Banking,TCS NQT",0.616
Q02860,Quantitative Aptitude,Trigonometry,Hard,"General,Placements,SSC",0.343
Q02861,Verbal Ability,Para Summary,Medium,"General,Banking,Placements",0.512
Q02862,Quantitative Aptitude,Simple Interest,Hard,CAT,0.333
Q02863,Verbal Ability,Synonyms & Antonyms,Medium,SSC,0.636
Q02864,Logical Reasoning,Blood Relations,Easy,"Placements,CAT,SSC",0.777
Q02865,Verbal Ability,Para Summary,Hard,"General,CAT,Banking",0.28
Q02866,Verbal Ability,Odd One Out,Medium,"SSC,Banking",0.455
Q02867,Verbal Ability,Para Jumbles,Medium,"Placements,TCS NQT",0.579
Q02868,Verbal Ability,Synonyms & Antonyms,Hard,"TCS NQT,Placements,General",0.32
Q02869,Quantitative Aptitude,Averages,Easy,SSC,0.788
Q02870,Quantitative Aptitude,Partnership,Medium,General,0.566
Q02871,Verbal Ability,Para Summary,Easy,Banking,0.822
Q02872,Logical Reasoning,Puzzles,Hard,"General,TCS NQT,Placements",0.342
Q02873,Logical Reasoning,Series Completion,Easy,"General,Placements,TCS NQT",0.802
Q02874,Logical Reasoning,Puzzles,Hard,Banking,0.208
Q02875,Verbal Ability,Reading Comprehension,Medium,"Placements,General",0.518
Q02876,Quantitative Aptitude,Geometry,Hard,TCS NQT,0.329
Q02877,Quantitative Aptitude,"Time, Speed & Distance",Easy,CAT,0.761
Q02878,Data Interpretation,Data Sufficiency (DI),Easy,"TCS NQT,SSC",0.883
Q02879,Quantitative Aptitude,Partnership,Easy,"Placements,General,SSC",0.706
Q02880,Logical Reasoning,Input-Output,Hard,"CAT,TCS NQT",0.359
Q02881,Data Interpretation,Data Sufficiency (DI),Easy,"CAT,SSC,General",0.914
Q02882,Data Interpretation,Caselets,Hard,"SSC,General",0.212
Q02883,Quantitative Aptitude,Partnership,Medium,"Placements,SSC",0.549
Q02884,Logical Reasoning,Syllogisms,Easy,CAT,0.788
Q02885,Verbal Ability,Reading Comprehension,Easy,General,0.71
Q02886,Quantitative Aptitude,Pipes & Cisterns,Medium,"Placements,SSC",0.577
Q02887,Quantitative Aptitude,Trigonometry,Medium,"TCS NQT,CAT",0.552
Q02888,Quantitative Aptitude,Geometry,Medium,SSC,0.479
Q02889,Verbal Ability,Odd One Out,Easy,"SSC,General",0.761
Q02890,Logical Reasoning,Puzzles,Easy,General,0.797
Q02891,Logical Reasoning,Blood Relations,Medium,"TCS NQT,Placements,SSC",0.555
Q02892,Logical Reasoning,Data Sufficiency,Medium,"SSC,TCS NQT,General",0.589
Q02893,Data Interpretation,Tables,Medium,"SSC,Placements,Banking",0.589
Q02894,Logical Reasoning,Seating Arrangement,Hard,Placements,0.276
Q02895,Verbal Ability,Cloze Test,Easy,"TCS NQT,CAT,General",0.747
Q02896,Quantitative Aptitude,Progressions (AP/GP),Easy,"Placements,General,Banking",0.851
Q02897,Verbal Ability,Para Jumbles,Easy,TCS NQT,0.769
Q02898,Logical Reasoning,Venn Diagrams,Easy,"General,Banking",0.733
Q02899,Data Interpretation,Tables,Medium,"General,Placements,CAT",0.491
Q02900,Logical Reasoning,Direction Sense,Medium,Banking,0.492
Q02901,Quantitative Aptitude,Probability,Easy,"SSC,TCS NQT,General",0.779
Q02902,Logical Reasoning,Data Sufficiency,Hard,"General,CAT",0.331
Q02903,Verbal Ability,Para Summary,Easy,Banking,0.795
Q02904,Verbal Ability,Para Summary,Hard,"TCS NQT,CAT,Placements",0.387
Q02905,Data Interpretation,Caselets,Hard,"Placements,SSC,CAT",0.188
Q02906,Logical Reasoning,Syllogisms,Medium,"Placements,Banking,TCS NQT",0.56
Q02907,Data Interpretation,Venn-based DI,Easy,"CAT,Placements,Banking",0.772
Q02908,Quantitative Aptitude,Permutation & Combination,Easy,"TCS NQT,Banking",0.784
Q02909,Verbal Ability,Para Summary,Hard,"SSC,Placements,TCS NQT",0.313
Q02910,Quantitative Aptitude,Number System,Easy,TCS NQT,0.84
Q02911,Quantitative Aptitude,"Time, Speed & Distance",Medium,"General,CAT,Banking",0.52
Q02912,Quantitative Aptitude,Permutation & Combination,Easy,"General,TCS NQT,SSC",0.8
Q02913,Verbal Ability,Critical Reasoning,Medium,SSC,0.411
Q02914,Data Interpretation,Caselets,Easy,"CAT,Placements,TCS NQT",0.791
Q02915,Logical Reasoning,Syllogisms,Medium,"Placements,SSC,CAT",0.588
Q02916,Logical Reasoning,Direction Sense,Medium,"Placements,SSC",0.555
Q02917,Quantitative Aptitude,Percentages,Medium,"Placements,General,CAT",0.51
Q02918,Logical Reasoning,Blood Relations,Medium,"SSC,TCS NQT,General",0.525
Q02919,Quantitative Aptitude,Algebra,Medium,General,0.491
Q02920,Logical Reasoning,Statement & Conclusion,Medium,"Placements,Banking,SSC",0.573
Q02921,Logical Reasoning,Venn Diagrams,Medium,General,0.599
Q02922,Data Interpretation,Bar Graphs,Medium,"Placements,SSC",0.471
Q02923,Quantitative Aptitude,Time & Work,Medium,"CAT,TCS NQT",0.601
Q02924,Logical Reasoning,Puzzles,Medium,"General,Banking,SSC",0.53
Q02925,Verbal Ability,Cloze Test,Medium,"TCS NQT,General,Placements",0.554
Q02926,Quantitative Aptitude,Mensuration,Easy,SSC,0.778
Q02927,Quantitative Aptitude,Averages,Medium,TCS NQT,0.513
Q02928,Quantitative Aptitude,Set Theory,Easy,"Placements,Banking",0.784
Q02929,Logical Reasoning,Statement & Assumption,Hard,"General,Banking,SSC",0.34
Q02930,Verbal Ability,Synonyms & Antonyms,Hard,"CAT,Banking",0.367
Q02931,Quantitative Aptitude,Time & Work,Medium,"Placements,General",0.587
Q02932,Verbal Ability,Sentence Correction,Easy,"Banking,Placements,SSC",0.884
Q02933,Verbal Ability,Reading Comprehension,Medium,"Placements,General",0.474
Q02934,Verbal Ability,Para Summary,Hard,"TCS NQT,Placements,CAT",0.242
Q02935,Logical Reasoning,Direction Sense,Hard,Banking,0.257
Q02936,Quantitative Aptitude,Ratio & Proportion,Easy,"General,Banking",0.789
Q02937,Logical Reasoning,Puzzles,Easy,"TCS NQT,Placements,CAT",0.849
Q02938,Quantitative Aptitude,Logarithms,Easy,Banking,0.844
Q02939,Quantitative Aptitude,Quadratic Equations,Medium,CAT,0.532
Q02940,Logical Reasoning,Blood Relations,Medium,"CAT,Placements,TCS NQT",0.489
Q02941,Logical Reasoning,Seating Arrangement,Easy,"Placements,TCS NQT",0.768
Q02942,Quantitative Aptitude,Number System,Medium,CAT,0.624
Q02943,Logical Reasoning,Venn Diagrams,Easy,"CAT,Placements,TCS NQT",0.772
Q02944,Quantitative Aptitude,Trigonometry,Medium,"Banking,Placements,SSC",0.479
Q02945,Quantitative Aptitude,Algebra,Easy,"Placements,General",0.859
Q02946,Verbal Ability,Reading Comprehension,Medium,"General,SSC,CAT",0.583
Q02947,Quantitative Aptitude,Number System,Medium,CAT,0.498
Q02948,Data Interpretation,Venn-based DI,Easy,"CAT,TCS NQT",0.841
Q02949,Data Interpretation,Data Sufficiency (DI),Hard,CAT,0.32
Q02950,Verbal Ability,Sentence Correction,Easy,Placements,0.808
Q02951,Logical Reasoning,Input-Output,Easy,"Placements,SSC",0.872
Q02952,Logical Reasoning,Clocks & Calendars,Easy,General,0.767
Q02953,Logical Reasoning,Ranking & Order,Hard,"General,CAT,Banking",0.294
Q02954,Quantitative Aptitude,Time & Work,Medium,Placements,0.525
Q02955,Quantitative Aptitude,Simple Interest,Medium,"SSC,CAT",0.505
Q02956,Data Interpretation,Mixed DI Sets,Easy,SSC,0.768
Q02957,Logical Reasoning,Seating Arrangement,Easy,TCS NQT,0.812
Q02958,Quantitative Aptitude,Compound Interest,Easy,Banking,0.616
Q02959,Logical Reasoning,Venn Diagrams,Medium,"Placements,Banking,General",0.558
Q02960,Logical Reasoning,Clocks & Calendars,Easy,"SSC,General,CAT",0.875
Q02961,Quantitative Aptitude,Averages,Easy,"General,SSC",0.76
Q02962,Logical Reasoning,Statement & Conclusion,Medium,"CAT,General,Placements",0.513
Q02963,Data Interpretation,Line Graphs,Easy,"Placements,Banking",0.855
Q02964,Logical Reasoning,Cubes & Dice,Easy,"Banking,CAT,TCS NQT",0.825
Q02965,Quantitative Aptitude,Progressions (AP/GP),Easy,"General,SSC",0.854
Q02966,Quantitative Aptitude,Compound Interest,Easy,SSC,0.757
Q02967,Verbal Ability,Synonyms & Antonyms,Medium,Banking,0.643
Q02968,Logical Reasoning,Data Sufficiency,Easy,"Banking,General",0.779
Q02969,Logical Reasoning,Analogy,Medium,"Banking,TCS NQT,SSC",0.447
Q02970,Logical Reasoning,Direction Sense,Easy,"Placements,Banking,TCS NQT",0.804
Q02971,Quantitative Aptitude,Probability,Hard,"TCS NQT,General",0.206
Q02972,Quantitative Aptitude,Trigonometry,Easy,"TCS NQT,Placements,Banking",0.902
Q02973,Logical Reasoning,Seating Arrangement,Hard,"General,Banking,Placements",0.297
Q02974,Logical Reasoning,Seating Arrangement,Hard,SSC,0.324
Q02975,Logical Reasoning,Blood Relations,Medium,CAT,0.588
Q02976,Logical Reasoning,Data Sufficiency,Hard,"Banking,Placements,CAT",0.258
Q02977,Verbal Ability,Reading Comprehension,Easy,"SSC,Placements",0.845
Q02978,Quantitative Aptitude,Mixtures & Alligations,Easy,"Placements,TCS NQT",0.832
Q02979,Quantitative Aptitude,Geometry,Medium,Placements,0.587
Q02980,Quantitative Aptitude,Ratio & Proportion,Hard,General,0.199
Q02981,Quantitative Aptitude,Compound Interest,Easy,General,0.789
Q02982,Quantitative Aptitude,Partnership,Easy,Banking,0.62
Q02983,Quantitative Aptitude,Pipes & Cisterns,Medium,General,0.539
Q02984,Verbal Ability,Para Summary,Medium,"CAT,General",0.627
Q02985,Quantitative Aptitude,Surds & Indices,Hard,"CAT,Banking,Placements",0.275
Q02986,Quantitative Aptitude,Number System,Easy,SSC,0.827
Q02987,Quantitative Aptitude,Compound Interest,Medium,Placements,0.625
Q02988,Verbal Ability,Para Jumbles,Medium,TCS NQT,0.542
Q02989,Verbal Ability,Para Summary,Easy,Placements,0.852
Q02990,Quantitative Aptitude,Trigonometry,Easy,"Placements,TCS NQT,SSC",0.73
Q02991,Data Interpretation,Radar/Spider Charts,Medium,"General,SSC",0.595
Q02992,Verbal Ability,Odd One Out,Easy,"General,CAT,SSC",0.744
Q02993,Quantitative Aptitude,Simple Interest,Hard,CAT,0.262
Q02994,Logical Reasoning,Syllogisms,Medium,"Placements,TCS NQT,General",0.535
Q02995,Quantitative Aptitude,Number System,Easy,"Banking,General",0.817
Q02996,Data Interpretation,Venn-based DI,Easy,"SSC,TCS NQT,General",0.733
Q02997,Data Interpretation,Tables,Hard,"Placements,SSC",0.288
Q02998,Verbal Ability,Para Jumbles,Medium,"Banking,Placements,TCS NQT",0.567
Q02999,Data Interpretation,Data Sufficiency (DI),Easy,"CAT,Placements,Banking",0.764
Q03000,Quantitative Aptitude,Time & Work,Medium,"TCS NQT,General,CAT",0.609
Q03001,Verbal Ability,Error Spotting,Medium,"Banking,SSC",0.558
Q03002,Logical Reasoning,Ranking & Order,Medium,"Placements,CAT",0.551
Q03003,Logical Reasoning,Data Sufficiency,Medium,"Banking,Placements,SSC",0.569
Q03004,Logical Reasoning,Puzzles,Medium,CAT,0.558
Q03005,Quantitative Aptitude,Linear Equations,Easy,"SSC,CAT,Placements",0.78
Q03006,Quantitative Aptitude,Mixtures & Alligations,Medium,TCS NQT,0.55
Q03007,Quantitative Aptitude,Simple Interest,Easy,Placements,0.936
Q03008,Data Interpretation,Bar Graphs,Medium,"Placements,TCS NQT",0.576
Q03009,Logical Reasoning,Series Completion,Hard,"CAT,Placements,SSC",0.268
Q03010,Quantitative Aptitude,Profit & Loss,Medium,"TCS NQT,CAT,Banking",0.58
Q03011,Logical Reasoning,Syllogisms,Medium,SSC,0.586
Q03012,Data Interpretation,Pie Charts,Medium,"CAT,SSC",0.62
Q03013,Quantitative Aptitude,Mixtures & Alligations,Hard,"TCS NQT,Placements",0.341
Q03014,Data Interpretation,Mixed DI Sets,Medium,"General,SSC",0.514
Q03015,Logical Reasoning,Direction Sense,Medium,"General,CAT,SSC",0.48
Q03016,Verbal Ability,Para Summary,Medium,"TCS NQT,CAT,Placements",0.485
Q03017,Verbal Ability,Reading Comprehension,Easy,"Banking,General,CAT",0.873
Q03018,Logical Reasoning,Clocks & Calendars,Medium,Placements,0.548
Q03019,Verbal Ability,Cloze Test,Medium,"CAT,General",0.595
Q03020,Quantitative Aptitude,Partnership,Hard,Placements,0.29
Q03021,Quantitative Aptitude,Surds & Indices,Easy,"Placements,General,SSC",0.785
Q03022,Verbal Ability,Odd One Out,Hard,SSC,0.322
Q03023,Data Interpretation,Caselets,Hard,"TCS NQT,Banking",0.352
Q03024,Quantitative Aptitude,Percentages,Medium,"General,Banking,Placements",0.499
Q03025,Verbal Ability,Sentence Correction,Medium,"TCS NQT,CAT,Placements",0.555
Q03026,Verbal Ability,Verbal Analogies,Hard,"Banking,CAT,TCS NQT",0.43
Q03027,Quantitative Aptitude,Compound Interest,Medium,"TCS NQT,CAT",0.547
Q03028,Quantitative Aptitude,Trigonometry,Medium,Banking,0.606
Q03029,Quantitative Aptitude,Algebra,Easy,SSC,0.804
Q03030,Data Interpretation,Line Graphs,Hard,SSC,0.36
Q03031,Verbal Ability,Verbal Analogies,Easy,"SSC,CAT",0.733
Q03032,Data Interpretation,Pie Charts,Easy,General,0.784
Q03033,Quantitative Aptitude,Mensuration,Medium,"Banking,SSC",0.508
Q03034,Logical Reasoning,Cubes & Dice,Easy,"Placements,CAT,Banking",0.766
Q03035,Quantitative Aptitude,Percentages,Medium,"SSC,Banking",0.571
Q03036,Logical Reasoning,Input-Output,Medium,"General,Placements,Banking",0.636
Q03037,Logical Reasoning,Data Sufficiency,Hard,"TCS NQT,SSC,General",0.308
Q03038,Data Interpretation,Pie Charts,Hard,"Banking,TCS NQT,General",0.28
Q03039,Quantitative Aptitude,Averages,Easy,"CAT,TCS NQT,General",0.778
Q03040,Verbal Ability,Error Spotting,Medium,General,0.562
Q03041,Verbal Ability,Idioms & Phrases,Easy,Placements,0.848
Q03042,Verbal Ability,Para Jumbles,Easy,"Banking,Placements",0.858
Q03043,Quantitative Aptitude,Progressions (AP/GP),Medium,"CAT,Placements",0.56
Q03044,Data Interpretation,Data Sufficiency (DI),Medium,"General,CAT",0.493
Q03045,Verbal Ability,Fill in the Blanks,Easy,"Banking,TCS NQT",0.832
Q03046,Quantitative Aptitude,Mensuration,Medium,CAT,0.536
Q03047,Logical Reasoning,Coding-Decoding,Hard,"CAT,Banking,TCS NQT",0.286
Q03048,Quantitative Aptitude,"Time, Speed & Distance",Medium,"SSC,CAT",0.532
Q03049,Quantitative Aptitude,Algebra,Hard,"TCS NQT,Banking",0.38
Q03050,Logical Reasoning,Series Completion,Easy,"General,Banking,CAT",0.873
Q03051,Logical Reasoning,Statement & Conclusion,Hard,"CAT,TCS NQT",0.267
Q03052,Logical Reasoning,Direction Sense,Medium,"Placements,General",0.534
Q03053,Data Interpretation,Mixed DI Sets,Medium,"CAT,TCS NQT,Banking",0.5
Q03054,Quantitative Aptitude,Percentages,Easy,"Banking,General",0.757
Q03055,Logical Reasoning,Series Completion,Medium,Placements,0.653
Q03056,Logical Reasoning,Blood Relations,Easy,"Banking,SSC,TCS NQT",0.807
Q03057,Quantitative Aptitude,Set Theory,Easy,CAT,0.843
Q03058,Verbal Ability,Synonyms & Antonyms,Easy,SSC,0.841
Q03059,Logical Reasoning,Ranking & Order,Medium,SSC,0.693
Q03060,Logical Reasoning,Cubes & Dice,Medium,"TCS NQT,Placements",0.505
Q03061,Verbal Ability,Cloze Test,Easy,"Placements,CAT",0.771
Q03062,Quantitative Aptitude,Profit & Loss,Hard,"SSC,General",0.32
Q03063,Data Interpretation,Line Graphs,Easy,SSC,0.734
Q03064,Logical Reasoning,Input-Output,Hard,"Banking,TCS NQT",0.288
Q03065,Data Interpretation,Line Graphs,Medium,"Banking,SSC,General",0.609
Q03066,Quantitative Aptitude,Number System,Hard,"TCS NQT,Placements,CAT",0.217
Q03067,Data Interpretation,Line Graphs,Medium,"General,SSC",0.49
Q03068,Quantitative Aptitude,Number System,Hard,Banking,0.249
Q03069,Logical Reasoning,Direction Sense,Easy,"SSC,CAT",0.867
Q03070,Quantitative Aptitude,Surds & Indices,Hard,"SSC,TCS NQT",0.294
Q03071,Data Interpretation,Bar Graphs,Hard,"Placements,Banking",0.233
Q03072,Logical Reasoning,Puzzles,Easy,Placements,0.776
Q03073,Quantitative Aptitude,Pipes & Cisterns,Medium,Banking,0.606
Q03074,Quantitative Aptitude,Partnership,Medium,"Placements,TCS NQT,Banking",0.546
Q03075,Verbal Ability,Sentence Correction,Medium,"Placements,General",0.567
Q03076,Data Interpretation,Bar Graphs,Easy,"SSC,CAT",0.828
Q03077,Logical Reasoning,Clocks & Calendars,Easy,"TCS NQT,CAT",0.786
Q03078,Quantitative Aptitude,Partnership,Easy,"General,Banking",0.777
Q03079,Data Interpretation,Data Sufficiency (DI),Easy,"SSC,General",0.766
Q03080,Data Interpretation,Venn-based DI,Hard,"TCS NQT,SSC",0.323
Q03081,Verbal Ability,Para Jumbles,Medium,Banking,0.487
Q03082,Data Interpretation,Data Sufficiency (DI),Easy,"Placements,TCS NQT",0.864
Q03083,Logical Reasoning,Coding-Decoding,Easy,"Banking,General,SSC",0.816
Q03084,Verbal Ability,Cloze Test,Medium,"General,Banking,SSC",0.476
Q03085,Quantitative Aptitude,Partnership,Easy,"CAT,General,TCS NQT",0.791
Q03086,Data Interpretation,Pie Charts,Medium,"CAT,TCS NQT,Banking",0.618
Q03087,Logical Reasoning,Puzzles,Medium,"General,TCS NQT",0.625
Q03088,Logical Reasoning,Puzzles,Easy,"Banking,TCS NQT,CAT",0.786
Q03089,Quantitative Aptitude,Surds & Indices,Easy,"Banking,Placements",0.728
Q03090,Quantitative Aptitude,Ratio & Proportion,Medium,"TCS NQT,Banking",0.572
Q03091,Verbal Ability,Para Jumbles,Medium,Banking,0.599
Q03092,Data Interpretation,Pie Charts,Hard,"Banking,General",0.3
Q03093,Verbal Ability,Cloze Test,Easy,"General,Banking,CAT",0.786
Q03094,Quantitative Aptitude,Linear Equations,Hard,TCS NQT,0.231
Q03095,Logical Reasoning,Clocks & Calendars,Medium,"General,SSC",0.548
Q03096,Quantitative Aptitude,Mixtures & Alligations,Medium,"General,Placements",0.658
Q03097,Verbal Ability,Reading Comprehension,Medium,"CAT,General",0.511
Q03098,Quantitative Aptitude,Number System,Easy,SSC,0.837
Q03099,Logical Reasoning,Venn Diagrams,Hard,"Placements,TCS NQT",0.28
Q03100,Logical Reasoning,Input-Output,Medium,TCS NQT,0.607
Q03101,Quantitative Aptitude,Quadratic Equations,Easy,TCS NQT,0.804
Q03102,Data Interpretation,Data Sufficiency (DI),Easy,TCS NQT,0.816
Q03103,Verbal Ability,Para Summary,Easy,General,0.804
Q03104,Quantitative Aptitude,Quadratic Equations,Easy,"Placements,Banking,SSC",0.714
Q03105,Quantitative Aptitude,Permutation & Combination,Easy,Banking,0.796
Q03106,Quantitative Aptitude,Ratio & Proportion,Easy,General,0.894
Q03107,Quantitative Aptitude,Compound Interest,Medium,"CAT,TCS NQT,Banking",0.561
Q03108,Quantitative Aptitude,Set Theory,Easy,"TCS NQT,Placements",0.782
Q03109,Data Interpretation,Mixed DI Sets,Medium,CAT,0.61
Q03110,Verbal Ability,Para Jumbles,Medium,Banking,0.549
Q03111,Data Interpretation,Bar Graphs,Easy,"TCS NQT,Placements,CAT",0.765
Q03112,Quantitative Aptitude,Logarithms,Easy,"TCS NQT,CAT,Banking",0.91
Q03113,Quantitative Aptitude,Number System,Medium,"General,Placements,Banking",0.633
Q03114,Quantitative Aptitude,Set Theory,Medium,"SSC,Placements,TCS NQT",0.654
Q03115,Data Interpretation,Tables,Medium,"Placements,TCS NQT",0.614
Q03116,Verbal Ability,Sentence Correction,Medium,"Banking,SSC,CAT",0.579
Q03117,Data Interpretation,Caselets,Medium,Placements,0.536
Q03118,Quantitative Aptitude,Set Theory,Easy,General,0.822
Q03119,Verbal Ability,Verbal Analogies,Medium,CAT,0.513
Q03120,Data Interpretation,Radar/Spider Charts,Hard,"CAT,General,Placements",0.263
Q03121,Logical Reasoning,Clocks & Calendars,Medium,"Placements,CAT",0.431
Q03122,Data Interpretation,Pie Charts,Easy,"SSC,Placements",0.772
Q03123,Logical Reasoning,Ranking & Order,Easy,Banking,0.643
Q03124,Logical Reasoning,Blood Relations,Easy,"CAT,Banking",0.793
Q03125,Logical Reasoning,Seating Arrangement,Easy,General,0.779
Q03126,Verbal Ability,Para Summary,Medium,"SSC,Banking",0.625
Q03127,Verbal Ability,Synonyms & Antonyms,Medium,SSC,0.472
Q03128,Verbal Ability,Reading Comprehension,Medium,General,0.48
Q03129,Verbal Ability,Verbal Analogies,Hard,"TCS NQT,CAT,General",0.29
Q03130,Verbal Ability,Fill in the Blanks,Easy,"Banking,TCS NQT",0.791
Q03131,Quantitative Aptitude,Logarithms,Hard,"CAT,Placements,SSC",0.348
Q03132,Quantitative Aptitude,Simple Interest,Easy,TCS NQT,0.839
Q03133,Logical Reasoning,Blood Relations,Easy,"CAT,TCS NQT,Placements",0.746
Q03134,Quantitative Aptitude,"Time, Speed & Distance",Easy,"CAT,Placements",0.741
Q03135,Verbal Ability,Reading Comprehension,Easy,"Placements,General",0.804
Q03136,Data Interpretation,Pie Charts,Easy,"General,Placements,SSC",0.786
Q03137,Quantitative Aptitude,Averages,Medium,"Placements,CAT",0.555
Q03138,Verbal Ability,Fill in the Blanks,Easy,"TCS NQT,SSC,Banking",0.808
Q03139,Logical Reasoning,Analogy,Easy,"TCS NQT,Banking",0.858
Q03140,Data Interpretation,Tables,Easy,"Placements,General",0.846
Q03141,Quantitative Aptitude,Surds & Indices,Medium,"SSC,Banking,CAT",0.597
Q03142,Quantitative Aptitude,Progressions (AP/GP),Easy,"SSC,Placements,TCS NQT",0.834
Q03143,Logical Reasoning,Analogy,Easy,"Banking,General",0.796
Q03144,Verbal Ability,Verbal Analogies,Medium,"SSC,General,CAT",0.607
Q03145,Verbal Ability,Verbal Analogies,Easy,"Banking,Placements",0.774
Q03146,Logical Reasoning,Data Sufficiency,Easy,"General,CAT",0.839
Q03147,Logical Reasoning,Cubes & Dice,Easy,CAT,0.822
Q03148,Data Interpretation,Venn-based DI,Easy,"TCS NQT,Banking",0.774
Q03149,Verbal Ability,Critical Reasoning,Easy,"General,TCS NQT,SSC",0.795
Q03150,Data Interpretation,Data Sufficiency (DI),Easy,CAT,0.776
Q03151,Logical Reasoning,Coding-Decoding,Medium,"Banking,Placements",0.608
Q03152,Verbal Ability,Fill in the Blanks,Hard,CAT,0.358
Q03153,Verbal Ability,Sentence Correction,Easy,"SSC,General,Placements",0.68
Q03154,Quantitative Aptitude,Algebra,Medium,CAT,0.516
Q03155,Logical Reasoning,Venn Diagrams,Medium,"CAT,SSC,Placements",0.548
Q03156,Verbal Ability,Odd One Out,Hard,"SSC,Placements,CAT",0.341
Q03157,Logical Reasoning,Ranking & Order,Medium,"TCS NQT,Placements",0.462
Q03158,Data Interpretation,Venn-based DI,Hard,CAT,0.237
Q03159,Quantitative Aptitude,Probability,Easy,"General,TCS NQT",0.756
Q03160,Verbal Ability,Cloze Test,Easy,TCS NQT,0.792
Q03161,Logical Reasoning,Input-Output,Easy,"Banking,SSC,TCS NQT",0.857
Q03162,Logical Reasoning,Series Completion,Hard,CAT,0.241
Q03163,Data Interpretation,Radar/Spider Charts,Medium,"CAT,SSC",0.594
Q03164,Data Interpretation,Data Sufficiency (DI),Easy,CAT,0.753
Q03165,Data Interpretation,Radar/Spider Charts,Easy,TCS NQT,0.814
Q03166,Logical Reasoning,Venn Diagrams,Easy,"Banking,Placements,CAT",0.892
Q03167,Verbal Ability,Critical Reasoning,Easy,General,0.719
Q03168,Data Interpretation,Bar Graphs,Easy,"SSC,Placements",0.817
Q03169,Quantitative Aptitude,Quadratic Equations,Easy,TCS NQT,0.728
Q03170,Logical Reasoning,Syllogisms,Hard,"General,CAT",0.277
Q03171,Verbal Ability,Para Jumbles,Medium,"CAT,Banking",0.563
Q03172,Quantitative Aptitude,Pipes & Cisterns,Medium,"SSC,General",0.522
Q03173,Quantitative Aptitude,Linear Equations,Medium,"CAT,TCS NQT",0.596
Q03174,Quantitative Aptitude,Algebra,Medium,"TCS NQT,CAT",0.531
Q03175,Quantitative Aptitude,Quadratic Equations,Medium,"General,Banking",0.543
Q03176,Logical Reasoning,Analogy,Hard,"CAT,SSC,General",0.344
Q03177,Logical Reasoning,Blood Relations,Medium,CAT,0.637
Q03178,Quantitative Aptitude,Number System,Hard,CAT,0.336
Q03179,Logical Reasoning,Venn Diagrams,Easy,"General,Banking,Placements",0.773
Q03180,Quantitative Aptitude,Time & Work,Medium,Placements,0.613
Q03181,Data Interpretation,Mixed DI Sets,Hard,"CAT,General,SSC",0.276
Q03182,Verbal Ability,Reading Comprehension,Medium,CAT,0.606
Q03183,Logical Reasoning,Clocks & Calendars,Hard,SSC,0.138
Q03184,Data Interpretation,Mixed DI Sets,Medium,"TCS NQT,Banking,SSC",0.565
Q03185,Quantitative Aptitude,Partnership,Medium,Placements,0.578
Q03186,Verbal Ability,Verbal Analogies,Medium,"CAT,Placements",0.582
Q03187,Quantitative Aptitude,Algebra,Hard,TCS NQT,0.296
Q03188,Quantitative Aptitude,Geometry,Hard,"Banking,CAT,Placements",0.305
Q03189,Data Interpretation,Radar/Spider Charts,Hard,"Banking,SSC,TCS NQT",0.305
Q03190,Verbal Ability,Error Spotting,Medium,"Placements,CAT",0.6
Q03191,Quantitative Aptitude,Averages,Medium,"General,CAT",0.66
Q03192,Logical Reasoning,Data Sufficiency,Medium,"Placements,General,CAT",0.554
Q03193,Quantitative Aptitude,Profit & Loss,Easy,"CAT,Placements",0.78
Q03194,Data Interpretation,Bar Graphs,Easy,"Placements,Banking,TCS NQT",0.778
Q03195,Quantitative Aptitude,"Time, Speed & Distance",Medium,"CAT,SSC",0.496
Q03196,Verbal Ability,Sentence Correction,Medium,"TCS NQT,General,SSC",0.567
Q03197,Quantitative Aptitude,Mixtures & Alligations,Easy,"Banking,Placements,CAT",0.775
Q03198,Logical Reasoning,Direction Sense,Medium,SSC,0.562
Q03199,Quantitative Aptitude,Quadratic Equations,Medium,"TCS NQT,General",0.467
Q03200,Verbal Ability,Sentence Correction,Hard,"Placements,CAT",0.348
Q03201,Quantitative Aptitude,Averages,Hard,"Placements,SSC",0.278
Q03202,Data Interpretation,Pie Charts,Medium,Banking,0.659
Q03203,Quantitative Aptitude,Simple Interest,Medium,"CAT,Placements,General",0.448
Q03204,Verbal Ability,Odd One Out,Medium,SSC,0.521
Q03205,Data Interpretation,Bar Graphs,Hard,"General,TCS NQT",0.346
Q03206,Logical Reasoning,Cubes & Dice,Medium,"SSC,CAT",0.501
Q03207,Logical Reasoning,Seating Arrangement,Hard,"Banking,Placements",0.291
Q03208,Quantitative Aptitude,Compound Interest,Medium,"TCS NQT,Banking",0.617
Q03209,Quantitative Aptitude,Permutation & Combination,Medium,"CAT,Banking",0.719
Q03210,Data Interpretation,Caselets,Hard,"CAT,General",0.334
Q03211,Quantitative Aptitude,Set Theory,Medium,"General,Banking",0.456
Q03212,Verbal Ability,Sentence Correction,Medium,"Placements,Banking",0.499
Q03213,Logical Reasoning,Coding-Decoding,Hard,"SSC,TCS NQT,Banking",0.284
Q03214,Verbal Ability,Idioms & Phrases,Medium,"CAT,General",0.563
Q03215,Quantitative Aptitude,Set Theory,Easy,CAT,0.689
Q03216,Quantitative Aptitude,Ratio & Proportion,Medium,CAT,0.54
Q03217,Verbal Ability,Reading Comprehension,Easy,"SSC,Placements,CAT",0.726
Q03218,Quantitative Aptitude,Probability,Easy,SSC,0.853
Q03219,Quantitative Aptitude,Ratio & Proportion,Easy,"General,Banking,TCS NQT",0.744
Q03220,Logical Reasoning,Ranking & Order,Medium,Placements,0.569
Q03221,Quantitative Aptitude,Pipes & Cisterns,Easy,"SSC,Banking,Placements",0.757
Q03222,Verbal Ability,Synonyms & Antonyms,Medium,SSC,0.607
Q03223,Logical Reasoning,Clocks & Calendars,Medium,"TCS NQT,SSC,CAT",0.5
Q03224,Quantitative Aptitude,Simple Interest,Medium,TCS NQT,0.597
Q03225,Quantitative Aptitude,Partnership,Medium,"Banking,SSC,Placements",0.546
Q03226,Verbal Ability,Synonyms & Antonyms,Medium,"General,CAT",0.661
Q03227,Verbal Ability,Synonyms & Antonyms,Medium,SSC,0.649
Q03228,Data Interpretation,Radar/Spider Charts,Medium,CAT,0.569
Q03229,Logical Reasoning,Analogy,Medium,"SSC,CAT",0.514
Q03230,Data Interpretation,Line Graphs,Easy,"CAT,Placements",0.807
Q03231,Verbal Ability,Cloze Test,Medium,TCS NQT,0.479
Q03232,Quantitative Aptitude,Linear Equations,Easy,"TCS NQT,CAT",0.896
Q03233,Logical Reasoning,Analogy,Medium,Banking,0.562
Q03234,Verbal Ability,Para Jumbles,Medium,CAT,0.507
Q03235,Data Interpretation,Caselets,Medium,TCS NQT,0.509
Q03236,Logical Reasoning,Coding-Decoding,Medium,CAT,0.525
Q03237,Logical Reasoning,Puzzles,Medium,"General,SSC",0.553
Q03238,Quantitative Aptitude,Mensuration,Hard,"General,SSC",0.383
Q03239,Quantitative Aptitude,Probability,Hard,"General,Banking",0.292
Q03240,Quantitative Aptitude,Averages,Medium,"Banking,CAT",0.538
Q03241,Data Interpretation,Mixed DI Sets,Medium,"General,SSC",0.558
Q03242,Verbal Ability,Idioms & Phrases,Hard,"TCS NQT,Banking,CAT",0.336
Q03243,Quantitative Aptitude,Averages,Medium,"TCS NQT,CAT,Placements",0.557
Q03244,Logical Reasoning,Input-Output,Hard,General,0.291
Q03245,Logical Reasoning,Direction Sense,Medium,"Banking,CAT",0.451
Q03246,Quantitative Aptitude,Ratio & Proportion,Hard,"General,Banking,SSC",0.317
Q03247,Verbal Ability,Sentence Correction,Easy,"CAT,Placements,Banking",0.829
Q03248,Logical Reasoning,Puzzles,Easy,"General,TCS NQT",0.864
Q03249,Data Interpretation,Radar/Spider Charts,Medium,"Placements,SSC,TCS NQT",0.66
Q03250,Quantitative Aptitude,Algebra,Medium,"TCS NQT,Banking",0.598
Q03251,Quantitative Aptitude,Averages,Easy,"Placements,CAT",0.833
Q03252,Logical Reasoning,Venn Diagrams,Easy,"CAT,Banking,TCS NQT",0.813
Q03253,Verbal Ability,Verbal Analogies,Hard,"SSC,CAT",0.328
Q03254,Logical Reasoning,Blood Relations,Medium,"General,Placements",0.569
Q03255,Quantitative Aptitude,Mensuration,Easy,"Placements,TCS NQT,SSC",0.812
Q03256,Data Interpretation,Venn-based DI,Hard,"Placements,SSC,Banking",0.178
Q03257,Quantitative Aptitude,Mixtures & Alligations,Easy,SSC,0.732
Q03258,Verbal Ability,Reading Comprehension,Hard,"CAT,Placements",0.254
Q03259,Data Interpretation,Caselets,Medium,"CAT,General,Banking",0.555
Q03260,Quantitative Aptitude,Mixtures & Alligations,Medium,Banking,0.612
Q03261,Logical Reasoning,Data Sufficiency,Medium,"CAT,General,SSC",0.521
Q03262,Logical Reasoning,Direction Sense,Hard,"SSC,TCS NQT",0.237
Q03263,Logical Reasoning,Direction Sense,Medium,General,0.508
Q03264,Logical Reasoning,Statement & Conclusion,Hard,General,0.345
Q03265,Logical Reasoning,Series Completion,Hard,"TCS NQT,CAT",0.312
Q03266,Logical Reasoning,Clocks & Calendars,Hard,CAT,0.358
Q03267,Logical Reasoning,Analogy,Medium,"Placements,Banking",0.653
Q03268,Logical Reasoning,Input-Output,Easy,"CAT,SSC",0.715
Q03269,Data Interpretation,Caselets,Medium,"SSC,Placements,Banking",0.497
Q03270,Quantitative Aptitude,Surds & Indices,Easy,"TCS NQT,Placements",0.813
Q03271,Verbal Ability,Cloze Test,Easy,SSC,0.797
Q03272,Quantitative Aptitude,Compound Interest,Easy,"TCS NQT,Placements",0.805
Q03273,Quantitative Aptitude,Mixtures & Alligations,Medium,"CAT,SSC",0.564
Q03274,Quantitative Aptitude,Progressions (AP/GP),Easy,"Banking,TCS NQT,Placements",0.847
Q03275,Logical Reasoning,Ranking & Order,Hard,"CAT,Placements",0.342
Q03276,Logical Reasoning,Cubes & Dice,Easy,"SSC,TCS NQT,General",0.755
Q03277,Logical Reasoning,Cubes & Dice,Easy,"Banking,General",0.768
Q03278,Verbal Ability,Para Summary,Easy,"Banking,CAT",0.837
Q03279,Data Interpretation,Venn-based DI,Easy,Banking,0.808
Q03280,Data Interpretation,Pie Charts,Medium,TCS NQT,0.56
Q03281,Verbal Ability,Critical Reasoning,Medium,TCS NQT,0.538
Q03282,Quantitative Aptitude,Permutation & Combination,Hard,"Placements,TCS NQT",0.234
Q03283,Quantitative Aptitude,Probability,Medium,"SSC,CAT,Banking",0.583
Q03284,Verbal Ability,Synonyms & Antonyms,Easy,"General,CAT",0.91
Q03285,Logical Reasoning,Cubes & Dice,Easy,"Banking,CAT,TCS NQT",0.756
Q03286,Quantitative Aptitude,Percentages,Easy,"General,CAT",0.769
Q03287,Verbal Ability,Fill in the Blanks,Easy,"CAT,SSC,Banking",0.85
Q03288,Verbal Ability,Error Spotting,Medium,"CAT,General",0.551
Q03289,Logical Reasoning,Syllogisms,Medium,"Placements,TCS NQT,General",0.573
Q03290,Logical Reasoning,Analogy,Hard,Placements,0.245
Q03291,Verbal Ability,Cloze Test,Medium,"Placements,SSC,TCS NQT",0.49
Q03292,Verbal Ability,Error Spotting,Medium,Banking,0.522
Q03293,Quantitative Aptitude,Logarithms,Easy,"Placements,CAT,TCS NQT",0.824
Q03294,Quantitative Aptitude,Number System,Medium,TCS NQT,0.521
Q03295,Logical Reasoning,Puzzles,Medium,"CAT,Placements,TCS NQT",0.534
Q03296,Logical Reasoning,Puzzles,Medium,"CAT,TCS NQT",0.548
Q03297,Logical Reasoning,Cubes & Dice,Medium,"CAT,General",0.571
Q03298,Quantitative Aptitude,Mixtures & Alligations,Medium,"Banking,Placements",0.501
Q03299,Quantitative Aptitude,Ratio & Proportion,Medium,"SSC,TCS NQT,Banking",0.544
Q03300,Verbal Ability,Cloze Test,Easy,"CAT,Banking,Placements",0.772
Q03301,Verbal Ability,Cloze Test,Medium,Placements,0.461
Q03302,Logical Reasoning,Direction Sense,Medium,"General,Placements,TCS NQT",0.603
Q03303,Logical Reasoning,Series Completion,Medium,"Banking,SSC",0.481
Q03304,Quantitative Aptitude,Mixtures & Alligations,Easy,"CAT,TCS NQT,Banking",0.785
Q03305,Quantitative Aptitude,Linear Equations,Medium,"SSC,Banking,TCS NQT",0.52
Q03306,Data Interpretation,Pie Charts,Medium,"Banking,General",0.58
Q03307,Data Interpretation,Line Graphs,Medium,SSC,0.528
Q03308,Quantitative Aptitude,Mensuration,Easy,TCS NQT,0.812
Q03309,Verbal Ability,Para Summary,Easy,TCS NQT,0.768
Q03310,Verbal Ability,Critical Reasoning,Easy,General,0.856
Q03311,Quantitative Aptitude,Set Theory,Easy,"TCS NQT,Banking,CAT",0.713
Q03312,Verbal Ability,Fill in the Blanks,Easy,Banking,0.747
Q03313,Logical Reasoning,Cubes & Dice,Hard,"CAT,Placements",0.256
Q03314,Verbal Ability,Fill in the Blanks,Medium,"TCS NQT,Placements,SSC",0.478
Q03315,Verbal Ability,Error Spotting,Medium,"Banking,TCS NQT,CAT",0.582
Q03316,Data Interpretation,Line Graphs,Medium,"Placements,SSC,TCS NQT",0.635
Q03317,Quantitative Aptitude,Mensuration,Medium,"Placements,SSC,TCS NQT",0.516
Q03318,Data Interpretation,Data Sufficiency (DI),Easy,General,0.8
Q03319,Verbal Ability,Odd One Out,Medium,"Banking,TCS NQT",0.554
Q03320,Quantitative Aptitude,Surds & Indices,Easy,TCS NQT,0.859
Q03321,Logical Reasoning,Statement & Conclusion,Easy,General,0.826
Q03322,Logical Reasoning,Venn Diagrams,Hard,"TCS NQT,SSC,Banking",0.3
Q03323,Verbal Ability,Para Jumbles,Medium,CAT,0.545
Q03324,Data Interpretation,Line Graphs,Easy,CAT,0.858
Q03325,Quantitative Aptitude,Surds & Indices,Hard,Banking,0.346
Q03326,Data Interpretation,Radar/Spider Charts,Easy,"Placements,General",0.81
Q03327,Logical Reasoning,Puzzles,Medium,General,0.612
Q03328,Quantitative Aptitude,Quadratic Equations,Medium,"CAT,General",0.576
Q03329,Verbal Ability,Verbal Analogies,Easy,"CAT,General",0.821
Q03330,Data Interpretation,Pie Charts,Easy,"SSC,TCS NQT",0.861
Q03331,Quantitative Aptitude,Set Theory,Medium,Placements,0.437
Q03332,Quantitative Aptitude,Algebra,Medium,General,0.572
Q03333,Logical Reasoning,Cubes & Dice,Easy,"Placements,TCS NQT",0.787
Q03334,Logical Reasoning,Series Completion,Medium,SSC,0.578
Q03335,Quantitative Aptitude,Trigonometry,Hard,"General,SSC",0.265
Q03336,Logical Reasoning,Statement & Assumption,Medium,General,0.54
Q03337,Logical Reasoning,Coding-Decoding,Medium,"TCS NQT,Placements",0.545
Q03338,Verbal Ability,Para Jumbles,Easy,"CAT,General,Placements",0.79
Q03339,Data Interpretation,Bar Graphs,Easy,CAT,0.778
Q03340,Verbal Ability,Fill in the Blanks,Easy,"TCS NQT,General",0.852
Q03341,Quantitative Aptitude,Profit & Loss,Easy,"Placements,TCS NQT",0.781
Q03342,Logical Reasoning,Analogy,Medium,Placements,0.512
Q03343,Verbal Ability,Verbal Analogies,Medium,"TCS NQT,SSC",0.479
Q03344,Logical Reasoning,Data Sufficiency,Medium,"TCS NQT,Placements,CAT",0.638
Q03345,Verbal Ability,Odd One Out,Easy,"General,Banking",0.811
Q03346,Data Interpretation,Pie Charts,Easy,"CAT,Placements,SSC",0.792
Q03347,Quantitative Aptitude,Simple Interest,Medium,Banking,0.475
Q03348,Verbal Ability,Sentence Correction,Medium,TCS NQT,0.586
Q03349,Quantitative Aptitude,Probability,Easy,"CAT,Placements",0.76
Q03350,Verbal Ability,Critical Reasoning,Medium,"Banking,SSC",0.585
Q03351,Logical Reasoning,Seating Arrangement,Hard,SSC,0.283
Q03352,Quantitative Aptitude,Profit & Loss,Medium,"TCS NQT,Placements,SSC",0.598
Q03353,Logical Reasoning,Ranking & Order,Easy,"CAT,TCS NQT,General",0.876
Q03354,Quantitative Aptitude,Progressions (AP/GP),Easy,"SSC,CAT",0.857
Q03355,Quantitative Aptitude,Percentages,Medium,"Banking,SSC",0.575
Q03356,Quantitative Aptitude,"Time, Speed & Distance",Easy,"CAT,Placements",0.769
Q03357,Data Interpretation,Tables,Hard,"General,SSC,CAT",0.381
Q03358,Logical Reasoning,Statement & Assumption,Hard,"CAT,TCS NQT",0.261
Q03359,Quantitative Aptitude,Logarithms,Medium,"CAT,SSC,General",0.44
Q03360,Data Interpretation,Data Sufficiency (DI),Easy,"General,TCS NQT,CAT",0.789
Q03361,Quantitative Aptitude,Probability,Medium,"Placements,SSC",0.496
Q03362,Logical Reasoning,Syllogisms,Hard,CAT,0.328
Q03363,Quantitative Aptitude,Trigonometry,Medium,"Placements,SSC,Banking",0.532
Q03364,Data Interpretation,Radar/Spider Charts,Medium,"Placements,CAT",0.632
Q03365,Logical Reasoning,Syllogisms,Medium,Placements,0.59
Q03366,Data Interpretation,Venn-based DI,Medium,"Banking,CAT,General",0.633
Q03367,Quantitative Aptitude,Percentages,Easy,"Banking,Placements",0.819
Q03368,Verbal Ability,Para Summary,Medium,"Banking,TCS NQT,Placements",0.59
Q03369,Verbal Ability,Para Jumbles,Medium,"CAT,TCS NQT",0.533
Q03370,Data Interpretation,Mixed DI Sets,Medium,"Placements,SSC",0.595
Q03371,Quantitative Aptitude,Geometry,Medium,Placements,0.494
Q03372,Logical Reasoning,Statement & Assumption,Easy,TCS NQT,0.805
Q03373,Quantitative Aptitude,Number System,Hard,Banking,0.344
Q03374,Verbal Ability,Error Spotting,Medium,"TCS NQT,CAT,General",0.566
Q03375,Logical Reasoning,Statement & Assumption,Medium,CAT,0.576
Q03376,Logical Reasoning,Syllogisms,Hard,Banking,0.31
Q03377,Verbal Ability,Synonyms & Antonyms,Easy,"CAT,SSC",0.798
Q03378,Logical Reasoning,Data Sufficiency,Medium,"General,Placements,SSC",0.595
Q03379,Quantitative Aptitude,Compound Interest,Medium,"Banking,General,CAT",0.63
Q03380,Verbal Ability,Cloze Test,Hard,CAT,0.271
Q03381,Verbal Ability,Critical Reasoning,Easy,"Placements,Banking,SSC",0.887
Q03382,Data Interpretation,Tables,Medium,"General,SSC",0.583
Q03383,Logical Reasoning,Data Sufficiency,Medium,"SSC,Placements,General",0.544
Q03384,Logical Reasoning,Venn Diagrams,Easy,"TCS NQT,General,CAT",0.777
Q03385,Quantitative Aptitude,Percentages,Easy,"Banking,TCS NQT",0.855
Q03386,Data Interpretation,Radar/Spider Charts,Easy,"CAT,Placements",0.828
Q03387,Logical Reasoning,Direction Sense,Hard,"Placements,SSC,General",0.326
Q03388,Verbal Ability,Para Jumbles,Easy,"General,Placements",0.76
Q03389,Data Interpretation,Bar Graphs,Hard,General,0.293
Q03390,Logical Reasoning,Cubes & Dice,Medium,"Banking,CAT,TCS NQT",0.531
Q03391,Quantitative Aptitude,Trigonometry,Hard,SSC,0.277
Q03392,Quantitative Aptitude,Averages,Medium,"Banking,SSC,CAT",0.543
Q03393,Logical Reasoning,Syllogisms,Easy,"TCS NQT,Banking",0.81
Q03394,Data Interpretation,Radar/Spider Charts,Easy,Banking,0.788
Q03395,Logical Reasoning,Ranking & Order,Medium,"CAT,Placements",0.512
Q03396,Data Interpretation,Tables,Medium,"Placements,Banking",0.626
Q03397,Logical Reasoning,Syllogisms,Medium,"SSC,CAT,General",0.545
Q03398,Logical Reasoning,Blood Relations,Easy,"SSC,General,Placements",0.786
Q03399,Verbal Ability,Reading Comprehension,Hard,"General,TCS NQT",0.331
Q03400,Verbal Ability,Para Summary,Medium,"General,CAT",0.531
Q03401,Verbal Ability,Para Jumbles,Easy,"Banking,SSC,General",0.808
Q03402,Quantitative Aptitude,Geometry,Medium,"General,TCS NQT,SSC",0.623
Q03403,Verbal Ability,Synonyms & Antonyms,Easy,"Banking,Placements",0.797
Q03404,Logical Reasoning,Direction Sense,Hard,SSC,0.277
Q03405,Data Interpretation,Caselets,Medium,Placements,0.531
Q03406,Verbal Ability,Idioms & Phrases,Easy,"SSC,TCS NQT",0.878
Q03407,Logical Reasoning,Ranking & Order,Medium,TCS NQT,0.533
Q03408,Logical Reasoning,Statement & Conclusion,Hard,"SSC,General",0.357
Q03409,Verbal Ability,Cloze Test,Easy,"CAT,General,SSC",0.859
Q03410,Logical Reasoning,Venn Diagrams,Easy,"Placements,Banking",0.742
Q03411,Quantitative Aptitude,Mensuration,Hard,Banking,0.334
Q03412,Quantitative Aptitude,Number System,Medium,"CAT,SSC",0.514
Q03413,Logical Reasoning,Analogy,Easy,"TCS NQT,Placements,Banking",0.803
Q03414,Logical Reasoning,Syllogisms,Medium,"CAT,SSC,TCS NQT",0.536
Q03415,Verbal Ability,Para Jumbles,Easy,"Placements,SSC",0.863
Q03416,Quantitative Aptitude,Averages,Easy,"Banking,Placements",0.859
Q03417,Verbal Ability,Sentence Correction,Medium,"Placements,General,CAT",0.57
Q03418,Quantitative Aptitude,Ratio & Proportion,Easy,General,0.699
Q03419,Logical Reasoning,Syllogisms,Easy,General,0.824
Q03420,Data Interpretation,Venn-based DI,Medium,"TCS NQT,SSC",0.588
Q03421,Data Interpretation,Bar Graphs,Medium,"General,Placements,CAT",0.566
Q03422,Verbal Ability,Error Spotting,Easy,"SSC,CAT",0.803
Q03423,Verbal Ability,Cloze Test,Hard,"TCS NQT,CAT",0.319
Q03424,Verbal Ability,Verbal Analogies,Hard,SSC,0.367
Q03425,Quantitative Aptitude,Simple Interest,Medium,TCS NQT,0.594
Q03426,Verbal Ability,Odd One Out,Easy,TCS NQT,0.732
Q03427,Quantitative Aptitude,Profit & Loss,Medium,Placements,0.531
Q03428,Verbal Ability,Fill in the Blanks,Easy,"SSC,Banking,CAT",0.77
Q03429,Logical Reasoning,Input-Output,Hard,"Placements,CAT",0.273
Q03430,Verbal Ability,Fill in the Blanks,Medium,"SSC,General,Banking",0.483
Q03431,Data Interpretation,Mixed DI Sets,Hard,"SSC,TCS NQT",0.265
Q03432,Quantitative Aptitude,Number System,Medium,SSC,0.586
Q03433,Quantitative Aptitude,Percentages,Medium,"Placements,TCS NQT",0.533
Q03434,Verbal Ability,Reading Comprehension,Easy,TCS NQT,0.806
Q03435,Logical Reasoning,Series Completion,Medium,"TCS NQT,General",0.467
Q03436,Quantitative Aptitude,Progressions (AP/GP),Medium,"SSC,Placements,Banking",0.45
Q03437,Verbal Ability,Verbal Analogies,Hard,General,0.22
Q03438,Verbal Ability,Error Spotting,Hard,Banking,0.209
Q03439,Quantitative Aptitude,Set Theory,Medium,CAT,0.574
Q03440,Quantitative Aptitude,Ratio & Proportion,Medium,"TCS NQT,General,Banking",0.614
Q03441,Quantitative Aptitude,Probability,Medium,"CAT,TCS NQT,General",0.603
Q03442,Logical Reasoning,Analogy,Easy,"TCS NQT,General,Banking",0.804
Q03443,Quantitative Aptitude,Algebra,Hard,"Placements,TCS NQT",0.286
Q03444,Quantitative Aptitude,Mixtures & Alligations,Medium,SSC,0.489
Q03445,Logical Reasoning,Statement & Assumption,Medium,"Placements,Banking",0.599
Q03446,Logical Reasoning,Venn Diagrams,Medium,"CAT,Placements,Banking",0.531
Q03447,Data Interpretation,Data Sufficiency (DI),Hard,"CAT,SSC",0.317
Q03448,Quantitative Aptitude,Probability,Medium,"CAT,SSC,Banking",0.544
Q03449,Data Interpretation,Tables,Easy,"Banking,Placements",0.753
Q03450,Verbal Ability,Verbal Analogies,Medium,TCS NQT,0.496
Q03451,Verbal Ability,Sentence Correction,Hard,"General,TCS NQT",0.247
Q03452,Data Interpretation,Line Graphs,Easy,"SSC,General,TCS NQT",0.831
Q03453,Quantitative Aptitude,Algebra,Easy,CAT,0.751
Q03454,Quantitative Aptitude,Geometry,Easy,"TCS NQT,Placements",0.808
Q03455,Quantitative Aptitude,Progressions (AP/GP),Medium,"General,Placements",0.578
Q03456,Quantitative Aptitude,Time & Work,Easy,"CAT,Placements",0.834
Q03457,Data Interpretation,Pie Charts,Easy,"SSC,TCS NQT",0.789
Q03458,Data Interpretation,Radar/Spider Charts,Easy,"CAT,Placements,General",0.814
Q03459,Logical Reasoning,Input-Output,Medium,General,0.464
Q03460,Logical Reasoning,Coding-Decoding,Medium,Placements,0.591
Q03461,Quantitative Aptitude,Permutation & Combination,Easy,"Banking,General,SSC",0.746
Q03462,Verbal Ability,Synonyms & Antonyms,Easy,"General,TCS NQT",0.794
Q03463,Logical Reasoning,Statement & Assumption,Easy,"SSC,CAT,General",0.75
Q03464,Quantitative Aptitude,Algebra,Easy,"TCS NQT,General,CAT",0.806
Q03465,Data Interpretation,Bar Graphs,Easy,General,0.782
Q03466,Quantitative Aptitude,Linear Equations,Medium,"Banking,General",0.559
Q03467,Logical Reasoning,Input-Output,Hard,"Banking,Placements",0.251
Q03468,Logical Reasoning,Coding-Decoding,Hard,"TCS NQT,General,CAT",0.412
Q03469,Verbal Ability,Synonyms & Antonyms,Medium,TCS NQT,0.543
Q03470,Logical Reasoning,Data Sufficiency,Easy,"General,Banking,TCS NQT",0.817
Q03471,Verbal Ability,Fill in the Blanks,Easy,"Placements,TCS NQT",0.79
Q03472,Data Interpretation,Caselets,Medium,Placements,0.559
Q03473,Quantitative Aptitude,Mixtures & Alligations,Medium,"SSC,CAT",0.503
Q03474,Data Interpretation,Venn-based DI,Medium,"TCS NQT,General,Banking",0.523
Q03475,Logical Reasoning,Clocks & Calendars,Easy,"Banking,SSC",0.848
Q03476,Logical Reasoning,Coding-Decoding,Hard,CAT,0.285
Q03477,Data Interpretation,Tables,Easy,"TCS NQT,SSC",0.813
Q03478,Logical Reasoning,Venn Diagrams,Easy,SSC,0.789
Q03479,Quantitative Aptitude,Mixtures & Alligations,Medium,CAT,0.532
Q03480,Quantitative Aptitude,Mixtures & Alligations,Hard,"Banking,General",0.315
Q03481,Verbal Ability,Sentence Correction,Medium,SSC,0.53
Q03482,Verbal Ability,Critical Reasoning,Medium,"CAT,Placements,SSC",0.624
Q03483,Quantitative Aptitude,Compound Interest,Medium,Placements,0.565
Q03484,Quantitative Aptitude,Probability,Hard,"Placements,CAT,TCS NQT",0.297
Q03485,Data Interpretation,Venn-based DI,Easy,"Placements,CAT,Banking",0.785
Q03486,Data Interpretation,Bar Graphs,Medium,"Placements,SSC",0.618
Q03487,Verbal Ability,Verbal Analogies,Medium,"General,Banking",0.516
Q03488,Logical Reasoning,Direction Sense,Medium,"SSC,CAT",0.519
Q03489,Verbal Ability,Error Spotting,Medium,"CAT,Banking,TCS NQT",0.542
Q03490,Quantitative Aptitude,Trigonometry,Hard,"CAT,Placements",0.209
Q03491,Data Interpretation,Caselets,Medium,"General,CAT,SSC",0.608
Q03492,Verbal Ability,Para Jumbles,Easy,"Placements,CAT,SSC",0.879
Q03493,Verbal Ability,Synonyms & Antonyms,Medium,"SSC,General,Banking",0.575
Q03494,Quantitative Aptitude,Set Theory,Medium,"TCS NQT,CAT,SSC",0.453
Q03495,Data Interpretation,Bar Graphs,Medium,"CAT,TCS NQT",0.565
Q03496,Quantitative Aptitude,Algebra,Medium,TCS NQT,0.607
Q03497,Logical Reasoning,Syllogisms,Medium,"General,CAT,Placements",0.539
Q03498,Quantitative Aptitude,Compound Interest,Easy,"Banking,Placements,TCS NQT",0.751
Q03499,Logical Reasoning,Statement & Conclusion,Easy,"Placements,Banking",0.79
Q03500,Verbal Ability,Synonyms & Antonyms,Medium,"Banking,SSC,Placements",0.583
Q03501,Verbal Ability,Sentence Correction,Easy,"CAT,TCS NQT,Placements",0.802
Q03502,Verbal Ability,Reading Comprehension,Medium,"CAT,Banking",0.585
Q03503,Quantitative Aptitude,Probability,Medium,"Placements,General,CAT",0.549
Q03504,Quantitative Aptitude,Geometry,Medium,"SSC,TCS NQT,Banking",0.538
Q03505,Data Interpretation,Tables,Medium,"SSC,Banking,Placements",0.552
Q03506,Logical Reasoning,Clocks & Calendars,Hard,SSC,0.367
Q03507,Data Interpretation,Radar/Spider Charts,Medium,"General,Banking",0.57
Q03508,Quantitative Aptitude,Logarithms,Medium,"TCS NQT,Banking",0.459
Q03509,Logical Reasoning,Clocks & Calendars,Hard,Placements,0.29
Q03510,Quantitative Aptitude,Simple Interest,Hard,"Banking,General",0.345
Q03511,Quantitative Aptitude,Algebra,Medium,General,0.546
Q03512,Data Interpretation,Data Sufficiency (DI),Easy,Placements,0.783
Q03513,Logical Reasoning,Cubes & Dice,Easy,"General,CAT",0.791
Q03514,Verbal Ability,Fill in the Blanks,Easy,"Banking,Placements,General",0.794
Q03515,Verbal Ability,Odd One Out,Easy,"Banking,Placements,CAT",0.82
Q03516,Quantitative Aptitude,Mixtures & Alligations,Hard,"TCS NQT,Placements",0.261
Q03517,Quantitative Aptitude,Geometry,Easy,TCS NQT,0.755
Q03518,Verbal Ability,Fill in the Blanks,Medium,"General,SSC",0.579
Q03519,Quantitative Aptitude,Geometry,Hard,"Banking,General",0.22
Q03520,Logical Reasoning,Ranking & Order,Medium,"CAT,SSC",0.625
Q03521,Quantitative Aptitude,Trigonometry,Medium,"Placements,SSC,CAT",0.497
Q03522,Verbal Ability,Critical Reasoning,Medium,"Banking,Placements",0.466
Q03523,Data Interpretation,Line Graphs,Easy,"Placements,CAT,SSC",0.869
Q03524,Logical Reasoning,Direction Sense,Medium,"TCS NQT,CAT,General",0.53
Q03525,Quantitative Aptitude,Quadratic Equations,Medium,General,0.585
Q03526,Verbal Ability,Fill in the Blanks,Easy,"TCS NQT,CAT",0.783
Q03527,Logical Reasoning,Syllogisms,Hard,"Placements,SSC,General",0.237
Q03528,Quantitative Aptitude,Time & Work,Medium,"Banking,Placements,SSC",0.489
Q03529,Data Interpretation,Line Graphs,Medium,"SSC,Banking",0.587
Q03530,Logical Reasoning,Series Completion,Easy,"General,Placements,CAT",0.869
Q03531,Verbal Ability,Reading Comprehension,Hard,TCS NQT,0.377
Q03532,Quantitative Aptitude,Simple Interest,Hard,"Banking,General,CAT",0.321
Q03533,Logical Reasoning,Coding-Decoding,Medium,"SSC,CAT",0.603
Q03534,Data Interpretation,Tables,Medium,"General,Placements,CAT",0.534
Q03535,Logical Reasoning,Statement & Conclusion,Medium,"CAT,Banking,TCS NQT",0.546
Q03536,Logical Reasoning,Direction Sense,Medium,"SSC,CAT,TCS NQT",0.619
Q03537,Logical Reasoning,Seating Arrangement,Hard,"General,Banking,CAT",0.33
Q03538,Quantitative Aptitude,Number System,Medium,"TCS NQT,General,Placements",0.553
Q03539,Verbal Ability,Para Jumbles,Medium,"TCS NQT,Banking,Placements",0.611
Q03540,Data Interpretation,Caselets,Hard,"Banking,TCS NQT",0.401
Q03541,Quantitative Aptitude,Pipes & Cisterns,Hard,SSC,0.224
Q03542,Data Interpretation,Caselets,Medium,"Placements,CAT",0.523
Q03543,Verbal Ability,Critical Reasoning,Easy,"TCS NQT,Banking,General",0.8
Q03544,Quantitative Aptitude,Mixtures & Alligations,Medium,"CAT,Placements",0.541
Q03545,Quantitative Aptitude,Geometry,Medium,"SSC,Banking,General",0.538
Q03546,Verbal Ability,Error Spotting,Easy,"TCS NQT,Placements,Banking",0.776
Q03547,Verbal Ability,Reading Comprehension,Hard,"General,Banking",0.35
Q03548,Quantitative Aptitude,Linear Equations,Easy,"General,CAT,Banking",0.829
Q03549,Data Interpretation,Tables,Medium,"CAT,Banking,Placements",0.62
Q03550,Logical Reasoning,Cubes & Dice,Easy,"Banking,TCS NQT",0.86
Q03551,Verbal Ability,Para Jumbles,Medium,"SSC,General,Placements",0.597
Q03552,Quantitative Aptitude,Set Theory,Easy,CAT,0.797
Q03553,Data Interpretation,Venn-based DI,Medium,Placements,0.495
Q03554,Quantitative Aptitude,Trigonometry,Medium,"Placements,CAT,General",0.552
Q03555,Logical Reasoning,Ranking & Order,Hard,"Banking,TCS NQT,Placements",0.363
Q03556,Logical Reasoning,Syllogisms,Easy,"SSC,Banking",0.773
Q03557,Quantitative Aptitude,Mixtures & Alligations,Medium,"SSC,Placements,CAT",0.539
Q03558,Quantitative Aptitude,Algebra,Hard,"TCS NQT,General,Banking",0.317
Q03559,Quantitative Aptitude,Number System,Medium,"General,Placements",0.541
Q03560,Data Interpretation,Venn-based DI,Easy,"TCS NQT,Banking",0.797
Q03561,Logical Reasoning,Venn Diagrams,Easy,"Placements,SSC,Banking",0.796
Q03562,Quantitative Aptitude,Partnership,Medium,"TCS NQT,General",0.631
Q03563,Data Interpretation,Pie Charts,Hard,Banking,0.331
Q03564,Quantitative Aptitude,Partnership,Medium,Banking,0.567
Q03565,Verbal Ability,Synonyms & Antonyms,Medium,Placements,0.426
Q03566,Data Interpretation,Venn-based DI,Hard,"CAT,Placements,TCS NQT",0.277
Q03567,Logical Reasoning,Cubes & Dice,Medium,CAT,0.525
Q03568,Logical Reasoning,Input-Output,Medium,"Placements,TCS NQT",0.536
Q03569,Quantitative Aptitude,Trigonometry,Hard,General,0.353
Q03570,Quantitative Aptitude,Probability,Easy,"Banking,CAT",0.708
Q03571,Data Interpretation,Caselets,Medium,Banking,0.477
Q03572,Data Interpretation,Caselets,Hard,"General,SSC,TCS NQT",0.254
Q03573,Verbal Ability,Verbal Analogies,Medium,"TCS NQT,Placements",0.519
Q03574,Logical Reasoning,Direction Sense,Hard,"TCS NQT,Placements",0.36
Q03575,Verbal Ability,Verbal Analogies,Easy,"SSC,TCS NQT,General",0.755
Q03576,Quantitative Aptitude,Trigonometry,Hard,"Placements,SSC",0.279
Q03577,Quantitative Aptitude,Pipes & Cisterns,Easy,"Placements,General,Banking",0.847
Q03578,Logical Reasoning,Blood Relations,Easy,"Banking,Placements",0.724
Q03579,Quantitative Aptitude,Compound Interest,Easy,"CAT,General",0.712
Q03580,Data Interpretation,Caselets,Medium,"Placements,General,CAT",0.551
Q03581,Quantitative Aptitude,Probability,Medium,"SSC,CAT",0.609
Q03582,Quantitative Aptitude,Percentages,Medium,"Banking,TCS NQT,Placements",0.484
Q03583,Verbal Ability,Para Jumbles,Hard,"General,TCS NQT",0.258
Q03584,Logical Reasoning,Statement & Assumption,Hard,"General,CAT",0.239
Q03585,Data Interpretation,Tables,Easy,"SSC,Banking",0.799
Q03586,Quantitative Aptitude,Progressions (AP/GP),Easy,"SSC,General,Banking",0.745
Q03587,Quantitative Aptitude,Averages,Medium,"TCS NQT,Placements,CAT",0.616
Q03588,Data Interpretation,Line Graphs,Easy,General,0.716
Q03589,Verbal Ability,Sentence Correction,Medium,"Placements,SSC",0.528
Q03590,Quantitative Aptitude,Progressions (AP/GP),Medium,Placements,0.484
Q03591,Quantitative Aptitude,Permutation & Combination,Easy,"General,Banking,SSC",0.938
Q03592,Logical Reasoning,Statement & Conclusion,Medium,"TCS NQT,Banking,Placements",0.537
Q03593,Quantitative Aptitude,Time & Work,Medium,Placements,0.503
Q03594,Quantitative Aptitude,"Time, Speed & Distance",Medium,TCS NQT,0.584
Q03595,Logical Reasoning,Direction Sense,Medium,Placements,0.625
Q03596,Verbal Ability,Odd One Out,Easy,SSC,0.864
Q03597,Quantitative Aptitude,Profit & Loss,Medium,Placements,0.529
Q03598,Quantitative Aptitude,Permutation & Combination,Easy,"Banking,General",0.82
Q03599,Quantitative Aptitude,Algebra,Easy,"TCS NQT,CAT",0.857
Q03600,Verbal Ability,Sentence Correction,Easy,"Banking,General,TCS NQT",0.805
Q03601,Logical Reasoning,Analogy,Medium,"SSC,TCS NQT",0.571
Q03602,Data Interpretation,Mixed DI Sets,Medium,"CAT,TCS NQT,Placements",0.57
Q03603,Verbal Ability,Synonyms & Antonyms,Easy,"SSC,Placements,Banking",0.722
Q03604,Logical Reasoning,Cubes & Dice,Medium,"General,SSC",0.57
Q03605,Quantitative Aptitude,Surds & Indices,Easy,TCS NQT,0.762
Q03606,Data Interpretation,Data Sufficiency (DI),Easy,"SSC,Placements,CAT",0.764
Q03607,Quantitative Aptitude,Linear Equations,Medium,"General,SSC",0.571
Q03608,Quantitative Aptitude,Pipes & Cisterns,Medium,"Placements,TCS NQT",0.592
Q03609,Verbal Ability,Idioms & Phrases,Medium,Banking,0.592
Q03610,Data Interpretation,Mixed DI Sets,Medium,General,0.569
Q03611,Logical Reasoning,Blood Relations,Medium,Banking,0.604
Q03612,Quantitative Aptitude,Linear Equations,Medium,"Placements,CAT,SSC",0.546
Q03613,Quantitative Aptitude,Algebra,Medium,SSC,0.527
Q03614,Logical Reasoning,Statement & Conclusion,Hard,"CAT,TCS NQT,SSC",0.245
Q03615,Data Interpretation,Bar Graphs,Easy,"SSC,Banking,TCS NQT",0.778
Q03616,Quantitative Aptitude,Percentages,Medium,"General,SSC,TCS NQT",0.53
Q03617,Logical Reasoning,Syllogisms,Easy,"CAT,Banking,TCS NQT",0.76
Q03618,Data Interpretation,Radar/Spider Charts,Medium,Banking,0.604
Q03619,Logical Reasoning,Puzzles,Medium,SSC,0.521
Q03620,Quantitative Aptitude,Number System,Hard,"General,Placements,TCS NQT",0.344
Q03621,Quantitative Aptitude,Compound Interest,Easy,Banking,0.87
Q03622,Verbal Ability,Para Jumbles,Hard,Banking,0.289
Q03623,Logical Reasoning,Syllogisms,Easy,"CAT,TCS NQT",0.87
Q03624,Quantitative Aptitude,Averages,Easy,General,0.822
Q03625,Quantitative Aptitude,Logarithms,Medium,"CAT,SSC,TCS NQT",0.567
Q03626,Data Interpretation,Line Graphs,Easy,"General,SSC,CAT",0.837
Q03627,Data Interpretation,Data Sufficiency (DI),Hard,"General,CAT",0.33
Q03628,Data Interpretation,Pie Charts,Medium,TCS NQT,0.533
Q03629,Logical Reasoning,Direction Sense,Easy,"SSC,CAT,Placements",0.692
Q03630,Verbal Ability,Odd One Out,Medium,SSC,0.574
Q03631,Data Interpretation,Tables,Easy,"TCS NQT,Banking,Placements",0.78
Q03632,Quantitative Aptitude,Set Theory,Easy,"CAT,SSC,TCS NQT",0.815
Q03633,Verbal Ability,Idioms & Phrases,Medium,"CAT,SSC",0.549
Q03634,Quantitative Aptitude,Mensuration,Medium,"General,CAT,Banking",0.557
Q03635,Verbal Ability,Para Jumbles,Hard,CAT,0.284
Q03636,Verbal Ability,Synonyms & Antonyms,Hard,"CAT,Placements,SSC",0.367
Q03637,Logical Reasoning,Blood Relations,Easy,CAT,0.771
Q03638,Quantitative Aptitude,"Time, Speed & Distance",Easy,"SSC,Banking,CAT",0.817
Q03639,Logical Reasoning,Statement & Assumption,Medium,"General,Placements",0.53
Q03640,Quantitative Aptitude,Pipes & Cisterns,Medium,"Placements,SSC,CAT",0.558
Q03641,Quantitative Aptitude,Quadratic Equations,Easy,"SSC,Placements,General",0.764
Q03642,Quantitative Aptitude,Compound Interest,Hard,"SSC,Banking,Placements",0.318
Q03643,Verbal Ability,Sentence Correction,Medium,"Placements,General",0.601
Q03644,Verbal Ability,Critical Reasoning,Medium,"General,Banking",0.59
Q03645,Logical Reasoning,Statement & Conclusion,Easy,Banking,0.808
Q03646,Quantitative Aptitude,Linear Equations,Hard,"SSC,General,Banking",0.335
Q03647,Data Interpretation,Line Graphs,Hard,TCS NQT,0.332
Q03648,Verbal Ability,Para Summary,Easy,TCS NQT,0.776
Q03649,Quantitative Aptitude,Progressions (AP/GP),Hard,General,0.336
Q03650,Quantitative Aptitude,Geometry,Easy,"General,SSC",0.78
Q03651,Logical Reasoning,Series Completion,Easy,"General,TCS NQT",0.831
Q03652,Quantitative Aptitude,Probability,Easy,"SSC,CAT,Placements",0.89
Q03653,Logical Reasoning,Statement & Conclusion,Easy,Banking,0.781
Q03654,Quantitative Aptitude,Averages,Medium,CAT,0.618
Q03655,Quantitative Aptitude,Permutation & Combination,Easy,"General,Placements,Banking",0.828
Q03656,Data Interpretation,Line Graphs,Hard,"TCS NQT,SSC",0.28
Q03657,Quantitative Aptitude,Linear Equations,Easy,"Banking,TCS NQT,CAT",0.887
Q03658,Data Interpretation,Mixed DI Sets,Easy,"CAT,SSC,General",0.819
Q03659,Quantitative Aptitude,Time & Work,Medium,"Banking,SSC",0.565
Q03660,Verbal Ability,Fill in the Blanks,Hard,"CAT,Placements,SSC",0.314
Q03661,Logical Reasoning,Clocks & Calendars,Hard,Banking,0.251
Q03662,Logical Reasoning,Coding-Decoding,Medium,Banking,0.519
Q03663,Data Interpretation,Radar/Spider Charts,Easy,"TCS NQT,Banking,General",0.843
Q03664,Quantitative Aptitude,Trigonometry,Easy,SSC,0.758
Q03665,Logical Reasoning,Data Sufficiency,Medium,"SSC,Banking,TCS NQT",0.556
Q03666,Logical Reasoning,Clocks & Calendars,Hard,Placements,0.295
Q03667,Logical Reasoning,Puzzles,Easy,"Banking,SSC",0.751
Q03668,Logical Reasoning,Ranking & Order,Medium,"CAT,Placements,TCS NQT",0.554
Q03669,Quantitative Aptitude,Mixtures & Alligations,Easy,"General,TCS NQT,Placements",0.781
Q03670,Data Interpretation,Line Graphs,Easy,General,0.837
Q03671,Verbal Ability,Fill in the Blanks,Easy,CAT,0.839
Q03672,Logical Reasoning,Clocks & Calendars,Hard,SSC,0.263
Q03673,Logical Reasoning,Cubes & Dice,Hard,"Placements,Banking",0.319
Q03674,Data Interpretation,Bar Graphs,Easy,"Placements,General,TCS NQT",0.798
Q03675,Data Interpretation,Caselets,Hard,"CAT,Placements",0.327
Q03676,Quantitative Aptitude,Ratio & Proportion,Hard,Banking,0.238
Q03677,Quantitative Aptitude,Profit & Loss,Easy,"Placements,General,SSC",0.872
Q03678,Data Interpretation,Bar Graphs,Hard,"Placements,SSC",0.207
Q03679,Logical Reasoning,Puzzles,Easy,"TCS NQT,Banking",0.821
Q03680,Logical Reasoning,Series Completion,Easy,"General,Banking",0.879
Q03681,Logical Reasoning,Cubes & Dice,Easy,"Placements,CAT,Banking",0.814
Q03682,Data Interpretation,Line Graphs,Medium,"Placements,Banking",0.63
Q03683,Quantitative Aptitude,Algebra,Hard,"General,Banking",0.23
Q03684,Verbal Ability,Verbal Analogies,Medium,"TCS NQT,CAT",0.564
Q03685,Verbal Ability,Fill in the Blanks,Medium,"General,TCS NQT",0.526
Q03686,Logical Reasoning,Blood Relations,Hard,TCS NQT,0.313
Q03687,Verbal Ability,Synonyms & Antonyms,Easy,SSC,0.754
Q03688,Verbal Ability,Fill in the Blanks,Medium,"TCS NQT,CAT",0.49
Q03689,Verbal Ability,Verbal Analogies,Medium,"Banking,CAT,Placements",0.537
Q03690,Quantitative Aptitude,Compound Interest,Medium,"Placements,CAT",0.616
Q03691,Data Interpretation,Tables,Medium,"Banking,CAT",0.642
Q03692,Data Interpretation,Mixed DI Sets,Medium,"General,Placements",0.6
Q03693,Quantitative Aptitude,Geometry,Hard,SSC,0.28
Q03694,Logical Reasoning,Clocks & Calendars,Medium,"General,Banking",0.591
Q03695,Quantitative Aptitude,Percentages,Hard,"Banking,Placements",0.349
Q03696,Quantitative Aptitude,Time & Work,Medium,"General,TCS NQT",0.538
Q03697,Quantitative Aptitude,Simple Interest,Medium,"CAT,SSC",0.642
Q03698,Quantitative Aptitude,Surds & Indices,Easy,"CAT,Banking,General",0.86
Q03699,Quantitative Aptitude,Time & Work,Easy,"Placements,TCS NQT",0.851
Q03700,Verbal Ability,Idioms & Phrases,Medium,"General,Banking",0.649
Q03701,Quantitative Aptitude,Number System,Easy,"General,Banking",0.741
Q03702,Quantitative Aptitude,Geometry,Hard,SSC,0.322
Q03703,Verbal Ability,Para Summary,Medium,"General,CAT",0.474
Q03704,Data Interpretation,Radar/Spider Charts,Medium,"SSC,Banking,General",0.52
Q03705,Quantitative Aptitude,Probability,Hard,"CAT,Placements",0.26
Q03706,Logical Reasoning,Input-Output,Easy,"Banking,CAT,Placements",0.851
Q03707,Quantitative Aptitude,Number System,Medium,"General,TCS NQT",0.589
Q03708,Data Interpretation,Caselets,Easy,TCS NQT,0.772
Q03709,Logical Reasoning,Cubes & Dice,Hard,"CAT,Banking",0.334
Q03710,Quantitative Aptitude,Mixtures & Alligations,Medium,CAT,0.587
Q03711,Logical Reasoning,Analogy,Hard,"SSC,CAT",0.328
Q03712,Quantitative Aptitude,Logarithms,Hard,"SSC,General,Banking",0.289
Q03713,Verbal Ability,Fill in the Blanks,Medium,"SSC,CAT,General",0.476
Q03714,Quantitative Aptitude,Time & Work,Easy,"SSC,Banking",0.837
Q03715,Quantitative Aptitude,Number System,Easy,"SSC,General",0.829
Q03716,Quantitative Aptitude,Set Theory,Hard,TCS NQT,0.37
Q03717,Verbal Ability,Para Jumbles,Hard,"General,CAT",0.251
Q03718,Logical Reasoning,Ranking & Order,Medium,Placements,0.576
Q03719,Quantitative Aptitude,Profit & Loss,Easy,"CAT,Placements,TCS NQT",0.781
Q03720,Logical Reasoning,Analogy,Medium,"SSC,General",0.522
Q03721,Quantitative Aptitude,Mensuration,Medium,"TCS NQT,Placements,Banking",0.469
Q03722,Quantitative Aptitude,Percentages,Easy,SSC,0.838
Q03723,Logical Reasoning,Data Sufficiency,Easy,Placements,0.873
Q03724,Logical Reasoning,Puzzles,Easy,"TCS NQT,CAT",0.73
Q03725,Quantitative Aptitude,Algebra,Medium,"General,SSC,Banking",0.57
Q03726,Logical Reasoning,Ranking & Order,Medium,Placements,0.579
Q03727,Logical Reasoning,Statement & Conclusion,Hard,"General,CAT,Banking",0.363
Q03728,Quantitative Aptitude,Simple Interest,Medium,TCS NQT,0.607
Q03729,Logical Reasoning,Statement & Conclusion,Easy,"TCS NQT,General",0.828
Q03730,Logical Reasoning,Statement & Assumption,Medium,"CAT,SSC,Banking",0.534
Q03731,Quantitative Aptitude,"Time, Speed & Distance",Medium,"SSC,Placements",0.593
Q03732,Logical Reasoning,Statement & Conclusion,Medium,"General,CAT,Banking",0.626
Q03733,Logical Reasoning,Coding-Decoding,Easy,"SSC,General,CAT",0.806
Q03734,Quantitative Aptitude,Geometry,Medium,CAT,0.582
Q03735,Verbal Ability,Para Summary,Easy,"Placements,SSC,TCS NQT",0.851
Q03736,Quantitative Aptitude,Mensuration,Medium,"General,SSC,CAT",0.491
Q03737,Quantitative Aptitude,Ratio & Proportion,Medium,CAT,0.559
Q03738,Logical Reasoning,Venn Diagrams,Easy,CAT,0.845
Q03739,Verbal Ability,Verbal Analogies,Medium,"General,TCS NQT",0.507
Q03740,Logical Reasoning,Cubes & Dice,Medium,"Banking,TCS NQT,SSC",0.652
Q03741,Quantitative Aptitude,Probability,Easy,"Banking,TCS NQT",0.797
Q03742,Verbal Ability,Reading Comprehension,Medium,"SSC,General",0.48
Q03743,Quantitative Aptitude,Linear Equations,Easy,"Placements,Banking",0.715
Q03744,Verbal Ability,Error Spotting,Hard,"Placements,TCS NQT",0.319
Q03745,Quantitative Aptitude,Partnership,Easy,General,0.825
Q03746,Verbal Ability,Para Summary,Hard,"Banking,CAT",0.299
Q03747,Quantitative Aptitude,Surds & Indices,Hard,"CAT,Banking,SSC",0.356
Q03748,Verbal Ability,Para Jumbles,Medium,General,0.584
Q03749,Verbal Ability,Idioms & Phrases,Medium,"SSC,General",0.58
Q03750,Logical Reasoning,Venn Diagrams,Hard,"General,Banking",0.208
Q03751,Data Interpretation,Bar Graphs,Medium,TCS NQT,0.533
Q03752,Verbal Ability,Verbal Analogies,Medium,TCS NQT,0.561
Q03753,Quantitative Aptitude,Linear Equations,Medium,"Banking,General,CAT",0.504
Q03754,Data Interpretation,Caselets,Easy,"General,Banking,Placements",0.813
Q03755,Data Interpretation,Data Sufficiency (DI),Medium,"Placements,Banking,CAT",0.499
Q03756,Verbal Ability,Para Jumbles,Medium,"Placements,General",0.47
Q03757,Verbal Ability,Para Jumbles,Medium,"SSC,Placements,TCS NQT",0.564
Q03758,Quantitative Aptitude,Pipes & Cisterns,Medium,"TCS NQT,Banking",0.55
Q03759,Quantitative Aptitude,Linear Equations,Medium,Banking,0.511
Q03760,Quantitative Aptitude,Logarithms,Easy,"SSC,General",0.85
Q03761,Logical Reasoning,Puzzles,Medium,"General,SSC,Banking",0.549
Q03762,Quantitative Aptitude,Ratio & Proportion,Hard,"Banking,General",0.315
Q03763,Logical Reasoning,Clocks & Calendars,Medium,"Placements,General",0.538
Q03764,Data Interpretation,Data Sufficiency (DI),Medium,"CAT,TCS NQT",0.51
Q03765,Quantitative Aptitude,Algebra,Medium,"General,Placements",0.538
Q03766,Logical Reasoning,Puzzles,Hard,"TCS NQT,Banking",0.322
Q03767,Quantitative Aptitude,Geometry,Medium,"Placements,CAT",0.628
Q03768,Logical Reasoning,Statement & Assumption,Easy,TCS NQT,0.85
Q03769,Verbal Ability,Verbal Analogies,Easy,"CAT,TCS NQT,Banking",0.736
Q03770,Quantitative Aptitude,Number System,Hard,"TCS NQT,Placements",0.283
Q03771,Logical Reasoning,Coding-Decoding,Hard,"General,Banking,CAT",0.313
Q03772,Quantitative Aptitude,Linear Equations,Medium,General,0.497
Q03773,Verbal Ability,Verbal Analogies,Easy,"Banking,TCS NQT,Placements",0.805
Q03774,Data Interpretation,Line Graphs,Hard,"SSC,Placements",0.301
Q03775,Quantitative Aptitude,Time & Work,Easy,"General,Placements",0.8
Q03776,Verbal Ability,Fill in the Blanks,Easy,SSC,0.731
Q03777,Verbal Ability,Para Jumbles,Easy,Placements,0.863
Q03778,Logical Reasoning,Cubes & Dice,Hard,"Placements,TCS NQT",0.238
Q03779,Quantitative Aptitude,Mensuration,Medium,Placements,0.596
Q03780,Quantitative Aptitude,Mensuration,Easy,"General,CAT,SSC",0.82
Q03781,Logical Reasoning,Coding-Decoding,Easy,Banking,0.829
Q03782,Quantitative Aptitude,Pipes & Cisterns,Medium,CAT,0.583
Q03783,Verbal Ability,Error Spotting,Easy,General,0.776
Q03784,Verbal Ability,Cloze Test,Easy,"TCS NQT,Banking",0.807
Q03785,Verbal Ability,Para Summary,Medium,Banking,0.589
Q03786,Quantitative Aptitude,Averages,Medium,"TCS NQT,CAT,General",0.525
Q03787,Logical Reasoning,Cubes & Dice,Easy,"General,CAT",0.81
Q03788,Quantitative Aptitude,Mixtures & Alligations,Medium,"General,CAT",0.566
Q03789,Logical Reasoning,Data Sufficiency,Hard,"General,TCS NQT",0.335
Q03790,Logical Reasoning,Cubes & Dice,Medium,"CAT,General",0.461
Q03791,Logical Reasoning,Direction Sense,Easy,"TCS NQT,CAT",0.785
Q03792,Data Interpretation,Line Graphs,Easy,"Banking,SSC",0.879
Q03793,Verbal Ability,Synonyms & Antonyms,Hard,Banking,0.342
Q03794,Verbal Ability,Sentence Correction,Medium,"CAT,SSC",0.568
Q03795,Verbal Ability,Cloze Test,Easy,"CAT,Banking,TCS NQT",0.723
Q03796,Verbal Ability,Sentence Correction,Medium,"SSC,General",0.56
Q03797,Logical Reasoning,Cubes & Dice,Easy,"Banking,SSC",0.841
Q03798,Quantitative Aptitude,Progressions (AP/GP),Hard,"TCS NQT,CAT",0.317
Q03799,Quantitative Aptitude,Compound Interest,Easy,TCS NQT,0.809
Q03800,Verbal Ability,Critical Reasoning,Medium,Placements,0.502
Q03801,Data Interpretation,Mixed DI Sets,Medium,"SSC,General,TCS NQT",0.544
Q03802,Verbal Ability,Error Spotting,Hard,TCS NQT,0.241
Q03803,Logical Reasoning,Clocks & Calendars,Medium,"General,Banking",0.591
Q03804,Data Interpretation,Caselets,Easy,General,0.734
Q03805,Data Interpretation,Line Graphs,Medium,TCS NQT,0.446
Q03806,Quantitative Aptitude,Mixtures & Alligations,Easy,"SSC,Placements",0.79
Q03807,Verbal Ability,Reading Comprehension,Medium,TCS NQT,0.543
Q03808,Quantitative Aptitude,Mixtures & Alligations,Easy,TCS NQT,0.81
Q03809,Logical Reasoning,Blood Relations,Hard,"SSC,TCS NQT",0.246
Q03810,Data Interpretation,Venn-based DI,Medium,"Banking,TCS NQT",0.605
Q03811,Quantitative Aptitude,Time & Work,Hard,"General,Placements",0.26
Q03812,Quantitative Aptitude,Progressions (AP/GP),Medium,"SSC,TCS NQT,General",0.527
Q03813,Logical Reasoning,Ranking & Order,Easy,"General,Placements",0.826
Q03814,Data Interpretation,Venn-based DI,Medium,"Placements,Banking",0.517
Q03815,Quantitative Aptitude,Quadratic Equations,Easy,General,0.777
Q03816,Logical Reasoning,Seating Arrangement,Medium,"Placements,SSC",0.532
Q03817,Verbal Ability,Sentence Correction,Medium,Placements,0.5
Q03818,Verbal Ability,Critical Reasoning,Easy,"General,CAT,Placements",0.739
Q03819,Quantitative Aptitude,Linear Equations,Medium,"Banking,TCS NQT",0.528
Q03820,Verbal Ability,Cloze Test,Hard,General,0.288
Q03821,Quantitative Aptitude,Permutation & Combination,Easy,General,0.759
Q03822,Logical Reasoning,Series Completion,Easy,"General,CAT",0.834
Q03823,Quantitative Aptitude,Quadratic Equations,Medium,"CAT,SSC,General",0.522
Q03824,Quantitative Aptitude,Averages,Easy,"TCS NQT,General,CAT",0.83
Q03825,Quantitative Aptitude,Percentages,Hard,"TCS NQT,General",0.328
Q03826,Verbal Ability,Sentence Correction,Hard,SSC,0.403
Q03827,Verbal Ability,Error Spotting,Easy,General,0.827
Q03828,Logical Reasoning,Statement & Assumption,Hard,General,0.246
Q03829,Verbal Ability,Error Spotting,Hard,"Placements,CAT",0.319
Q03830,Quantitative Aptitude,Logarithms,Hard,"TCS NQT,SSC",0.284
Q03831,Quantitative Aptitude,Profit & Loss,Medium,"Placements,CAT,General",0.534
Q03832,Logical Reasoning,Clocks & Calendars,Hard,Placements,0.37
Q03833,Logical Reasoning,Statement & Assumption,Medium,TCS NQT,0.495
Q03834,Quantitative Aptitude,Progressions (AP/GP),Medium,"Banking,CAT",0.636
Q03835,Quantitative Aptitude,Probability,Easy,SSC,0.74
Q03836,Quantitative Aptitude,Set Theory,Medium,Placements,0.572
Q03837,Quantitative Aptitude,Trigonometry,Easy,Banking,0.813
Q03838,Verbal Ability,Para Jumbles,Medium,"Placements,CAT",0.494
Q03839,Quantitative Aptitude,Probability,Easy,"Placements,TCS NQT,Banking",0.793
Q03840,Data Interpretation,Caselets,Easy,"CAT,TCS NQT,Banking",0.761
Q03841,Quantitative Aptitude,Simple Interest,Easy,"Banking,Placements,General",0.881
Q03842,Verbal Ability,Reading Comprehension,Hard,"Banking,TCS NQT",0.347
Q03843,Logical Reasoning,Statement & Conclusion,Easy,"General,Placements",0.849
Q03844,Verbal Ability,Fill in the Blanks,Medium,"Banking,TCS NQT,SSC",0.487
Q03845,Verbal Ability,Cloze Test,Medium,"SSC,TCS NQT",0.561
Q03846,Verbal Ability,Sentence Correction,Easy,"SSC,TCS NQT",0.848
Q03847,Verbal Ability,Idioms & Phrases,Hard,"General,Banking",0.366
Q03848,Verbal Ability,Para Jumbles,Easy,Banking,0.773
Q03849,Logical Reasoning,Blood Relations,Easy,"TCS NQT,Banking",0.714
Q03850,Quantitative Aptitude,Trigonometry,Medium,Placements,0.602
Q03851,Logical Reasoning,Seating Arrangement,Easy,"General,SSC",0.834
Q03852,Quantitative Aptitude,Simple Interest,Easy,"SSC,TCS NQT",0.827
Q03853,Quantitative Aptitude,Time & Work,Medium,CAT,0.553
Q03854,Data Interpretation,Tables,Medium,SSC,0.556
Q03855,Logical Reasoning,Clocks & Calendars,Medium,"TCS NQT,Banking",0.522
Q03856,Logical Reasoning,Puzzles,Medium,"SSC,TCS NQT,Placements",0.64
Q03857,Quantitative Aptitude,Progressions (AP/GP),Medium,"Placements,SSC,General",0.433
Q03858,Verbal Ability,Sentence Correction,Medium,"Placements,General",0.519
Q03859,Verbal Ability,Verbal Analogies,Hard,"Placements,SSC,Banking",0.256
Q03860,Data Interpretation,Data Sufficiency (DI),Medium,"SSC,Placements,General",0.502
Q03861,Quantitative Aptitude,Trigonometry,Easy,"SSC,Placements",0.82
Q03862,Verbal Ability,Critical Reasoning,Hard,"General,SSC",0.248
Q03863,Data Interpretation,Mixed DI Sets,Easy,"SSC,Banking",0.746
Q03864,Logical Reasoning,Ranking & Order,Hard,"CAT,Banking",0.261
Q03865,Logical Reasoning,Syllogisms,Medium,"SSC,Placements",0.526
Q03866,Quantitative Aptitude,Mensuration,Medium,"CAT,Placements",0.549
Q03867,Verbal Ability,Sentence Correction,Easy,"General,SSC,TCS NQT",0.842
Q03868,Logical Reasoning,Data Sufficiency,Medium,SSC,0.58
Q03869,Logical Reasoning,Input-Output,Medium,"SSC,TCS NQT",0.499
Q03870,Quantitative Aptitude,Probability,Easy,"Placements,General,Banking",0.712
Q03871,Verbal Ability,Critical Reasoning,Hard,CAT,0.24
Q03872,Quantitative Aptitude,Ratio & Proportion,Medium,SSC,0.53
Q03873,Quantitative Aptitude,Pipes & Cisterns,Easy,"General,TCS NQT",0.872
Q03874,Quantitative Aptitude,Trigonometry,Medium,General,0.56
Q03875,Verbal Ability,Para Summary,Medium,"General,Banking,Placements",0.45
Q03876,Verbal Ability,Critical Reasoning,Medium,"TCS NQT,Banking,CAT",0.515
Q03877,Quantitative Aptitude,Simple Interest,Easy,General,0.77
Q03878,Quantitative Aptitude,Algebra,Medium,"TCS NQT,SSC",0.556
Q03879,Quantitative Aptitude,Mensuration,Medium,"CAT,Banking",0.508
Q03880,Verbal Ability,Synonyms & Antonyms,Medium,"CAT,SSC,Banking",0.591
Q03881,Logical Reasoning,Direction Sense,Easy,TCS NQT,0.841
Q03882,Verbal Ability,Critical Reasoning,Easy,"Placements,TCS NQT,CAT",0.802
Q03883,Verbal Ability,Odd One Out,Medium,SSC,0.627
Q03884,Logical Reasoning,Statement & Conclusion,Hard,"TCS NQT,SSC,CAT",0.33
Q03885,Verbal Ability,Synonyms & Antonyms,Medium,General,0.562
Q03886,Data Interpretation,Mixed DI Sets,Easy,"Banking,Placements",0.787
Q03887,Logical Reasoning,Coding-Decoding,Easy,"Banking,Placements",0.841
Q03888,Quantitative Aptitude,Mensuration,Hard,"SSC,Placements",0.347
Q03889,Quantitative Aptitude,Surds & Indices,Medium,"SSC,General,CAT",0.451
Q03890,Quantitative Aptitude,Compound Interest,Easy,General,0.775
Q03891,Verbal Ability,Para Summary,Medium,"Banking,General",0.556
Q03892,Verbal Ability,Reading Comprehension,Easy,"CAT,TCS NQT,SSC",0.789
Q03893,Logical Reasoning,Blood Relations,Easy,"Banking,CAT,SSC",0.823
Q03894,Verbal Ability,Idioms & Phrases,Hard,"SSC,TCS NQT",0.31
Q03895,Logical Reasoning,Venn Diagrams,Easy,"CAT,General,TCS NQT",0.766
Q03896,Verbal Ability,Idioms & Phrases,Easy,TCS NQT,0.745
Q03897,Quantitative Aptitude,Time & Work,Medium,"CAT,TCS NQT,Banking",0.574
Q03898,Data Interpretation,Tables,Medium,General,0.478
Q03899,Verbal Ability,Para Summary,Medium,"Banking,General",0.482
Q03900,Data Interpretation,Line Graphs,Easy,"SSC,CAT,Placements",0.797
Q03901,Quantitative Aptitude,Set Theory,Medium,"SSC,Banking,TCS NQT",0.528
Q03902,Quantitative Aptitude,Number System,Easy,"TCS NQT,SSC",0.744
Q03903,Quantitative Aptitude,Number System,Easy,"Banking,CAT,TCS NQT",0.849
Q03904,Logical Reasoning,Statement & Assumption,Hard,"Banking,Placements",0.323
Q03905,Quantitative Aptitude,Averages,Easy,TCS NQT,0.818
Q03906,Logical Reasoning,Venn Diagrams,Medium,"Banking,Placements,SSC",0.498
Q03907,Verbal Ability,Error Spotting,Medium,"Placements,General,TCS NQT",0.58
Q03908,Quantitative Aptitude,"Time, Speed & Distance",Medium,"Placements,CAT",0.559
Q03909,Verbal Ability,Reading Comprehension,Medium,"TCS NQT,CAT,Placements",0.528
Q03910,Logical Reasoning,Data Sufficiency,Medium,SSC,0.493
Q03911,Quantitative Aptitude,Algebra,Hard,General,0.294
Q03912,Verbal Ability,Sentence Correction,Hard,SSC,0.38
Q03913,Quantitative Aptitude,Time & Work,Easy,"SSC,Placements",0.87
Q03914,Quantitative Aptitude,"Time, Speed & Distance",Hard,"CAT,Placements",0.31
Q03915,Logical Reasoning,Cubes & Dice,Medium,Banking,0.507
Q03916,Verbal Ability,Reading Comprehension,Hard,"General,Placements",0.273
Q03917,Logical Reasoning,Ranking & Order,Hard,Banking,0.296
Q03918,Verbal Ability,Odd One Out,Medium,"Placements,General",0.616
Q03919,Logical Reasoning,Ranking & Order,Easy,"CAT,General,Placements",0.786
Q03920,Verbal Ability,Idioms & Phrases,Hard,"General,TCS NQT,CAT",0.306
Q03921,Quantitative Aptitude,Time & Work,Easy,CAT,0.925
Q03922,Quantitative Aptitude,Trigonometry,Medium,"TCS NQT,SSC,General",0.526
Q03923,Quantitative Aptitude,Geometry,Easy,Placements,0.824
Q03924,Quantitative Aptitude,Profit & Loss,Medium,"SSC,Banking,General",0.414
Q03925,Quantitative Aptitude,Permutation & Combination,Medium,Banking,0.507
Q03926,Logical Reasoning,Blood Relations,Easy,Banking,0.786
Q03927,Logical Reasoning,Input-Output,Medium,"CAT,SSC",0.601
Q03928,Data Interpretation,Mixed DI Sets,Medium,"CAT,Banking",0.485
Q03929,Quantitative Aptitude,Set Theory,Easy,"Placements,CAT",0.811
Q03930,Logical Reasoning,Ranking & Order,Easy,"CAT,SSC",0.856
Q03931,Logical Reasoning,Venn Diagrams,Easy,Placements,0.802
Q03932,Quantitative Aptitude,Ratio & Proportion,Medium,TCS NQT,0.507
Q03933,Data Interpretation,Bar Graphs,Medium,TCS NQT,0.495
Q03934,Verbal Ability,Synonyms & Antonyms,Medium,General,0.519
Q03935,Logical Reasoning,Analogy,Easy,CAT,0.814
Q03936,Logical Reasoning,Series Completion,Medium,"General,SSC,TCS NQT",0.545
Q03937,Logical Reasoning,Input-Output,Medium,Banking,0.498
Q03938,Logical Reasoning,Coding-Decoding,Medium,TCS NQT,0.524
Q03939,Verbal Ability,Synonyms & Antonyms,Hard,"General,Placements,SSC",0.267
Q03940,Data Interpretation,Pie Charts,Medium,CAT,0.54
Q03941,Verbal Ability,Odd One Out,Medium,SSC,0.479
Q03942,Verbal Ability,Para Summary,Hard,"SSC,General,TCS NQT",0.311
Q03943,Logical Reasoning,Blood Relations,Medium,SSC,0.486
Q03944,Data Interpretation,Bar Graphs,Medium,"CAT,Placements",0.496
Q03945,Verbal Ability,Para Summary,Medium,TCS NQT,0.508
Q03946,Logical Reasoning,Ranking & Order,Hard,"General,TCS NQT,Placements",0.287
Q03947,Data Interpretation,Line Graphs,Easy,CAT,0.783
Q03948,Quantitative Aptitude,Linear Equations,Hard,CAT,0.328
Q03949,Data Interpretation,Data Sufficiency (DI),Medium,CAT,0.615
Q03950,Verbal Ability,Odd One Out,Hard,"Banking,TCS NQT",0.315
Q03951,Logical Reasoning,Cubes & Dice,Hard,TCS NQT,0.3
Q03952,Logical Reasoning,Blood Relations,Medium,"Banking,General",0.61
Q03953,Quantitative Aptitude,Averages,Medium,SSC,0.534
Q03954,Logical Reasoning,Data Sufficiency,Hard,"General,CAT,Banking",0.32
Q03955,Logical Reasoning,Analogy,Medium,"TCS NQT,Placements,General",0.595
Q03956,Verbal Ability,Sentence Correction,Hard,"Placements,General,TCS NQT",0.163
Q03957,Logical Reasoning,Seating Arrangement,Hard,"CAT,Banking,SSC",0.197
Q03958,Verbal Ability,Verbal Analogies,Medium,Placements,0.572
Q03959,Logical Reasoning,Statement & Assumption,Easy,"Placements,SSC",0.773
Q03960,Quantitative Aptitude,Algebra,Medium,"Banking,TCS NQT,SSC",0.509
Q03961,Quantitative Aptitude,Compound Interest,Medium,"Banking,SSC",0.505
Q03962,Logical Reasoning,Direction Sense,Easy,"General,CAT,Banking",0.745
Q03963,Data Interpretation,Bar Graphs,Easy,Placements,0.858
Q03964,Verbal Ability,Reading Comprehension,Easy,General,0.791
Q03965,Logical Reasoning,Syllogisms,Medium,Placements,0.526
Q03966,Quantitative Aptitude,Quadratic Equations,Easy,"CAT,TCS NQT",0.826
Q03967,Logical Reasoning,Analogy,Medium,"SSC,Placements",0.483
Q03968,Logical Reasoning,Ranking & Order,Hard,"Placements,Banking",0.332
Q03969,Verbal Ability,Verbal Analogies,Easy,"TCS NQT,Banking",0.826
Q03970,Quantitative Aptitude,Simple Interest,Medium,"SSC,TCS NQT,General",0.512
Q03971,Quantitative Aptitude,Algebra,Hard,SSC,0.334
Q03972,Data Interpretation,Mixed DI Sets,Easy,"TCS NQT,Banking",0.787
Q03973,Logical Reasoning,Puzzles,Easy,"SSC,TCS NQT,General",0.802
Q03974,Quantitative Aptitude,Profit & Loss,Easy,"Banking,CAT",0.845
Q03975,Logical Reasoning,Direction Sense,Hard,Placements,0.338
Q03976,Logical Reasoning,Cubes & Dice,Easy,CAT,0.82
Q03977,Data Interpretation,Venn-based DI,Easy,"SSC,Placements,General",0.793
Q03978,Quantitative Aptitude,Mixtures & Alligations,Medium,"Banking,TCS NQT",0.575
Q03979,Data Interpretation,Pie Charts,Hard,"Placements,Banking,General",0.282
Q03980,Logical Reasoning,Direction Sense,Medium,"Placements,CAT,General",0.53
Q03981,Verbal Ability,Error Spotting,Easy,"SSC,TCS NQT,Placements",0.806
Q03982,Verbal Ability,Verbal Analogies,Medium,"TCS NQT,CAT,SSC",0.57
Q03983,Logical Reasoning,Statement & Assumption,Hard,"TCS NQT,Placements,SSC",0.352
Q03984,Data Interpretation,Line Graphs,Medium,General,0.562
Q03985,Logical Reasoning,Coding-Decoding,Easy,"General,TCS NQT,Placements",0.771
Q03986,Quantitative Aptitude,Partnership,Medium,TCS NQT,0.512
Q03987,Logical Reasoning,Input-Output,Easy,SSC,0.805
Q03988,Logical Reasoning,Syllogisms,Medium,"SSC,Banking",0.536
Q03989,Verbal Ability,Idioms & Phrases,Hard,"Banking,General",0.395
Q03990,Data Interpretation,Mixed DI Sets,Hard,General,0.251
Q03991,Logical Reasoning,Clocks & Calendars,Medium,CAT,0.562
Q03992,Data Interpretation,Caselets,Medium,"TCS NQT,SSC,Placements",0.486
Q03993,Data Interpretation,Pie Charts,Medium,Banking,0.555
Q03994,Quantitative Aptitude,Compound Interest,Easy,Banking,0.774
Q03995,Verbal Ability,Synonyms & Antonyms,Easy,Banking,0.767
Q03996,Quantitative Aptitude,Time & Work,Hard,"Banking,General,Placements",0.346
Q03997,Logical Reasoning,Statement & Assumption,Medium,"CAT,Placements",0.607
Q03998,Data Interpretation,Caselets,Medium,Banking,0.653
Q03999,Logical Reasoning,Puzzles,Hard,"General,TCS NQT,Placements",0.309
Q04000,Data Interpretation,Tables,Medium,"Placements,SSC",0.484
Q04001,Verbal Ability,Fill in the Blanks,Medium,General,0.511
Q04002,Logical Reasoning,Puzzles,Medium,"SSC,TCS NQT,CAT",0.523
Q04003,Quantitative Aptitude,Set Theory,Easy,"Banking,Placements,General",0.81
Q04004,Verbal Ability,Critical Reasoning,Medium,TCS NQT,0.547
Q04005,Quantitative Aptitude,Pipes & Cisterns,Medium,"Banking,Placements,CAT",0.527
Q04006,Quantitative Aptitude,Pipes & Cisterns,Easy,"SSC,CAT",0.7
Q04007,Quantitative Aptitude,Quadratic Equations,Medium,"CAT,Banking",0.594
Q04008,Logical Reasoning,Input-Output,Hard,"Placements,Banking,SSC",0.37
Q04009,Data Interpretation,Tables,Easy,"CAT,General,SSC",0.807
Q04010,Quantitative Aptitude,Ratio & Proportion,Medium,"Banking,General,TCS NQT",0.474
Q04011,Logical Reasoning,Syllogisms,Medium,"CAT,SSC,TCS NQT",0.575
Q04012,Data Interpretation,Caselets,Easy,"TCS NQT,SSC,Banking",0.7
Q04013,Verbal Ability,Cloze Test,Easy,"SSC,CAT",0.804
Q04014,Quantitative Aptitude,Number System,Easy,General,0.763
Q04015,Quantitative Aptitude,Trigonometry,Medium,TCS NQT,0.503
Q04016,Verbal Ability,Odd One Out,Easy,TCS NQT,0.832
Q04017,Verbal Ability,Para Summary,Medium,"SSC,CAT,Banking",0.511
Q04018,Quantitative Aptitude,Probability,Medium,"TCS NQT,Banking,General",0.539
Q04019,Data Interpretation,Bar Graphs,Medium,"CAT,TCS NQT,General",0.598
Q04020,Quantitative Aptitude,Progressions (AP/GP),Easy,CAT,0.84
Q04021,Quantitative Aptitude,Ratio & Proportion,Medium,"TCS NQT,General",0.541
Q04022,Data Interpretation,Data Sufficiency (DI),Easy,"General,CAT",0.793
Q04023,Logical Reasoning,Data Sufficiency,Medium,"Banking,General,CAT",0.504
Q04024,Quantitative Aptitude,Quadratic Equations,Easy,"General,Banking,CAT",0.805
Q04025,Logical Reasoning,Series Completion,Easy,"Placements,CAT,SSC",0.891
Q04026,Logical Reasoning,Puzzles,Medium,"Banking,CAT",0.579
Q04027,Logical Reasoning,Cubes & Dice,Hard,"SSC,General",0.336
Q04028,Verbal Ability,Fill in the Blanks,Medium,SSC,0.507
Q04029,Quantitative Aptitude,Mensuration,Medium,SSC,0.547
Q04030,Logical Reasoning,Cubes & Dice,Hard,"General,SSC,Placements",0.296
Q04031,Quantitative Aptitude,"Time, Speed & Distance",Hard,"TCS NQT,SSC,Banking",0.279
Q04032,Quantitative Aptitude,Linear Equations,Medium,Banking,0.602
Q04033,Logical Reasoning,Seating Arrangement,Hard,"SSC,TCS NQT",0.3
Q04034,Quantitative Aptitude,Probability,Easy,"Placements,SSC,TCS NQT",0.809
Q04035,Quantitative Aptitude,Simple Interest,Medium,"CAT,Banking,SSC",0.614
Q04036,Logical Reasoning,Analogy,Hard,"Placements,Banking,General",0.311
Q04037,Verbal Ability,Critical Reasoning,Hard,"Banking,SSC,TCS NQT",0.301
Q04038,Verbal Ability,Odd One Out,Easy,"Placements,General",0.799
Q04039,Quantitative Aptitude,Algebra,Hard,CAT,0.298
Q04040,Quantitative Aptitude,"Time, Speed & Distance",Medium,"SSC,TCS NQT,General",0.525
Q04041,Verbal Ability,Idioms & Phrases,Medium,"Placements,Banking,CAT",0.566
Q04042,Verbal Ability,Sentence Correction,Hard,CAT,0.298
Q04043,Logical Reasoning,Ranking & Order,Easy,"Placements,SSC",0.881
Q04044,Quantitative Aptitude,Probability,Easy,"Banking,Placements",0.767
Q04045,Quantitative Aptitude,Quadratic Equations,Medium,General,0.574
Q04046,Quantitative Aptitude,Mixtures & Alligations,Medium,"TCS NQT,CAT,SSC",0.56
Q04047,Data Interpretation,Tables,Hard,"CAT,Placements",0.283
Q04048,Quantitative Aptitude,Probability,Medium,General,0.539
Q04049,Verbal Ability,Critical Reasoning,Medium,Banking,0.501
Q04050,Logical Reasoning,Statement & Assumption,Medium,"Placements,General,TCS NQT",0.525
Q04051,Verbal Ability,Odd One Out,Medium,"Placements,General,CAT",0.487
Q04052,Quantitative Aptitude,Mixtures & Alligations,Easy,CAT,0.751
Q04053,Quantitative Aptitude,Logarithms,Easy,"Banking,General",0.759
Q04054,Verbal Ability,Idioms & Phrases,Medium,"TCS NQT,Placements,Banking",0.608
Q04055,Logical Reasoning,Coding-Decoding,Hard,"TCS NQT,Banking,General",0.275
Q04056,Quantitative Aptitude,Pipes & Cisterns,Medium,"General,SSC",0.502
Q04057,Verbal Ability,Critical Reasoning,Easy,"SSC,General",0.895
Q04058,Logical Reasoning,Statement & Assumption,Hard,"TCS NQT,SSC",0.32
Q04059,Verbal Ability,Para Jumbles,Easy,"Placements,SSC,General",0.733
Q04060,Logical Reasoning,Direction Sense,Hard,TCS NQT,0.331
Q04061,Data Interpretation,Radar/Spider Charts,Medium,"SSC,CAT,Placements",0.501
Q04062,Logical Reasoning,Data Sufficiency,Easy,"General,TCS NQT,Placements",0.761
Q04063,Logical Reasoning,Cubes & Dice,Easy,"TCS NQT,CAT",0.746
Q04064,Data Interpretation,Radar/Spider Charts,Medium,"Banking,General,TCS NQT",0.516
Q04065,Quantitative Aptitude,Profit & Loss,Easy,CAT,0.726
Q04066,Logical Reasoning,Cubes & Dice,Hard,"General,CAT,SSC",0.304
Q04067,Verbal Ability,Odd One Out,Medium,"Placements,CAT,SSC",0.589
Q04068,Data Interpretation,Pie Charts,Medium,"SSC,TCS NQT,General",0.554
Q04069,Quantitative Aptitude,Pipes & Cisterns,Medium,General,0.575
Q04070,Logical Reasoning,Analogy,Easy,"General,Placements",0.743
Q04071,Quantitative Aptitude,Quadratic Equations,Medium,General,0.558
Q04072,Verbal Ability,Odd One Out,Easy,"TCS NQT,SSC",0.848
Q04073,Logical Reasoning,Venn Diagrams,Medium,TCS NQT,0.529
Q04074,Logical Reasoning,Input-Output,Easy,TCS NQT,0.807
Q04075,Quantitative Aptitude,Surds & Indices,Hard,"SSC,CAT,TCS NQT",0.272
Q04076,Logical Reasoning,Data Sufficiency,Hard,"CAT,General,TCS NQT",0.253
Q04077,Logical Reasoning,Input-Output,Medium,"Placements,General,TCS NQT",0.528
Q04078,Logical Reasoning,Coding-Decoding,Medium,CAT,0.591
Q04079,Verbal Ability,Cloze Test,Easy,"General,CAT",0.855
Q04080,Logical Reasoning,Venn Diagrams,Medium,CAT,0.491
Q04081,Logical Reasoning,Ranking & Order,Easy,"General,Banking,TCS NQT",0.803
Q04082,Data Interpretation,Data Sufficiency (DI),Easy,"Banking,Placements,SSC",0.659
Q04083,Data Interpretation,Line Graphs,Medium,SSC,0.531
Q04084,Quantitative Aptitude,Linear Equations,Medium,General,0.586
Q04085,Logical Reasoning,Input-Output,Medium,"Banking,CAT",0.6
Q04086,Quantitative Aptitude,Time & Work,Hard,"Banking,Placements",0.224
Q04087,Verbal Ability,Sentence Correction,Medium,"General,CAT",0.528
Q04088,Quantitative Aptitude,Algebra,Medium,"CAT,TCS NQT",0.581
Q04089,Logical Reasoning,Statement & Conclusion,Medium,TCS NQT,0.614
Q04090,Quantitative Aptitude,Percentages,Easy,"CAT,SSC,General",0.833
Q04091,Verbal Ability,Synonyms & Antonyms,Medium,TCS NQT,0.458
Q04092,Verbal Ability,Reading Comprehension,Easy,SSC,0.774
Q04093,Verbal Ability,Para Summary,Easy,"CAT,TCS NQT",0.791
Q04094,Quantitative Aptitude,Progressions (AP/GP),Hard,"CAT,Placements",0.276
Q04095,Quantitative Aptitude,"Time, Speed & Distance",Easy,"TCS NQT,Banking,Placements",0.746
Q04096,Quantitative Aptitude,Probability,Easy,SSC,0.94
Q04097,Data Interpretation,Pie Charts,Medium,"Placements,TCS NQT,SSC",0.526
Q04098,Quantitative Aptitude,Progressions (AP/GP),Easy,Banking,0.689
Q04099,Verbal Ability,Error Spotting,Hard,TCS NQT,0.32
Q04100,Quantitative Aptitude,Compound Interest,Easy,"CAT,TCS NQT",0.781
Q04101,Quantitative Aptitude,Percentages,Easy,"CAT,SSC,TCS NQT",0.796
Q04102,Quantitative Aptitude,Simple Interest,Hard,"General,Placements",0.342
Q04103,Data Interpretation,Venn-based DI,Medium,CAT,0.575
Q04104,Data Interpretation,Radar/Spider Charts,Medium,TCS NQT,0.594
Q04105,Quantitative Aptitude,Compound Interest,Medium,"SSC,Banking,TCS NQT",0.507
Q04106,Quantitative Aptitude,Mensuration,Hard,General,0.241
Q04107,Quantitative Aptitude,Probability,Medium,SSC,0.573
Q04108,Quantitative Aptitude,Ratio & Proportion,Medium,"Placements,General",0.545
Q04109,Data Interpretation,Radar/Spider Charts,Medium,Banking,0.619
Q04110,Data Interpretation,Bar Graphs,Medium,"CAT,Banking",0.516
Q04111,Quantitative Aptitude,Surds & Indices,Hard,"TCS NQT,CAT,General",0.364
Q04112,Verbal Ability,Cloze Test,Easy,"SSC,TCS NQT,Banking",0.706
Q04113,Verbal Ability,Idioms & Phrases,Medium,"Placements,SSC,TCS NQT",0.61
Q04114,Quantitative Aptitude,Compound Interest,Easy,"Placements,SSC",0.786
Q04115,Data Interpretation,Data Sufficiency (DI),Easy,"Banking,General",0.865
Q04116,Verbal Ability,Para Jumbles,Medium,"CAT,Banking",0.514
Q04117,Logical Reasoning,Puzzles,Hard,"TCS NQT,Banking",0.283
Q04118,Quantitative Aptitude,Logarithms,Medium,"SSC,Banking",0.474
Q04119,Quantitative Aptitude,Mixtures & Alligations,Easy,"General,CAT,TCS NQT",0.777
Q04120,Quantitative Aptitude,"Time, Speed & Distance",Medium,SSC,0.549
Q04121,Logical Reasoning,Coding-Decoding,Hard,"SSC,CAT,TCS NQT",0.261
Q04122,Verbal Ability,Reading Comprehension,Hard,"Banking,Placements",0.311
Q04123,Logical Reasoning,Data Sufficiency,Medium,"CAT,Banking,Placements",0.532
Q04124,Data Interpretation,Venn-based DI,Easy,"General,CAT",0.724
Q04125,Quantitative Aptitude,"Time, Speed & Distance",Medium,Banking,0.507
Q04126,Data Interpretation,Line Graphs,Easy,General,0.873
Q04127,Logical Reasoning,Venn Diagrams,Medium,General,0.584
Q04128,Quantitative Aptitude,"Time, Speed & Distance",Easy,"Placements,TCS NQT",0.741
Q04129,Quantitative Aptitude,Set Theory,Hard,"CAT,General,Banking",0.37
Q04130,Quantitative Aptitude,"Time, Speed & Distance",Medium,"CAT,SSC,General",0.562
Q04131,Logical Reasoning,Statement & Assumption,Hard,"SSC,Placements,Banking",0.343
Q04132,Quantitative Aptitude,Ratio & Proportion,Medium,"Banking,CAT",0.596
Q04133,Logical Reasoning,Direction Sense,Hard,TCS NQT,0.256
Q04134,Logical Reasoning,Statement & Assumption,Easy,"General,SSC,Banking",0.754
Q04135,Quantitative Aptitude,Surds & Indices,Hard,"General,SSC,Placements",0.355
Q04136,Verbal Ability,Cloze Test,Easy,"SSC,Banking,CAT",0.809
Q04137,Logical Reasoning,Input-Output,Easy,"Banking,SSC",0.791
Q04138,Logical Reasoning,Series Completion,Easy,"SSC,TCS NQT",0.839
Q04139,Logical Reasoning,Blood Relations,Easy,"General,Banking,CAT",0.861
Q04140,Verbal Ability,Error Spotting,Easy,"Placements,General",0.775
Q04141,Logical Reasoning,Seating Arrangement,Hard,"CAT,General,Placements",0.334
Q04142,Logical Reasoning,Analogy,Medium,Placements,0.496
Q04143,Data Interpretation,Venn-based DI,Easy,"Placements,SSC",0.826
Q04144,Verbal Ability,Cloze Test,Easy,"General,Banking,SSC",0.696
Q04145,Verbal Ability,Idioms & Phrases,Medium,"SSC,TCS NQT",0.579
Q04146,Quantitative Aptitude,Averages,Medium,CAT,0.515
Q04147,Quantitative Aptitude,Quadratic Equations,Medium,CAT,0.609
Q04148,Logical Reasoning,Analogy,Medium,Placements,0.656
Q04149,Quantitative Aptitude,Permutation & Combination,Medium,Banking,0.552
Q04150,Logical Reasoning,Analogy,Medium,CAT,0.587
Q04151,Quantitative Aptitude,Ratio & Proportion,Medium,Banking,0.551
Q04152,Quantitative Aptitude,Time & Work,Easy,General,0.804
Q04153,Quantitative Aptitude,Profit & Loss,Medium,Banking,0.528
Q04154,Data Interpretation,Mixed DI Sets,Hard,"General,Placements",0.226
Q04155,Logical Reasoning,Cubes & Dice,Medium,"CAT,TCS NQT,Placements",0.471
Q04156,Quantitative Aptitude,"Time, Speed & Distance",Hard,"SSC,CAT,TCS NQT",0.317
Q04157,Quantitative Aptitude,Compound Interest,Easy,"SSC,Placements",0.751
Q04158,Quantitative Aptitude,Linear Equations,Easy,"Placements,CAT",0.638
Q04159,Logical Reasoning,Ranking & Order,Medium,"Placements,SSC",0.529
Q04160,Logical Reasoning,Seating Arrangement,Hard,Placements,0.227
Q04161,Quantitative Aptitude,Set Theory,Easy,SSC,0.884
Q04162,Quantitative Aptitude,Surds & Indices,Medium,"Banking,CAT,General",0.546
Q04163,Quantitative Aptitude,Profit & Loss,Easy,TCS NQT,0.705
Q04164,Verbal Ability,Idioms & Phrases,Medium,"TCS NQT,Placements",0.542
Q04165,Logical Reasoning,Direction Sense,Medium,"SSC,CAT,TCS NQT",0.521
Q04166,Data Interpretation,Pie Charts,Hard,"TCS NQT,General",0.3
Q04167,Quantitative Aptitude,Number System,Easy,"General,Placements,SSC",0.82
Q04168,Verbal Ability,Fill in the Blanks,Hard,Placements,0.255
Q04169,Verbal Ability,Para Jumbles,Medium,"Placements,CAT,Banking",0.628
Q04170,Logical Reasoning,Blood Relations,Medium,"CAT,Banking,General",0.597
Q04171,Verbal Ability,Sentence Correction,Medium,"CAT,TCS NQT,General",0.612
Q04172,Verbal Ability,Reading Comprehension,Medium,"Banking,TCS NQT,General",0.629
Q04173,Logical Reasoning,Clocks & Calendars,Medium,"TCS NQT,Banking,General",0.471
Q04174,Quantitative Aptitude,Pipes & Cisterns,Medium,General,0.535
Q04175,Logical Reasoning,Analogy,Hard,"SSC,General,Banking",0.238
Q04176,Quantitative Aptitude,Trigonometry,Easy,Banking,0.718
Q04177,Verbal Ability,Idioms & Phrases,Easy,"Placements,General",0.879
Q04178,Logical Reasoning,Clocks & Calendars,Hard,"General,Placements,Banking",0.346
Q04179,Logical Reasoning,Statement & Conclusion,Easy,SSC,0.787
Q04180,Data Interpretation,Bar Graphs,Medium,"SSC,Placements",0.525
Q04181,Logical Reasoning,Syllogisms,Hard,"Banking,TCS NQT",0.205
Q04182,Data Interpretation,Tables,Hard,"Placements,SSC",0.276
Q04183,Verbal Ability,Sentence Correction,Medium,"Banking,General",0.522
Q04184,Logical Reasoning,Cubes & Dice,Hard,"Banking,General,TCS NQT",0.326
Q04185,Quantitative Aptitude,Mensuration,Medium,"SSC,General",0.521
Q04186,Verbal Ability,Cloze Test,Easy,"Placements,TCS NQT",0.799
Q04187,Verbal Ability,Sentence Correction,Easy,Placements,0.795
Q04188,Quantitative Aptitude,Partnership,Easy,TCS NQT,0.811
Q04189,Data Interpretation,Tables,Medium,"General,TCS NQT,SSC",0.55
Q04190,Logical Reasoning,Cubes & Dice,Easy,"Banking,SSC,TCS NQT",0.885
Q04191,Logical Reasoning,Series Completion,Easy,"Placements,Banking",0.744
Q04192,Verbal Ability,Para Jumbles,Easy,"General,Banking,SSC",0.786
Q04193,Quantitative Aptitude,Logarithms,Easy,"CAT,Placements",0.872
Q04194,Quantitative Aptitude,"Time, Speed & Distance",Easy,"TCS NQT,Placements",0.814
Q04195,Logical Reasoning,Ranking & Order,Medium,"Banking,Placements,General",0.516
Q04196,Data Interpretation,Bar Graphs,Hard,"Placements,Banking,General",0.266
Q04197,Data Interpretation,Caselets,Hard,"General,TCS NQT,Placements",0.273
Q04198,Quantitative Aptitude,Set Theory,Easy,"TCS NQT,Placements",0.77
Q04199,Data Interpretation,Line Graphs,Medium,"SSC,Banking",0.509
Q04200,Data Interpretation,Tables,Hard,"Placements,Banking,SSC",0.33
Q04201,Quantitative Aptitude,Logarithms,Hard,"TCS NQT,CAT,General",0.281
Q04202,Verbal Ability,Para Jumbles,Medium,CAT,0.54
Q04203,Quantitative Aptitude,Number System,Easy,SSC,0.757
Q04204,Quantitative Aptitude,Profit & Loss,Easy,"SSC,Placements",0.835
Q04205,Quantitative Aptitude,Pipes & Cisterns,Easy,Placements,0.816
Q04206,Quantitative Aptitude,Mixtures & Alligations,Hard,SSC,0.234
Q04207,Quantitative Aptitude,Logarithms,Medium,"TCS NQT,Banking",0.549
Q04208,Quantitative Aptitude,Trigonometry,Hard,"General,Placements",0.284
Q04209,Verbal Ability,Critical Reasoning,Medium,"CAT,TCS NQT",0.559
Q04210,Verbal Ability,Synonyms & Antonyms,Easy,Placements,0.76
Q04211,Logical Reasoning,Input-Output,Hard,TCS NQT,0.334
Q04212,Data Interpretation,Data Sufficiency (DI),Hard,TCS NQT,0.33
Q04213,Logical Reasoning,Analogy,Medium,"SSC,Placements,CAT",0.583
Q04214,Data Interpretation,Line Graphs,Easy,"CAT,General",0.849
Q04215,Logical Reasoning,Direction Sense,Easy,"Banking,General",0.757
Q04216,Verbal Ability,Odd One Out,Easy,CAT,0.764
Q04217,Verbal Ability,Verbal Analogies,Medium,"SSC,Banking,Placements",0.508
Q04218,Verbal Ability,Odd One Out,Medium,Banking,0.508
Q04219,Data Interpretation,Mixed DI Sets,Hard,"CAT,SSC",0.304
Q04220,Data Interpretation,Pie Charts,Hard,Placements,0.324
Q04221,Data Interpretation,Caselets,Easy,"Banking,Placements,CAT",0.799
Q04222,Verbal Ability,Cloze Test,Easy,General,0.826
Q04223,Logical Reasoning,Venn Diagrams,Easy,"General,CAT",0.766
Q04224,Verbal Ability,Fill in the Blanks,Easy,"Banking,CAT,General",0.781
Q04225,Quantitative Aptitude,Time & Work,Easy,"SSC,Placements",0.724
Q04226,Quantitative Aptitude,Permutation & Combination,Medium,"TCS NQT,CAT",0.577
Q04227,Verbal Ability,Odd One Out,Easy,"Placements,CAT",0.773
Q04228,Data Interpretation,Tables,Medium,"SSC,General,Banking",0.515
Q04229,Logical Reasoning,Input-Output,Easy,"CAT,SSC",0.76
Q04230,Quantitative Aptitude,Pipes & Cisterns,Medium,"Banking,CAT,SSC",0.549
Q04231,Logical Reasoning,Syllogisms,Easy,TCS NQT,0.881
Q04232,Data Interpretation,Bar Graphs,Hard,"TCS NQT,CAT,SSC",0.232
Q04233,Logical Reasoning,Ranking & Order,Medium,Banking,0.552
Q04234,Quantitative Aptitude,Quadratic Equations,Easy,"CAT,SSC",0.746
Q04235,Logical Reasoning,Ranking & Order,Easy,"SSC,TCS NQT",0.78
Q04236,Logical Reasoning,Input-Output,Easy,"General,SSC",0.893
Q04237,Quantitative Aptitude,Compound Interest,Medium,"General,SSC",0.584
Q04238,Quantitative Aptitude,Probability,Hard,Banking,0.28
Q04239,Logical Reasoning,Clocks & Calendars,Medium,"CAT,Banking",0.494
Q04240,Quantitative Aptitude,Surds & Indices,Hard,General,0.248
Q04241,Verbal Ability,Fill in the Blanks,Medium,"CAT,General,Placements",0.518
Q04242,Verbal Ability,Para Jumbles,Medium,CAT,0.59
Q04243,Verbal Ability,Synonyms & Antonyms,Easy,"CAT,Placements",0.842
Q04244,Logical Reasoning,Statement & Assumption,Easy,CAT,0.816
Q04245,Logical Reasoning,Blood Relations,Easy,"CAT,SSC,General",0.817
Q04246,Logical Reasoning,Direction Sense,Medium,"General,Banking,SSC",0.557
Q04247,Verbal Ability,Cloze Test,Easy,TCS NQT,0.814
Q04248,Verbal Ability,Para Jumbles,Easy,General,0.791
Q04249,Quantitative Aptitude,Compound Interest,Medium,General,0.581
Q04250,Quantitative Aptitude,Profit & Loss,Hard,CAT,0.324
Q04251,Logical Reasoning,Seating Arrangement,Medium,Banking,0.502
Q04252,Data Interpretation,Tables,Easy,CAT,0.812
Q04253,Quantitative Aptitude,Partnership,Hard,Banking,0.354
Q04254,Logical Reasoning,Venn Diagrams,Medium,"TCS NQT,Placements,Banking",0.569
Q04255,Data Interpretation,Tables,Easy,"Banking,TCS NQT,Placements",0.78
Q04256,Verbal Ability,Odd One Out,Easy,"General,TCS NQT",0.827
Q04257,Logical Reasoning,Syllogisms,Hard,"Placements,TCS NQT",0.383
Q04258,Verbal Ability,Reading Comprehension,Medium,Placements,0.541
Q04259,Data Interpretation,Tables,Medium,"Placements,TCS NQT",0.52
Q04260,Logical Reasoning,Series Completion,Easy,"CAT,General,Placements",0.779
Q04261,Quantitative Aptitude,Time & Work,Easy,"Placements,General",0.816
Q04262,Logical Reasoning,Ranking & Order,Hard,"TCS NQT,SSC,Banking",0.359
Q04263,Quantitative Aptitude,Permutation & Combination,Hard,"SSC,Placements,Banking",0.241
Q04264,Verbal Ability,Critical Reasoning,Medium,"General,Placements",0.572
Q04265,Logical Reasoning,Blood Relations,Hard,"General,SSC,TCS NQT",0.277
Q04266,Quantitative Aptitude,Time & Work,Easy,CAT,0.763
Q04267,Quantitative Aptitude,Profit & Loss,Hard,"SSC,CAT",0.293
Q04268,Logical Reasoning,Input-Output,Hard,General,0.261
Q04269,Data Interpretation,Radar/Spider Charts,Medium,General,0.541
Q04270,Verbal Ability,Cloze Test,Medium,SSC,0.513
Q04271,Quantitative Aptitude,Progressions (AP/GP),Medium,"General,TCS NQT",0.588
Q04272,Data Interpretation,Pie Charts,Hard,"SSC,General,Banking",0.346
Q04273,Verbal Ability,Fill in the Blanks,Medium,"Banking,SSC,General",0.561
Q04274,Verbal Ability,Critical Reasoning,Hard,"SSC,TCS NQT",0.229
Q04275,Verbal Ability,Error Spotting,Easy,Placements,0.717
Q04276,Quantitative Aptitude,Progressions (AP/GP),Easy,CAT,0.85
Q04277,Quantitative Aptitude,Partnership,Hard,"Banking,General",0.256
Q04278,Data Interpretation,Radar/Spider Charts,Medium,"Banking,General",0.501
Q04279,Quantitative Aptitude,Mensuration,Easy,"Placements,General",0.808
Q04280,Quantitative Aptitude,Pipes & Cisterns,Medium,"Banking,CAT",0.513
Q04281,Data Interpretation,Line Graphs,Medium,"Banking,Placements",0.55
Q04282,Logical Reasoning,Ranking & Order,Medium,"CAT,Banking",0.593
Q04283,Quantitative Aptitude,Surds & Indices,Easy,Placements,0.791
Q04284,Verbal Ability,Verbal Analogies,Hard,Placements,0.409
Q04285,Logical Reasoning,Puzzles,Medium,Banking,0.569
Q04286,Verbal Ability,Odd One Out,Hard,SSC,0.3
Q04287,Quantitative Aptitude,Algebra,Medium,CAT,0.508
Q04288,Data Interpretation,Radar/Spider Charts,Easy,"Placements,SSC",0.766
Q04289,Data Interpretation,Venn-based DI,Easy,"Placements,General",0.771
Q04290,Logical Reasoning,Analogy,Easy,"General,Banking,TCS NQT",0.841
Q04291,Logical Reasoning,Input-Output,Easy,Banking,0.864
Q04292,Data Interpretation,Bar Graphs,Easy,"CAT,General",0.784
Q04293,Logical Reasoning,Venn Diagrams,Medium,"Banking,TCS NQT,SSC",0.515
Q04294,Logical Reasoning,Direction Sense,Easy,TCS NQT,0.719
Q04295,Quantitative Aptitude,Trigonometry,Easy,Banking,0.767
Q04296,Quantitative Aptitude,Trigonometry,Easy,SSC,0.81
Q04297,Quantitative Aptitude,Set Theory,Easy,SSC,0.741
Q04298,Verbal Ability,Cloze Test,Medium,"General,TCS NQT",0.628
Q04299,Quantitative Aptitude,Geometry,Hard,"CAT,TCS NQT,Placements",0.366
Q04300,Logical Reasoning,Clocks & Calendars,Hard,"General,SSC",0.298
Q04301,Verbal Ability,Error Spotting,Hard,SSC,0.153
Q04302,Verbal Ability,Verbal Analogies,Hard,"CAT,General",0.38
Q04303,Data Interpretation,Radar/Spider Charts,Easy,"Banking,Placements",0.77
Q04304,Logical Reasoning,Series Completion,Easy,"General,Placements",0.831
Q04305,Quantitative Aptitude,Algebra,Hard,"Banking,SSC,TCS NQT",0.319
Q04306,Logical Reasoning,Venn Diagrams,Easy,"Placements,General,SSC",0.75
Q04307,Quantitative Aptitude,Set Theory,Medium,"Placements,TCS NQT,General",0.576
Q04308,Data Interpretation,Tables,Easy,"TCS NQT,Banking",0.773
Q04309,Quantitative Aptitude,Number System,Medium,"TCS NQT,CAT",0.507
Q04310,Quantitative Aptitude,Quadratic Equations,Medium,TCS NQT,0.598
Q04311,Data Interpretation,Mixed DI Sets,Medium,TCS NQT,0.572
Q04312,Verbal Ability,Odd One Out,Medium,"TCS NQT,SSC",0.546
Q04313,Logical Reasoning,Seating Arrangement,Hard,"Banking,Placements",0.333
Q04314,Verbal Ability,Critical Reasoning,Medium,"Placements,SSC,CAT",0.566
Q04315,Quantitative Aptitude,Trigonometry,Easy,Placements,0.765
Q04316,Logical Reasoning,Blood Relations,Easy,"SSC,TCS NQT",0.849
Q04317,Verbal Ability,Odd One Out,Easy,"Placements,SSC,TCS NQT",0.818
Q04318,Quantitative Aptitude,Trigonometry,Medium,"TCS NQT,General",0.608
Q04319,Quantitative Aptitude,"Time, Speed & Distance",Easy,"Placements,TCS NQT,CAT",0.773
Q04320,Data Interpretation,Caselets,Easy,"CAT,Placements,SSC",0.791
Q04321,Verbal Ability,Sentence Correction,Medium,"Banking,CAT",0.484
Q04322,Verbal Ability,Critical Reasoning,Medium,"Placements,General",0.617
Q04323,Verbal Ability,Critical Reasoning,Easy,CAT,0.736
Q04324,Quantitative Aptitude,Set Theory,Medium,"Banking,CAT,SSC",0.596
Q04325,Logical Reasoning,Cubes & Dice,Medium,Banking,0.498
Q04326,Quantitative Aptitude,Set Theory,Easy,"TCS NQT,Placements",0.856
Q04327,Verbal Ability,Verbal Analogies,Medium,"SSC,CAT",0.616
Q04328,Logical Reasoning,Statement & Conclusion,Medium,"SSC,Placements",0.501
Q04329,Logical Reasoning,Cubes & Dice,Medium,"Placements,TCS NQT",0.486
Q04330,Quantitative Aptitude,Compound Interest,Easy,"CAT,General",0.848
Q04331,Verbal Ability,Reading Comprehension,Hard,"TCS NQT,Banking",0.241
Q04332,Verbal Ability,Fill in the Blanks,Hard,SSC,0.284
Q04333,Data Interpretation,Data Sufficiency (DI),Medium,"CAT,Banking,SSC",0.532
Q04334,Logical Reasoning,Ranking & Order,Medium,SSC,0.559
Q04335,Quantitative Aptitude,Logarithms,Hard,General,0.277
Q04336,Verbal Ability,Critical Reasoning,Easy,"TCS NQT,General",0.748
Q04337,Verbal Ability,Reading Comprehension,Hard,"CAT,Placements,Banking",0.341
Q04338,Quantitative Aptitude,Profit & Loss,Easy,Placements,0.714
Q04339,Quantitative Aptitude,Compound Interest,Easy,TCS NQT,0.783
Q04340,Logical Reasoning,Coding-Decoding,Medium,"Placements,CAT,SSC",0.592
Q04341,Logical Reasoning,Data Sufficiency,Hard,"CAT,Banking",0.345
Q04342,Logical Reasoning,Venn Diagrams,Easy,Banking,0.727
Q04343,Logical Reasoning,Ranking & Order,Hard,"CAT,TCS NQT,Banking",0.323
Q04344,Verbal Ability,Cloze Test,Medium,"General,Placements",0.521
Q04345,Logical Reasoning,Seating Arrangement,Hard,Banking,0.334
Q04346,Verbal Ability,Synonyms & Antonyms,Medium,SSC,0.579
Q04347,Logical Reasoning,Statement & Assumption,Hard,CAT,0.332
Q04348,Logical Reasoning,Blood Relations,Easy,General,0.781
Q04349,Quantitative Aptitude,Partnership,Easy,Banking,0.796
Q04350,Verbal Ability,Reading Comprehension,Hard,Placements,0.217
Q04351,Logical Reasoning,Statement & Assumption,Medium,Placements,0.686
Q04352,Logical Reasoning,Venn Diagrams,Easy,"Banking,General",0.875
Q04353,Quantitative Aptitude,Number System,Easy,"SSC,Banking,CAT",0.815
Q04354,Quantitative Aptitude,Surds & Indices,Hard,"General,Banking,CAT",0.271
Q04355,Data Interpretation,Bar Graphs,Hard,TCS NQT,0.295
Q04356,Logical Reasoning,Syllogisms,Easy,Placements,0.809
Q04357,Verbal Ability,Verbal Analogies,Hard,"CAT,SSC",0.289
Q04358,Verbal Ability,Error Spotting,Easy,TCS NQT,0.857
Q04359,Quantitative Aptitude,Linear Equations,Medium,"Placements,Banking,General",0.615
Q04360,Verbal Ability,Synonyms & Antonyms,Hard,"CAT,TCS NQT,SSC",0.296
Q04361,Quantitative Aptitude,Averages,Hard,"SSC,TCS NQT,Banking",0.362
Q04362,Logical Reasoning,Coding-Decoding,Hard,TCS NQT,0.287
Q04363,Verbal Ability,Critical Reasoning,Easy,"Placements,SSC",0.785
Q04364,Logical Reasoning,Statement & Conclusion,Medium,"CAT,SSC",0.581
Q04365,Quantitative Aptitude,Mensuration,Medium,Banking,0.522
Q04366,Quantitative Aptitude,Logarithms,Medium,"General,TCS NQT,Banking",0.521
Q04367,Verbal Ability,Sentence Correction,Medium,CAT,0.564
Q04368,Verbal Ability,Reading Comprehension,Medium,"CAT,Placements",0.59
Q04369,Logical Reasoning,Series Completion,Medium,"General,SSC,Placements",0.514
Q04370,Verbal Ability,Verbal Analogies,Easy,"SSC,Banking",0.839
Q04371,Quantitative Aptitude,Percentages,Easy,"General,Placements,SSC",0.835
Q04372,Verbal Ability,Sentence Correction,Easy,"CAT,SSC,General",0.839
Q04373,Logical Reasoning,Series Completion,Medium,SSC,0.571
Q04374,Quantitative Aptitude,"Time, Speed & Distance",Easy,"General,Banking",0.751
Q04375,Logical Reasoning,Venn Diagrams,Medium,"Banking,TCS NQT",0.535
Q04376,Quantitative Aptitude,Time & Work,Easy,"Banking,TCS NQT",0.783
Q04377,Quantitative Aptitude,Logarithms,Medium,"General,Placements",0.511
Q04378,Verbal Ability,Para Jumbles,Medium,"CAT,General,TCS NQT",0.647
Q04379,Quantitative Aptitude,Logarithms,Easy,CAT,0.859
Q04380,Data Interpretation,Caselets,Hard,SSC,0.392
Q04381,Logical Reasoning,Cubes & Dice,Medium,"General,TCS NQT",0.51
Q04382,Quantitative Aptitude,Time & Work,Easy,CAT,0.777
Q04383,Quantitative Aptitude,Linear Equations,Easy,General,0.811
Q04384,Logical Reasoning,Series Completion,Medium,"General,SSC",0.552
Q04385,Quantitative Aptitude,Profit & Loss,Easy,"Banking,CAT",0.788
Q04386,Quantitative Aptitude,Mixtures & Alligations,Medium,CAT,0.494
Q04387,Quantitative Aptitude,Mixtures & Alligations,Medium,SSC,0.508
Q04388,Quantitative Aptitude,Mensuration,Medium,CAT,0.485
Q04389,Data Interpretation,Bar Graphs,Easy,"Placements,CAT",0.845
Q04390,Quantitative Aptitude,Simple Interest,Medium,General,0.57
Q04391,Data Interpretation,Tables,Medium,"TCS NQT,General",0.569
Q04392,Verbal Ability,Critical Reasoning,Medium,"CAT,TCS NQT",0.585
Q04393,Data Interpretation,Radar/Spider Charts,Hard,General,0.323
Q04394,Quantitative Aptitude,Partnership,Easy,Placements,0.846
Q04395,Data Interpretation,Pie Charts,Medium,"General,Banking",0.51
Q04396,Verbal Ability,Reading Comprehension,Hard,Banking,0.277
Q04397,Verbal Ability,Para Summary,Medium,"Banking,Placements",0.479
Q04398,Quantitative Aptitude,Number System,Hard,"CAT,General,SSC",0.251
Q04399,Quantitative Aptitude,Partnership,Medium,"General,Banking",0.719
Q04400,Data Interpretation,Tables,Easy,"CAT,SSC",0.826
Q04401,Verbal Ability,Sentence Correction,Easy,General,0.796
Q04402,Quantitative Aptitude,Mensuration,Medium,General,0.524
Q04403,Logical Reasoning,Syllogisms,Easy,"Banking,TCS NQT,General",0.806
Q04404,Verbal Ability,Sentence Correction,Medium,"General,CAT,SSC",0.527
Q04405,Logical Reasoning,Data Sufficiency,Medium,TCS NQT,0.483
Q04406,Verbal Ability,Fill in the Blanks,Medium,"Banking,TCS NQT",0.577
Q04407,Verbal Ability,Synonyms & Antonyms,Medium,"General,SSC",0.553
Q04408,Verbal Ability,Error Spotting,Easy,"TCS NQT,Placements,SSC",0.831
Q04409,Logical Reasoning,Data Sufficiency,Medium,"Placements,TCS NQT",0.507
Q04410,Data Interpretation,Data Sufficiency (DI),Hard,"Banking,SSC",0.305
Q04411,Quantitative Aptitude,Mixtures & Alligations,Hard,General,0.289
Q04412,Verbal Ability,Odd One Out,Medium,"TCS NQT,Banking,SSC",0.582
Q04413,Verbal Ability,Para Summary,Easy,TCS NQT,0.762
Q04414,Quantitative Aptitude,Averages,Hard,SSC,0.21
Q04415,Quantitative Aptitude,Linear Equations,Medium,"Banking,General,Placements",0.55
Q04416,Logical Reasoning,Syllogisms,Hard,"TCS NQT,Placements",0.349
Q04417,Data Interpretation,Mixed DI Sets,Easy,"General,Placements,TCS NQT",0.824
Q04418,Logical Reasoning,Series Completion,Medium,"Banking,CAT,General",0.549
Q04419,Quantitative Aptitude,Simple Interest,Easy,"TCS NQT,CAT,General",0.843
Q04420,Data Interpretation,Bar Graphs,Medium,"TCS NQT,Placements",0.588
Q04421,Quantitative Aptitude,Pipes & Cisterns,Easy,General,0.83
Q04422,Logical Reasoning,Venn Diagrams,Easy,"CAT,SSC",0.786
Q04423,Data Interpretation,Mixed DI Sets,Hard,"Banking,TCS NQT,General",0.326
Q04424,Data Interpretation,Tables,Hard,"SSC,Banking,CAT",0.181
Q04425,Quantitative Aptitude,Ratio & Proportion,Easy,"General,Banking,Placements",0.806
Q04426,Quantitative Aptitude,Partnership,Medium,General,0.51
Q04427,Quantitative Aptitude,Number System,Medium,"CAT,Banking,Placements",0.518
Q04428,Data Interpretation,Pie Charts,Medium,"SSC,Placements,Banking",0.496
Q04429,Quantitative Aptitude,Mixtures & Alligations,Easy,TCS NQT,0.761
Q04430,Verbal Ability,Cloze Test,Medium,Placements,0.626
Q04431,Quantitative Aptitude,Number System,Medium,CAT,0.57
Q04432,Quantitative Aptitude,Mixtures & Alligations,Medium,Placements,0.562
Q04433,Quantitative Aptitude,Time & Work,Medium,"CAT,General,SSC",0.535
Q04434,Data Interpretation,Radar/Spider Charts,Medium,Banking,0.592
Q04435,Data Interpretation,Mixed DI Sets,Medium,"Banking,CAT,SSC",0.538
Q04436,Logical Reasoning,Venn Diagrams,Easy,"SSC,Placements",0.783
Q04437,Logical Reasoning,Clocks & Calendars,Medium,"TCS NQT,General",0.546
Q04438,Verbal Ability,Odd One Out,Hard,"TCS NQT,General,CAT",0.328
Q04439,Data Interpretation,Radar/Spider Charts,Easy,Banking,0.691
Q04440,Logical Reasoning,Venn Diagrams,Medium,"CAT,SSC",0.547
Q04441,Verbal Ability,Error Spotting,Medium,"Banking,TCS NQT",0.569
Q04442,Quantitative Aptitude,Simple Interest,Medium,"General,TCS NQT",0.551
Q04443,Verbal Ability,Verbal Analogies,Easy,"General,Banking",0.731
Q04444,Data Interpretation,Bar Graphs,Easy,"CAT,Banking",0.83
Q04445,Quantitative Aptitude,Profit & Loss,Medium,"SSC,TCS NQT",0.521
Q04446,Logical Reasoning,Seating Arrangement,Medium,Placements,0.507
Q04447,Logical Reasoning,Puzzles,Medium,"Banking,SSC",0.646
Q04448,Quantitative Aptitude,Ratio & Proportion,Easy,"Banking,CAT,SSC",0.841
Q04449,Verbal Ability,Critical Reasoning,Hard,"General,Banking,Placements",0.271
Q04450,Logical Reasoning,Input-Output,Medium,CAT,0.475
Q04451,Verbal Ability,Cloze Test,Easy,TCS NQT,0.788
Q04452,Logical Reasoning,Blood Relations,Hard,"Banking,CAT,Placements",0.306
Q04453,Logical Reasoning,Cubes & Dice,Easy,"General,TCS NQT",0.777
Q04454,Quantitative Aptitude,Quadratic Equations,Hard,"General,CAT,SSC",0.371
Q04455,Logical Reasoning,Puzzles,Hard,"TCS NQT,Banking,Placements",0.236
Q04456,Data Interpretation,Radar/Spider Charts,Medium,"Placements,CAT",0.489
Q04457,Quantitative Aptitude,Mixtures & Alligations,Easy,"SSC,Banking,CAT",0.77
Q04458,Logical Reasoning,Direction Sense,Medium,Placements,0.549
Q04459,Verbal Ability,Odd One Out,Medium,"Placements,CAT",0.509
Q04460,Verbal Ability,Para Summary,Hard,"General,Placements,Banking",0.309
Q04461,Verbal Ability,Reading Comprehension,Medium,"Placements,General",0.613
Q04462,Data Interpretation,Mixed DI Sets,Hard,"TCS NQT,Banking,Placements",0.297
Q04463,Logical Reasoning,Cubes & Dice,Hard,"CAT,General,Placements",0.276
Q04464,Quantitative Aptitude,Compound Interest,Easy,General,0.767
Q04465,Verbal Ability,Verbal Analogies,Hard,"CAT,Banking,TCS NQT",0.33
Q04466,Logical Reasoning,Data Sufficiency,Medium,"Banking,CAT,SSC",0.613
Q04467,Logical Reasoning,Puzzles,Hard,"Banking,CAT",0.359
Q04468,Logical Reasoning,Statement & Conclusion,Hard,"TCS NQT,Banking",0.353
Q04469,Quantitative Aptitude,Profit & Loss,Medium,CAT,0.548
Q04470,Data Interpretation,Caselets,Easy,"SSC,Banking,TCS NQT",0.877
Q04471,Logical Reasoning,Statement & Assumption,Hard,CAT,0.366
Q04472,Quantitative Aptitude,Number System,Easy,CAT,0.655
Q04473,Verbal Ability,Verbal Analogies,Easy,General,0.815
Q04474,Quantitative Aptitude,"Time, Speed & Distance",Medium,"General,TCS NQT",0.57
Q04475,Verbal Ability,Fill in the Blanks,Easy,"SSC,Banking,CAT",0.768
Q04476,Verbal Ability,Cloze Test,Medium,TCS NQT,0.471
Q04477,Logical Reasoning,Input-Output,Medium,TCS NQT,0.581
Q04478,Verbal Ability,Reading Comprehension,Easy,Placements,0.868
Q04479,Data Interpretation,Line Graphs,Medium,"Placements,Banking",0.559
Q04480,Quantitative Aptitude,Number System,Medium,"CAT,TCS NQT",0.615
Q04481,Logical Reasoning,Blood Relations,Medium,TCS NQT,0.613
Q04482,Verbal Ability,Cloze Test,Medium,"TCS NQT,General",0.545
Q04483,Quantitative Aptitude,Number System,Hard,"Placements,SSC",0.322
Q04484,Quantitative Aptitude,Ratio & Proportion,Medium,"Placements,General",0.575
Q04485,Quantitative Aptitude,Surds & Indices,Medium,"Banking,General",0.559
Q04486,Verbal Ability,Sentence Correction,Medium,Placements,0.493
Q04487,Logical Reasoning,Ranking & Order,Hard,"General,TCS NQT,CAT",0.309
Q04488,Quantitative Aptitude,Compound Interest,Easy,"Placements,TCS NQT,General",0.788
Q04489,Quantitative Aptitude,Profit & Loss,Medium,"TCS NQT,CAT",0.6
Q04490,Logical Reasoning,Coding-Decoding,Easy,General,0.787
Q04491,Verbal Ability,Para Summary,Easy,"SSC,Placements,General",0.773
Q04492,Quantitative Aptitude,Geometry,Medium,Banking,0.573
Q04493,Data Interpretation,Bar Graphs,Medium,"Banking,CAT",0.528
Q04494,Verbal Ability,Sentence Correction,Medium,"General,SSC,Banking",0.573
Q04495,Quantitative Aptitude,Mensuration,Easy,"Placements,General,Banking",0.785
Q04496,Quantitative Aptitude,Logarithms,Medium,"Banking,Placements,TCS NQT",0.502
Q04497,Data Interpretation,Venn-based DI,Easy,"Banking,CAT",0.917
Q04498,Data Interpretation,Data Sufficiency (DI),Medium,"CAT,Banking,General",0.615
Q04499,Logical Reasoning,Seating Arrangement,Medium,"Placements,CAT,SSC",0.52
Q04500,Logical Reasoning,Statement & Conclusion,Easy,"SSC,Banking",0.794
Q04501,Logical Reasoning,Venn Diagrams,Easy,"TCS NQT,General",0.773
Q04502,Verbal Ability,Fill in the Blanks,Easy,"Banking,TCS NQT",0.746
Q04503,Logical Reasoning,Analogy,Easy,"General,TCS NQT",0.833
Q04504,Data Interpretation,Venn-based DI,Hard,"TCS NQT,General,Placements",0.43
Q04505,Data Interpretation,Radar/Spider Charts,Easy,"CAT,Banking",0.824
Q04506,Logical Reasoning,Venn Diagrams,Easy,"TCS NQT,General,CAT",0.754
Q04507,Quantitative Aptitude,Averages,Hard,"SSC,General,TCS NQT",0.283
Q04508,Data Interpretation,Venn-based DI,Medium,SSC,0.595
Q04509,Verbal Ability,Fill in the Blanks,Medium,TCS NQT,0.542
Q04510,Logical Reasoning,Series Completion,Medium,"SSC,Placements",0.501
Q04511,Quantitative Aptitude,Algebra,Hard,"General,Banking,SSC",0.263
Q04512,Logical Reasoning,Statement & Conclusion,Medium,"Banking,Placements,TCS NQT",0.519
Q04513,Logical Reasoning,Clocks & Calendars,Medium,General,0.671
Q04514,Verbal Ability,Cloze Test,Easy,"General,TCS NQT",0.818
Q04515,Logical Reasoning,Venn Diagrams,Hard,Banking,0.298
Q04516,Data Interpretation,Venn-based DI,Medium,CAT,0.537
Q04517,Logical Reasoning,Clocks & Calendars,Hard,"Placements,General,SSC",0.375
Q04518,Verbal Ability,Synonyms & Antonyms,Medium,"Banking,SSC,Placements",0.402
Q04519,Quantitative Aptitude,Quadratic Equations,Easy,"General,SSC",0.857
Q04520,Data Interpretation,Radar/Spider Charts,Hard,"SSC,Placements,General",0.297
Q04521,Data Interpretation,Pie Charts,Medium,"CAT,Banking",0.625
Q04522,Verbal Ability,Idioms & Phrases,Medium,"CAT,General",0.535
Q04523,Quantitative Aptitude,"Time, Speed & Distance",Hard,"Banking,General",0.194
Q04524,Verbal Ability,Idioms & Phrases,Medium,"SSC,TCS NQT,Banking",0.515
Q04525,Quantitative Aptitude,"Time, Speed & Distance",Hard,"CAT,Banking",0.256
Q04526,Logical Reasoning,Analogy,Medium,"CAT,Banking,TCS NQT",0.52
Q04527,Data Interpretation,Data Sufficiency (DI),Hard,"CAT,Placements",0.305
Q04528,Quantitative Aptitude,Time & Work,Hard,SSC,0.262
Q04529,Verbal Ability,Reading Comprehension,Hard,CAT,0.295
Q04530,Logical Reasoning,Statement & Conclusion,Easy,TCS NQT,0.716
Q04531,Logical Reasoning,Statement & Conclusion,Medium,CAT,0.447
Q04532,Quantitative Aptitude,Pipes & Cisterns,Medium,"Banking,Placements,CAT",0.51
Q04533,Quantitative Aptitude,Surds & Indices,Easy,"CAT,General,TCS NQT",0.745
Q04534,Logical Reasoning,Venn Diagrams,Easy,"General,SSC,TCS NQT",0.752
Q04535,Logical Reasoning,Input-Output,Medium,Placements,0.609
Q04536,Logical Reasoning,Statement & Assumption,Medium,"TCS NQT,General,SSC",0.575
Q04537,Verbal Ability,Idioms & Phrases,Medium,"Placements,General",0.521
Q04538,Logical Reasoning,Blood Relations,Medium,"TCS NQT,SSC,Placements",0.638
Q04539,Quantitative Aptitude,Time & Work,Easy,"Placements,TCS NQT",0.769
Q04540,Quantitative Aptitude,Logarithms,Medium,Placements,0.488
Q04541,Verbal Ability,Para Jumbles,Medium,"General,TCS NQT,SSC",0.467
Q04542,Verbal Ability,Odd One Out,Medium,CAT,0.627
Q04543,Verbal Ability,Sentence Correction,Easy,"Placements,General",0.856
Q04544,Logical Reasoning,Cubes & Dice,Medium,"Placements,General,TCS NQT",0.545
Q04545,Logical Reasoning,Statement & Conclusion,Hard,CAT,0.329
Q04546,Quantitative Aptitude,Ratio & Proportion,Medium,"SSC,Banking,TCS NQT",0.466
Q04547,Verbal Ability,Odd One Out,Easy,Placements,0.758
Q04548,Quantitative Aptitude,Simple Interest,Medium,Banking,0.637
Q04549,Quantitative Aptitude,Partnership,Medium,"Banking,Placements",0.622
Q04550,Verbal Ability,Error Spotting,Medium,"TCS NQT,Banking",0.515
Q04551,Quantitative Aptitude,Number System,Hard,"SSC,Placements,Banking",0.275
Q04552,Logical Reasoning,Input-Output,Medium,"SSC,General,CAT",0.577
Q04553,Logical Reasoning,Analogy,Hard,"TCS NQT,Banking,General",0.261
Q04554,Data Interpretation,Tables,Hard,"Placements,CAT",0.294
Q04555,Verbal Ability,Verbal Analogies,Medium,"General,Banking,Placements",0.489
Q04556,Quantitative Aptitude,Quadratic Equations,Medium,Placements,0.557
Q04557,Quantitative Aptitude,Algebra,Easy,"Banking,SSC",0.844
Q04558,Logical Reasoning,Statement & Assumption,Medium,"SSC,Placements,Banking",0.58
Q04559,Quantitative Aptitude,Logarithms,Easy,"CAT,TCS NQT",0.815
Q04560,Verbal Ability,Sentence Correction,Medium,"General,CAT,Banking",0.467
Q04561,Logical Reasoning,Blood Relations,Easy,"TCS NQT,SSC",0.77
Q04562,Verbal Ability,Fill in the Blanks,Medium,"CAT,Banking",0.612
Q04563,Verbal Ability,Para Summary,Hard,"Banking,General,CAT",0.303
Q04564,Logical Reasoning,Input-Output,Easy,"SSC,Placements",0.841
Q04565,Data Interpretation,Caselets,Medium,"SSC,Banking",0.541
Q04566,Quantitative Aptitude,Time & Work,Medium,Placements,0.498
Q04567,Logical Reasoning,Series Completion,Easy,Banking,0.829
Q04568,Logical Reasoning,Data Sufficiency,Medium,Placements,0.573
Q04569,Logical Reasoning,Seating Arrangement,Easy,"Placements,CAT,TCS NQT",0.783
Q04570,Quantitative Aptitude,Averages,Hard,TCS NQT,0.258
Q04571,Quantitative Aptitude,Averages,Medium,"Placements,SSC",0.458
Q04572,Logical Reasoning,Direction Sense,Easy,"SSC,Placements",0.778
Q04573,Verbal Ability,Sentence Correction,Easy,"SSC,Placements",0.88
Q04574,Data Interpretation,Venn-based DI,Hard,Placements,0.334
Q04575,Verbal Ability,Para Jumbles,Medium,"CAT,TCS NQT,Placements",0.629
Q04576,Data Interpretation,Caselets,Easy,"Banking,General,Placements",0.801
Q04577,Logical Reasoning,Statement & Assumption,Medium,Placements,0.457
Q04578,Logical Reasoning,Seating Arrangement,Medium,CAT,0.512
Q04579,Data Interpretation,Caselets,Medium,TCS NQT,0.524
Q04580,Quantitative Aptitude,Simple Interest,Medium,"TCS NQT,SSC",0.528
Q04581,Logical Reasoning,Coding-Decoding,Easy,TCS NQT,0.854
Q04582,Quantitative Aptitude,Time & Work,Easy,CAT,0.843
Q04583,Data Interpretation,Mixed DI Sets,Medium,SSC,0.536
Q04584,Verbal Ability,Idioms & Phrases,Medium,TCS NQT,0.628
Q04585,Verbal Ability,Idioms & Phrases,Hard,Banking,0.306
Q04586,Quantitative Aptitude,Compound Interest,Medium,CAT,0.583
Q04587,Verbal Ability,Odd One Out,Medium,Placements,0.494
Q04588,Logical Reasoning,Statement & Assumption,Medium,"SSC,TCS NQT,General",0.591
Q04589,Logical Reasoning,Cubes & Dice,Easy,Banking,0.772
Q04590,Quantitative Aptitude,Time & Work,Medium,"CAT,Placements,TCS NQT",0.519
Q04591,Logical Reasoning,Syllogisms,Easy,Banking,0.799
Q04592,Data Interpretation,Line Graphs,Hard,SSC,0.317
Q04593,Logical Reasoning,Cubes & Dice,Medium,"Banking,General,TCS NQT",0.58
Q04594,Quantitative Aptitude,Permutation & Combination,Hard,"General,TCS NQT",0.251
Q04595,Quantitative Aptitude,Linear Equations,Medium,"TCS NQT,Banking,SSC",0.602
Q04596,Logical Reasoning,Input-Output,Medium,TCS NQT,0.485
Q04597,Verbal Ability,Odd One Out,Hard,CAT,0.362
Q04598,Logical Reasoning,Series Completion,Medium,TCS NQT,0.572
Q04599,Data Interpretation,Mixed DI Sets,Medium,"CAT,TCS NQT",0.53
Q04600,Quantitative Aptitude,Geometry,Medium,"Banking,SSC",0.551
Q04601,Verbal Ability,Fill in the Blanks,Medium,SSC,0.541
Q04602,Logical Reasoning,Analogy,Medium,CAT,0.494
Q04603,Data Interpretation,Tables,Medium,"General,Placements",0.634
Q04604,Quantitative Aptitude,Mensuration,Medium,"General,Placements,SSC",0.54
Q04605,Quantitative Aptitude,Quadratic Equations,Medium,Placements,0.54
Q04606,Quantitative Aptitude,Number System,Medium,Banking,0.535
Q04607,Quantitative Aptitude,Averages,Medium,"Banking,General",0.533
Q04608,Data Interpretation,Radar/Spider Charts,Medium,"Placements,Banking",0.554
Q04609,Quantitative Aptitude,Compound Interest,Easy,"CAT,Placements",0.791
Q04610,Verbal Ability,Synonyms & Antonyms,Medium,"CAT,SSC,TCS NQT",0.514
Q04611,Logical Reasoning,Syllogisms,Easy,"Banking,General",0.781
Q04612,Verbal Ability,Cloze Test,Easy,"CAT,TCS NQT",0.788
Q04613,Logical Reasoning,Clocks & Calendars,Easy,"TCS NQT,General",0.832
Q04614,Logical Reasoning,Analogy,Medium,Banking,0.488
Q04615,Logical Reasoning,Seating Arrangement,Medium,"SSC,Placements",0.577
Q04616,Verbal Ability,Critical Reasoning,Easy,"Placements,CAT,TCS NQT",0.71
Q04617,Logical Reasoning,Direction Sense,Easy,"General,TCS NQT,SSC",0.813
Q04618,Data Interpretation,Bar Graphs,Hard,TCS NQT,0.234
Q04619,Quantitative Aptitude,"Time, Speed & Distance",Medium,"TCS NQT,SSC,CAT",0.495
Q04620,Verbal Ability,Odd One Out,Medium,"SSC,TCS NQT",0.563
Q04621,Data Interpretation,Radar/Spider Charts,Easy,"TCS NQT,SSC",0.829
Q04622,Verbal Ability,Critical Reasoning,Hard,"CAT,TCS NQT",0.275
Q04623,Quantitative Aptitude,Progressions (AP/GP),Medium,Banking,0.525
Q04624,Logical Reasoning,Analogy,Medium,"TCS NQT,CAT",0.554
Q04625,Quantitative Aptitude,Surds & Indices,Easy,"General,TCS NQT,CAT",0.775
Q04626,Data Interpretation,Line Graphs,Easy,"SSC,Banking",0.909
Q04627,Quantitative Aptitude,Pipes & Cisterns,Hard,"General,SSC,Placements",0.281
Q04628,Quantitative Aptitude,Compound Interest,Easy,CAT,0.813
Q04629,Quantitative Aptitude,Logarithms,Hard,"SSC,Banking",0.268
Q04630,Verbal Ability,Sentence Correction,Hard,CAT,0.383
Q04631,Verbal Ability,Critical Reasoning,Medium,Placements,0.589
Q04632,Data Interpretation,Tables,Easy,"TCS NQT,Placements",0.823
Q04633,Logical Reasoning,Input-Output,Medium,Banking,0.579
Q04634,Quantitative Aptitude,Probability,Easy,"SSC,Placements,CAT",0.727
Q04635,Logical Reasoning,Seating Arrangement,Medium,CAT,0.53
Q04636,Quantitative Aptitude,Averages,Easy,"Banking,CAT,Placements",0.65
Q04637,Quantitative Aptitude,Mensuration,Easy,General,0.869
Q04638,Quantitative Aptitude,Trigonometry,Easy,CAT,0.82
Q04639,Verbal Ability,Cloze Test,Easy,"SSC,TCS NQT",0.801
Q04640,Quantitative Aptitude,Pipes & Cisterns,Easy,"Banking,SSC",0.802
Q04641,Logical Reasoning,Venn Diagrams,Easy,"General,SSC,Placements",0.804
Q04642,Quantitative Aptitude,Surds & Indices,Medium,"General,TCS NQT,SSC",0.627
Q04643,Logical Reasoning,Statement & Assumption,Medium,CAT,0.563
Q04644,Data Interpretation,Data Sufficiency (DI),Easy,"SSC,General",0.727
Q04645,Quantitative Aptitude,Permutation & Combination,Easy,"Banking,General",0.767
Q04646,Verbal Ability,Reading Comprehension,Hard,"SSC,General,CAT",0.231
Q04647,Quantitative Aptitude,Compound Interest,Medium,"Placements,General,TCS NQT",0.568
Q04648,Logical Reasoning,Cubes & Dice,Easy,CAT,0.912
Q04649,Logical Reasoning,Data Sufficiency,Medium,"General,Banking",0.582
Q04650,Quantitative Aptitude,Geometry,Easy,"SSC,General,CAT",0.836
Q04651,Data Interpretation,Tables,Medium,TCS NQT,0.677
Q04652,Data Interpretation,Radar/Spider Charts,Easy,"CAT,SSC,General",0.886
Q04653,Quantitative Aptitude,Geometry,Medium,"Banking,Placements",0.53
Q04654,Verbal Ability,Para Summary,Hard,"CAT,SSC",0.253
Q04655,Quantitative Aptitude,Linear Equations,Medium,SSC,0.546
Q04656,Quantitative Aptitude,Ratio & Proportion,Medium,"Banking,General",0.592
Q04657,Logical Reasoning,Series Completion,Medium,"Banking,Placements",0.534
Q04658,Data Interpretation,Caselets,Medium,TCS NQT,0.548
Q04659,Logical Reasoning,Coding-Decoding,Hard,"Placements,TCS NQT",0.282
Q04660,Verbal Ability,Fill in the Blanks,Easy,"Banking,CAT,TCS NQT",0.78
Q04661,Verbal Ability,Para Jumbles,Easy,General,0.801
Q04662,Quantitative Aptitude,Number System,Medium,TCS NQT,0.524
Q04663,Verbal Ability,Para Summary,Hard,"CAT,Placements",0.27
Q04664,Verbal Ability,Reading Comprehension,Medium,Banking,0.576
Q04665,Verbal Ability,Synonyms & Antonyms,Hard,Placements,0.244
Q04666,Verbal Ability,Critical Reasoning,Easy,"General,SSC",0.922
Q04667,Quantitative Aptitude,Surds & Indices,Medium,"CAT,General,Placements",0.544
Q04668,Quantitative Aptitude,Mixtures & Alligations,Medium,"CAT,General",0.546
Q04669,Logical Reasoning,Seating Arrangement,Medium,TCS NQT,0.537
Q04670,Logical Reasoning,Blood Relations,Medium,Placements,0.433
Q04671,Logical Reasoning,Ranking & Order,Hard,"CAT,SSC",0.295
Q04672,Logical Reasoning,Clocks & Calendars,Medium,"TCS NQT,CAT,SSC",0.59
Q04673,Verbal Ability,Synonyms & Antonyms,Hard,Banking,0.351
Q04674,Verbal Ability,Verbal Analogies,Medium,"Placements,TCS NQT",0.527
Q04675,Quantitative Aptitude,Simple Interest,Medium,"TCS NQT,Placements",0.542
Q04676,Verbal Ability,Error Spotting,Medium,"CAT,Banking",0.562
Q04677,Data Interpretation,Mixed DI Sets,Medium,"Placements,Banking,TCS NQT",0.521
Q04678,Verbal Ability,Fill in the Blanks,Easy,"SSC,General,Banking",0.734
Q04679,Verbal Ability,Para Summary,Hard,SSC,0.317
Q04680,Quantitative Aptitude,Surds & Indices,Easy,"Placements,General",0.783
Q04681,Verbal Ability,Odd One Out,Medium,General,0.585
Q04682,Quantitative Aptitude,Compound Interest,Hard,CAT,0.34
Q04683,Quantitative Aptitude,Percentages,Medium,"CAT,Placements,General",0.498
Q04684,Data Interpretation,Radar/Spider Charts,Medium,Placements,0.573
Q04685,Quantitative Aptitude,Pipes & Cisterns,Hard,SSC,0.384
Q04686,Logical Reasoning,Venn Diagrams,Hard,"SSC,TCS NQT,Placements",0.336
Q04687,Quantitative Aptitude,Partnership,Easy,"Banking,General",0.76
Q04688,Verbal Ability,Para Jumbles,Medium,"General,TCS NQT,SSC",0.547
Q04689,Quantitative Aptitude,Partnership,Easy,Banking,0.84
Q04690,Logical Reasoning,Syllogisms,Medium,"Placements,Banking",0.576
Q04691,Quantitative Aptitude,"Time, Speed & Distance",Medium,"CAT,General",0.55
Q04692,Verbal Ability,Reading Comprehension,Hard,"Banking,Placements",0.284
Q04693,Logical Reasoning,Analogy,Medium,"General,Banking",0.585
Q04694,Logical Reasoning,Venn Diagrams,Easy,"Placements,SSC",0.808
Q04695,Data Interpretation,Data Sufficiency (DI),Easy,"SSC,TCS NQT,Placements",0.793
Q04696,Quantitative Aptitude,Number System,Medium,SSC,0.606
Q04697,Quantitative Aptitude,Geometry,Medium,Banking,0.543
Q04698,Quantitative Aptitude,Algebra,Medium,CAT,0.651
Q04699,Verbal Ability,Synonyms & Antonyms,Medium,TCS NQT,0.527
Q04700,Data Interpretation,Radar/Spider Charts,Easy,"Placements,General",0.825
Q04701,Quantitative Aptitude,Geometry,Hard,CAT,0.308
Q04702,Quantitative Aptitude,Set Theory,Easy,"General,SSC",0.824
Q04703,Logical Reasoning,Data Sufficiency,Hard,"CAT,General",0.314
Q04704,Quantitative Aptitude,Trigonometry,Hard,"Placements,General,TCS NQT",0.285
Q04705,Data Interpretation,Mixed DI Sets,Medium,"General,TCS NQT,SSC",0.609
Q04706,Logical Reasoning,Ranking & Order,Medium,"TCS NQT,General,Placements",0.524
Q04707,Verbal Ability,Para Summary,Easy,"CAT,Banking,SSC",0.781
Q04708,Data Interpretation,Venn-based DI,Easy,"CAT,SSC",0.822
Q04709,Verbal Ability,Fill in the Blanks,Easy,Banking,0.742
Q04710,Verbal Ability,Verbal Analogies,Medium,"CAT,Banking,TCS NQT",0.495
Q04711,Data Interpretation,Radar/Spider Charts,Easy,"TCS NQT,Placements,SSC",0.854
Q04712,Quantitative Aptitude,Progressions (AP/GP),Medium,Banking,0.591
Q04713,Logical Reasoning,Statement & Conclusion,Medium,"General,CAT",0.609
Q04714,Quantitative Aptitude,Ratio & Proportion,Medium,"TCS NQT,SSC,Banking",0.494
Q04715,Data Interpretation,Caselets,Medium,TCS NQT,0.517
Q04716,Data Interpretation,Tables,Easy,Placements,0.809
Q04717,Verbal Ability,Odd One Out,Hard,Banking,0.378
Q04718,Logical Reasoning,Blood Relations,Easy,"CAT,General",0.833
Q04719,Verbal Ability,Critical Reasoning,Easy,"TCS NQT,Banking,CAT",0.796
Q04720,Logical Reasoning,Clocks & Calendars,Medium,"General,CAT,Banking",0.554
Q04721,Logical Reasoning,Series Completion,Easy,"General,TCS NQT,SSC",0.703
Q04722,Logical Reasoning,Puzzles,Medium,Banking,0.534
Q04723,Logical Reasoning,Venn Diagrams,Easy,TCS NQT,0.8
Q04724,Quantitative Aptitude,Set Theory,Medium,CAT,0.565
Q04725,Data Interpretation,Data Sufficiency (DI),Easy,SSC,0.826
Q04726,Quantitative Aptitude,Set Theory,Hard,Banking,0.396
Q04727,Logical Reasoning,Blood Relations,Easy,Placements,0.823
Q04728,Data Interpretation,Caselets,Medium,General,0.604
Q04729,Verbal Ability,Critical Reasoning,Hard,"SSC,Banking,Placements",0.267
Q04730,Logical Reasoning,Input-Output,Easy,General,0.809
Q04731,Verbal Ability,Synonyms & Antonyms,Medium,"CAT,SSC",0.485
Q04732,Verbal Ability,Critical Reasoning,Medium,"General,TCS NQT,CAT",0.574
Q04733,Verbal Ability,Para Jumbles,Hard,CAT,0.365
Q04734,Logical Reasoning,Blood Relations,Easy,CAT,0.746
Q04735,Logical Reasoning,Statement & Conclusion,Medium,CAT,0.611
Q04736,Logical Reasoning,Cubes & Dice,Easy,"CAT,TCS NQT",0.778
Q04737,Quantitative Aptitude,Probability,Hard,"TCS NQT,CAT",0.303
Q04738,Logical Reasoning,Analogy,Hard,"TCS NQT,SSC,CAT",0.306
Q04739,Verbal Ability,Fill in the Blanks,Hard,SSC,0.27
Q04740,Logical Reasoning,Coding-Decoding,Easy,"Placements,TCS NQT",0.867
Q04741,Quantitative Aptitude,Averages,Medium,"CAT,TCS NQT,General",0.565
Q04742,Logical Reasoning,Seating Arrangement,Easy,Placements,0.827
Q04743,Quantitative Aptitude,Algebra,Medium,TCS NQT,0.665
Q04744,Quantitative Aptitude,Partnership,Hard,"Placements,Banking,SSC",0.262
Q04745,Logical Reasoning,Blood Relations,Hard,"Banking,General",0.246
Q04746,Verbal Ability,Para Jumbles,Medium,"Banking,Placements,TCS NQT",0.555
Q04747,Logical Reasoning,Series Completion,Medium,"General,Banking,CAT",0.563
Q04748,Data Interpretation,Tables,Easy,"Banking,TCS NQT,General",0.767
Q04749,Quantitative Aptitude,Quadratic Equations,Hard,"General,SSC",0.346
Q04750,Logical Reasoning,Series Completion,Medium,CAT,0.485
Q04751,Logical Reasoning,Cubes & Dice,Easy,CAT,0.841
Q04752,Verbal Ability,Verbal Analogies,Easy,"CAT,SSC",0.859
Q04753,Quantitative Aptitude,Set Theory,Hard,"Banking,CAT",0.203
Q04754,Quantitative Aptitude,Algebra,Easy,"CAT,Placements",0.796
Q04755,Quantitative Aptitude,Simple Interest,Hard,"TCS NQT,General,CAT",0.225
Q04756,Verbal Ability,Verbal Analogies,Easy,Banking,0.807
Q04757,Quantitative Aptitude,Trigonometry,Easy,"TCS NQT,SSC,CAT",0.699
Q04758,Quantitative Aptitude,Logarithms,Medium,General,0.558
Q04759,Data Interpretation,Mixed DI Sets,Medium,SSC,0.539
Q04760,Quantitative Aptitude,Probability,Medium,"SSC,CAT",0.563
Q04761,Logical Reasoning,Puzzles,Medium,SSC,0.583
Q04762,Data Interpretation,Line Graphs,Medium,"SSC,Banking,Placements",0.588
Q04763,Quantitative Aptitude,Averages,Medium,"Banking,CAT",0.533
Q04764,Quantitative Aptitude,Permutation & Combination,Medium,"CAT,Banking",0.519
Q04765,Quantitative Aptitude,Mixtures & Alligations,Easy,"SSC,Banking,CAT",0.856
Q04766,Verbal Ability,Reading Comprehension,Medium,"SSC,Placements",0.63
Q04767,Quantitative Aptitude,Partnership,Easy,Placements,0.761
Q04768,Quantitative Aptitude,Permutation & Combination,Hard,"TCS NQT,CAT,SSC",0.332
Q04769,Logical Reasoning,Puzzles,Hard,SSC,0.258
Q04770,Verbal Ability,Fill in the Blanks,Medium,"CAT,Placements",0.516
Q04771,Verbal Ability,Verbal Analogies,Medium,TCS NQT,0.632
Q04772,Quantitative Aptitude,Profit & Loss,Medium,CAT,0.572
Q04773,Data Interpretation,Caselets,Easy,"TCS NQT,General",0.891
Q04774,Data Interpretation,Pie Charts,Medium,"TCS NQT,General,SSC",0.571
Q04775,Logical Reasoning,Clocks & Calendars,Hard,Banking,0.331
Q04776,Logical Reasoning,Syllogisms,Easy,"Banking,CAT",0.841
Q04777,Verbal Ability,Cloze Test,Hard,"SSC,CAT",0.24
Q04778,Data Interpretation,Line Graphs,Medium,CAT,0.428
Q04779,Logical Reasoning,Blood Relations,Easy,Banking,0.756
Q04780,Verbal Ability,Reading Comprehension,Medium,"SSC,Banking",0.557
Q04781,Logical Reasoning,Puzzles,Medium,"Placements,TCS NQT",0.535
Q04782,Quantitative Aptitude,Probability,Hard,CAT,0.329
Q04783,Verbal Ability,Fill in the Blanks,Hard,Placements,0.281
Q04784,Quantitative Aptitude,Set Theory,Easy,"General,CAT,TCS NQT",0.784
Q04785,Verbal Ability,Odd One Out,Easy,General,0.754
Q04786,Logical Reasoning,Direction Sense,Hard,General,0.343
Q04787,Quantitative Aptitude,Surds & Indices,Medium,"Placements,Banking,CAT",0.518
Q04788,Logical Reasoning,Statement & Conclusion,Medium,"General,Placements,Banking",0.533
Q04789,Verbal Ability,Idioms & Phrases,Hard,CAT,0.275
Q04790,Verbal Ability,Para Summary,Easy,TCS NQT,0.802
Q04791,Verbal Ability,Cloze Test,Medium,"Placements,TCS NQT",0.576
Q04792,Data Interpretation,Caselets,Hard,"Placements,Banking",0.275
Q04793,Quantitative Aptitude,Progressions (AP/GP),Medium,"TCS NQT,SSC",0.537
Q04794,Verbal Ability,Critical Reasoning,Easy,TCS NQT,0.829
Q04795,Quantitative Aptitude,Simple Interest,Medium,"Banking,SSC,General",0.587
Q04796,Data Interpretation,Bar Graphs,Easy,Banking,0.833
Q04797,Quantitative Aptitude,Progressions (AP/GP),Hard,General,0.327
Q04798,Logical Reasoning,Statement & Conclusion,Easy,"Placements,TCS NQT,General",0.752
Q04799,Quantitative Aptitude,Set Theory,Medium,"CAT,Placements,TCS NQT",0.573
Q04800,Verbal Ability,Error Spotting,Medium,Placements,0.589
Q04801,Quantitative Aptitude,Ratio & Proportion,Easy,"CAT,General,Banking",0.78
Q04802,Quantitative Aptitude,Compound Interest,Medium,SSC,0.546
Q04803,Logical Reasoning,Puzzles,Easy,"CAT,Placements,General",0.861
Q04804,Quantitative Aptitude,Partnership,Hard,Banking,0.41
Q04805,Quantitative Aptitude,Simple Interest,Hard,"Placements,Banking",0.367
Q04806,Logical Reasoning,Direction Sense,Easy,General,0.761
Q04807,Verbal Ability,Cloze Test,Easy,SSC,0.889
Q04808,Logical Reasoning,Venn Diagrams,Easy,"Banking,TCS NQT",0.792
Q04809,Verbal Ability,Cloze Test,Medium,"Banking,Placements",0.54
Q04810,Logical Reasoning,Direction Sense,Medium,Banking,0.584
Q04811,Quantitative Aptitude,Linear Equations,Medium,General,0.508
Q04812,Logical Reasoning,Statement & Assumption,Medium,"Banking,SSC",0.457
Q04813,Data Interpretation,Data Sufficiency (DI),Medium,SSC,0.626
Q04814,Verbal Ability,Reading Comprehension,Easy,"Banking,Placements",0.792
Q04815,Quantitative Aptitude,Percentages,Easy,General,0.864
Q04816,Quantitative Aptitude,Mensuration,Medium,"SSC,Placements,Banking",0.541
Q04817,Data Interpretation,Pie Charts,Hard,"Placements,SSC",0.239
Q04818,Quantitative Aptitude,Averages,Easy,Banking,0.843
Q04819,Quantitative Aptitude,Number System,Easy,"TCS NQT,CAT",0.764
Q04820,Quantitative Aptitude,Progressions (AP/GP),Easy,"SSC,General",0.804
Q04821,Verbal Ability,Cloze Test,Medium,Banking,0.469
Q04822,Logical Reasoning,Series Completion,Easy,"SSC,Banking,TCS NQT",0.816
Q04823,Quantitative Aptitude,Averages,Hard,Banking,0.312
Q04824,Quantitative Aptitude,Ratio & Proportion,Hard,"Placements,CAT",0.334
Q04825,Quantitative Aptitude,Ratio & Proportion,Medium,"Banking,General,Placements",0.519
Q04826,Verbal Ability,Idioms & Phrases,Medium,"General,Placements,CAT",0.478
Q04827,Quantitative Aptitude,Averages,Easy,"SSC,TCS NQT,General",0.816
Q04828,Verbal Ability,Error Spotting,Medium,SSC,0.544
Q04829,Quantitative Aptitude,Surds & Indices,Hard,"SSC,Banking,CAT",0.279
Q04830,Logical Reasoning,Seating Arrangement,Hard,"CAT,Placements,SSC",0.275
Q04831,Quantitative Aptitude,Averages,Easy,General,0.71
Q04832,Logical Reasoning,Coding-Decoding,Medium,"Banking,TCS NQT,CAT",0.548
Q04833,Logical Reasoning,Direction Sense,Easy,SSC,0.813
Q04834,Data Interpretation,Venn-based DI,Easy,"TCS NQT,SSC",0.786
Q04835,Quantitative Aptitude,Number System,Easy,"Placements,General",0.876
Q04836,Logical Reasoning,Puzzles,Medium,"SSC,Banking,General",0.588
Q04837,Verbal Ability,Error Spotting,Hard,"TCS NQT,Placements",0.318
Q04838,Quantitative Aptitude,Set Theory,Easy,"General,TCS NQT",0.869
Q04839,Quantitative Aptitude,Progressions (AP/GP),Medium,"SSC,CAT,Banking",0.538
Q04840,Verbal Ability,Odd One Out,Easy,"Placements,General,SSC",0.793
Q04841,Logical Reasoning,Syllogisms,Easy,"SSC,Banking",0.815
Q04842,Data Interpretation,Tables,Medium,"SSC,Banking,Placements",0.618
Q04843,Data Interpretation,Data Sufficiency (DI),Hard,"CAT,General,TCS NQT",0.335
Q04844,Quantitative Aptitude,Progressions (AP/GP),Medium,Placements,0.556
Q04845,Quantitative Aptitude,Geometry,Medium,Placements,0.596
Q04846,Quantitative Aptitude,Mensuration,Medium,"TCS NQT,CAT",0.587
Q04847,Quantitative Aptitude,Simple Interest,Medium,"TCS NQT,Banking,Placements",0.512
Q04848,Data Interpretation,Tables,Medium,"Placements,General,SSC",0.501
Q04849,Quantitative Aptitude,Simple Interest,Medium,SSC,0.474
Q04850,Logical Reasoning,Blood Relations,Easy,"Banking,CAT,SSC",0.828
Q04851,Verbal Ability,Cloze Test,Hard,"Banking,Placements,CAT",0.282
Q04852,Quantitative Aptitude,Algebra,Easy,TCS NQT,0.842
Q04853,Verbal Ability,Para Jumbles,Medium,SSC,0.594
Q04854,Quantitative Aptitude,Logarithms,Easy,"General,Placements,CAT",0.796
Q04855,Quantitative Aptitude,Trigonometry,Easy,"SSC,TCS NQT,Placements",0.8
Q04856,Quantitative Aptitude,Surds & Indices,Easy,"General,CAT,Banking",0.774
Q04857,Verbal Ability,Sentence Correction,Easy,"SSC,CAT",0.746
Q04858,Logical Reasoning,Seating Arrangement,Hard,"TCS NQT,Placements,SSC",0.367
Q04859,Quantitative Aptitude,Number System,Medium,"General,SSC",0.564
Q04860,Quantitative Aptitude,Linear Equations,Medium,"TCS NQT,Placements",0.604
Q04861,Verbal Ability,Reading Comprehension,Hard,"CAT,TCS NQT,General",0.244
Q04862,Quantitative Aptitude,Surds & Indices,Easy,"Placements,General",0.763
Q04863,Quantitative Aptitude,Time & Work,Easy,General,0.767
Q04864,Data Interpretation,Bar Graphs,Medium,"Placements,General,TCS NQT",0.512
Q04865,Verbal Ability,Sentence Correction,Easy,SSC,0.784
Q04866,Quantitative Aptitude,Mensuration,Medium,General,0.608
Q04867,Verbal Ability,Odd One Out,Medium,TCS NQT,0.528
Q04868,Quantitative Aptitude,Compound Interest,Hard,CAT,0.225
Q04869,Quantitative Aptitude,Pipes & Cisterns,Hard,"Placements,SSC,TCS NQT",0.244
Q04870,Quantitative Aptitude,Surds & Indices,Easy,"Placements,CAT",0.727
Q04871,Data Interpretation,Line Graphs,Easy,"Banking,CAT",0.779
Q04872,Logical Reasoning,Coding-Decoding,Easy,"CAT,TCS NQT",0.796
Q04873,Quantitative Aptitude,Time & Work,Hard,"Banking,CAT,TCS NQT",0.216
Q04874,Logical Reasoning,Coding-Decoding,Easy,CAT,0.776
Q04875,Quantitative Aptitude,Compound Interest,Medium,"CAT,Banking",0.588
Q04876,Logical Reasoning,Statement & Assumption,Medium,"Placements,SSC,TCS NQT",0.494
Q04877,Data Interpretation,Radar/Spider Charts,Easy,TCS NQT,0.738
Q04878,Quantitative Aptitude,Probability,Hard,"TCS NQT,Placements,Banking",0.243
Q04879,Verbal Ability,Para Summary,Medium,TCS NQT,0.515
Q04880,Logical Reasoning,Cubes & Dice,Medium,"SSC,General",0.553
Q04881,Logical Reasoning,Series Completion,Easy,"CAT,Placements,Banking",0.742
Q04882,Logical Reasoning,Clocks & Calendars,Medium,"TCS NQT,Banking",0.62
Q04883,Logical Reasoning,Seating Arrangement,Medium,"CAT,Placements,General",0.551
Q04884,Verbal Ability,Sentence Correction,Hard,"General,TCS NQT,CAT",0.338
Q04885,Logical Reasoning,Analogy,Hard,"General,TCS NQT",0.282
Q04886,Verbal Ability,Error Spotting,Hard,"Placements,CAT,General",0.283
Q04887,Data Interpretation,Venn-based DI,Medium,Placements,0.447
Q04888,Data Interpretation,Tables,Easy,TCS NQT,0.816
Q04889,Verbal Ability,Verbal Analogies,Medium,"CAT,Placements,General",0.474
Q04890,Data Interpretation,Mixed DI Sets,Medium,"TCS NQT,CAT,SSC",0.628
Q04891,Data Interpretation,Caselets,Easy,"TCS NQT,Placements",0.884
Q04892,Verbal Ability,Synonyms & Antonyms,Hard,Banking,0.328
Q04893,Quantitative Aptitude,Trigonometry,Easy,Placements,0.776
Q04894,Data Interpretation,Tables,Easy,"General,CAT,Placements",0.799
Q04895,Logical Reasoning,Cubes & Dice,Easy,Banking,0.683
Q04896,Quantitative Aptitude,Pipes & Cisterns,Easy,"TCS NQT,CAT,SSC",0.821
Q04897,Logical Reasoning,Cubes & Dice,Hard,General,0.311
Q04898,Data Interpretation,Caselets,Medium,"CAT,General",0.478
Q04899,Data Interpretation,Bar Graphs,Hard,General,0.396
Q04900,Quantitative Aptitude,Partnership,Medium,General,0.545
Q04901,Verbal Ability,Reading Comprehension,Medium,SSC,0.602
Q04902,Quantitative Aptitude,Time & Work,Hard,"General,TCS NQT,CAT",0.343
Q04903,Logical Reasoning,Seating Arrangement,Easy,"Placements,Banking,CAT",0.788
Q04904,Verbal Ability,Odd One Out,Medium,"General,SSC,CAT",0.602
Q04905,Logical Reasoning,Blood Relations,Hard,"Placements,SSC,TCS NQT",0.21
Q04906,Quantitative Aptitude,Quadratic Equations,Hard,"CAT,TCS NQT,SSC",0.369
Q04907,Quantitative Aptitude,Mixtures & Alligations,Hard,"Placements,CAT",0.368
Q04908,Data Interpretation,Venn-based DI,Easy,TCS NQT,0.732
Q04909,Logical Reasoning,Analogy,Medium,"Banking,TCS NQT",0.558
Q04910,Verbal Ability,Para Jumbles,Medium,Placements,0.631
Q04911,Verbal Ability,Critical Reasoning,Medium,"TCS NQT,CAT,SSC",0.53
Q04912,Logical Reasoning,Ranking & Order,Easy,"CAT,TCS NQT",0.797
Q04913,Quantitative Aptitude,Geometry,Easy,"CAT,General",0.807
Q04914,Quantitative Aptitude,Logarithms,Easy,CAT,0.784
Q04915,Quantitative Aptitude,Surds & Indices,Easy,"Placements,Banking",0.825
Q04916,Data Interpretation,Mixed DI Sets,Hard,"SSC,CAT,General",0.219
Q04917,Data Interpretation,Venn-based DI,Easy,"TCS NQT,Placements",0.784
Q04918,Verbal Ability,Para Summary,Easy,"TCS NQT,CAT",0.791
Q04919,Logical Reasoning,Statement & Assumption,Easy,"Placements,SSC",0.832
Q04920,Logical Reasoning,Statement & Assumption,Hard,"SSC,CAT",0.325
Q04921,Verbal Ability,Fill in the Blanks,Hard,"Placements,TCS NQT",0.334
Q04922,Verbal Ability,Para Summary,Medium,"CAT,TCS NQT,General",0.471
Q04923,Data Interpretation,Radar/Spider Charts,Hard,Banking,0.177
Q04924,Logical Reasoning,Series Completion,Hard,Banking,0.293
Q04925,Verbal Ability,Verbal Analogies,Easy,"TCS NQT,Banking,SSC",0.782
Q04926,Verbal Ability,Reading Comprehension,Easy,"General,TCS NQT,Placements",0.802
Q04927,Logical Reasoning,Direction Sense,Medium,CAT,0.481
Q04928,Quantitative Aptitude,Averages,Hard,CAT,0.274
Q04929,Verbal Ability,Para Summary,Hard,"TCS NQT,CAT",0.291
Q04930,Quantitative Aptitude,Probability,Easy,"General,CAT,SSC",0.825
Q04931,Verbal Ability,Cloze Test,Medium,"SSC,Placements,Banking",0.519
Q04932,Logical Reasoning,Analogy,Medium,TCS NQT,0.483
Q04933,Data Interpretation,Tables,Medium,"General,Placements",0.544
Q04934,Verbal Ability,Idioms & Phrases,Hard,"CAT,Banking,SSC",0.343
Q04935,Data Interpretation,Tables,Easy,General,0.794
Q04936,Logical Reasoning,Seating Arrangement,Medium,General,0.478
Q04937,Data Interpretation,Data Sufficiency (DI),Easy,"General,SSC,Placements",0.732
Q04938,Data Interpretation,Venn-based DI,Hard,"General,SSC,Banking",0.289
Q04939,Logical Reasoning,Clocks & Calendars,Easy,CAT,0.834
Q04940,Logical Reasoning,Statement & Assumption,Hard,"General,Placements",0.35
Q04941,Data Interpretation,Mixed DI Sets,Medium,"General,TCS NQT,Banking",0.462
Q04942,Logical Reasoning,Series Completion,Medium,SSC,0.579
Q04943,Quantitative Aptitude,Averages,Easy,Banking,0.762
Q04944,Logical Reasoning,Syllogisms,Medium,"SSC,Banking",0.519
Q04945,Verbal Ability,Synonyms & Antonyms,Medium,"SSC,General",0.61
Q04946,Logical Reasoning,Syllogisms,Hard,Banking,0.286
Q04947,Logical Reasoning,Statement & Assumption,Medium,"General,SSC,TCS NQT",0.557
Q04948,Data Interpretation,Venn-based DI,Hard,"Placements,SSC,General",0.279
Q04949,Data Interpretation,Bar Graphs,Easy,"CAT,Banking,TCS NQT",0.728
Q04950,Logical Reasoning,Clocks & Calendars,Easy,"SSC,General",0.91
Q04951,Data Interpretation,Venn-based DI,Hard,"TCS NQT,General,CAT",0.213
Q04952,Quantitative Aptitude,Ratio & Proportion,Medium,"CAT,SSC,Placements",0.53
Q04953,Quantitative Aptitude,Probability,Hard,"TCS NQT,General,Placements",0.358
Q04954,Logical Reasoning,Statement & Conclusion,Easy,"General,Placements",0.868
Q04955,Data Interpretation,Radar/Spider Charts,Medium,"General,CAT,SSC",0.551
Q04956,Verbal Ability,Reading Comprehension,Easy,"General,CAT",0.81
Q04957,Verbal Ability,Critical Reasoning,Medium,Placements,0.585
Q04958,Quantitative Aptitude,"Time, Speed & Distance",Hard,SSC,0.336
Q04959,Data Interpretation,Tables,Easy,"SSC,TCS NQT,General",0.792
Q04960,Verbal Ability,Error Spotting,Easy,Banking,0.816
Q04961,Data Interpretation,Tables,Easy,CAT,0.661
Q04962,Quantitative Aptitude,Profit & Loss,Medium,General,0.546
Q04963,Quantitative Aptitude,Logarithms,Medium,"TCS NQT,Banking",0.532
Q04964,Quantitative Aptitude,Pipes & Cisterns,Medium,TCS NQT,0.597
Q04965,Quantitative Aptitude,Percentages,Hard,"Placements,General,CAT",0.251
Q04966,Verbal Ability,Cloze Test,Medium,"Placements,Banking,General",0.599
Q04967,Quantitative Aptitude,Compound Interest,Hard,"General,SSC",0.384
Q04968,Logical Reasoning,Statement & Assumption,Medium,Banking,0.533
Q04969,Quantitative Aptitude,Percentages,Easy,"CAT,General,Banking",0.687
Q04970,Logical Reasoning,Venn Diagrams,Medium,"CAT,Banking",0.63
Q04971,Verbal Ability,Idioms & Phrases,Easy,"TCS NQT,General",0.752
Q04972,Quantitative Aptitude,Number System,Easy,Placements,0.712
Q04973,Quantitative Aptitude,"Time, Speed & Distance",Hard,CAT,0.281
Q04974,Quantitative Aptitude,Progressions (AP/GP),Medium,SSC,0.561
Q04975,Logical Reasoning,Input-Output,Medium,TCS NQT,0.559
Q04976,Quantitative Aptitude,Compound Interest,Medium,"TCS NQT,CAT,Placements",0.586
Q04977,Data Interpretation,Data Sufficiency (DI),Medium,"Banking,General",0.494
Q04978,Logical Reasoning,Statement & Conclusion,Medium,"SSC,TCS NQT,CAT",0.613
Q04979,Data Interpretation,Data Sufficiency (DI),Medium,TCS NQT,0.523
Q04980,Quantitative Aptitude,Surds & Indices,Medium,Banking,0.574
Q04981,Quantitative Aptitude,Linear Equations,Medium,"SSC,Placements,CAT",0.597
Q04982,Verbal Ability,Para Jumbles,Medium,"TCS NQT,CAT",0.516
Q04983,Quantitative Aptitude,Simple Interest,Medium,"General,TCS NQT,SSC",0.499
Q04984,Verbal Ability,Para Jumbles,Hard,"SSC,Placements,TCS NQT",0.27
Q04985,Quantitative Aptitude,Quadratic Equations,Easy,"Banking,SSC,CAT",0.814
Q04986,Logical Reasoning,Direction Sense,Medium,"Placements,General",0.541
Q04987,Logical Reasoning,Coding-Decoding,Medium,TCS NQT,0.471
Q04988,Verbal Ability,Verbal Analogies,Medium,"Placements,CAT,General",0.494
Q04989,Quantitative Aptitude,Mensuration,Easy,"SSC,General",0.742
Q04990,Verbal Ability,Para Summary,Hard,CAT,0.209
Q04991,Quantitative Aptitude,Averages,Easy,General,0.801
Q04992,Logical Reasoning,Clocks & Calendars,Medium,TCS NQT,0.48
Q04993,Quantitative Aptitude,Probability,Medium,"General,CAT",0.54
Q04994,Quantitative Aptitude,Linear Equations,Easy,"CAT,SSC,Placements",0.815
Q04995,Verbal Ability,Odd One Out,Hard,"Banking,General",0.325
Q04996,Verbal Ability,Error Spotting,Hard,TCS NQT,0.243
Q04997,Verbal Ability,Error Spotting,Hard,CAT,0.236
Q04998,Logical Reasoning,Direction Sense,Medium,"CAT,General",0.484
Q04999,Quantitative Aptitude,"Time, Speed & Distance",Medium,TCS NQT,0.591
Q05000,Quantitative Aptitude,"Time, Speed & Distance",Medium,"Banking,General",0.592
Q05001,Logical Reasoning,Seating Arrangement,Easy,Banking,0.749
Q05002,Quantitative Aptitude,Compound Interest,Medium,"Banking,CAT,SSC",0.559
Q05003,Quantitative Aptitude,Pipes & Cisterns,Hard,CAT,0.318
Q05004,Quantitative Aptitude,Time & Work,Medium,SSC,0.551
Q05005,Quantitative Aptitude,Algebra,Hard,"CAT,Banking",0.233
Q05006,Data Interpretation,Venn-based DI,Medium,"Placements,Banking,CAT",0.511
Q05007,Quantitative Aptitude,Trigonometry,Medium,"Banking,General,Placements",0.488
Q05008,Logical Reasoning,Series Completion,Easy,"SSC,General,CAT",0.839
Q05009,Logical Reasoning,Puzzles,Medium,SSC,0.469
Q05010,Quantitative Aptitude,Probability,Easy,TCS NQT,0.712
Q05011,Quantitative Aptitude,Mensuration,Medium,SSC,0.582
Q05012,Quantitative Aptitude,Mixtures & Alligations,Medium,Banking,0.552
Q05013,Logical Reasoning,Direction Sense,Medium,"CAT,Placements",0.536
Q05014,Quantitative Aptitude,Ratio & Proportion,Medium,"SSC,TCS NQT,CAT",0.568
Q05015,Quantitative Aptitude,Percentages,Easy,General,0.758
Q05016,Verbal Ability,Fill in the Blanks,Easy,"General,CAT",0.746
Q05017,Logical Reasoning,Syllogisms,Medium,"SSC,TCS NQT,CAT",0.572
Q05018,Quantitative Aptitude,Mixtures & Alligations,Hard,"TCS NQT,Placements",0.298
Q05019,Logical Reasoning,Blood Relations,Medium,"Banking,SSC,Placements",0.476
Q05020,Data Interpretation,Data Sufficiency (DI),Hard,"General,TCS NQT,Banking",0.189
Q05021,Quantitative Aptitude,Logarithms,Easy,"Banking,SSC,General",0.847
Q05022,Quantitative Aptitude,Profit & Loss,Medium,"SSC,Placements,General",0.55
Q05023,Verbal Ability,Verbal Analogies,Medium,"General,TCS NQT",0.449
Q05024,Data Interpretation,Tables,Medium,SSC,0.616
Q05025,Verbal Ability,Verbal Analogies,Easy,SSC,0.741
Q05026,Quantitative Aptitude,Number System,Medium,"SSC,TCS NQT,Placements",0.592
Q05027,Logical Reasoning,Coding-Decoding,Medium,CAT,0.583
Q05028,Logical Reasoning,Coding-Decoding,Medium,SSC,0.474
Q05029,Quantitative Aptitude,Compound Interest,Medium,"Banking,TCS NQT",0.519
Q05030,Quantitative Aptitude,Probability,Medium,Banking,0.589
Q05031,Verbal Ability,Verbal Analogies,Medium,"CAT,TCS NQT,Banking",0.503
Q05032,Logical Reasoning,Direction Sense,Easy,"General,CAT",0.88
Q05033,Quantitative Aptitude,Mensuration,Medium,"CAT,Banking",0.563
Q05034,Data Interpretation,Line Graphs,Medium,"Placements,SSC,General",0.562
Q05035,Verbal Ability,Idioms & Phrases,Easy,"Placements,SSC,TCS NQT",0.857
Q05036,Quantitative Aptitude,Set Theory,Medium,TCS NQT,0.59
Q05037,Quantitative Aptitude,Compound Interest,Hard,"TCS NQT,CAT,SSC",0.326
Q05038,Quantitative Aptitude,Number System,Easy,"Banking,CAT",0.756
Q05039,Logical Reasoning,Direction Sense,Easy,"TCS NQT,General,Banking",0.755
Q05040,Quantitative Aptitude,Algebra,Medium,TCS NQT,0.59
Q05041,Quantitative Aptitude,Compound Interest,Medium,"TCS NQT,SSC",0.527
Q05042,Quantitative Aptitude,Probability,Easy,"Placements,Banking,SSC",0.823
Q05043,Logical Reasoning,Seating Arrangement,Medium,"Banking,TCS NQT,General",0.612
Q05044,Quantitative Aptitude,Linear Equations,Medium,"General,CAT",0.523
Q05045,Logical Reasoning,Series Completion,Medium,TCS NQT,0.551
Q05046,Data Interpretation,Radar/Spider Charts,Easy,"CAT,Placements",0.826
Q05047,Quantitative Aptitude,"Time, Speed & Distance",Easy,"SSC,TCS NQT,General",0.719
Q05048,Quantitative Aptitude,Simple Interest,Medium,"Placements,SSC",0.504
Q05049,Quantitative Aptitude,Quadratic Equations,Easy,"Placements,General,SSC",0.832
Q05050,Quantitative Aptitude,Permutation & Combination,Medium,"General,CAT",0.533
Q05051,Verbal Ability,Reading Comprehension,Medium,Banking,0.517
Q05052,Logical Reasoning,Statement & Assumption,Medium,CAT,0.484
Q05053,Quantitative Aptitude,Surds & Indices,Easy,"Banking,TCS NQT,General",0.792
Q05054,Verbal Ability,Para Summary,Medium,CAT,0.601
Q05055,Data Interpretation,Pie Charts,Medium,"TCS NQT,Placements",0.59
Q05056,Verbal Ability,Para Jumbles,Easy,General,0.798
Q05057,Quantitative Aptitude,"Time, Speed & Distance",Medium,"SSC,CAT,TCS NQT",0.558
Q05058,Logical Reasoning,Seating Arrangement,Medium,"TCS NQT,CAT",0.612
Q05059,Logical Reasoning,Statement & Conclusion,Medium,SSC,0.585
Q05060,Quantitative Aptitude,Set Theory,Easy,"CAT,SSC,General",0.867
Q05061,Logical Reasoning,Cubes & Dice,Medium,"Placements,TCS NQT",0.483
Q05062,Verbal Ability,Sentence Correction,Hard,"Banking,General,Placements",0.376
Q05063,Quantitative Aptitude,Percentages,Medium,"SSC,Placements,General",0.564
Q05064,Verbal Ability,Critical Reasoning,Medium,Banking,0.629
Q05065,Data Interpretation,Radar/Spider Charts,Easy,"TCS NQT,SSC",0.755
Q05066,Quantitative Aptitude,Quadratic Equations,Medium,CAT,0.549
Q05067,Quantitative Aptitude,Partnership,Hard,"Placements,Banking",0.292
Q05068,Verbal Ability,Para Summary,Medium,"Placements,TCS NQT,General",0.571
Q05069,Verbal Ability,Fill in the Blanks,Medium,TCS NQT,0.553
Q05070,Data Interpretation,Pie Charts,Hard,"Banking,General,TCS NQT",0.384
Q05071,Logical Reasoning,Syllogisms,Medium,TCS NQT,0.5
Q05072,Data Interpretation,Pie Charts,Medium,"CAT,Banking",0.523
Q05073,Quantitative Aptitude,Permutation & Combination,Hard,"TCS NQT,SSC,CAT",0.335
Q05074,Quantitative Aptitude,"Time, Speed & Distance",Medium,Placements,0.573
Q05075,Verbal Ability,Odd One Out,Medium,CAT,0.601
Q05076,Logical Reasoning,Direction Sense,Hard,"SSC,Placements",0.327
Q05077,Quantitative Aptitude,"Time, Speed & Distance",Easy,"Banking,CAT",0.794
Q05078,Logical Reasoning,Cubes & Dice,Hard,"CAT,Banking,General",0.279
Q05079,Verbal Ability,Sentence Correction,Medium,General,0.527
Q05080,Quantitative Aptitude,Simple Interest,Medium,TCS NQT,0.558
Q05081,Verbal Ability,Synonyms & Antonyms,Medium,Banking,0.628
Q05082,Verbal Ability,Para Jumbles,Hard,Banking,0.266
Q05083,Quantitative Aptitude,Ratio & Proportion,Medium,"General,SSC,Placements",0.556
Q05084,Quantitative Aptitude,Mensuration,Medium,"TCS NQT,General",0.479
Q05085,Quantitative Aptitude,Linear Equations,Easy,"CAT,Placements",0.707
Q05086,Quantitative Aptitude,"Time, Speed & Distance",Easy,"CAT,TCS NQT",0.841
Q05087,Quantitative Aptitude,Mixtures & Alligations,Hard,"SSC,TCS NQT",0.364
Q05088,Logical Reasoning,Syllogisms,Hard,"Placements,TCS NQT,SSC",0.316
Q05089,Logical Reasoning,Syllogisms,Medium,Banking,0.637
Q05090,Logical Reasoning,Clocks & Calendars,Easy,"CAT,General,Banking",0.797
Q05091,Quantitative Aptitude,Averages,Medium,"CAT,Placements",0.504
Q05092,Logical Reasoning,Cubes & Dice,Medium,General,0.549
Q05093,Verbal Ability,Critical Reasoning,Easy,Banking,0.853
Q05094,Verbal Ability,Odd One Out,Easy,"CAT,Placements,Banking",0.775
Q05095,Verbal Ability,Error Spotting,Medium,"General,TCS NQT",0.572
Q05096,Data Interpretation,Line Graphs,Medium,CAT,0.55
Q05097,Quantitative Aptitude,Number System,Easy,General,0.83
Q05098,Data Interpretation,Pie Charts,Medium,"TCS NQT,General",0.543
Q05099,Logical Reasoning,Coding-Decoding,Easy,General,0.77
Q05100,Data Interpretation,Tables,Medium,"TCS NQT,Banking",0.572
Q05101,Quantitative Aptitude,Time & Work,Easy,"TCS NQT,SSC,Banking",0.84
Q05102,Verbal Ability,Error Spotting,Easy,"TCS NQT,Banking,Placements",0.813
Q05103,Logical Reasoning,Input-Output,Easy,TCS NQT,0.737
Q05104,Verbal Ability,Sentence Correction,Easy,TCS NQT,0.894
Q05105,Quantitative Aptitude,Time & Work,Medium,"General,SSC,Banking",0.559
Q05106,Quantitative Aptitude,Number System,Hard,"Placements,TCS NQT",0.332
Q05107,Quantitative Aptitude,Mensuration,Easy,"CAT,Banking,TCS NQT",0.832
Q05108,Logical Reasoning,Ranking & Order,Medium,"CAT,Banking,TCS NQT",0.465
Q05109,Verbal Ability,Error Spotting,Easy,Banking,0.771
Q05110,Verbal Ability,Odd One Out,Medium,Banking,0.575
Q05111,Verbal Ability,Idioms & Phrases,Medium,CAT,0.521
Q05112,Data Interpretation,Mixed DI Sets,Easy,Banking,0.812
Q05113,Quantitative Aptitude,Probability,Medium,CAT,0.536
Q05114,Data Interpretation,Line Graphs,Hard,Placements,0.308
Q05115,Verbal Ability,Cloze Test,Medium,"SSC,Placements",0.508
Q05116,Logical Reasoning,Seating Arrangement,Hard,"General,SSC",0.359
Q05117,Data Interpretation,Bar Graphs,Hard,"TCS NQT,Banking",0.257
Q05118,Quantitative Aptitude,Simple Interest,Medium,"SSC,Banking,Placements",0.512
Q05119,Quantitative Aptitude,Pipes & Cisterns,Medium,TCS NQT,0.617
Q05120,Verbal Ability,Cloze Test,Hard,CAT,0.331
Q05121,Quantitative Aptitude,Progressions (AP/GP),Easy,SSC,0.808
Q05122,Logical Reasoning,Ranking & Order,Easy,"TCS NQT,CAT",0.873
Q05123,Quantitative Aptitude,Probability,Medium,"TCS NQT,SSC,Placements",0.705
Q05124,Verbal Ability,Para Summary,Medium,"TCS NQT,General,SSC",0.551
Q05125,Logical Reasoning,Blood Relations,Hard,Placements,0.307
Q05126,Verbal Ability,Reading Comprehension,Easy,"CAT,TCS NQT",0.725
Q05127,Verbal Ability,Error Spotting,Easy,"Placements,TCS NQT,Banking",0.822
Q05128,Quantitative Aptitude,Pipes & Cisterns,Medium,"General,SSC,TCS NQT",0.611
Q05129,Verbal Ability,Cloze Test,Medium,SSC,0.595
Q05130,Logical Reasoning,Venn Diagrams,Medium,"TCS NQT,General,CAT",0.542
Q05131,Quantitative Aptitude,Set Theory,Hard,SSC,0.306
Q05132,Verbal Ability,Fill in the Blanks,Easy,"General,TCS NQT",0.734
Q05133,Logical Reasoning,Cubes & Dice,Easy,General,0.819
Q05134,Data Interpretation,Radar/Spider Charts,Hard,SSC,0.377
Q05135,Verbal Ability,Synonyms & Antonyms,Medium,TCS NQT,0.442
Q05136,Verbal Ability,Para Summary,Hard,"Banking,General",0.346
Q05137,Logical Reasoning,Series Completion,Easy,"General,Placements,CAT",0.742
Q05138,Quantitative Aptitude,Logarithms,Medium,"SSC,Banking",0.449
Q05139,Logical Reasoning,Seating Arrangement,Medium,"CAT,Banking,TCS NQT",0.615
Q05140,Data Interpretation,Venn-based DI,Hard,"Banking,TCS NQT",0.222
Q05141,Logical Reasoning,Direction Sense,Easy,"TCS NQT,Banking,General",0.755
Q05142,Quantitative Aptitude,Partnership,Easy,Placements,0.779
Q05143,Quantitative Aptitude,Algebra,Hard,"TCS NQT,Placements,Banking",0.393
Q05144,Verbal Ability,Error Spotting,Medium,General,0.569
Q05145,Data Interpretation,Venn-based DI,Hard,"General,TCS NQT",0.331
Q05146,Verbal Ability,Reading Comprehension,Easy,"General,Placements",0.796
Q05147,Verbal Ability,Cloze Test,Medium,"Placements,SSC,CAT",0.538
Q05148,Logical Reasoning,Statement & Conclusion,Easy,General,0.838
Q05149,Quantitative Aptitude,Linear Equations,Easy,"Banking,TCS NQT",0.867
Q05150,Quantitative Aptitude,Algebra,Medium,"Banking,TCS NQT,CAT",0.555
Q05151,Quantitative Aptitude,Number System,Easy,"CAT,Placements,SSC",0.759
Q05152,Logical Reasoning,Coding-Decoding,Easy,"SSC,General,TCS NQT",0.801
Q05153,Quantitative Aptitude,Averages,Medium,TCS NQT,0.53
Q05154,Logical Reasoning,Ranking & Order,Hard,"TCS NQT,Banking",0.304
Q05155,Verbal Ability,Sentence Correction,Easy,SSC,0.885
Q05156,Quantitative Aptitude,Logarithms,Hard,"Placements,General",0.346
Q05157,Data Interpretation,Line Graphs,Hard,"TCS NQT,General,SSC",0.327
Q05158,Verbal Ability,Para Summary,Medium,Placements,0.586
Q05159,Verbal Ability,Idioms & Phrases,Medium,"CAT,SSC,Banking",0.496
Q05160,Data Interpretation,Line Graphs,Easy,"CAT,SSC",0.725
Q05161,Verbal Ability,Synonyms & Antonyms,Hard,"SSC,Banking,Placements",0.273
Q05162,Logical Reasoning,Venn Diagrams,Easy,"Placements,TCS NQT",0.841
Q05163,Quantitative Aptitude,Time & Work,Medium,"TCS NQT,Placements",0.625
Q05164,Verbal Ability,Error Spotting,Easy,SSC,0.732
Q05165,Quantitative Aptitude,Permutation & Combination,Medium,"General,SSC,CAT",0.584
Q05166,Quantitative Aptitude,Ratio & Proportion,Hard,"CAT,TCS NQT,Banking",0.314
Q05167,Logical Reasoning,Data Sufficiency,Medium,"CAT,Banking",0.543
Q05168,Quantitative Aptitude,Permutation & Combination,Easy,"Banking,TCS NQT",0.757
Q05169,Logical Reasoning,Venn Diagrams,Hard,TCS NQT,0.328
Q05170,Logical Reasoning,Venn Diagrams,Medium,"General,SSC",0.626
Q05171,Data Interpretation,Caselets,Medium,CAT,0.509
Q05172,Verbal Ability,Sentence Correction,Medium,"General,TCS NQT",0.512
Q05173,Quantitative Aptitude,Simple Interest,Hard,"TCS NQT,General,CAT",0.35
Q05174,Quantitative Aptitude,Simple Interest,Medium,"TCS NQT,Banking",0.613
Q05175,Data Interpretation,Line Graphs,Hard,Placements,0.261
Q05176,Logical Reasoning,Venn Diagrams,Medium,"Placements,SSC,CAT",0.526
Q05177,Verbal Ability,Para Jumbles,Hard,"Placements,Banking",0.272
Q05178,Data Interpretation,Caselets,Easy,SSC,0.791
Q05179,Data Interpretation,Caselets,Medium,"CAT,SSC",0.549
Q05180,Logical Reasoning,Venn Diagrams,Easy,CAT,0.771
Q05181,Data Interpretation,Tables,Hard,"Placements,SSC,General",0.251
Q05182,Verbal Ability,Para Summary,Medium,"General,TCS NQT",0.573
Q05183,Logical Reasoning,Puzzles,Hard,Banking,0.274
Q05184,Quantitative Aptitude,Mensuration,Medium,"CAT,General",0.513
Q05185,Verbal Ability,Verbal Analogies,Easy,"Placements,CAT",0.791
Q05186,Quantitative Aptitude,Mixtures & Alligations,Easy,CAT,0.738
Q05187,Data Interpretation,Mixed DI Sets,Medium,Banking,0.533
Q05188,Quantitative Aptitude,Quadratic Equations,Easy,"TCS NQT,CAT,Banking",0.687
Q05189,Data Interpretation,Venn-based DI,Hard,TCS NQT,0.289
Q05190,Data Interpretation,Line Graphs,Easy,"CAT,SSC",0.769
Q05191,Verbal Ability,Fill in the Blanks,Hard,Placements,0.299
Q05192,Quantitative Aptitude,Permutation & Combination,Easy,"TCS NQT,SSC,Banking",0.821
Q05193,Data Interpretation,Line Graphs,Hard,SSC,0.369
Q05194,Verbal Ability,Idioms & Phrases,Medium,"Banking,CAT",0.578
Q05195,Verbal Ability,Fill in the Blanks,Medium,"TCS NQT,Banking,General",0.471
Q05196,Verbal Ability,Idioms & Phrases,Medium,"SSC,General",0.56
Q05197,Quantitative Aptitude,Time & Work,Hard,Banking,0.319
Q05198,Quantitative Aptitude,Partnership,Medium,"TCS NQT,SSC",0.558
Q05199,Quantitative Aptitude,Pipes & Cisterns,Hard,"SSC,TCS NQT,General",0.314
Q05200,Verbal Ability,Error Spotting,Medium,"Banking,SSC,TCS NQT",0.514
Q05201,Data Interpretation,Caselets,Hard,TCS NQT,0.247
Q05202,Data Interpretation,Line Graphs,Hard,"TCS NQT,CAT",0.251
Q05203,Quantitative Aptitude,Profit & Loss,Medium,"Banking,SSC,CAT",0.506
Q05204,Logical Reasoning,Direction Sense,Easy,CAT,0.805
Q05205,Logical Reasoning,Syllogisms,Medium,SSC,0.513
Q05206,Verbal Ability,Fill in the Blanks,Medium,"Placements,TCS NQT,General",0.571
Q05207,Data Interpretation,Pie Charts,Medium,Placements,0.448
Q05208,Data Interpretation,Pie Charts,Medium,"SSC,CAT",0.497
Q05209,Data Interpretation,Tables,Medium,SSC,0.504
Q05210,Quantitative Aptitude,Algebra,Hard,"CAT,TCS NQT",0.313
Q05211,Quantitative Aptitude,"Time, Speed & Distance",Easy,"General,Banking,Placements",0.851
Q05212,Quantitative Aptitude,Surds & Indices,Easy,SSC,0.845
Q05213,Logical Reasoning,Clocks & Calendars,Easy,"TCS NQT,General",0.767
Q05214,Data Interpretation,Data Sufficiency (DI),Hard,"TCS NQT,General",0.352
Q05215,Verbal Ability,Error Spotting,Easy,"Placements,Banking",0.659
Q05216,Quantitative Aptitude,Partnership,Hard,Banking,0.342
Q05217,Logical Reasoning,Cubes & Dice,Hard,"Banking,SSC,General",0.303
Q05218,Logical Reasoning,Direction Sense,Medium,"CAT,Placements,SSC",0.567
Q05219,Quantitative Aptitude,Permutation & Combination,Medium,"General,Placements,SSC",0.557
Q05220,Logical Reasoning,Clocks & Calendars,Hard,CAT,0.259
Q05221,Logical Reasoning,Series Completion,Easy,General,0.758
Q05222,Quantitative Aptitude,Probability,Easy,General,0.808
Q05223,Logical Reasoning,Direction Sense,Easy,CAT,0.838
Q05224,Verbal Ability,Synonyms & Antonyms,Easy,TCS NQT,0.797
Q05225,Quantitative Aptitude,Compound Interest,Medium,"CAT,SSC,General",0.563
Q05226,Logical Reasoning,Syllogisms,Hard,"General,CAT",0.366
Q05227,Verbal Ability,Para Jumbles,Hard,"Placements,Banking,SSC",0.338
Q05228,Verbal Ability,Odd One Out,Easy,Placements,0.699
Q05229,Logical Reasoning,Cubes & Dice,Easy,"CAT,TCS NQT",0.782
Q05230,Verbal Ability,Synonyms & Antonyms,Hard,"Banking,TCS NQT",0.25
Q05231,Logical Reasoning,Seating Arrangement,Medium,"Banking,Placements,TCS NQT",0.622
Q05232,Verbal Ability,Fill in the Blanks,Easy,"Banking,SSC",0.818
Q05233,Logical Reasoning,Statement & Conclusion,Hard,"SSC,TCS NQT,General",0.313
Q05234,Data Interpretation,Radar/Spider Charts,Easy,Banking,0.77
Q05235,Data Interpretation,Line Graphs,Hard,"CAT,SSC,Placements",0.259
Q05236,Quantitative Aptitude,Logarithms,Easy,TCS NQT,0.838
Q05237,Verbal Ability,Cloze Test,Hard,"Banking,General,Placements",0.229
Q05238,Quantitative Aptitude,Pipes & Cisterns,Medium,Banking,0.614
Q05239,Verbal Ability,Reading Comprehension,Hard,"Placements,Banking,CAT",0.338
Q05240,Verbal Ability,Cloze Test,Medium,"Placements,CAT",0.577
Q05241,Logical Reasoning,Cubes & Dice,Hard,"Placements,General,Banking",0.244
Q05242,Quantitative Aptitude,Partnership,Easy,"Placements,TCS NQT,General",0.883
Q05243,Logical Reasoning,Blood Relations,Easy,"Placements,General",0.807
Q05244,Quantitative Aptitude,Compound Interest,Hard,"TCS NQT,General,Placements",0.224
Q05245,Logical Reasoning,Input-Output,Medium,CAT,0.528
Q05246,Logical Reasoning,Input-Output,Hard,"General,TCS NQT",0.256
Q05247,Verbal Ability,Para Jumbles,Easy,"SSC,Placements,TCS NQT",0.731
Q05248,Data Interpretation,Tables,Hard,SSC,0.331
Q05249,Logical Reasoning,Data Sufficiency,Medium,"Placements,TCS NQT,General",0.582
Q05250,Verbal Ability,Fill in the Blanks,Hard,"SSC,General,Banking",0.344
Q05251,Logical Reasoning,Puzzles,Medium,"General,Banking",0.572
Q05252,Verbal Ability,Error Spotting,Easy,"Banking,Placements,TCS NQT",0.845
Q05253,Logical Reasoning,Ranking & Order,Easy,"Placements,CAT",0.646
Q05254,Data Interpretation,Mixed DI Sets,Medium,"SSC,TCS NQT",0.57
Q05255,Verbal Ability,Odd One Out,Easy,"General,CAT,Placements",0.82
Q05256,Verbal Ability,Odd One Out,Easy,"TCS NQT,Banking,CAT",0.856
Q05257,Logical Reasoning,Coding-Decoding,Medium,"Placements,Banking,CAT",0.59
Q05258,Data Interpretation,Line Graphs,Hard,SSC,0.308
Q05259,Verbal Ability,Sentence Correction,Hard,"TCS NQT,Banking,General",0.274
Q05260,Logical Reasoning,Puzzles,Easy,Banking,0.838
Q05261,Quantitative Aptitude,Partnership,Easy,"Placements,TCS NQT",0.711
Q05262,Verbal Ability,Idioms & Phrases,Hard,"Placements,General,TCS NQT",0.265
Q05263,Data Interpretation,Bar Graphs,Medium,"CAT,Placements,SSC",0.456
Q05264,Quantitative Aptitude,Quadratic Equations,Easy,"General,CAT,Placements",0.781
Q05265,Logical Reasoning,Coding-Decoding,Hard,CAT,0.33
Q05266,Logical Reasoning,Statement & Conclusion,Medium,"Banking,TCS NQT,General",0.507
Q05267,Quantitative Aptitude,Permutation & Combination,Medium,"TCS NQT,General,Banking",0.554
Q05268,Quantitative Aptitude,Linear Equations,Medium,"Placements,SSC,TCS NQT",0.502
Q05269,Logical Reasoning,Coding-Decoding,Medium,General,0.458
Q05270,Quantitative Aptitude,Probability,Medium,"CAT,General",0.487
Q05271,Logical Reasoning,Series Completion,Medium,SSC,0.586
Q05272,Verbal Ability,Critical Reasoning,Easy,Banking,0.826
Q05273,Verbal Ability,Cloze Test,Easy,TCS NQT,0.754
Q05274,Quantitative Aptitude,Progressions (AP/GP),Hard,"CAT,Banking",0.376
Q05275,Verbal Ability,Para Jumbles,Medium,"Placements,General",0.552
Q05276,Data Interpretation,Pie Charts,Medium,Placements,0.526
Q05277,Data Interpretation,Line Graphs,Easy,"TCS NQT,SSC,CAT",0.868
Q05278,Logical Reasoning,Seating Arrangement,Easy,"Placements,Banking",0.816
Q05279,Logical Reasoning,Statement & Conclusion,Medium,"General,TCS NQT,Placements",0.595
Q05280,Verbal Ability,Reading Comprehension,Medium,"Placements,CAT,Banking",0.59
Q05281,Quantitative Aptitude,Trigonometry,Medium,Placements,0.553
Q05282,Quantitative Aptitude,Surds & Indices,Easy,"Banking,CAT,TCS NQT",0.759
Q05283,Logical Reasoning,Direction Sense,Medium,"CAT,Placements",0.568
Q05284,Logical Reasoning,Direction Sense,Easy,Placements,0.739
Q05285,Logical Reasoning,Coding-Decoding,Medium,General,0.58
Q05286,Verbal Ability,Error Spotting,Medium,"Banking,General",0.587
Q05287,Verbal Ability,Cloze Test,Medium,CAT,0.572
Q05288,Quantitative Aptitude,Simple Interest,Medium,"General,CAT,TCS NQT",0.461
Q05289,Logical Reasoning,Puzzles,Hard,"Banking,CAT",0.189
Q05290,Quantitative Aptitude,Compound Interest,Medium,CAT,0.569
Q05291,Logical Reasoning,Puzzles,Medium,"General,CAT,Banking",0.535
Q05292,Logical Reasoning,Direction Sense,Medium,"SSC,TCS NQT,Banking",0.53
Q05293,Logical Reasoning,Statement & Assumption,Medium,TCS NQT,0.551
Q05294,Verbal Ability,Error Spotting,Easy,"Placements,CAT,SSC",0.698
Q05295,Verbal Ability,Verbal Analogies,Medium,Banking,0.617
Q05296,Quantitative Aptitude,Quadratic Equations,Hard,"Placements,TCS NQT",0.288
Q05297,Logical Reasoning,Blood Relations,Medium,"Placements,Banking,SSC",0.558
Q05298,Verbal Ability,Idioms & Phrases,Medium,Placements,0.56
Q05299,Logical Reasoning,Clocks & Calendars,Medium,CAT,0.573
Q05300,Quantitative Aptitude,Profit & Loss,Easy,"CAT,TCS NQT",0.774
Q05301,Logical Reasoning,Ranking & Order,Medium,"TCS NQT,Placements,SSC",0.552
Q05302,Logical Reasoning,Blood Relations,Medium,"General,SSC,Placements",0.627
Q05303,Logical Reasoning,Direction Sense,Medium,"SSC,Banking,Placements",0.539
Q05304,Logical Reasoning,Blood Relations,Easy,"Placements,SSC,TCS NQT",0.843
Q05305,Verbal Ability,Error Spotting,Easy,"CAT,General",0.87
Q05306,Logical Reasoning,Series Completion,Easy,"General,TCS NQT,SSC",0.801
Q05307,Verbal Ability,Synonyms & Antonyms,Easy,"TCS NQT,Banking,CAT",0.835
Q05308,Quantitative Aptitude,Simple Interest,Hard,Banking,0.374
Q05309,Quantitative Aptitude,Simple Interest,Hard,SSC,0.345
Q05310,Verbal Ability,Sentence Correction,Easy,"SSC,TCS NQT",0.855
Q05311,Logical Reasoning,Venn Diagrams,Medium,"SSC,Banking,General",0.64
Q05312,Verbal Ability,Synonyms & Antonyms,Easy,CAT,0.773
Q05313,Verbal Ability,Critical Reasoning,Medium,General,0.502
Q05314,Quantitative Aptitude,Compound Interest,Medium,Placements,0.572
Q05315,Quantitative Aptitude,Trigonometry,Easy,Banking,0.826
Q05316,Logical Reasoning,Puzzles,Easy,"TCS NQT,Placements",0.858
Q05317,Data Interpretation,Radar/Spider Charts,Easy,TCS NQT,0.741
Q05318,Quantitative Aptitude,Trigonometry,Easy,"CAT,Placements",0.831
Q05319,Quantitative Aptitude,Logarithms,Medium,"CAT,Banking,General",0.59
Q05320,Logical Reasoning,Input-Output,Medium,"TCS NQT,CAT",0.521
Q05321,Data Interpretation,Data Sufficiency (DI),Easy,Placements,0.847
Q05322,Quantitative Aptitude,Compound Interest,Medium,"TCS NQT,CAT",0.591
Q05323,Logical Reasoning,Venn Diagrams,Medium,"SSC,Placements",0.527
Q05324,Verbal Ability,Cloze Test,Easy,"General,CAT,Placements",0.916
Q05325,Verbal Ability,Error Spotting,Hard,"SSC,CAT,Placements",0.314
Q05326,Logical Reasoning,Syllogisms,Hard,CAT,0.319
Q05327,Logical Reasoning,Data Sufficiency,Medium,"Banking,TCS NQT",0.601
Q05328,Quantitative Aptitude,Set Theory,Medium,"SSC,Banking",0.591
Q05329,Verbal Ability,Critical Reasoning,Medium,"CAT,SSC,Banking",0.545
Q05330,Quantitative Aptitude,Progressions (AP/GP),Medium,"SSC,General,TCS NQT",0.457
Q05331,Quantitative Aptitude,Geometry,Easy,Placements,0.776
Q05332,Quantitative Aptitude,Averages,Hard,"CAT,Placements",0.27
Q05333,Logical Reasoning,Statement & Conclusion,Medium,"Banking,CAT",0.661
Q05334,Data Interpretation,Pie Charts,Easy,TCS NQT,0.83
Q05335,Quantitative Aptitude,Percentages,Hard,TCS NQT,0.29
Q05336,Quantitative Aptitude,Simple Interest,Easy,Placements,0.797
Q05337,Data Interpretation,Bar Graphs,Easy,"Banking,TCS NQT,Placements",0.779
Q05338,Quantitative Aptitude,Simple Interest,Medium,"Banking,SSC",0.555
Q05339,Logical Reasoning,Seating Arrangement,Medium,"Placements,Banking",0.586
Q05340,Logical Reasoning,Syllogisms,Medium,"CAT,TCS NQT,General",0.545
Q05341,Data Interpretation,Mixed DI Sets,Easy,"CAT,Placements",0.782
Q05342,Quantitative Aptitude,Progressions (AP/GP),Medium,General,0.538
Q05343,Quantitative Aptitude,Simple Interest,Medium,"General,CAT",0.504
Q05344,Quantitative Aptitude,Mensuration,Medium,Placements,0.555
Q05345,Data Interpretation,Venn-based DI,Medium,Banking,0.542
Q05346,Quantitative Aptitude,Mensuration,Easy,Placements,0.768
Q05347,Verbal Ability,Reading Comprehension,Easy,"General,Placements",0.915
Q05348,Logical Reasoning,Venn Diagrams,Easy,CAT,0.763
Q05349,Data Interpretation,Caselets,Medium,"TCS NQT,SSC",0.516
Q05350,Logical Reasoning,Analogy,Medium,"Placements,Banking",0.605
Q05351,Quantitative Aptitude,Time & Work,Easy,General,0.841
Q05352,Verbal Ability,Sentence Correction,Easy,CAT,0.785
Q05353,Logical Reasoning,Input-Output,Hard,SSC,0.26
Q05354,Data Interpretation,Venn-based DI,Easy,"General,SSC,Banking",0.823
Q05355,Logical Reasoning,Input-Output,Medium,"Banking,TCS NQT,SSC",0.556
Q05356,Logical Reasoning,Analogy,Medium,Placements,0.463
Q05357,Logical Reasoning,Puzzles,Hard,"CAT,SSC,Placements",0.26
Q05358,Data Interpretation,Tables,Easy,"Banking,Placements,General",0.754
Q05359,Verbal Ability,Critical Reasoning,Medium,"Banking,General",0.647
Q05360,Quantitative Aptitude,Compound Interest,Hard,SSC,0.303
Q05361,Quantitative Aptitude,Progressions (AP/GP),Medium,TCS NQT,0.554
Q05362,Verbal Ability,Sentence Correction,Hard,General,0.261
Q05363,Verbal Ability,Odd One Out,Medium,CAT,0.548
Q05364,Logical Reasoning,Syllogisms,Medium,"Banking,General",0.588
Q05365,Logical Reasoning,Input-Output,Hard,SSC,0.311
Q05366,Verbal Ability,Fill in the Blanks,Hard,"TCS NQT,CAT,General",0.234
Q05367,Data Interpretation,Pie Charts,Medium,Banking,0.49
Q05368,Logical Reasoning,Analogy,Hard,"Banking,CAT,SSC",0.382
Q05369,Data Interpretation,Bar Graphs,Hard,General,0.293
Q05370,Logical Reasoning,Statement & Conclusion,Medium,"Placements,TCS NQT,CAT",0.574
Q05371,Logical Reasoning,Statement & Conclusion,Hard,"CAT,SSC,Placements",0.389
Q05372,Verbal Ability,Cloze Test,Medium,"CAT,SSC,Placements",0.532
Q05373,Data Interpretation,Bar Graphs,Medium,"TCS NQT,General",0.504
Q05374,Logical Reasoning,Syllogisms,Medium,"SSC,TCS NQT,Banking",0.54
Q05375,Data Interpretation,Data Sufficiency (DI),Easy,"TCS NQT,Banking,Placements",0.751
Q05376,Verbal Ability,Cloze Test,Hard,Placements,0.279
Q05377,Verbal Ability,Odd One Out,Medium,"Banking,CAT,General",0.507
Q05378,Verbal Ability,Para Summary,Medium,"TCS NQT,SSC,CAT",0.556
Q05379,Verbal Ability,Para Summary,Hard,"CAT,Placements",0.333
Q05380,Data Interpretation,Tables,Hard,"SSC,CAT",0.334
Q05381,Logical Reasoning,Analogy,Easy,"TCS NQT,SSC",0.873
Q05382,Quantitative Aptitude,Ratio & Proportion,Easy,Placements,0.79
Q05383,Quantitative Aptitude,Algebra,Medium,"Placements,General",0.434
Q05384,Quantitative Aptitude,Pipes & Cisterns,Medium,"TCS NQT,General,SSC",0.551
Q05385,Quantitative Aptitude,Progressions (AP/GP),Easy,"CAT,TCS NQT,Banking",0.838
Q05386,Logical Reasoning,Blood Relations,Medium,General,0.649
Q05387,Quantitative Aptitude,Averages,Medium,Banking,0.521
Q05388,Verbal Ability,Cloze Test,Medium,CAT,0.527
Q05389,Quantitative Aptitude,"Time, Speed & Distance",Easy,"CAT,TCS NQT",0.823
Q05390,Quantitative Aptitude,Mensuration,Medium,"Placements,CAT,TCS NQT",0.578
Q05391,Quantitative Aptitude,Geometry,Medium,Placements,0.547
Q05392,Quantitative Aptitude,Surds & Indices,Medium,"General,CAT,SSC",0.539
Q05393,Logical Reasoning,Puzzles,Medium,"CAT,Placements,SSC",0.543
Q05394,Verbal Ability,Cloze Test,Medium,"TCS NQT,General,Banking",0.528
Q05395,Verbal Ability,Synonyms & Antonyms,Medium,CAT,0.631
Q05396,Data Interpretation,Radar/Spider Charts,Easy,General,0.702
Q05397,Quantitative Aptitude,Probability,Medium,"General,TCS NQT,SSC",0.404
Q05398,Verbal Ability,Cloze Test,Medium,"CAT,General,Banking",0.478
Q05399,Verbal Ability,Critical Reasoning,Hard,"TCS NQT,Placements",0.299
Q05400,Logical Reasoning,Coding-Decoding,Medium,Banking,0.634
Q05401,Logical Reasoning,Data Sufficiency,Medium,"TCS NQT,Placements,Banking",0.616
Q05402,Quantitative Aptitude,Permutation & Combination,Medium,"Banking,CAT",0.548
Q05403,Quantitative Aptitude,Probability,Easy,CAT,0.81
Q05404,Quantitative Aptitude,Number System,Hard,"TCS NQT,CAT",0.28
Q05405,Quantitative Aptitude,Geometry,Easy,"SSC,Banking",0.86
Q05406,Quantitative Aptitude,Surds & Indices,Medium,Placements,0.562
Q05407,Quantitative Aptitude,"Time, Speed & Distance",Hard,"TCS NQT,CAT",0.152
Q05408,Data Interpretation,Caselets,Hard,"Banking,CAT,TCS NQT",0.274
Q05409,Verbal Ability,Synonyms & Antonyms,Easy,"Banking,TCS NQT,SSC",0.95
Q05410,Logical Reasoning,Coding-Decoding,Medium,"General,Banking,Placements",0.585
Q05411,Quantitative Aptitude,Mensuration,Medium,"Banking,TCS NQT,General",0.519
Q05412,Logical Reasoning,Syllogisms,Medium,"CAT,TCS NQT",0.567
Q05413,Verbal Ability,Fill in the Blanks,Easy,General,0.729
Q05414,Logical Reasoning,Puzzles,Medium,"CAT,TCS NQT",0.591
Q05415,Verbal Ability,Para Summary,Easy,SSC,0.821
Q05416,Quantitative Aptitude,Geometry,Hard,Banking,0.304
Q05417,Verbal Ability,Idioms & Phrases,Medium,"Placements,General,Banking",0.501
Q05418,Data Interpretation,Caselets,Medium,"General,TCS NQT,Placements",0.499
Q05419,Quantitative Aptitude,Algebra,Medium,"Banking,SSC,CAT",0.563
Q05420,Verbal Ability,Odd One Out,Hard,"General,Banking,Placements",0.283
Q05421,Verbal Ability,Critical Reasoning,Easy,"CAT,TCS NQT,Banking",0.866
Q05422,Logical Reasoning,Clocks & Calendars,Hard,"Banking,General,Placements",0.272
Q05423,Verbal Ability,Error Spotting,Easy,"TCS NQT,Banking",0.821
Q05424,Data Interpretation,Bar Graphs,Medium,"Banking,TCS NQT",0.517
Q05425,Quantitative Aptitude,Mixtures & Alligations,Medium,CAT,0.485
Q05426,Quantitative Aptitude,Mensuration,Medium,Placements,0.491
Q05427,Data Interpretation,Venn-based DI,Easy,"CAT,Banking",0.821
Q05428,Verbal Ability,Synonyms & Antonyms,Hard,SSC,0.281
Q05429,Quantitative Aptitude,Progressions (AP/GP),Easy,General,0.912
Q05430,Logical Reasoning,Input-Output,Medium,"TCS NQT,General",0.59
Q05431,Quantitative Aptitude,Compound Interest,Medium,TCS NQT,0.51
Q05432,Verbal Ability,Verbal Analogies,Medium,SSC,0.645
Q05433,Quantitative Aptitude,Probability,Easy,"TCS NQT,General",0.783
Q05434,Verbal Ability,Sentence Correction,Hard,"CAT,Banking,Placements",0.297
Q05435,Logical Reasoning,Statement & Conclusion,Easy,"Banking,Placements",0.784
Q05436,Verbal Ability,Idioms & Phrases,Easy,"TCS NQT,General",0.754
Q05437,Logical Reasoning,Seating Arrangement,Medium,"CAT,TCS NQT",0.533
Q05438,Verbal Ability,Para Jumbles,Medium,SSC,0.511
Q05439,Quantitative Aptitude,Profit & Loss,Easy,CAT,0.856
Q05440,Quantitative Aptitude,Progressions (AP/GP),Medium,"Placements,SSC,General",0.575
Q05441,Quantitative Aptitude,"Time, Speed & Distance",Easy,"Banking,CAT,Placements",0.861
Q05442,Verbal Ability,Sentence Correction,Hard,"General,Banking",0.281
Q05443,Quantitative Aptitude,Number System,Easy,"Placements,General",0.865
Q05444,Quantitative Aptitude,Percentages,Medium,"SSC,TCS NQT",0.511
Q05445,Logical Reasoning,Puzzles,Easy,"SSC,CAT",0.761
Q05446,Quantitative Aptitude,Time & Work,Medium,"SSC,General",0.502
Q05447,Quantitative Aptitude,Trigonometry,Easy,SSC,0.796
Q05448,Logical Reasoning,Puzzles,Medium,"CAT,Banking,SSC",0.597
Q05449,Data Interpretation,Bar Graphs,Easy,General,0.908
Q05450,Quantitative Aptitude,Mixtures & Alligations,Medium,"CAT,TCS NQT",0.5
Q05451,Data Interpretation,Data Sufficiency (DI),Hard,"CAT,Banking",0.256
Q05452,Data Interpretation,Radar/Spider Charts,Medium,"CAT,TCS NQT,Placements",0.513
Q05453,Quantitative Aptitude,Partnership,Medium,"TCS NQT,General",0.501
Q05454,Data Interpretation,Venn-based DI,Easy,"CAT,TCS NQT,General",0.754
Q05455,Quantitative Aptitude,Quadratic Equations,Easy,"TCS NQT,Placements",0.752
Q05456,Logical Reasoning,Puzzles,Medium,"CAT,Banking",0.563
Q05457,Verbal Ability,Critical Reasoning,Easy,"TCS NQT,CAT",0.772
Q05458,Verbal Ability,Sentence Correction,Medium,"TCS NQT,Placements",0.583
Q05459,Quantitative Aptitude,Quadratic Equations,Medium,"Banking,SSC,General",0.521
Q05460,Logical Reasoning,Statement & Assumption,Medium,"TCS NQT,Banking,General",0.524
Q05461,Quantitative Aptitude,Mixtures & Alligations,Easy,"Banking,TCS NQT,SSC",0.799
Q05462,Logical Reasoning,Seating Arrangement,Easy,"SSC,TCS NQT",0.786
Q05463,Quantitative Aptitude,Averages,Medium,"General,CAT",0.584
Q05464,Data Interpretation,Pie Charts,Easy,TCS NQT,0.846
Q05465,Data Interpretation,Line Graphs,Easy,"TCS NQT,Placements,CAT",0.692
Q05466,Logical Reasoning,Analogy,Hard,"Placements,Banking",0.279
Q05467,Verbal Ability,Error Spotting,Hard,SSC,0.263
Q05468,Quantitative Aptitude,Simple Interest,Hard,Banking,0.414
Q05469,Logical Reasoning,Seating Arrangement,Medium,"General,CAT",0.607
Q05470,Data Interpretation,Tables,Easy,"TCS NQT,General,Banking",0.689
Q05471,Quantitative Aptitude,"Time, Speed & Distance",Easy,"SSC,Placements",0.788
Q05472,Logical Reasoning,Input-Output,Medium,"General,Placements,CAT",0.526
Q05473,Quantitative Aptitude,Permutation & Combination,Hard,"SSC,General,TCS NQT",0.327
Q05474,Quantitative Aptitude,Logarithms,Easy,Banking,0.88
Q05475,Logical Reasoning,Analogy,Medium,CAT,0.595
Q05476,Logical Reasoning,Blood Relations,Medium,"General,TCS NQT,SSC",0.519
Q05477,Quantitative Aptitude,Compound Interest,Medium,"TCS NQT,General",0.564
Q05478,Verbal Ability,Critical Reasoning,Medium,CAT,0.451
Q05479,Logical Reasoning,Clocks & Calendars,Medium,"Banking,SSC",0.558
Q05480,Quantitative Aptitude,Pipes & Cisterns,Medium,"TCS NQT,Banking,General",0.578
Q05481,Quantitative Aptitude,Trigonometry,Hard,"CAT,SSC",0.18
Q05482,Quantitative Aptitude,Geometry,Medium,"Placements,CAT",0.567
Q05483,Data Interpretation,Caselets,Easy,"Banking,SSC",0.838
Q05484,Logical Reasoning,Analogy,Medium,"SSC,TCS NQT",0.548
Q05485,Logical Reasoning,Blood Relations,Medium,"Banking,SSC,TCS NQT",0.586
Q05486,Quantitative Aptitude,Ratio & Proportion,Easy,TCS NQT,0.809
Q05487,Logical Reasoning,Blood Relations,Hard,"Placements,General",0.329
Q05488,Quantitative Aptitude,Linear Equations,Hard,"Banking,General",0.283
Q05489,Logical Reasoning,Direction Sense,Medium,"Placements,Banking,SSC",0.612
Q05490,Quantitative Aptitude,Partnership,Easy,"CAT,General",0.771
Q05491,Logical Reasoning,Ranking & Order,Hard,"SSC,TCS NQT,General",0.306
Q05492,Logical Reasoning,Statement & Assumption,Easy,CAT,0.882
Q05493,Verbal Ability,Error Spotting,Medium,"Banking,Placements,TCS NQT",0.527
Q05494,Data Interpretation,Pie Charts,Hard,Placements,0.404
Q05495,Verbal Ability,Critical Reasoning,Medium,Banking,0.611
Q05496,Logical Reasoning,Input-Output,Easy,"General,Banking",0.895
Q05497,Logical Reasoning,Clocks & Calendars,Medium,"Placements,SSC",0.47
Q05498,Verbal Ability,Verbal Analogies,Medium,Banking,0.526
Q05499,Quantitative Aptitude,Number System,Medium,CAT,0.566
Q05500,Quantitative Aptitude,Time & Work,Hard,"General,CAT",0.323
Q05501,Quantitative Aptitude,Profit & Loss,Hard,"TCS NQT,SSC",0.202
Q05502,Logical Reasoning,Ranking & Order,Medium,CAT,0.504
Q05503,Verbal Ability,Idioms & Phrases,Medium,CAT,0.493
Q05504,Quantitative Aptitude,Trigonometry,Medium,"TCS NQT,Banking,General",0.539
Q05505,Quantitative Aptitude,Partnership,Medium,"TCS NQT,Placements",0.48
Q05506,Logical Reasoning,Series Completion,Easy,Placements,0.809
Q05507,Logical Reasoning,Data Sufficiency,Medium,"CAT,SSC",0.491
Q05508,Verbal Ability,Odd One Out,Easy,General,0.794
Q05509,Verbal Ability,Para Summary,Medium,"Placements,Banking",0.608
Q05510,Verbal Ability,Para Jumbles,Easy,General,0.792
Q05511,Quantitative Aptitude,Simple Interest,Hard,CAT,0.302
Q05512,Verbal Ability,Sentence Correction,Medium,"SSC,Placements,Banking",0.532
Q05513,Verbal Ability,Fill in the Blanks,Medium,Banking,0.596
Q05514,Verbal Ability,Fill in the Blanks,Medium,"TCS NQT,Banking,CAT",0.578
Q05515,Logical Reasoning,Cubes & Dice,Medium,"SSC,Placements,General",0.531
Q05516,Quantitative Aptitude,Averages,Hard,"Placements,SSC,General",0.331
Q05517,Logical Reasoning,Puzzles,Easy,"TCS NQT,Placements,SSC",0.828
Q05518,Quantitative Aptitude,Averages,Hard,"SSC,CAT",0.336
Q05519,Logical Reasoning,Syllogisms,Hard,"Banking,SSC,TCS NQT",0.277
Q05520,Logical Reasoning,Data Sufficiency,Easy,"General,Banking",0.791
Q05521,Verbal Ability,Fill in the Blanks,Hard,"Placements,General,CAT",0.334
Q05522,Logical Reasoning,Puzzles,Medium,Placements,0.567
Q05523,Verbal Ability,Synonyms & Antonyms,Medium,"Banking,SSC,General",0.667
Q05524,Verbal Ability,Cloze Test,Easy,"General,CAT,Banking",0.807
Q05525,Verbal Ability,Odd One Out,Hard,"Placements,General",0.393
Q05526,Verbal Ability,Cloze Test,Medium,"General,Placements",0.534
Q05527,Logical Reasoning,Analogy,Hard,CAT,0.265
Q05528,Verbal Ability,Sentence Correction,Medium,"TCS NQT,Banking,Placements",0.546
Q05529,Verbal Ability,Para Jumbles,Easy,"SSC,CAT",0.817
Q05530,Verbal Ability,Cloze Test,Medium,"CAT,General,Banking",0.531
Q05531,Quantitative Aptitude,Ratio & Proportion,Medium,SSC,0.541
Q05532,Logical Reasoning,Venn Diagrams,Medium,"General,Placements,CAT",0.597
Q05533,Quantitative Aptitude,Quadratic Equations,Hard,"Placements,SSC,General",0.375
Q05534,Quantitative Aptitude,Averages,Medium,"Placements,SSC,General",0.576
Q05535,Verbal Ability,Critical Reasoning,Hard,CAT,0.221
Q05536,Quantitative Aptitude,Partnership,Medium,"General,CAT,TCS NQT",0.621
Q05537,Quantitative Aptitude,Partnership,Medium,"Banking,General",0.58
Q05538,Verbal Ability,Idioms & Phrases,Medium,"TCS NQT,CAT",0.563
Q05539,Logical Reasoning,Input-Output,Easy,"Placements,SSC",0.757
Q05540,Data Interpretation,Caselets,Medium,"General,SSC",0.536
Q05541,Quantitative Aptitude,Averages,Medium,"Banking,CAT",0.634
Q05542,Quantitative Aptitude,Probability,Hard,TCS NQT,0.421
Q05543,Quantitative Aptitude,Linear Equations,Easy,"CAT,Banking,Placements",0.807
Q05544,Quantitative Aptitude,Mensuration,Easy,"TCS NQT,CAT,General",0.762
Q05545,Logical Reasoning,Venn Diagrams,Medium,General,0.533
Q05546,Logical Reasoning,Puzzles,Easy,TCS NQT,0.765
Q05547,Logical Reasoning,Cubes & Dice,Easy,"TCS NQT,SSC,Banking",0.801
Q05548,Quantitative Aptitude,Logarithms,Easy,"TCS NQT,Banking,Placements",0.769
Q05549,Logical Reasoning,Syllogisms,Hard,"SSC,Banking",0.341
Q05550,Data Interpretation,Line Graphs,Hard,"CAT,SSC",0.329
Q05551,Verbal Ability,Odd One Out,Medium,"Placements,SSC,Banking",0.494
Q05552,Verbal Ability,Sentence Correction,Hard,CAT,0.276
Q05553,Logical Reasoning,Ranking & Order,Medium,"SSC,Placements,General",0.409
Q05554,Logical Reasoning,Direction Sense,Medium,TCS NQT,0.54
Q05555,Logical Reasoning,Statement & Assumption,Medium,"Banking,Placements,TCS NQT",0.566
Q05556,Quantitative Aptitude,Ratio & Proportion,Easy,"CAT,Placements,General",0.789
Q05557,Verbal Ability,Cloze Test,Easy,"TCS NQT,Banking,CAT",0.793
Q05558,Verbal Ability,Para Summary,Easy,TCS NQT,0.774
Q05559,Verbal Ability,Sentence Correction,Medium,TCS NQT,0.575
Q05560,Logical Reasoning,Syllogisms,Easy,"TCS NQT,General,Placements",0.814
Q05561,Quantitative Aptitude,Time & Work,Medium,CAT,0.603
Q05562,Verbal Ability,Reading Comprehension,Medium,CAT,0.515
Q05563,Verbal Ability,Synonyms & Antonyms,Medium,Placements,0.519
Q05564,Data Interpretation,Bar Graphs,Medium,CAT,0.643
Q05565,Quantitative Aptitude,Partnership,Easy,"Banking,General,TCS NQT",0.824
Q05566,Quantitative Aptitude,Quadratic Equations,Easy,CAT,0.811
Q05567,Data Interpretation,Bar Graphs,Hard,"General,TCS NQT,Banking",0.261
Q05568,Verbal Ability,Error Spotting,Easy,"CAT,General",0.728
Q05569,Data Interpretation,Venn-based DI,Easy,SSC,0.769
Q05570,Quantitative Aptitude,"Time, Speed & Distance",Medium,"Banking,CAT",0.533
Q05571,Quantitative Aptitude,Mixtures & Alligations,Hard,General,0.373
Q05572,Quantitative Aptitude,Ratio & Proportion,Easy,"SSC,General,Placements",0.744
Q05573,Logical Reasoning,Seating Arrangement,Medium,"TCS NQT,CAT,Banking",0.588
Q05574,Verbal Ability,Critical Reasoning,Medium,"TCS NQT,Placements",0.589
Q05575,Data Interpretation,Tables,Medium,"SSC,Banking",0.545
Q05576,Logical Reasoning,Venn Diagrams,Medium,"CAT,General,TCS NQT",0.537
Q05577,Logical Reasoning,Series Completion,Medium,"CAT,Banking,TCS NQT",0.508
Q05578,Quantitative Aptitude,Time & Work,Medium,SSC,0.521
Q05579,Verbal Ability,Critical Reasoning,Easy,"General,TCS NQT",0.773
Q05580,Quantitative Aptitude,Quadratic Equations,Medium,"CAT,SSC",0.557
Q05581,Logical Reasoning,Blood Relations,Medium,"CAT,Banking,TCS NQT",0.563
Q05582,Quantitative Aptitude,Surds & Indices,Medium,"Banking,SSC",0.562
Q05583,Verbal Ability,Para Jumbles,Medium,CAT,0.516
Q05584,Quantitative Aptitude,Set Theory,Medium,"SSC,General",0.585
Q05585,Verbal Ability,Para Jumbles,Easy,"CAT,Placements,SSC",0.815
Q05586,Quantitative Aptitude,Number System,Easy,"TCS NQT,SSC",0.772
Q05587,Quantitative Aptitude,Simple Interest,Easy,"TCS NQT,General",0.713
Q05588,Quantitative Aptitude,Averages,Easy,"Banking,CAT,TCS NQT",0.857
Q05589,Quantitative Aptitude,Linear Equations,Medium,"Placements,Banking,TCS NQT",0.557
Q05590,Quantitative Aptitude,Probability,Easy,SSC,0.755
Q05591,Quantitative Aptitude,Probability,Easy,Banking,0.779
Q05592,Verbal Ability,Idioms & Phrases,Easy,"TCS NQT,General,Banking",0.9
Q05593,Quantitative Aptitude,Time & Work,Easy,"TCS NQT,Banking",0.762
Q05594,Logical Reasoning,Blood Relations,Easy,"Placements,TCS NQT,Banking",0.852
Q05595,Quantitative Aptitude,Probability,Hard,"TCS NQT,General,CAT",0.372
Q05596,Verbal Ability,Odd One Out,Medium,"General,Banking,CAT",0.562
Q05597,Quantitative Aptitude,Linear Equations,Medium,SSC,0.536
Q05598,Verbal Ability,Verbal Analogies,Medium,"Placements,SSC",0.493
Q05599,Verbal Ability,Odd One Out,Medium,TCS NQT,0.529
Q05600,Quantitative Aptitude,Mensuration,Medium,"CAT,TCS NQT",0.503
Q05601,Data Interpretation,Tables,Easy,CAT,0.797
Q05602,Data Interpretation,Pie Charts,Medium,Banking,0.506
Q05603,Quantitative Aptitude,Partnership,Hard,"Banking,TCS NQT",0.292
Q05604,Data Interpretation,Venn-based DI,Medium,Banking,0.557
Q05605,Logical Reasoning,Blood Relations,Medium,"CAT,TCS NQT",0.574
Q05606,Quantitative Aptitude,Number System,Hard,"SSC,Placements,CAT",0.349
Q05607,Quantitative Aptitude,Mensuration,Medium,"SSC,TCS NQT",0.493
Q05608,Quantitative Aptitude,Algebra,Hard,Banking,0.325
Q05609,Logical Reasoning,Analogy,Medium,"SSC,CAT",0.639
Q05610,Logical Reasoning,Direction Sense,Easy,"SSC,Banking",0.802
Q05611,Logical Reasoning,Coding-Decoding,Hard,CAT,0.226
Q05612,Data Interpretation,Venn-based DI,Medium,"General,TCS NQT,Placements",0.542
Q05613,Quantitative Aptitude,Averages,Hard,TCS NQT,0.257
Q05614,Quantitative Aptitude,Partnership,Medium,"Banking,Placements,General",0.575
Q05615,Verbal Ability,Critical Reasoning,Easy,Placements,0.757
Q05616,Logical Reasoning,Direction Sense,Easy,"Banking,SSC,CAT",0.746
Q05617,Quantitative Aptitude,Mensuration,Medium,General,0.55
Q05618,Logical Reasoning,Statement & Conclusion,Medium,"General,SSC,TCS NQT",0.626
Q05619,Logical Reasoning,Direction Sense,Hard,TCS NQT,0.264
Q05620,Logical Reasoning,Data Sufficiency,Medium,"SSC,General,Banking",0.583
Q05621,Verbal Ability,Reading Comprehension,Medium,"Banking,TCS NQT",0.579
Q05622,Logical Reasoning,Direction Sense,Hard,TCS NQT,0.334
Q05623,Verbal Ability,Synonyms & Antonyms,Medium,SSC,0.577
Q05624,Verbal Ability,Odd One Out,Hard,General,0.284
Q05625,Quantitative Aptitude,Progressions (AP/GP),Medium,General,0.551
Q05626,Quantitative Aptitude,Percentages,Easy,General,0.742
Q05627,Quantitative Aptitude,Quadratic Equations,Medium,General,0.51
Q05628,Quantitative Aptitude,Algebra,Easy,"SSC,CAT",0.786
Q05629,Data Interpretation,Radar/Spider Charts,Easy,Placements,0.847
Q05630,Verbal Ability,Synonyms & Antonyms,Medium,"Banking,Placements",0.527
Q05631,Verbal Ability,Idioms & Phrases,Hard,TCS NQT,0.316
Q05632,Verbal Ability,Verbal Analogies,Medium,"General,SSC",0.609
Q05633,Quantitative Aptitude,Number System,Easy,CAT,0.802
Q05634,Logical Reasoning,Analogy,Medium,"General,TCS NQT,Placements",0.578
Q05635,Logical Reasoning,Coding-Decoding,Easy,"SSC,Banking,Placements",0.845
Q05636,Quantitative Aptitude,Profit & Loss,Hard,Banking,0.346
Q05637,Quantitative Aptitude,Profit & Loss,Medium,"TCS NQT,SSC",0.562
Q05638,Logical Reasoning,Blood Relations,Medium,"CAT,General",0.504
Q05639,Verbal Ability,Fill in the Blanks,Easy,"General,CAT,TCS NQT",0.816
Q05640,Data Interpretation,Pie Charts,Medium,"SSC,CAT,Placements",0.618
Q05641,Quantitative Aptitude,Mensuration,Easy,General,0.859
Q05642,Logical Reasoning,Seating Arrangement,Hard,"Placements,Banking",0.223
Q05643,Data Interpretation,Pie Charts,Hard,"CAT,SSC,Placements",0.328
Q05644,Verbal Ability,Odd One Out,Hard,TCS NQT,0.276
Q05645,Logical Reasoning,Direction Sense,Easy,CAT,0.882
Q05646,Quantitative Aptitude,Percentages,Medium,"CAT,Banking",0.593
Q05647,Logical Reasoning,Venn Diagrams,Medium,"CAT,General,Banking",0.502
Q05648,Data Interpretation,Caselets,Medium,"General,CAT,SSC",0.534
Q05649,Quantitative Aptitude,Probability,Medium,"SSC,General,Placements",0.616
Q05650,Logical Reasoning,Direction Sense,Medium,"TCS NQT,Banking,General",0.469
Q05651,Logical Reasoning,Series Completion,Easy,"SSC,Placements",0.764
Q05652,Quantitative Aptitude,Logarithms,Medium,"SSC,Banking",0.572
Q05653,Quantitative Aptitude,Simple Interest,Medium,"General,CAT",0.56
Q05654,Verbal Ability,Verbal Analogies,Easy,"TCS NQT,Placements,Banking",0.741
Q05655,Data Interpretation,Tables,Easy,"TCS NQT,CAT",0.834
Q05656,Logical Reasoning,Series Completion,Medium,"CAT,General,SSC",0.492
Q05657,Quantitative Aptitude,Algebra,Hard,Placements,0.251
Q05658,Logical Reasoning,Data Sufficiency,Hard,"General,TCS NQT,Banking",0.316
Q05659,Logical Reasoning,Statement & Assumption,Easy,"Placements,CAT,Banking",0.733
Q05660,Logical Reasoning,Clocks & Calendars,Hard,General,0.267
Q05661,Logical Reasoning,Data Sufficiency,Medium,"SSC,TCS NQT",0.558
Q05662,Logical Reasoning,Statement & Assumption,Easy,"Placements,Banking",0.843
Q05663,Verbal Ability,Idioms & Phrases,Medium,Banking,0.567
Q05664,Logical Reasoning,Statement & Conclusion,Medium,"Banking,CAT,General",0.575
Q05665,Quantitative Aptitude,Mensuration,Easy,TCS NQT,0.787
Q05666,Data Interpretation,Venn-based DI,Easy,General,0.876
Q05667,Logical Reasoning,Statement & Conclusion,Medium,"TCS NQT,General",0.6
Q05668,Data Interpretation,Tables,Easy,"SSC,Placements,General",0.802
Q05669,Quantitative Aptitude,Ratio & Proportion,Easy,"General,SSC",0.748
Q05670,Verbal Ability,Para Summary,Medium,TCS NQT,0.624
Q05671,Verbal Ability,Reading Comprehension,Medium,"SSC,CAT",0.641
Q05672,Quantitative Aptitude,Mensuration,Medium,"SSC,CAT",0.662
Q05673,Logical Reasoning,Ranking & Order,Medium,"Banking,TCS NQT",0.528
Q05674,Verbal Ability,Fill in the Blanks,Medium,"CAT,SSC",0.607
Q05675,Quantitative Aptitude,Quadratic Equations,Easy,Placements,0.79
Q05676,Logical Reasoning,Coding-Decoding,Hard,"CAT,TCS NQT,General",0.273
Q05677,Quantitative Aptitude,Probability,Hard,"SSC,CAT",0.267
Q05678,Logical Reasoning,Syllogisms,Medium,"General,SSC",0.521
Q05679,Quantitative Aptitude,Pipes & Cisterns,Easy,General,0.701
Q05680,Verbal Ability,Verbal Analogies,Medium,Placements,0.524
Q05681,Quantitative Aptitude,Simple Interest,Hard,CAT,0.351
Q05682,Verbal Ability,Odd One Out,Hard,"Banking,CAT,TCS NQT",0.254
Q05683,Logical Reasoning,Direction Sense,Medium,"SSC,Banking",0.612
Q05684,Logical Reasoning,Ranking & Order,Medium,General,0.492
Q05685,Data Interpretation,Line Graphs,Easy,General,0.637
Q05686,Logical Reasoning,Blood Relations,Hard,"General,TCS NQT",0.406
Q05687,Quantitative Aptitude,Linear Equations,Medium,SSC,0.573
Q05688,Verbal Ability,Critical Reasoning,Medium,"CAT,Placements,General",0.559
Q05689,Quantitative Aptitude,Profit & Loss,Medium,"Placements,General,Banking",0.591
Q05690,Verbal Ability,Fill in the Blanks,Medium,"SSC,CAT,TCS NQT",0.59
Q05691,Quantitative Aptitude,Time & Work,Easy,"General,CAT",0.821
Q05692,Quantitative Aptitude,Profit & Loss,Medium,"CAT,SSC",0.516
Q05693,Verbal Ability,Sentence Correction,Medium,"Placements,SSC,TCS NQT",0.53
Q05694,Quantitative Aptitude,Mensuration,Medium,"TCS NQT,SSC,CAT",0.51
Q05695,Quantitative Aptitude,Mensuration,Hard,"CAT,Banking",0.265
Q05696,Verbal Ability,Para Jumbles,Medium,"General,Placements",0.579
Q05697,Verbal Ability,Synonyms & Antonyms,Easy,"TCS NQT,General",0.777
Q05698,Logical Reasoning,Syllogisms,Medium,"General,TCS NQT",0.52
Q05699,Verbal Ability,Cloze Test,Hard,"General,CAT",0.246
Q05700,Quantitative Aptitude,Ratio & Proportion,Medium,"CAT,General,TCS NQT",0.598
Q05701,Quantitative Aptitude,Quadratic Equations,Medium,"General,TCS NQT",0.605
Q05702,Verbal Ability,Sentence Correction,Easy,"General,CAT",0.728
Q05703,Data Interpretation,Tables,Medium,"TCS NQT,CAT,General",0.474
Q05704,Verbal Ability,Critical Reasoning,Medium,"Placements,CAT",0.633
Q05705,Logical Reasoning,Series Completion,Hard,"CAT,TCS NQT",0.236
Q05706,Verbal Ability,Verbal Analogies,Medium,"SSC,CAT,TCS NQT",0.522
Q05707,Logical Reasoning,Clocks & Calendars,Medium,"TCS NQT,CAT,Placements",0.539
Q05708,Data Interpretation,Mixed DI Sets,Medium,"TCS NQT,Placements,SSC",0.536
Q05709,Data Interpretation,Mixed DI Sets,Easy,SSC,0.844
Q05710,Quantitative Aptitude,Surds & Indices,Medium,"SSC,Placements,CAT",0.6
Q05711,Verbal Ability,Fill in the Blanks,Medium,"CAT,General",0.569
Q05712,Data Interpretation,Bar Graphs,Hard,"Banking,TCS NQT",0.318
Q05713,Logical Reasoning,Blood Relations,Medium,"CAT,Banking,TCS NQT",0.548
Q05714,Quantitative Aptitude,Probability,Medium,CAT,0.614
Q05715,Quantitative Aptitude,Probability,Medium,"General,Banking",0.489
Q05716,Data Interpretation,Radar/Spider Charts,Medium,"CAT,Placements",0.508
Q05717,Verbal Ability,Odd One Out,Medium,"SSC,Placements,TCS NQT",0.574
Q05718,Logical Reasoning,Series Completion,Hard,"SSC,General,TCS NQT",0.332
Q05719,Quantitative Aptitude,Ratio & Proportion,Hard,CAT,0.335
Q05720,Quantitative Aptitude,Quadratic Equations,Medium,"Banking,General",0.429
Q05721,Verbal Ability,Synonyms & Antonyms,Hard,"SSC,CAT",0.358
Q05722,Quantitative Aptitude,"Time, Speed & Distance",Medium,General,0.543
Q05723,Data Interpretation,Mixed DI Sets,Hard,CAT,0.351
Q05724,Quantitative Aptitude,Trigonometry,Medium,Banking,0.581
Q05725,Verbal Ability,Fill in the Blanks,Easy,"Placements,Banking",0.765
Q05726,Logical Reasoning,Coding-Decoding,Medium,"CAT,Banking",0.572
Q05727,Logical Reasoning,Statement & Conclusion,Medium,TCS NQT,0.558
Q05728,Logical Reasoning,Syllogisms,Medium,"Placements,TCS NQT,General",0.649
Q05729,Data Interpretation,Tables,Easy,SSC,0.844
Q05730,Logical Reasoning,Venn Diagrams,Hard,CAT,0.257
Q05731,Quantitative Aptitude,Number System,Medium,"CAT,TCS NQT,General",0.544
Q05732,Quantitative Aptitude,Set Theory,Hard,"General,CAT",0.275
Q05733,Data Interpretation,Mixed DI Sets,Medium,CAT,0.577
Q05734,Data Interpretation,Venn-based DI,Hard,"Banking,TCS NQT,SSC",0.344
Q05735,Quantitative Aptitude,Ratio & Proportion,Medium,Placements,0.533
Q05736,Quantitative Aptitude,Simple Interest,Hard,Banking,0.301
Q05737,Data Interpretation,Data Sufficiency (DI),Medium,"Placements,General",0.551
Q05738,Verbal Ability,Verbal Analogies,Hard,SSC,0.224
Q05739,Verbal Ability,Cloze Test,Hard,"Banking,SSC",0.35
Q05740,Logical Reasoning,Cubes & Dice,Easy,"TCS NQT,Placements",0.8
Q05741,Data Interpretation,Pie Charts,Medium,TCS NQT,0.446
Q05742,Verbal Ability,Error Spotting,Hard,"Banking,SSC,Placements",0.302
Q05743,Quantitative Aptitude,Quadratic Equations,Hard,Placements,0.326
Q05744,Quantitative Aptitude,Ratio & Proportion,Medium,"General,Placements",0.517
Q05745,Quantitative Aptitude,Number System,Easy,"Placements,Banking,SSC",0.764
Q05746,Quantitative Aptitude,Linear Equations,Easy,"Placements,CAT,SSC",0.834
Q05747,Logical Reasoning,Cubes & Dice,Medium,"CAT,TCS NQT",0.457
Q05748,Data Interpretation,Line Graphs,Medium,Banking,0.512
Q05749,Verbal Ability,Para Jumbles,Easy,SSC,0.841
Q05750,Logical Reasoning,Coding-Decoding,Medium,General,0.574
Q05751,Verbal Ability,Idioms & Phrases,Medium,Placements,0.605
Q05752,Quantitative Aptitude,"Time, Speed & Distance",Medium,"General,Placements",0.508
Q05753,Verbal Ability,Para Jumbles,Hard,"TCS NQT,Placements,CAT",0.231
Q05754,Quantitative Aptitude,Linear Equations,Medium,"CAT,TCS NQT,Banking",0.544
Q05755,Data Interpretation,Bar Graphs,Medium,"SSC,TCS NQT,CAT",0.548
Q05756,Logical Reasoning,Input-Output,Medium,CAT,0.561
Q05757,Verbal Ability,Idioms & Phrases,Hard,"Placements,TCS NQT",0.31
Q05758,Verbal Ability,Fill in the Blanks,Hard,"TCS NQT,General",0.252
Q05759,Data Interpretation,Pie Charts,Hard,"TCS NQT,SSC,Banking",0.364
Q05760,Logical Reasoning,Analogy,Medium,General,0.552
Q05761,Quantitative Aptitude,Partnership,Hard,Banking,0.322
Q05762,Quantitative Aptitude,Probability,Easy,"CAT,General,SSC",0.806
Q05763,Logical Reasoning,Statement & Assumption,Easy,"TCS NQT,General",0.771
Q05764,Quantitative Aptitude,"Time, Speed & Distance",Easy,TCS NQT,0.781
Q05765,Data Interpretation,Data Sufficiency (DI),Easy,"Placements,TCS NQT,Banking",0.846
Q05766,Verbal Ability,Synonyms & Antonyms,Medium,"SSC,General,TCS NQT",0.544
Q05767,Verbal Ability,Reading Comprehension,Hard,"CAT,TCS NQT,Placements",0.316
Q05768,Data Interpretation,Line Graphs,Medium,"Banking,Placements,CAT",0.593
Q05769,Quantitative Aptitude,Percentages,Hard,TCS NQT,0.345
Q05770,Quantitative Aptitude,"Time, Speed & Distance",Medium,"SSC,TCS NQT,Placements",0.555
Q05771,Data Interpretation,Tables,Easy,General,0.808
Q05772,Verbal Ability,Synonyms & Antonyms,Hard,SSC,0.35
Q05773,Verbal Ability,Para Jumbles,Medium,"SSC,Banking",0.543
Q05774,Logical Reasoning,Statement & Conclusion,Medium,"Placements,General,CAT",0.494
Q05775,Quantitative Aptitude,Profit & Loss,Hard,"SSC,TCS NQT",0.265
Q05776,Quantitative Aptitude,Logarithms,Medium,"Placements,CAT,General",0.46
Q05777,Quantitative Aptitude,Pipes & Cisterns,Easy,"General,CAT,Placements",0.762
Q05778,Quantitative Aptitude,Percentages,Medium,"Placements,CAT,SSC",0.579
Q05779,Quantitative Aptitude,Partnership,Medium,"Placements,General,TCS NQT",0.523
Q05780,Data Interpretation,Line Graphs,Hard,"Banking,General,SSC",0.313
Q05781,Quantitative Aptitude,Compound Interest,Hard,"CAT,Placements,SSC",0.275
Q05782,Quantitative Aptitude,Partnership,Medium,CAT,0.538
Q05783,Verbal Ability,Synonyms & Antonyms,Easy,"CAT,Banking,SSC",0.826
Q05784,Logical Reasoning,Syllogisms,Medium,"SSC,Banking",0.59
Q05785,Data Interpretation,Tables,Easy,General,0.782
Q05786,Logical Reasoning,Syllogisms,Medium,"General,TCS NQT",0.455
Q05787,Quantitative Aptitude,Ratio & Proportion,Medium,"Banking,General",0.6
Q05788,Quantitative Aptitude,Linear Equations,Medium,"TCS NQT,CAT",0.643
Q05789,Logical Reasoning,Statement & Assumption,Medium,CAT,0.548
Q05790,Quantitative Aptitude,Surds & Indices,Medium,General,0.591
Q05791,Verbal Ability,Synonyms & Antonyms,Medium,"CAT,Banking,General",0.467
Q05792,Logical Reasoning,Analogy,Medium,"Banking,TCS NQT",0.554
Q05793,Data Interpretation,Bar Graphs,Medium,TCS NQT,0.546
Q05794,Logical Reasoning,Series Completion,Hard,CAT,0.397
Q05795,Logical Reasoning,Statement & Conclusion,Hard,General,0.263
Q05796,Verbal Ability,Idioms & Phrases,Easy,"CAT,TCS NQT",0.796
Q05797,Quantitative Aptitude,Quadratic Equations,Medium,"Placements,General",0.548
Q05798,Quantitative Aptitude,Progressions (AP/GP),Medium,Placements,0.636
Q05799,Logical Reasoning,Puzzles,Hard,"Banking,CAT",0.393
Q05800,Quantitative Aptitude,Permutation & Combination,Medium,SSC,0.55
Q05801,Verbal Ability,Para Summary,Hard,"SSC,Banking,TCS NQT",0.297
Q05802,Verbal Ability,Odd One Out,Easy,Banking,0.775
Q05803,Logical Reasoning,Statement & Assumption,Hard,"Banking,Placements,CAT",0.314
Q05804,Quantitative Aptitude,Progressions (AP/GP),Medium,"Banking,SSC,TCS NQT",0.548
Q05805,Logical Reasoning,Syllogisms,Medium,"TCS NQT,SSC",0.566
Q05806,Quantitative Aptitude,Averages,Hard,"General,CAT",0.332
Q05807,Logical Reasoning,Cubes & Dice,Hard,"Banking,Placements",0.353
Q05808,Verbal Ability,Cloze Test,Easy,"TCS NQT,Placements",0.783
Q05809,Verbal Ability,Error Spotting,Easy,TCS NQT,0.74
Q05810,Quantitative Aptitude,Geometry,Easy,"CAT,SSC",0.784
Q05811,Logical Reasoning,Ranking & Order,Medium,Banking,0.467
Q05812,Verbal Ability,Sentence Correction,Medium,Placements,0.55
Q05813,Logical Reasoning,Ranking & Order,Hard,Banking,0.368
Q05814,Quantitative Aptitude,Simple Interest,Easy,SSC,0.846
Q05815,Data Interpretation,Line Graphs,Hard,"Placements,Banking",0.285
Q05816,Verbal Ability,Cloze Test,Medium,General,0.505
Q05817,Data Interpretation,Mixed DI Sets,Easy,"TCS NQT,SSC,General",0.756
Q05818,Logical Reasoning,Direction Sense,Easy,General,0.792
Q05819,Data Interpretation,Venn-based DI,Medium,"General,CAT,Banking",0.513
Q05820,Logical Reasoning,Puzzles,Hard,"TCS NQT,Banking,Placements",0.258
Q05821,Logical Reasoning,Statement & Assumption,Easy,"SSC,CAT,Banking",0.783
Q05822,Verbal Ability,Critical Reasoning,Medium,Placements,0.628
Q05823,Quantitative Aptitude,Probability,Easy,"Placements,General",0.841
Q05824,Logical Reasoning,Clocks & Calendars,Easy,"Placements,SSC",0.847
Q05825,Quantitative Aptitude,Surds & Indices,Easy,SSC,0.751
Q05826,Quantitative Aptitude,Probability,Hard,Placements,0.289
Q05827,Logical Reasoning,Statement & Assumption,Hard,"Placements,CAT",0.366
Q05828,Quantitative Aptitude,Partnership,Medium,CAT,0.493
Q05829,Quantitative Aptitude,Profit & Loss,Easy,"SSC,TCS NQT,Banking",0.805
Q05830,Data Interpretation,Data Sufficiency (DI),Easy,SSC,0.837
Q05831,Quantitative Aptitude,Pipes & Cisterns,Medium,"SSC,Banking",0.578
Q05832,Data Interpretation,Data Sufficiency (DI),Easy,"TCS NQT,SSC,Banking",0.887
Q05833,Verbal Ability,Fill in the Blanks,Easy,"Banking,TCS NQT",0.802
Q05834,Logical Reasoning,Statement & Conclusion,Easy,"General,SSC,Placements",0.733
Q05835,Quantitative Aptitude,Linear Equations,Medium,Banking,0.465
Q05836,Quantitative Aptitude,Linear Equations,Easy,"Banking,SSC,General",0.758
Q05837,Data Interpretation,Data Sufficiency (DI),Hard,"TCS NQT,General,Banking",0.31
Q05838,Verbal Ability,Para Jumbles,Easy,"Placements,SSC",0.8
Q05839,Quantitative Aptitude,Compound Interest,Hard,Placements,0.352
Q05840,Data Interpretation,Mixed DI Sets,Medium,"SSC,CAT",0.57
Q05841,Quantitative Aptitude,Probability,Easy,"CAT,TCS NQT,SSC",0.752
Q05842,Quantitative Aptitude,Logarithms,Medium,"TCS NQT,CAT",0.539
Q05843,Quantitative Aptitude,Algebra,Medium,Banking,0.646
Q05844,Data Interpretation,Line Graphs,Easy,"SSC,TCS NQT",0.753
Q05845,Quantitative Aptitude,Quadratic Equations,Hard,"SSC,Banking",0.379
Q05846,Quantitative Aptitude,Time & Work,Hard,Placements,0.302
Q05847,Data Interpretation,Bar Graphs,Medium,"SSC,Placements",0.583
Q05848,Quantitative Aptitude,Ratio & Proportion,Medium,"General,TCS NQT",0.589
Q05849,Quantitative Aptitude,Simple Interest,Easy,"Placements,Banking",0.72
Q05850,Verbal Ability,Para Jumbles,Medium,"CAT,SSC",0.576
Q05851,Quantitative Aptitude,Set Theory,Medium,"TCS NQT,Placements,General",0.465
Q05852,Logical Reasoning,Coding-Decoding,Easy,"CAT,SSC",0.852
Q05853,Logical Reasoning,Venn Diagrams,Easy,"Placements,CAT",0.802
Q05854,Logical Reasoning,Cubes & Dice,Medium,"Banking,Placements,General",0.557
Q05855,Logical Reasoning,Statement & Assumption,Medium,General,0.522
Q05856,Quantitative Aptitude,Number System,Easy,TCS NQT,0.692
Q05857,Logical Reasoning,Puzzles,Hard,"TCS NQT,SSC",0.317
Q05858,Data Interpretation,Line Graphs,Medium,CAT,0.609
Q05859,Data Interpretation,Pie Charts,Easy,"General,TCS NQT",0.834
Q05860,Logical Reasoning,Cubes & Dice,Medium,TCS NQT,0.486
Q05861,Quantitative Aptitude,Averages,Medium,"Placements,General",0.58
Q05862,Quantitative Aptitude,Linear Equations,Easy,"SSC,Placements,Banking",0.893
Q05863,Quantitative Aptitude,Permutation & Combination,Hard,"SSC,General",0.391
Q05864,Quantitative Aptitude,Surds & Indices,Easy,"General,Banking,CAT",0.81
Q05865,Data Interpretation,Pie Charts,Easy,"Placements,General",0.753
Q05866,Quantitative Aptitude,Set Theory,Easy,"CAT,TCS NQT,Banking",0.769
Q05867,Verbal Ability,Fill in the Blanks,Medium,"Placements,General,Banking",0.498
Q05868,Verbal Ability,Odd One Out,Medium,"Placements,TCS NQT",0.557
Q05869,Quantitative Aptitude,Geometry,Medium,"General,SSC",0.573
Q05870,Quantitative Aptitude,Geometry,Medium,Placements,0.563
Q05871,Quantitative Aptitude,Mensuration,Medium,CAT,0.517
Q05872,Verbal Ability,Critical Reasoning,Medium,General,0.552
Q05873,Verbal Ability,Reading Comprehension,Easy,"General,SSC,Placements",0.815
Q05874,Quantitative Aptitude,Mensuration,Medium,"CAT,General,SSC",0.615
Q05875,Verbal Ability,Fill in the Blanks,Hard,"TCS NQT,CAT,General",0.214
Q05876,Verbal Ability,Reading Comprehension,Hard,Banking,0.316
Q05877,Quantitative Aptitude,Surds & Indices,Easy,General,0.737
Q05878,Quantitative Aptitude,Compound Interest,Easy,SSC,0.808
Q05879,Data Interpretation,Line Graphs,Easy,"Banking,Placements",0.875
Q05880,Data Interpretation,Pie Charts,Hard,"CAT,TCS NQT",0.28
Q05881,Logical Reasoning,Clocks & Calendars,Hard,TCS NQT,0.236
Q05882,Logical Reasoning,Puzzles,Easy,Banking,0.837
Q05883,Data Interpretation,Venn-based DI,Medium,"General,CAT,Banking",0.497
Q05884,Quantitative Aptitude,Time & Work,Hard,Placements,0.32
Q05885,Verbal Ability,Para Jumbles,Hard,Banking,0.258
Q05886,Logical Reasoning,Data Sufficiency,Medium,"General,Placements",0.524
Q05887,Quantitative Aptitude,Permutation & Combination,Medium,"Placements,CAT",0.494
Q05888,Quantitative Aptitude,Logarithms,Medium,"Placements,TCS NQT,Banking",0.525
Q05889,Verbal Ability,Sentence Correction,Medium,"Placements,SSC",0.493
Q05890,Data Interpretation,Mixed DI Sets,Hard,"General,Placements,TCS NQT",0.304
Q05891,Verbal Ability,Synonyms & Antonyms,Easy,Placements,0.91
Q05892,Data Interpretation,Radar/Spider Charts,Hard,General,0.332
Q05893,Data Interpretation,Tables,Easy,"TCS NQT,General,Placements",0.806
Q05894,Verbal Ability,Reading Comprehension,Medium,"SSC,Banking",0.575
Q05895,Quantitative Aptitude,Partnership,Medium,"Placements,SSC,General",0.53
Q05896,Data Interpretation,Line Graphs,Easy,Banking,0.752
Q05897,Quantitative Aptitude,Geometry,Easy,TCS NQT,0.786
Q05898,Data Interpretation,Mixed DI Sets,Hard,Banking,0.287
Q05899,Quantitative Aptitude,Quadratic Equations,Medium,CAT,0.61
Q05900,Logical Reasoning,Cubes & Dice,Hard,TCS NQT,0.335
Q05901,Quantitative Aptitude,Time & Work,Easy,"TCS NQT,Banking",0.747
Q05902,Data Interpretation,Pie Charts,Medium,"Placements,General,Banking",0.441
Q05903,Quantitative Aptitude,Percentages,Medium,CAT,0.573
Q05904,Logical Reasoning,Analogy,Medium,Placements,0.546
Q05905,Verbal Ability,Para Summary,Medium,SSC,0.485
Q05906,Data Interpretation,Venn-based DI,Medium,TCS NQT,0.583
Q05907,Verbal Ability,Cloze Test,Hard,"General,Placements,CAT",0.325
Q05908,Data Interpretation,Radar/Spider Charts,Easy,"General,Banking,SSC",0.823
Q05909,Logical Reasoning,Statement & Conclusion,Medium,"Banking,Placements",0.597
Q05910,Verbal Ability,Fill in the Blanks,Medium,"SSC,Placements",0.526
Q05911,Data Interpretation,Line Graphs,Easy,Placements,0.818
Q05912,Quantitative Aptitude,Partnership,Easy,Placements,0.883
Q05913,Data Interpretation,Line Graphs,Medium,"TCS NQT,CAT,General",0.559
Q05914,Quantitative Aptitude,Logarithms,Easy,"SSC,Placements",0.864
Q05915,Logical Reasoning,Data Sufficiency,Hard,"General,TCS NQT,Placements",0.327
Q05916,Logical Reasoning,Coding-Decoding,Easy,General,0.799
Q05917,Quantitative Aptitude,Linear Equations,Hard,"CAT,Banking",0.301
Q05918,Quantitative Aptitude,Time & Work,Easy,"SSC,Placements,General",0.785
Q05919,Quantitative Aptitude,Set Theory,Hard,Banking,0.343
Q05920,Verbal Ability,Sentence Correction,Hard,"General,Banking,Placements",0.31
Q05921,Logical Reasoning,Seating Arrangement,Medium,"CAT,TCS NQT,General",0.522
Q05922,Verbal Ability,Critical Reasoning,Medium,"General,Banking",0.684
Q05923,Verbal Ability,Critical Reasoning,Medium,Placements,0.577
Q05924,Quantitative Aptitude,Number System,Medium,"General,SSC",0.495
Q05925,Verbal Ability,Sentence Correction,Hard,"SSC,CAT,General",0.291
Q05926,Verbal Ability,Synonyms & Antonyms,Hard,General,0.264
Q05927,Verbal Ability,Para Jumbles,Hard,Banking,0.27
Q05928,Quantitative Aptitude,Time & Work,Hard,"General,CAT",0.287
Q05929,Verbal Ability,Idioms & Phrases,Medium,"General,Banking",0.493
Q05930,Data Interpretation,Tables,Easy,"General,Banking,SSC",0.723
Q05931,Verbal Ability,Para Summary,Easy,SSC,0.861
Q05932,Verbal Ability,Error Spotting,Medium,"Banking,CAT",0.504
Q05933,Verbal Ability,Fill in the Blanks,Medium,"SSC,TCS NQT",0.6
Q05934,Logical Reasoning,Seating Arrangement,Easy,General,0.754
Q05935,Data Interpretation,Pie Charts,Medium,"CAT,Banking",0.57
Q05936,Logical Reasoning,Statement & Conclusion,Medium,CAT,0.403
Q05937,Data Interpretation,Mixed DI Sets,Medium,"Banking,SSC",0.564
Q05938,Data Interpretation,Bar Graphs,Medium,"General,CAT,Banking",0.502
Q05939,Verbal Ability,Verbal Analogies,Medium,TCS NQT,0.487
Q05940,Verbal Ability,Fill in the Blanks,Medium,"TCS NQT,Banking",0.477
Q05941,Logical Reasoning,Data Sufficiency,Medium,CAT,0.514
Q05942,Quantitative Aptitude,Trigonometry,Easy,Placements,0.844
Q05943,Logical Reasoning,Blood Relations,Easy,"Placements,Banking",0.769
Q05944,Logical Reasoning,Coding-Decoding,Medium,"CAT,General,Banking",0.555
Q05945,Logical Reasoning,Puzzles,Medium,General,0.576
Q05946,Quantitative Aptitude,Surds & Indices,Medium,Placements,0.536
Q05947,Data Interpretation,Caselets,Medium,Placements,0.395
Q05948,Quantitative Aptitude,Progressions (AP/GP),Medium,General,0.528
Q05949,Logical Reasoning,Input-Output,Medium,"Banking,General,TCS NQT",0.519
Q05950,Logical Reasoning,Ranking & Order,Medium,TCS NQT,0.454
Q05951,Logical Reasoning,Analogy,Easy,CAT,0.832
Q05952,Logical Reasoning,Coding-Decoding,Medium,"Banking,General",0.567
Q05953,Quantitative Aptitude,Ratio & Proportion,Easy,TCS NQT,0.78
Q05954,Data Interpretation,Line Graphs,Medium,Banking,0.475
Q05955,Quantitative Aptitude,Set Theory,Easy,"General,CAT",0.876
Q05956,Logical Reasoning,Cubes & Dice,Medium,"General,TCS NQT",0.479
Q05957,Logical Reasoning,Analogy,Easy,"TCS NQT,Banking,SSC",0.782
Q05958,Quantitative Aptitude,Ratio & Proportion,Medium,"Placements,TCS NQT,SSC",0.539
Q05959,Verbal Ability,Sentence Correction,Medium,TCS NQT,0.527
Q05960,Data Interpretation,Pie Charts,Medium,"Banking,SSC,TCS NQT",0.587
Q05961,Logical Reasoning,Series Completion,Medium,TCS NQT,0.53
Q05962,Quantitative Aptitude,Surds & Indices,Easy,"TCS NQT,SSC,Placements",0.756
Q05963,Quantitative Aptitude,Ratio & Proportion,Easy,Placements,0.836
Q05964,Quantitative Aptitude,Percentages,Easy,CAT,0.78
Q05965,Verbal Ability,Verbal Analogies,Hard,SSC,0.262
Q05966,Data Interpretation,Bar Graphs,Easy,"Banking,General",0.753
Q05967,Logical Reasoning,Statement & Conclusion,Easy,"TCS NQT,Banking",0.772
Q05968,Logical Reasoning,Clocks & Calendars,Easy,"CAT,General",0.848
Q05969,Data Interpretation,Bar Graphs,Hard,Banking,0.391
Q05970,Quantitative Aptitude,Probability,Medium,"Banking,SSC",0.503
Q05971,Verbal Ability,Critical Reasoning,Medium,"General,Banking,TCS NQT",0.559
Q05972,Data Interpretation,Data Sufficiency (DI),Medium,"TCS NQT,Banking",0.557
Q05973,Logical Reasoning,Cubes & Dice,Easy,"CAT,Banking",0.858
Q05974,Verbal Ability,Sentence Correction,Easy,"SSC,Banking",0.857
Q05975,Quantitative Aptitude,Partnership,Medium,SSC,0.566
Q05976,Logical Reasoning,Venn Diagrams,Medium,CAT,0.583
Q05977,Verbal Ability,Para Summary,Medium,SSC,0.473
Q05978,Data Interpretation,Mixed DI Sets,Medium,"Placements,Banking,General",0.59
Q05979,Verbal Ability,Reading Comprehension,Easy,"General,Banking,SSC",0.842
Q05980,Quantitative Aptitude,Progressions (AP/GP),Medium,"TCS NQT,Placements",0.532
Q05981,Logical Reasoning,Cubes & Dice,Medium,"CAT,General",0.504
Q05982,Data Interpretation,Mixed DI Sets,Medium,TCS NQT,0.514
Q05983,Quantitative Aptitude,Partnership,Easy,"Placements,SSC",0.733
Q05984,Data Interpretation,Tables,Medium,General,0.642
Q05985,Logical Reasoning,Data Sufficiency,Easy,"Banking,CAT,Placements",0.793
Q05986,Data Interpretation,Mixed DI Sets,Medium,"CAT,Placements",0.601
Q05987,Verbal Ability,Idioms & Phrases,Easy,Banking,0.76
Q05988,Logical Reasoning,Input-Output,Easy,"Placements,Banking,SSC",0.861
Q05989,Quantitative Aptitude,Ratio & Proportion,Easy,SSC,0.836
Q05990,Logical Reasoning,Clocks & Calendars,Medium,"TCS NQT,General,SSC",0.534
Q05991,Quantitative Aptitude,Logarithms,Medium,"SSC,General",0.571
Q05992,Verbal Ability,Para Summary,Medium,"Banking,Placements,SSC",0.549
Q05993,Verbal Ability,Fill in the Blanks,Easy,"SSC,Placements",0.762
Q05994,Quantitative Aptitude,Mixtures & Alligations,Easy,"SSC,CAT,General",0.806
Q05995,Verbal Ability,Verbal Analogies,Medium,Banking,0.555
Q05996,Quantitative Aptitude,Progressions (AP/GP),Medium,"TCS NQT,Placements,General",0.633
Q05997,Verbal Ability,Error Spotting,Hard,"SSC,TCS NQT",0.377
Q05998,Verbal Ability,Odd One Out,Easy,"Placements,TCS NQT",0.822
Q05999,Quantitative Aptitude,Averages,Easy,"SSC,CAT",0.785
Q06000,Data Interpretation,Venn-based DI,Medium,"General,TCS NQT,Placements",0.451
Q06001,Verbal Ability,Synonyms & Antonyms,Medium,CAT,0.642
Q06002,Data Interpretation,Mixed DI Sets,Medium,"Banking,Placements,General",0.571
Q06003,Data Interpretation,Tables,Medium,"General,TCS NQT,SSC",0.592
Q06004,Quantitative Aptitude,Simple Interest,Easy,Placements,0.882
Q06005,Quantitative Aptitude,Simple Interest,Medium,TCS NQT,0.514
Q06006,Verbal Ability,Odd One Out,Easy,CAT,0.827
Q06007,Verbal Ability,Error Spotting,Medium,CAT,0.557
Q06008,Quantitative Aptitude,Trigonometry,Hard,Banking,0.377
Q06009,Quantitative Aptitude,Algebra,Easy,"TCS NQT,SSC",0.828
Q06010,Verbal Ability,Sentence Correction,Medium,"General,Banking",0.5
Q06011,Logical Reasoning,Data Sufficiency,Easy,"Banking,TCS NQT",0.801
Q06012,Logical Reasoning,Direction Sense,Medium,CAT,0.594
Q06013,Quantitative Aptitude,Ratio & Proportion,Easy,CAT,0.73
Q06014,Quantitative Aptitude,Mixtures & Alligations,Hard,"TCS NQT,Banking",0.276
Q06015,Logical Reasoning,Clocks & Calendars,Medium,"CAT,Placements",0.563
Q06016,Quantitative Aptitude,Pipes & Cisterns,Hard,"Placements,TCS NQT,CAT",0.306
Q06017,Logical Reasoning,Blood Relations,Easy,General,0.792
Q06018,Verbal Ability,Fill in the Blanks,Easy,Placements,0.706
Q06019,Logical Reasoning,Puzzles,Medium,General,0.605
Q06020,Data Interpretation,Radar/Spider Charts,Medium,"Banking,SSC",0.542
Q06021,Data Interpretation,Venn-based DI,Easy,"TCS NQT,Banking,Placements",0.883
Q06022,Logical Reasoning,Venn Diagrams,Easy,"SSC,Banking,CAT",0.865
Q06023,Quantitative Aptitude,Probability,Hard,"CAT,TCS NQT",0.319
Q06024,Verbal Ability,Verbal Analogies,Medium,CAT,0.591
Q06025,Quantitative Aptitude,Averages,Medium,"SSC,TCS NQT,General",0.568
Q06026,Quantitative Aptitude,"Time, Speed & Distance",Hard,"General,SSC",0.394
Q06027,Verbal Ability,Para Summary,Easy,"Placements,CAT",0.835
Q06028,Quantitative Aptitude,Profit & Loss,Medium,TCS NQT,0.56
Q06029,Logical Reasoning,Data Sufficiency,Medium,Placements,0.53
Q06030,Quantitative Aptitude,Mixtures & Alligations,Easy,Placements,0.855
Q06031,Quantitative Aptitude,Geometry,Medium,General,0.505
Q06032,Verbal Ability,Error Spotting,Medium,CAT,0.583
Q06033,Quantitative Aptitude,Ratio & Proportion,Medium,SSC,0.532
Q06034,Quantitative Aptitude,Mensuration,Medium,"Placements,SSC",0.647
Q06035,Data Interpretation,Data Sufficiency (DI),Medium,General,0.512
Q06036,Quantitative Aptitude,Simple Interest,Medium,SSC,0.435
Q06037,Quantitative Aptitude,Ratio & Proportion,Easy,"Banking,TCS NQT,General",0.793
Q06038,Logical Reasoning,Ranking & Order,Easy,"CAT,General,SSC",0.8
Q06039,Quantitative Aptitude,Partnership,Hard,"Placements,TCS NQT,SSC",0.212
Q06040,Logical Reasoning,Ranking & Order,Medium,"CAT,Placements,General",0.566
Q06041,Quantitative Aptitude,Set Theory,Medium,"Banking,General,SSC",0.586
Q06042,Logical Reasoning,Seating Arrangement,Medium,"SSC,Placements",0.608
Q06043,Logical Reasoning,Syllogisms,Medium,"Placements,SSC",0.55
Q06044,Logical Reasoning,Syllogisms,Medium,Placements,0.426
Q06045,Verbal Ability,Idioms & Phrases,Medium,"CAT,Placements",0.46
Q06046,Logical Reasoning,Coding-Decoding,Medium,"TCS NQT,SSC,Banking",0.489
Q06047,Data Interpretation,Data Sufficiency (DI),Medium,"Placements,Banking",0.565
Q06048,Data Interpretation,Mixed DI Sets,Medium,"Placements,General,TCS NQT",0.579
Q06049,Data Interpretation,Line Graphs,Easy,"Placements,TCS NQT,General",0.805
Q06050,Data Interpretation,Bar Graphs,Medium,CAT,0.52
Q06051,Quantitative Aptitude,Compound Interest,Medium,"Banking,TCS NQT",0.483
Q06052,Verbal Ability,Para Jumbles,Hard,Placements,0.354
Q06053,Data Interpretation,Bar Graphs,Easy,CAT,0.745
Q06054,Logical Reasoning,Statement & Assumption,Easy,SSC,0.726
Q06055,Verbal Ability,Para Summary,Medium,"Banking,CAT",0.559
Q06056,Logical Reasoning,Puzzles,Medium,"Banking,General,SSC",0.642
Q06057,Quantitative Aptitude,Number System,Medium,"Banking,Placements",0.562
Q06058,Quantitative Aptitude,Trigonometry,Easy,"TCS NQT,SSC,General",0.761
Q06059,Logical Reasoning,Statement & Assumption,Medium,"CAT,Placements,SSC",0.513
Q06060,Data Interpretation,Mixed DI Sets,Medium,CAT,0.544
Q06061,Quantitative Aptitude,Profit & Loss,Medium,Placements,0.514
Q06062,Verbal Ability,Error Spotting,Hard,"TCS NQT,SSC,Banking",0.3
Q06063,Verbal Ability,Synonyms & Antonyms,Easy,CAT,0.781
Q06064,Data Interpretation,Tables,Easy,"General,Placements",0.845
Q06065,Logical Reasoning,Syllogisms,Medium,TCS NQT,0.59
Q06066,Verbal Ability,Critical Reasoning,Easy,"CAT,TCS NQT",0.763
Q06067,Verbal Ability,Error Spotting,Medium,CAT,0.535
Q06068,Logical Reasoning,Cubes & Dice,Easy,"Placements,General,TCS NQT",0.829
Q06069,Verbal Ability,Critical Reasoning,Hard,SSC,0.357
Q06070,Logical Reasoning,Syllogisms,Medium,"General,Banking",0.524
Q06071,Data Interpretation,Caselets,Medium,"TCS NQT,Banking,CAT",0.651
Q06072,Quantitative Aptitude,Trigonometry,Easy,"General,Banking,SSC",0.781
Q06073,Data Interpretation,Caselets,Medium,"CAT,TCS NQT",0.523
Q06074,Logical Reasoning,Coding-Decoding,Hard,"CAT,Banking",0.339
Q06075,Quantitative Aptitude,Linear Equations,Easy,"TCS NQT,Placements,Banking",0.679
Q06076,Quantitative Aptitude,Compound Interest,Hard,"Banking,Placements,SSC",0.312
Q06077,Data Interpretation,Venn-based DI,Medium,Placements,0.575
Q06078,Verbal Ability,Synonyms & Antonyms,Easy,"TCS NQT,CAT",0.819
Q06079,Quantitative Aptitude,Progressions (AP/GP),Easy,"SSC,Banking,TCS NQT",0.73
Q06080,Quantitative Aptitude,Probability,Medium,"General,SSC",0.521
Q06081,Quantitative Aptitude,Permutation & Combination,Medium,"General,Placements,TCS NQT",0.561
Q06082,Quantitative Aptitude,Trigonometry,Hard,General,0.306
Q06083,Verbal Ability,Sentence Correction,Medium,"TCS NQT,CAT",0.585
Q06084,Verbal Ability,Synonyms & Antonyms,Medium,Placements,0.445
Q06085,Verbal Ability,Para Jumbles,Easy,CAT,0.755
Q06086,Quantitative Aptitude,Simple Interest,Easy,"Banking,TCS NQT,CAT",0.703
Q06087,Quantitative Aptitude,Ratio & Proportion,Medium,"SSC,TCS NQT,Banking",0.513
Q06088,Data Interpretation,Bar Graphs,Medium,"CAT,Banking,General",0.549
Q06089,Verbal Ability,Odd One Out,Easy,"General,CAT",0.834
Q06090,Data Interpretation,Tables,Medium,"Placements,SSC,CAT",0.669
Q06091,Logical Reasoning,Statement & Conclusion,Hard,"SSC,Placements,General",0.269
Q06092,Quantitative Aptitude,Pipes & Cisterns,Medium,Banking,0.565
Q06093,Quantitative Aptitude,Simple Interest,Medium,Placements,0.538
Q06094,Quantitative Aptitude,Compound Interest,Easy,"Banking,SSC",0.828
Q06095,Quantitative Aptitude,Ratio & Proportion,Easy,TCS NQT,0.793
Q06096,Quantitative Aptitude,Mensuration,Medium,Placements,0.508
Q06097,Data Interpretation,Bar Graphs,Medium,"SSC,Placements",0.503
Q06098,Verbal Ability,Synonyms & Antonyms,Medium,Banking,0.554
Q06099,Quantitative Aptitude,Time & Work,Hard,"General,SSC",0.243
Q06100,Data Interpretation,Caselets,Hard,"General,Banking,Placements",0.267
Q06101,Quantitative Aptitude,"Time, Speed & Distance",Medium,"General,CAT,Placements",0.63
Q06102,Quantitative Aptitude,"Time, Speed & Distance",Medium,"SSC,General",0.577
Q06103,Data Interpretation,Radar/Spider Charts,Easy,SSC,0.845
Q06104,Quantitative Aptitude,Permutation & Combination,Medium,"Banking,TCS NQT,SSC",0.509
Q06105,Verbal Ability,Reading Comprehension,Easy,"Banking,CAT",0.843
Q06106,Logical Reasoning,Coding-Decoding,Easy,SSC,0.83
Q06107,Quantitative Aptitude,Logarithms,Medium,"Banking,TCS NQT,SSC",0.619
Q06108,Quantitative Aptitude,Profit & Loss,Easy,"SSC,Placements,Banking",0.68
Q06109,Logical Reasoning,Analogy,Medium,"TCS NQT,Placements",0.581
Q06110,Verbal Ability,Para Summary,Medium,"General,Placements",0.552
Q06111,Quantitative Aptitude,Time & Work,Hard,"General,SSC,Banking",0.322
Q06112,Logical Reasoning,Statement & Assumption,Medium,"Placements,Banking",0.566
Q06113,Logical Reasoning,Analogy,Easy,"SSC,Placements",0.831
Q06114,Quantitative Aptitude,Time & Work,Easy,"TCS NQT,Placements",0.814
Q06115,Verbal Ability,Reading Comprehension,Easy,"CAT,Banking",0.874
Q06116,Quantitative Aptitude,Linear Equations,Hard,"CAT,Placements,TCS NQT",0.347
Q06117,Logical Reasoning,Blood Relations,Hard,"SSC,TCS NQT,Placements",0.326
Q06118,Quantitative Aptitude,Compound Interest,Easy,"SSC,CAT,TCS NQT",0.818
Q06119,Quantitative Aptitude,Algebra,Medium,"Placements,CAT",0.546
Q06120,Verbal Ability,Synonyms & Antonyms,Easy,"SSC,General,Banking",0.849
Q06121,Quantitative Aptitude,Ratio & Proportion,Hard,"Placements,Banking",0.369
Q06122,Quantitative Aptitude,Surds & Indices,Hard,"Placements,Banking,General",0.282
Q06123,Logical Reasoning,Clocks & Calendars,Medium,"Placements,CAT,Banking",0.549
Q06124,Data Interpretation,Data Sufficiency (DI),Hard,SSC,0.256
Q06125,Quantitative Aptitude,Surds & Indices,Easy,"TCS NQT,General",0.737
Q06126,Verbal Ability,Reading Comprehension,Easy,"General,TCS NQT,SSC",0.789
Q06127,Quantitative Aptitude,Simple Interest,Medium,Placements,0.636
Q06128,Data Interpretation,Pie Charts,Easy,General,0.794
Q06129,Verbal Ability,Idioms & Phrases,Easy,CAT,0.778
Q06130,Quantitative Aptitude,Averages,Easy,"TCS NQT,Placements,General",0.796
Q06131,Quantitative Aptitude,Profit & Loss,Hard,"CAT,Placements,TCS NQT",0.228
Q06132,Quantitative Aptitude,Simple Interest,Easy,CAT,0.828
Q06133,Quantitative Aptitude,Linear Equations,Medium,"SSC,TCS NQT,CAT",0.434
Q06134,Quantitative Aptitude,Partnership,Easy,"TCS NQT,Placements",0.831
Q06135,Quantitative Aptitude,Geometry,Easy,"Banking,TCS NQT,General",0.784
Q06136,Verbal Ability,Para Summary,Medium,"CAT,General",0.562
Q06137,Quantitative Aptitude,Progressions (AP/GP),Hard,TCS NQT,0.226
Q06138,Data Interpretation,Mixed DI Sets,Easy,"TCS NQT,General",0.822
Q06139,Quantitative Aptitude,Percentages,Medium,"SSC,General",0.499
Q06140,Quantitative Aptitude,Compound Interest,Hard,"CAT,General,Banking",0.351
Q06141,Quantitative Aptitude,Time & Work,Easy,"TCS NQT,Banking,General",0.844
Q06142,Quantitative Aptitude,Set Theory,Medium,"Banking,Placements,SSC",0.552
Q06143,Logical Reasoning,Venn Diagrams,Medium,"Banking,General,SSC",0.523
Q06144,Data Interpretation,Data Sufficiency (DI),Medium,"SSC,CAT,Banking",0.53
Q06145,Logical Reasoning,Direction Sense,Medium,SSC,0.591
Q06146,Data Interpretation,Line Graphs,Medium,TCS NQT,0.587
Q06147,Quantitative Aptitude,Compound Interest,Medium,"Banking,Placements,TCS NQT",0.637
Q06148,Logical Reasoning,Seating Arrangement,Easy,Placements,0.722
Q06149,Logical Reasoning,Blood Relations,Medium,"General,CAT",0.548
Q06150,Quantitative Aptitude,Percentages,Medium,"Placements,TCS NQT",0.622
Q06151,Verbal Ability,Critical Reasoning,Medium,"Placements,CAT,SSC",0.554
Q06152,Quantitative Aptitude,Pipes & Cisterns,Medium,"TCS NQT,General",0.647
Q06153,Quantitative Aptitude,Partnership,Medium,CAT,0.517
Q06154,Verbal Ability,Odd One Out,Medium,"Banking,Placements,General",0.774
Q06155,Verbal Ability,Verbal Analogies,Medium,"TCS NQT,General,SSC",0.605
Q06156,Logical Reasoning,Puzzles,Medium,"Placements,TCS NQT,General",0.644
Q06157,Data Interpretation,Pie Charts,Easy,"TCS NQT,CAT,General",0.745
Q06158,Verbal Ability,Sentence Correction,Easy,"Banking,General",0.75
Q06159,Data Interpretation,Bar Graphs,Hard,"General,Placements,CAT",0.272
Q06160,Data Interpretation,Bar Graphs,Hard,SSC,0.404
Q06161,Logical Reasoning,Series Completion,Medium,"Placements,TCS NQT,SSC",0.648
Q06162,Quantitative Aptitude,"Time, Speed & Distance",Medium,"Banking,Placements,CAT",0.624
Q06163,Quantitative Aptitude,Number System,Medium,"General,CAT",0.56
Q06164,Data Interpretation,Mixed DI Sets,Medium,SSC,0.554
Q06165,Verbal Ability,Sentence Correction,Easy,"Placements,TCS NQT,CAT",0.778
Q06166,Quantitative Aptitude,Linear Equations,Medium,"General,Placements,Banking",0.56
Q06167,Quantitative Aptitude,Logarithms,Easy,General,0.774
Q06168,Quantitative Aptitude,Progressions (AP/GP),Easy,"CAT,General,Banking",0.845
Q06169,Quantitative Aptitude,Quadratic Equations,Easy,"General,Banking,Placements",0.765
Q06170,Verbal Ability,Odd One Out,Easy,"Placements,General",0.855
Q06171,Logical Reasoning,Coding-Decoding,Medium,"Placements,TCS NQT,Banking",0.606
Q06172,Data Interpretation,Tables,Easy,Banking,0.884
Q06173,Logical Reasoning,Input-Output,Hard,"CAT,TCS NQT,SSC",0.332
Q06174,Quantitative Aptitude,Set Theory,Easy,General,0.736
Q06175,Logical Reasoning,Ranking & Order,Medium,Banking,0.509
Q06176,Verbal Ability,Odd One Out,Hard,Placements,0.248
Q06177,Verbal Ability,Para Summary,Medium,"SSC,CAT,TCS NQT",0.481
Q06178,Logical Reasoning,Seating Arrangement,Hard,Placements,0.26
Q06179,Logical Reasoning,Coding-Decoding,Hard,Placements,0.252
Q06180,Data Interpretation,Line Graphs,Easy,General,0.785
Q06181,Quantitative Aptitude,Probability,Easy,"General,Placements,SSC",0.81
Q06182,Data Interpretation,Line Graphs,Hard,"General,TCS NQT",0.326
Q06183,Logical Reasoning,Seating Arrangement,Easy,"Banking,SSC,CAT",0.771
Q06184,Verbal Ability,Para Summary,Easy,"Banking,General",0.768
Q06185,Quantitative Aptitude,Simple Interest,Medium,"CAT,Banking,SSC",0.619
Q06186,Logical Reasoning,Coding-Decoding,Hard,General,0.359
Q06187,Logical Reasoning,Puzzles,Easy,"SSC,Placements,CAT",0.792
Q06188,Logical Reasoning,Direction Sense,Easy,"TCS NQT,Banking",0.77
Q06189,Data Interpretation,Data Sufficiency (DI),Easy,Banking,0.833
Q06190,Logical Reasoning,Puzzles,Easy,"TCS NQT,Banking",0.855
Q06191,Quantitative Aptitude,Progressions (AP/GP),Easy,"General,Placements,SSC",0.764
Q06192,Verbal Ability,Fill in the Blanks,Medium,"Banking,Placements,CAT",0.489
Q06193,Verbal Ability,Error Spotting,Medium,"Placements,Banking,TCS NQT",0.577
Q06194,Verbal Ability,Fill in the Blanks,Hard,"Banking,TCS NQT,General",0.28
Q06195,Verbal Ability,Synonyms & Antonyms,Medium,"SSC,TCS NQT,CAT",0.563
Q06196,Verbal Ability,Synonyms & Antonyms,Easy,"Banking,Placements",0.801
Q06197,Verbal Ability,Critical Reasoning,Medium,"TCS NQT,General,Placements",0.525
Q06198,Quantitative Aptitude,Algebra,Medium,"Placements,TCS NQT",0.592
Q06199,Data Interpretation,Caselets,Medium,"Banking,CAT,General",0.479
Q06200,Logical Reasoning,Clocks & Calendars,Easy,TCS NQT,0.829
Q06201,Verbal Ability,Verbal Analogies,Medium,Banking,0.53
Q06202,Verbal Ability,Critical Reasoning,Easy,"Banking,Placements,General",0.855
Q06203,Logical Reasoning,Input-Output,Medium,"SSC,CAT,Banking",0.565
Q06204,Verbal Ability,Verbal Analogies,Hard,"Banking,General,CAT",0.437
Q06205,Logical Reasoning,Blood Relations,Hard,"TCS NQT,Banking,SSC",0.215
Q06206,Logical Reasoning,Analogy,Easy,"TCS NQT,SSC",0.857
Q06207,Logical Reasoning,Clocks & Calendars,Hard,"SSC,CAT",0.265
Q06208,Quantitative Aptitude,Permutation & Combination,Easy,TCS NQT,0.844
Q06209,Verbal Ability,Idioms & Phrases,Easy,"CAT,Banking",0.814
Q06210,Verbal Ability,Odd One Out,Easy,SSC,0.791
Q06211,Quantitative Aptitude,Mensuration,Hard,"General,SSC,Placements",0.285
Q06212,Logical Reasoning,Ranking & Order,Hard,"TCS NQT,General,CAT",0.324
Q06213,Verbal Ability,Para Summary,Hard,"TCS NQT,General",0.344
Q06214,Quantitative Aptitude,Number System,Easy,"SSC,General",0.802
Q06215,Verbal Ability,Reading Comprehension,Medium,"Placements,TCS NQT,Banking",0.526
Q06216,Verbal Ability,Reading Comprehension,Easy,"Placements,CAT",0.84
Q06217,Verbal Ability,Reading Comprehension,Medium,Banking,0.488
Q06218,Logical Reasoning,Direction Sense,Hard,"CAT,Banking",0.271
Q06219,Quantitative Aptitude,Quadratic Equations,Easy,"TCS NQT,General",0.835
Q06220,Quantitative Aptitude,Percentages,Hard,TCS NQT,0.35
Q06221,Verbal Ability,Synonyms & Antonyms,Medium,"TCS NQT,SSC",0.591
Q06222,Quantitative Aptitude,Linear Equations,Easy,"CAT,Placements,General",0.788
Q06223,Quantitative Aptitude,Probability,Medium,"TCS NQT,General,Placements",0.634
Q06224,Quantitative Aptitude,Surds & Indices,Medium,SSC,0.623
Q06225,Verbal Ability,Odd One Out,Medium,"General,TCS NQT",0.522
Q06226,Verbal Ability,Idioms & Phrases,Easy,TCS NQT,0.856
Q06227,Logical Reasoning,Analogy,Hard,"General,CAT",0.265
Q06228,Data Interpretation,Venn-based DI,Medium,"Banking,Placements",0.545
Q06229,Logical Reasoning,Blood Relations,Easy,Banking,0.802
Q06230,Quantitative Aptitude,Linear Equations,Medium,CAT,0.583
Q06231,Quantitative Aptitude,Number System,Medium,CAT,0.614
Q06232,Logical Reasoning,Data Sufficiency,Easy,"Banking,General,CAT",0.792
Q06233,Data Interpretation,Mixed DI Sets,Easy,"Placements,CAT,SSC",0.819
Q06234,Data Interpretation,Data Sufficiency (DI),Medium,"CAT,TCS NQT",0.523
Q06235,Quantitative Aptitude,Averages,Medium,"Placements,Banking,SSC",0.54
Q06236,Verbal Ability,Para Summary,Medium,"TCS NQT,CAT",0.503
Q06237,Logical Reasoning,Analogy,Medium,"CAT,General,Banking",0.605
Q06238,Quantitative Aptitude,Time & Work,Hard,"General,CAT",0.313
Q06239,Logical Reasoning,Blood Relations,Easy,General,0.753
Q06240,Verbal Ability,Sentence Correction,Easy,"SSC,CAT",0.731
Q06241,Data Interpretation,Bar Graphs,Medium,SSC,0.583
Q06242,Quantitative Aptitude,Mixtures & Alligations,Medium,"SSC,Placements",0.529
Q06243,Quantitative Aptitude,Logarithms,Medium,"CAT,Banking,TCS NQT",0.57
Q06244,Verbal Ability,Critical Reasoning,Easy,"SSC,Banking,TCS NQT",0.854
Q06245,Data Interpretation,Mixed DI Sets,Medium,SSC,0.465
Q06246,Data Interpretation,Bar Graphs,Medium,"Placements,General",0.46
Q06247,Verbal Ability,Para Jumbles,Medium,"SSC,TCS NQT",0.587
Q06248,Verbal Ability,Verbal Analogies,Medium,"Banking,Placements",0.505
Q06249,Verbal Ability,Fill in the Blanks,Easy,"Placements,General",0.784
Q06250,Logical Reasoning,Coding-Decoding,Hard,TCS NQT,0.335
Q06251,Logical Reasoning,Blood Relations,Medium,"Placements,General",0.553
Q06252,Logical Reasoning,Clocks & Calendars,Easy,"CAT,SSC",0.839
Q06253,Quantitative Aptitude,Trigonometry,Easy,"Banking,General",0.791
Q06254,Logical Reasoning,Clocks & Calendars,Hard,"SSC,General,TCS NQT",0.34
Q06255,Verbal Ability,Verbal Analogies,Medium,TCS NQT,0.592
Q06256,Quantitative Aptitude,Geometry,Easy,"Placements,CAT",0.774
Q06257,Quantitative Aptitude,Ratio & Proportion,Easy,"Placements,SSC,CAT",0.847
Q06258,Quantitative Aptitude,Trigonometry,Medium,Placements,0.489
Q06259,Quantitative Aptitude,Mixtures & Alligations,Easy,"General,SSC",0.841
Q06260,Data Interpretation,Tables,Hard,Placements,0.301
Q06261,Verbal Ability,Error Spotting,Medium,"CAT,General,Placements",0.622
Q06262,Quantitative Aptitude,Quadratic Equations,Medium,General,0.623
Q06263,Logical Reasoning,Coding-Decoding,Medium,CAT,0.496
Q06264,Logical Reasoning,Analogy,Easy,General,0.803
Q06265,Data Interpretation,Line Graphs,Easy,"Banking,General,Placements",0.825
Q06266,Logical Reasoning,Input-Output,Easy,"TCS NQT,General",0.785
Q06267,Logical Reasoning,Statement & Assumption,Easy,"SSC,TCS NQT,General",0.867
Q06268,Logical Reasoning,Venn Diagrams,Medium,"SSC,Placements,TCS NQT",0.536
Q06269,Quantitative Aptitude,Progressions (AP/GP),Easy,"SSC,Placements,General",0.797
Q06270,Verbal Ability,Synonyms & Antonyms,Easy,"SSC,CAT,Banking",0.858
Q06271,Quantitative Aptitude,Simple Interest,Medium,"SSC,Banking,General",0.516
Q06272,Data Interpretation,Pie Charts,Easy,"CAT,General",0.836
Q06273,Quantitative Aptitude,Algebra,Medium,TCS NQT,0.532
Q06274,Verbal Ability,Cloze Test,Easy,SSC,0.796
Q06275,Logical Reasoning,Clocks & Calendars,Medium,"CAT,SSC,Banking",0.549
Q06276,Logical Reasoning,Cubes & Dice,Medium,"SSC,Banking",0.513
Q06277,Verbal Ability,Sentence Correction,Easy,"General,Placements",0.767
Q06278,Quantitative Aptitude,Linear Equations,Medium,SSC,0.511
Q06279,Data Interpretation,Radar/Spider Charts,Medium,"General,SSC,CAT",0.477
Q06280,Quantitative Aptitude,Mensuration,Hard,SSC,0.386
Q06281,Data Interpretation,Caselets,Medium,"TCS NQT,Banking,Placements",0.599
Q06282,Quantitative Aptitude,Averages,Medium,"TCS NQT,Placements",0.512
Q06283,Verbal Ability,Reading Comprehension,Easy,"Placements,Banking",0.8
Q06284,Quantitative Aptitude,Permutation & Combination,Medium,"CAT,Placements,TCS NQT",0.587
Q06285,Logical Reasoning,Puzzles,Easy,"Placements,Banking,CAT",0.891
Q06286,Quantitative Aptitude,Profit & Loss,Easy,"Placements,General,TCS NQT",0.757
Q06287,Quantitative Aptitude,Geometry,Medium,TCS NQT,0.522
Q06288,Data Interpretation,Radar/Spider Charts,Easy,"TCS NQT,Placements,CAT",0.809
Q06289,Logical Reasoning,Data Sufficiency,Medium,Banking,0.51
Q06290,Quantitative Aptitude,Probability,Medium,"Placements,CAT",0.688
Q06291,Logical Reasoning,Clocks & Calendars,Medium,"Banking,Placements,SSC",0.633
Q06292,Quantitative Aptitude,Surds & Indices,Easy,SSC,0.756
Q06293,Quantitative Aptitude,Time & Work,Easy,Banking,0.872
Q06294,Verbal Ability,Error Spotting,Medium,"Banking,SSC",0.56
Q06295,Verbal Ability,Cloze Test,Easy,SSC,0.73
Q06296,Verbal Ability,Error Spotting,Easy,Banking,0.748
Q06297,Quantitative Aptitude,Permutation & Combination,Medium,CAT,0.557
Q06298,Verbal Ability,Idioms & Phrases,Medium,"CAT,SSC,Banking",0.58
Q06299,Logical Reasoning,Analogy,Medium,SSC,0.524
Q06300,Quantitative Aptitude,Averages,Easy,"Banking,CAT",0.831
Q06301,Logical Reasoning,Analogy,Hard,"General,Banking",0.24
Q06302,Data Interpretation,Line Graphs,Medium,"Banking,TCS NQT,CAT",0.476
Q06303,Logical Reasoning,Clocks & Calendars,Hard,Placements,0.4
Q06304,Quantitative Aptitude,Quadratic Equations,Easy,TCS NQT,0.795
Q06305,Logical Reasoning,Statement & Conclusion,Medium,"General,Banking",0.528
Q06306,Data Interpretation,Caselets,Medium,"CAT,TCS NQT",0.593
Q06307,Logical Reasoning,Blood Relations,Medium,"CAT,General,TCS NQT",0.573
Q06308,Logical Reasoning,Venn Diagrams,Medium,"Placements,TCS NQT",0.602
Q06309,Data Interpretation,Bar Graphs,Medium,"Placements,SSC,General",0.503
Q06310,Quantitative Aptitude,Simple Interest,Hard,"CAT,TCS NQT,Banking",0.287
Q06311,Logical Reasoning,Clocks & Calendars,Medium,"Placements,SSC",0.601
Q06312,Verbal Ability,Para Summary,Medium,"General,TCS NQT",0.55
Q06313,Logical Reasoning,Clocks & Calendars,Easy,"General,TCS NQT,Banking",0.828
Q06314,Verbal Ability,Verbal Analogies,Medium,"Banking,Placements",0.598
Q06315,Quantitative Aptitude,Probability,Medium,"Banking,SSC",0.547
Q06316,Data Interpretation,Mixed DI Sets,Easy,"Placements,TCS NQT,CAT",0.81
Q06317,Quantitative Aptitude,Progressions (AP/GP),Medium,Placements,0.572
Q06318,Quantitative Aptitude,Compound Interest,Easy,Banking,0.78
Q06319,Quantitative Aptitude,Pipes & Cisterns,Medium,"Banking,TCS NQT,CAT",0.626
Q06320,Logical Reasoning,Direction Sense,Easy,"TCS NQT,General",0.863
Q06321,Verbal Ability,Sentence Correction,Hard,"TCS NQT,Banking,CAT",0.298
Q06322,Quantitative Aptitude,Mensuration,Easy,SSC,0.743
Q06323,Verbal Ability,Verbal Analogies,Medium,"SSC,General,TCS NQT",0.516
Q06324,Data Interpretation,Pie Charts,Hard,"Placements,Banking",0.249
Q06325,Data Interpretation,Radar/Spider Charts,Medium,TCS NQT,0.478
Q06326,Quantitative Aptitude,Quadratic Equations,Medium,"CAT,General,Placements",0.623
Q06327,Logical Reasoning,Series Completion,Easy,"CAT,Placements,SSC",0.791
Q06328,Logical Reasoning,Input-Output,Easy,"CAT,General,Placements",0.809
Q06329,Logical Reasoning,Analogy,Easy,"CAT,SSC,TCS NQT",0.767
Q06330,Logical Reasoning,Blood Relations,Medium,General,0.473
Q06331,Quantitative Aptitude,Logarithms,Medium,"General,TCS NQT,Placements",0.45
Q06332,Verbal Ability,Para Jumbles,Medium,"Banking,TCS NQT",0.555
Q06333,Quantitative Aptitude,Percentages,Hard,"SSC,Placements",0.253
Q06334,Quantitative Aptitude,Probability,Medium,"Banking,TCS NQT",0.625
Q06335,Data Interpretation,Tables,Medium,SSC,0.533
Q06336,Logical Reasoning,Seating Arrangement,Hard,"General,SSC,CAT",0.339
Q06337,Verbal Ability,Error Spotting,Hard,"General,CAT",0.286
Q06338,Logical Reasoning,Venn Diagrams,Hard,Placements,0.375
Q06339,Logical Reasoning,Ranking & Order,Easy,General,0.835
Q06340,Quantitative Aptitude,Pipes & Cisterns,Medium,CAT,0.412
Q06341,Quantitative Aptitude,Progressions (AP/GP),Medium,TCS NQT,0.543
Q06342,Verbal Ability,Para Jumbles,Easy,Placements,0.87
Q06343,Data Interpretation,Venn-based DI,Easy,TCS NQT,0.76
Q06344,Data Interpretation,Radar/Spider Charts,Medium,"Placements,SSC",0.588
Q06345,Data Interpretation,Mixed DI Sets,Medium,Placements,0.422
Q06346,Quantitative Aptitude,Pipes & Cisterns,Medium,"CAT,TCS NQT",0.479
Q06347,Logical Reasoning,Syllogisms,Easy,"TCS NQT,SSC,CAT",0.759
Q06348,Data Interpretation,Venn-based DI,Medium,"CAT,General,SSC",0.515
Q06349,Verbal Ability,Fill in the Blanks,Hard,Placements,0.252
Q06350,Logical Reasoning,Clocks & Calendars,Medium,General,0.521
Q06351,Data Interpretation,Radar/Spider Charts,Medium,Banking,0.601
Q06352,Logical Reasoning,Seating Arrangement,Easy,"General,TCS NQT",0.756
Q06353,Logical Reasoning,Analogy,Hard,Banking,0.314
Q06354,Logical Reasoning,Ranking & Order,Easy,Banking,0.857
Q06355,Logical Reasoning,Seating Arrangement,Medium,General,0.487
Q06356,Data Interpretation,Mixed DI Sets,Hard,"General,TCS NQT,Banking",0.267
Q06357,Verbal Ability,Verbal Analogies,Easy,Placements,0.755
Q06358,Verbal Ability,Fill in the Blanks,Hard,TCS NQT,0.314
Q06359,Logical Reasoning,Syllogisms,Medium,"CAT,SSC,TCS NQT",0.565
Q06360,Data Interpretation,Data Sufficiency (DI),Easy,SSC,0.807
Q06361,Quantitative Aptitude,Set Theory,Medium,"Banking,Placements",0.511
Q06362,Logical Reasoning,Seating Arrangement,Medium,"SSC,Banking,TCS NQT",0.57
Q06363,Quantitative Aptitude,Ratio & Proportion,Hard,"Banking,TCS NQT,Placements",0.223
Q06364,Verbal Ability,Fill in the Blanks,Medium,"CAT,General",0.598
Q06365,Data Interpretation,Data Sufficiency (DI),Medium,"Placements,Banking",0.595
Q06366,Logical Reasoning,Syllogisms,Hard,"Placements,TCS NQT,General",0.381
Q06367,Quantitative Aptitude,Trigonometry,Easy,"Placements,Banking",0.735
Q06368,Data Interpretation,Bar Graphs,Medium,TCS NQT,0.558
Q06369,Logical Reasoning,Input-Output,Hard,"Banking,General,CAT",0.405
Q06370,Quantitative Aptitude,Algebra,Medium,SSC,0.462
Q06371,Quantitative Aptitude,Time & Work,Medium,"CAT,Banking,SSC",0.455
Q06372,Logical Reasoning,Statement & Conclusion,Easy,General,0.79
Q06373,Data Interpretation,Data Sufficiency (DI),Easy,CAT,0.802
Q06374,Verbal Ability,Para Jumbles,Easy,"General,Banking,SSC",0.856
Q06375,Data Interpretation,Tables,Easy,"TCS NQT,SSC",0.805
Q06376,Data Interpretation,Data Sufficiency (DI),Medium,"CAT,SSC",0.601
Q06377,Quantitative Aptitude,Simple Interest,Medium,Placements,0.489
Q06378,Verbal Ability,Cloze Test,Medium,"TCS NQT,CAT,Placements",0.485
Q06379,Quantitative Aptitude,Trigonometry,Hard,CAT,0.272
Q06380,Logical Reasoning,Statement & Conclusion,Easy,Banking,0.831
Q06381,Quantitative Aptitude,Geometry,Medium,Banking,0.54
Q06382,Logical Reasoning,Direction Sense,Medium,"CAT,SSC,TCS NQT",0.586
Q06383,Data Interpretation,Caselets,Medium,"CAT,TCS NQT",0.529
Q06384,Logical Reasoning,Statement & Assumption,Hard,"SSC,Placements,CAT",0.214
Q06385,Quantitative Aptitude,Progressions (AP/GP),Easy,"TCS NQT,CAT",0.802
Q06386,Verbal Ability,Para Summary,Medium,"Banking,SSC",0.604
Q06387,Quantitative Aptitude,Partnership,Medium,"TCS NQT,CAT,Placements",0.541
Q06388,Data Interpretation,Line Graphs,Easy,"TCS NQT,SSC,Banking",0.821
Q06389,Quantitative Aptitude,Averages,Medium,"SSC,CAT",0.55
Q06390,Data Interpretation,Tables,Easy,"TCS NQT,Banking",0.88
Q06391,Data Interpretation,Line Graphs,Easy,"CAT,Banking",0.788
Q06392,Verbal Ability,Critical Reasoning,Medium,CAT,0.597
Q06393,Quantitative Aptitude,Set Theory,Hard,"TCS NQT,General",0.26
Q06394,Verbal Ability,Para Jumbles,Easy,Banking,0.76
Q06395,Quantitative Aptitude,Averages,Medium,"CAT,Placements,SSC",0.537
Q06396,Logical Reasoning,Series Completion,Medium,"TCS NQT,General,CAT",0.563
Q06397,Data Interpretation,Venn-based DI,Hard,"Placements,TCS NQT",0.331
Q06398,Logical Reasoning,Analogy,Easy,"General,SSC",0.858
Q06399,Verbal Ability,Idioms & Phrases,Hard,General,0.421
Q06400,Verbal Ability,Sentence Correction,Medium,Banking,0.546
Q06401,Logical Reasoning,Clocks & Calendars,Easy,"Banking,CAT",0.807
Q06402,Quantitative Aptitude,Averages,Easy,Placements,0.816
Q06403,Data Interpretation,Bar Graphs,Hard,"CAT,TCS NQT,General",0.276
Q06404,Quantitative Aptitude,Linear Equations,Easy,TCS NQT,0.795
Q06405,Verbal Ability,Cloze Test,Medium,"CAT,Placements",0.62
Q06406,Quantitative Aptitude,Probability,Easy,Banking,0.843
Q06407,Logical Reasoning,Direction Sense,Easy,"SSC,Placements",0.81
Q06408,Verbal Ability,Reading Comprehension,Medium,"CAT,Placements",0.518
Q06409,Verbal Ability,Sentence Correction,Medium,TCS NQT,0.505
Q06410,Data Interpretation,Bar Graphs,Easy,"General,SSC,Banking",0.847
Q06411,Quantitative Aptitude,Mensuration,Easy,CAT,0.827
Q06412,Logical Reasoning,Statement & Conclusion,Hard,"CAT,General",0.361
Q06413,Verbal Ability,Reading Comprehension,Hard,"General,Banking,SSC",0.244
Q06414,Data Interpretation,Pie Charts,Easy,"Placements,General,SSC",0.738
Q06415,Data Interpretation,Mixed DI Sets,Medium,TCS NQT,0.539
Q06416,Verbal Ability,Cloze Test,Medium,CAT,0.578
Q06417,Verbal Ability,Verbal Analogies,Medium,"General,TCS NQT",0.568
Q06418,Quantitative Aptitude,Mixtures & Alligations,Medium,General,0.539
Q06419,Quantitative Aptitude,Compound Interest,Hard,SSC,0.25
Q06420,Data Interpretation,Venn-based DI,Hard,"CAT,TCS NQT",0.256
Q06421,Quantitative Aptitude,Pipes & Cisterns,Medium,"TCS NQT,Banking,Placements",0.559
Q06422,Verbal Ability,Error Spotting,Medium,"SSC,TCS NQT",0.614
Q06423,Verbal Ability,Para Summary,Easy,Placements,0.741
Q06424,Verbal Ability,Synonyms & Antonyms,Easy,"CAT,Banking",0.792
Q06425,Logical Reasoning,Clocks & Calendars,Medium,Placements,0.545
Q06426,Verbal Ability,Critical Reasoning,Easy,SSC,0.878
Q06427,Quantitative Aptitude,Partnership,Medium,"General,Placements,TCS NQT",0.49
Q06428,Verbal Ability,Para Summary,Easy,CAT,0.884
Q06429,Quantitative Aptitude,Probability,Easy,"CAT,General,Placements",0.874
Q06430,Quantitative Aptitude,Mixtures & Alligations,Hard,"TCS NQT,Banking",0.351
Q06431,Quantitative Aptitude,Simple Interest,Medium,"Banking,Placements,CAT",0.474
Q06432,Verbal Ability,Odd One Out,Hard,Placements,0.307
Q06433,Logical Reasoning,Ranking & Order,Medium,"General,Placements",0.593
Q06434,Quantitative Aptitude,Percentages,Hard,CAT,0.245
Q06435,Quantitative Aptitude,Percentages,Easy,"SSC,Placements,Banking",0.759
Q06436,Logical Reasoning,Input-Output,Easy,"Placements,CAT,SSC",0.77
Q06437,Verbal Ability,Sentence Correction,Easy,"TCS NQT,General",0.832
Q06438,Data Interpretation,Bar Graphs,Hard,SSC,0.384
Q06439,Data Interpretation,Radar/Spider Charts,Medium,"TCS NQT,SSC",0.62
Q06440,Data Interpretation,Bar Graphs,Easy,CAT,0.769
Q06441,Logical Reasoning,Analogy,Easy,Placements,0.729
Q06442,Logical Reasoning,Venn Diagrams,Medium,"CAT,General,Banking",0.673
Q06443,Data Interpretation,Tables,Medium,"Banking,CAT,Placements",0.527
Q06444,Logical Reasoning,Syllogisms,Medium,"Banking,Placements,TCS NQT",0.594
Q06445,Quantitative Aptitude,Profit & Loss,Medium,Placements,0.624
Q06446,Verbal Ability,Idioms & Phrases,Medium,"TCS NQT,CAT",0.641
Q06447,Quantitative Aptitude,Pipes & Cisterns,Medium,"Banking,CAT,General",0.53
Q06448,Quantitative Aptitude,Trigonometry,Easy,Placements,0.771
Q06449,Quantitative Aptitude,Simple Interest,Easy,SSC,0.837
Q06450,Quantitative Aptitude,Algebra,Medium,"SSC,Banking,CAT",0.489
Q06451,Data Interpretation,Radar/Spider Charts,Medium,TCS NQT,0.574
Q06452,Quantitative Aptitude,Time & Work,Easy,"CAT,Banking,General",0.789
Q06453,Data Interpretation,Radar/Spider Charts,Hard,"SSC,Placements",0.402
Q06454,Verbal Ability,Para Summary,Easy,Placements,0.779
Q06455,Quantitative Aptitude,Ratio & Proportion,Medium,"SSC,Placements",0.662
Q06456,Verbal Ability,Synonyms & Antonyms,Easy,"Placements,CAT",0.782
Q06457,Logical Reasoning,Ranking & Order,Medium,Placements,0.564
Q06458,Quantitative Aptitude,Algebra,Medium,Placements,0.654
Q06459,Data Interpretation,Caselets,Easy,Placements,0.769
Q06460,Quantitative Aptitude,Pipes & Cisterns,Easy,"General,CAT,SSC",0.81
Q06461,Logical Reasoning,Clocks & Calendars,Hard,"Banking,General,Placements",0.341
Q06462,Logical Reasoning,Ranking & Order,Easy,"CAT,Placements,TCS NQT",0.728
Q06463,Logical Reasoning,Input-Output,Medium,"General,SSC,TCS NQT",0.564
Q06464,Quantitative Aptitude,Simple Interest,Medium,Placements,0.564
Q06465,Quantitative Aptitude,Trigonometry,Medium,"CAT,Banking",0.649
Q06466,Verbal Ability,Verbal Analogies,Easy,"General,TCS NQT",0.76
Q06467,Data Interpretation,Bar Graphs,Medium,"Placements,SSC,TCS NQT",0.561
Q06468,Verbal Ability,Error Spotting,Medium,"TCS NQT,General",0.495
Q06469,Logical Reasoning,Data Sufficiency,Medium,Banking,0.571
Q06470,Verbal Ability,Reading Comprehension,Medium,CAT,0.56
Q06471,Quantitative Aptitude,Simple Interest,Medium,"General,CAT,SSC",0.639
Q06472,Data Interpretation,Venn-based DI,Easy,"CAT,Placements,Banking",0.828
Q06473,Quantitative Aptitude,Probability,Easy,"General,SSC",0.77
Q06474,Verbal Ability,Error Spotting,Easy,"TCS NQT,Banking,SSC",0.82
Q06475,Logical Reasoning,Analogy,Easy,"Banking,TCS NQT,General",0.812
Q06476,Data Interpretation,Line Graphs,Medium,Banking,0.602
Q06477,Quantitative Aptitude,Quadratic Equations,Easy,CAT,0.804
Q06478,Logical Reasoning,Statement & Conclusion,Easy,"Banking,SSC",0.791
Q06479,Quantitative Aptitude,Number System,Hard,"General,Placements,Banking",0.292
Q06480,Quantitative Aptitude,Surds & Indices,Easy,"CAT,TCS NQT,General",0.784
Q06481,Logical Reasoning,Syllogisms,Easy,"SSC,TCS NQT",0.82
Q06482,Quantitative Aptitude,Progressions (AP/GP),Medium,CAT,0.541
Q06483,Logical Reasoning,Input-Output,Medium,"CAT,General",0.524
Q06484,Data Interpretation,Data Sufficiency (DI),Medium,"General,TCS NQT,Placements",0.576
Q06485,Verbal Ability,Para Summary,Easy,"General,Placements,TCS NQT",0.803
Q06486,Data Interpretation,Mixed DI Sets,Medium,SSC,0.534
Q06487,Quantitative Aptitude,Probability,Easy,"TCS NQT,Banking",0.853
Q06488,Quantitative Aptitude,Averages,Easy,"CAT,TCS NQT",0.848
Q06489,Logical Reasoning,Coding-Decoding,Medium,Placements,0.595
Q06490,Verbal Ability,Verbal Analogies,Easy,"Banking,SSC,TCS NQT",0.83
Q06491,Verbal Ability,Para Summary,Hard,Placements,0.353
Q06492,Data Interpretation,Bar Graphs,Medium,CAT,0.509
Q06493,Quantitative Aptitude,Time & Work,Hard,General,0.246
Q06494,Quantitative Aptitude,Pipes & Cisterns,Medium,"General,Placements",0.543
Q06495,Logical Reasoning,Blood Relations,Easy,"SSC,CAT",0.84
Q06496,Verbal Ability,Sentence Correction,Easy,CAT,0.832
Q06497,Verbal Ability,Reading Comprehension,Easy,CAT,0.758
Q06498,Verbal Ability,Idioms & Phrases,Medium,"Banking,Placements,SSC",0.469
Q06499,Quantitative Aptitude,Pipes & Cisterns,Medium,"Banking,General,Placements",0.583
Q06500,Data Interpretation,Pie Charts,Easy,"CAT,General,TCS NQT",0.8
Q06501,Quantitative Aptitude,Simple Interest,Easy,"CAT,Banking",0.805
Q06502,Quantitative Aptitude,Number System,Easy,TCS NQT,0.747
Q06503,Logical Reasoning,Seating Arrangement,Easy,"TCS NQT,Placements",0.821
Q06504,Quantitative Aptitude,Ratio & Proportion,Medium,General,0.55
Q06505,Data Interpretation,Radar/Spider Charts,Hard,Banking,0.379
Q06506,Quantitative Aptitude,Pipes & Cisterns,Medium,"General,TCS NQT,Banking",0.508
Q06507,Data Interpretation,Bar Graphs,Medium,"CAT,TCS NQT",0.481
Q06508,Verbal Ability,Error Spotting,Medium,"SSC,TCS NQT",0.55
Q06509,Verbal Ability,Para Jumbles,Easy,"Banking,General,SSC",0.911
Q06510,Quantitative Aptitude,Quadratic Equations,Easy,CAT,0.857
Q06511,Quantitative Aptitude,Percentages,Medium,TCS NQT,0.604
Q06512,Quantitative Aptitude,Progressions (AP/GP),Hard,"SSC,Placements,TCS NQT",0.317
Q06513,Verbal Ability,Para Summary,Medium,CAT,0.538
Q06514,Data Interpretation,Tables,Easy,"CAT,General",0.779
Q06515,Quantitative Aptitude,Permutation & Combination,Easy,SSC,0.769
Q06516,Quantitative Aptitude,Profit & Loss,Medium,"TCS NQT,General,SSC",0.592
Q06517,Logical Reasoning,Statement & Conclusion,Medium,"TCS NQT,Placements",0.618
Q06518,Verbal Ability,Verbal Analogies,Medium,"Placements,CAT",0.551
Q06519,Quantitative Aptitude,"Time, Speed & Distance",Medium,"SSC,CAT,TCS NQT",0.602
Q06520,Data Interpretation,Mixed DI Sets,Medium,SSC,0.557
Q06521,Verbal Ability,Sentence Correction,Medium,"Banking,General",0.519
Q06522,Verbal Ability,Reading Comprehension,Easy,"SSC,Banking",0.775
Q06523,Quantitative Aptitude,Progressions (AP/GP),Easy,"TCS NQT,SSC,General",0.816
Q06524,Verbal Ability,Verbal Analogies,Medium,"SSC,Banking,TCS NQT",0.545
Q06525,Data Interpretation,Radar/Spider Charts,Hard,General,0.346
Q06526,Logical Reasoning,Syllogisms,Easy,CAT,0.801
Q06527,Quantitative Aptitude,Probability,Medium,SSC,0.657
Q06528,Verbal Ability,Cloze Test,Easy,"CAT,Placements,General",0.801
Q06529,Quantitative Aptitude,Partnership,Medium,"Placements,General,TCS NQT",0.575
Q06530,Logical Reasoning,Cubes & Dice,Medium,"SSC,CAT,Placements",0.492
Q06531,Quantitative Aptitude,Quadratic Equations,Medium,CAT,0.56
Q06532,Quantitative Aptitude,Permutation & Combination,Medium,"TCS NQT,CAT",0.61
Q06533,Data Interpretation,Radar/Spider Charts,Easy,"General,SSC",0.767
Q06534,Verbal Ability,Synonyms & Antonyms,Medium,"Placements,SSC",0.527
Q06535,Quantitative Aptitude,Set Theory,Hard,Banking,0.204
Q06536,Quantitative Aptitude,Mixtures & Alligations,Easy,Placements,0.833
Q06537,Logical Reasoning,Data Sufficiency,Easy,"CAT,General",0.876
Q06538,Verbal Ability,Critical Reasoning,Easy,Placements,0.813
Q06539,Logical Reasoning,Puzzles,Hard,"Placements,TCS NQT,SSC",0.402
Q06540,Quantitative Aptitude,Simple Interest,Medium,"CAT,Banking,General",0.591
Q06541,Verbal Ability,Cloze Test,Hard,General,0.326
Q06542,Quantitative Aptitude,Algebra,Medium,"TCS NQT,CAT",0.516
Q06543,Logical Reasoning,Clocks & Calendars,Medium,"Banking,CAT,TCS NQT",0.475
Q06544,Verbal Ability,Reading Comprehension,Easy,"TCS NQT,Placements",0.805
Q06545,Verbal Ability,Sentence Correction,Hard,SSC,0.286
Q06546,Verbal Ability,Para Summary,Easy,"CAT,General",0.814
Q06547,Verbal Ability,Para Jumbles,Medium,TCS NQT,0.637
Q06548,Quantitative Aptitude,Ratio & Proportion,Medium,"Placements,Banking,CAT",0.562
Q06549,Quantitative Aptitude,Number System,Hard,General,0.322
Q06550,Data Interpretation,Line Graphs,Easy,Placements,0.833
Q06551,Data Interpretation,Data Sufficiency (DI),Easy,SSC,0.846
Q06552,Quantitative Aptitude,Profit & Loss,Medium,CAT,0.595
Q06553,Quantitative Aptitude,Set Theory,Hard,"TCS NQT,SSC",0.306
Q06554,Verbal Ability,Reading Comprehension,Easy,"General,Banking",0.748
Q06555,Logical Reasoning,Input-Output,Medium,"Placements,SSC",0.573
Q06556,Quantitative Aptitude,Mixtures & Alligations,Easy,"General,CAT",0.772
Q06557,Logical Reasoning,Clocks & Calendars,Medium,"Placements,General,Banking",0.438
Q06558,Quantitative Aptitude,Geometry,Easy,General,0.787
Q06559,Logical Reasoning,Clocks & Calendars,Hard,"CAT,General",0.252
Q06560,Logical Reasoning,Seating Arrangement,Easy,"Placements,CAT",0.771
Q06561,Verbal Ability,Fill in the Blanks,Medium,"General,Placements",0.454
Q06562,Data Interpretation,Caselets,Easy,"Placements,SSC",0.798
Q06563,Data Interpretation,Tables,Medium,"TCS NQT,Banking",0.568
Q06564,Quantitative Aptitude,Profit & Loss,Hard,"Banking,TCS NQT",0.33
Q06565,Verbal Ability,Synonyms & Antonyms,Easy,SSC,0.817
Q06566,Verbal Ability,Para Jumbles,Medium,"General,Placements,Banking",0.503
Q06567,Verbal Ability,Cloze Test,Medium,Banking,0.571
Q06568,Quantitative Aptitude,Mensuration,Hard,TCS NQT,0.374
Q06569,Quantitative Aptitude,Quadratic Equations,Medium,"General,Banking",0.524
Q06570,Quantitative Aptitude,Linear Equations,Easy,"Banking,Placements,TCS NQT",0.882
Q06571,Verbal Ability,Critical Reasoning,Hard,TCS NQT,0.319
Q06572,Quantitative Aptitude,Mensuration,Easy,"TCS NQT,Banking",0.949
Q06573,Quantitative Aptitude,Permutation & Combination,Easy,"TCS NQT,SSC",0.731
Q06574,Quantitative Aptitude,Trigonometry,Medium,"CAT,Placements",0.538
Q06575,Data Interpretation,Bar Graphs,Hard,"Placements,SSC,CAT",0.273
Q06576,Verbal Ability,Reading Comprehension,Easy,"CAT,TCS NQT",0.807
Q06577,Verbal Ability,Critical Reasoning,Medium,"TCS NQT,Banking,SSC",0.594
Q06578,Quantitative Aptitude,Compound Interest,Hard,Placements,0.354
Q06579,Quantitative Aptitude,Algebra,Hard,"Placements,SSC",0.261
Q06580,Verbal Ability,Reading Comprehension,Easy,"General,Banking",0.78
Q06581,Verbal Ability,Error Spotting,Easy,"TCS NQT,Placements",0.817
Q06582,Verbal Ability,Para Jumbles,Medium,CAT,0.585
Q06583,Quantitative Aptitude,Algebra,Hard,"Banking,SSC,TCS NQT",0.279
Q06584,Verbal Ability,Synonyms & Antonyms,Medium,"SSC,TCS NQT",0.495
Q06585,Quantitative Aptitude,Time & Work,Easy,Banking,0.79
Q06586,Logical Reasoning,Statement & Conclusion,Easy,"General,CAT",0.793
Q06587,Verbal Ability,Para Jumbles,Hard,General,0.244
Q06588,Quantitative Aptitude,Partnership,Hard,"Banking,Placements,CAT",0.283
Q06589,Quantitative Aptitude,Permutation & Combination,Hard,Banking,0.272
Q06590,Logical Reasoning,Statement & Assumption,Hard,General,0.303
Q06591,Verbal Ability,Para Summary,Medium,SSC,0.594
Q06592,Logical Reasoning,Statement & Assumption,Medium,"General,TCS NQT",0.579
Q06593,Logical Reasoning,Clocks & Calendars,Medium,"TCS NQT,Placements,CAT",0.47
Q06594,Logical Reasoning,Statement & Conclusion,Easy,"Banking,TCS NQT,CAT",0.823
Q06595,Quantitative Aptitude,Quadratic Equations,Easy,"SSC,CAT",0.783
Q06596,Verbal Ability,Fill in the Blanks,Easy,CAT,0.852
Q06597,Logical Reasoning,Syllogisms,Easy,CAT,0.816
Q06598,Verbal Ability,Synonyms & Antonyms,Easy,"SSC,Placements",0.75
Q06599,Logical Reasoning,Statement & Conclusion,Hard,General,0.277
Q06600,Data Interpretation,Line Graphs,Medium,CAT,0.558
Q06601,Logical Reasoning,Puzzles,Medium,"Banking,CAT,SSC",0.508
Q06602,Data Interpretation,Venn-based DI,Medium,"CAT,Placements",0.558
Q06603,Quantitative Aptitude,Trigonometry,Medium,CAT,0.622
Q06604,Logical Reasoning,Ranking & Order,Easy,CAT,0.864
Q06605,Verbal Ability,Sentence Correction,Easy,CAT,0.853
Q06606,Verbal Ability,Error Spotting,Hard,CAT,0.407
Q06607,Data Interpretation,Radar/Spider Charts,Hard,"TCS NQT,General,CAT",0.283
Q06608,Quantitative Aptitude,Profit & Loss,Hard,SSC,0.309
Q06609,Logical Reasoning,Syllogisms,Hard,Placements,0.256
Q06610,Verbal Ability,Critical Reasoning,Hard,"CAT,Placements",0.219
Q06611,Quantitative Aptitude,Simple Interest,Hard,"Banking,CAT,General",0.268
Q06612,Logical Reasoning,Input-Output,Easy,General,0.851
Q06613,Quantitative Aptitude,Simple Interest,Medium,"Banking,Placements,SSC",0.562
Q06614,Verbal Ability,Cloze Test,Easy,"TCS NQT,CAT,SSC",0.858
Q06615,Verbal Ability,Para Jumbles,Hard,"General,SSC,Banking",0.344
Q06616,Verbal Ability,Idioms & Phrases,Medium,"SSC,CAT",0.552
Q06617,Verbal Ability,Cloze Test,Easy,CAT,0.787
Q06618,Quantitative Aptitude,"Time, Speed & Distance",Easy,"SSC,Placements",0.793
Q06619,Data Interpretation,Mixed DI Sets,Easy,"Placements,CAT,TCS NQT",0.804
Q06620,Quantitative Aptitude,Trigonometry,Medium,TCS NQT,0.57
Q06621,Quantitative Aptitude,Permutation & Combination,Hard,"Banking,TCS NQT,CAT",0.302
Q06622,Quantitative Aptitude,Trigonometry,Medium,Banking,0.553
Q06623,Verbal Ability,Verbal Analogies,Easy,General,0.786
Q06624,Logical Reasoning,Statement & Assumption,Easy,"CAT,Banking",0.809
Q06625,Data Interpretation,Pie Charts,Medium,"CAT,TCS NQT",0.528
Q06626,Quantitative Aptitude,Partnership,Medium,"CAT,TCS NQT,Banking",0.502
Q06627,Quantitative Aptitude,Compound Interest,Hard,Placements,0.308
Q06628,Quantitative Aptitude,Surds & Indices,Medium,"TCS NQT,Banking,SSC",0.571
Q06629,Logical Reasoning,Analogy,Medium,"CAT,TCS NQT",0.581
Q06630,Logical Reasoning,Series Completion,Hard,"SSC,Placements",0.397
Q06631,Quantitative Aptitude,Percentages,Medium,"Banking,TCS NQT",0.594
Q06632,Verbal Ability,Para Jumbles,Easy,Placements,0.828
Q06633,Quantitative Aptitude,Mixtures & Alligations,Easy,"CAT,TCS NQT,SSC",0.734
Q06634,Data Interpretation,Mixed DI Sets,Medium,"TCS NQT,CAT",0.599
Q06635,Quantitative Aptitude,Number System,Medium,General,0.598
Q06636,Quantitative Aptitude,Averages,Hard,"SSC,Placements,TCS NQT",0.302
Q06637,Quantitative Aptitude,"Time, Speed & Distance",Hard,"Placements,General",0.288
Q06638,Verbal Ability,Para Jumbles,Medium,"TCS NQT,CAT",0.586
Q06639,Data Interpretation,Data Sufficiency (DI),Easy,"General,Banking,SSC",0.855
Q06640,Verbal Ability,Odd One Out,Medium,"Banking,General",0.545
Q06641,Verbal Ability,Reading Comprehension,Easy,"Banking,SSC",0.767
Q06642,Quantitative Aptitude,Profit & Loss,Medium,"TCS NQT,CAT",0.581
Q06643,Logical Reasoning,Statement & Assumption,Medium,"SSC,Placements,CAT",0.451
Q06644,Quantitative Aptitude,Algebra,Medium,General,0.576
Q06645,Logical Reasoning,Puzzles,Medium,"SSC,Placements",0.585
Q06646,Verbal Ability,Para Summary,Easy,CAT,0.812
Q06647,Verbal Ability,Odd One Out,Hard,Placements,0.325
Q06648,Logical Reasoning,Series Completion,Medium,"CAT,TCS NQT",0.549
Q06649,Quantitative Aptitude,Averages,Medium,SSC,0.533
Q06650,Quantitative Aptitude,"Time, Speed & Distance",Easy,"General,CAT,Placements",0.788
Q06651,Logical Reasoning,Direction Sense,Medium,"TCS NQT,SSC",0.525
Q06652,Quantitative Aptitude,Permutation & Combination,Easy,Placements,0.712
Q06653,Quantitative Aptitude,Number System,Medium,SSC,0.512
Q06654,Logical Reasoning,Puzzles,Easy,"Banking,TCS NQT,CAT",0.831
Q06655,Verbal Ability,Reading Comprehension,Medium,"Placements,CAT",0.541
Q06656,Data Interpretation,Line Graphs,Medium,SSC,0.521
Q06657,Logical Reasoning,Seating Arrangement,Medium,"Banking,SSC",0.565
Q06658,Data Interpretation,Venn-based DI,Medium,"General,SSC",0.553
Q06659,Logical Reasoning,Ranking & Order,Medium,"Placements,General,SSC",0.528
Q06660,Quantitative Aptitude,Ratio & Proportion,Medium,"TCS NQT,CAT",0.639
Q06661,Data Interpretation,Pie Charts,Medium,SSC,0.583
Q06662,Data Interpretation,Bar Graphs,Hard,SSC,0.289
Q06663,Verbal Ability,Odd One Out,Medium,"SSC,Placements",0.6
Q06664,Verbal Ability,Odd One Out,Medium,"TCS NQT,Banking,CAT",0.667
Q06665,Verbal Ability,Fill in the Blanks,Easy,"Placements,TCS NQT",0.837
Q06666,Data Interpretation,Mixed DI Sets,Medium,"General,CAT",0.524
Q06667,Quantitative Aptitude,Compound Interest,Hard,"CAT,Banking,TCS NQT",0.264
Q06668,Logical Reasoning,Venn Diagrams,Medium,Placements,0.633
Q06669,Logical Reasoning,Statement & Assumption,Hard,"SSC,TCS NQT,Banking",0.28
Q06670,Quantitative Aptitude,Permutation & Combination,Easy,SSC,0.775
Q06671,Quantitative Aptitude,Linear Equations,Easy,"Placements,Banking",0.863
Q06672,Quantitative Aptitude,Set Theory,Medium,General,0.648
Q06673,Data Interpretation,Radar/Spider Charts,Hard,Placements,0.273
Q06674,Quantitative Aptitude,Pipes & Cisterns,Easy,"CAT,Placements",0.791
Q06675,Logical Reasoning,Clocks & Calendars,Medium,"Banking,SSC",0.508
Q06676,Quantitative Aptitude,Averages,Easy,"Banking,General",0.841
Q06677,Logical Reasoning,Direction Sense,Hard,SSC,0.26
Q06678,Logical Reasoning,Seating Arrangement,Medium,"CAT,General",0.633
Q06679,Logical Reasoning,Cubes & Dice,Hard,CAT,0.208
Q06680,Verbal Ability,Idioms & Phrases,Hard,"CAT,SSC",0.284
Q06681,Logical Reasoning,Ranking & Order,Medium,"General,Banking",0.552
Q06682,Quantitative Aptitude,Probability,Easy,"Placements,Banking,CAT",0.765
Q06683,Verbal Ability,Sentence Correction,Easy,Banking,0.823
Q06684,Quantitative Aptitude,Algebra,Medium,"Placements,TCS NQT",0.564
Q06685,Logical Reasoning,Blood Relations,Easy,Banking,0.858
Q06686,Logical Reasoning,Clocks & Calendars,Hard,SSC,0.38
Q06687,Logical Reasoning,Venn Diagrams,Hard,"Banking,Placements,General",0.249
Q06688,Logical Reasoning,Syllogisms,Easy,TCS NQT,0.801
Q06689,Logical Reasoning,Coding-Decoding,Medium,"SSC,Banking",0.504
Q06690,Logical Reasoning,Ranking & Order,Easy,Banking,0.796
Q06691,Verbal Ability,Synonyms & Antonyms,Medium,"TCS NQT,SSC,CAT",0.674
Q06692,Data Interpretation,Radar/Spider Charts,Medium,"Banking,SSC",0.61
Q06693,Quantitative Aptitude,Compound Interest,Medium,Banking,0.615
Q06694,Data Interpretation,Data Sufficiency (DI),Easy,"Placements,General,Banking",0.85
Q06695,Data Interpretation,Pie Charts,Easy,"Placements,SSC,General",0.862
Q06696,Quantitative Aptitude,Pipes & Cisterns,Easy,"Banking,General,TCS NQT",0.842
Q06697,Quantitative Aptitude,Partnership,Easy,SSC,0.727
Q06698,Data Interpretation,Line Graphs,Medium,TCS NQT,0.562
Q06699,Verbal Ability,Para Summary,Medium,"TCS NQT,Banking,CAT",0.494
Q06700,Quantitative Aptitude,Geometry,Medium,"General,CAT,SSC",0.511
Q06701,Logical Reasoning,Ranking & Order,Easy,"General,Placements,TCS NQT",0.773
Q06702,Verbal Ability,Reading Comprehension,Hard,"SSC,General,Placements",0.389
Q06703,Verbal Ability,Critical Reasoning,Medium,SSC,0.568
Q06704,Logical Reasoning,Blood Relations,Easy,"TCS NQT,General,Placements",0.78
Q06705,Verbal Ability,Odd One Out,Easy,TCS NQT,0.71
Q06706,Verbal Ability,Para Summary,Hard,"CAT,SSC,Banking",0.293
Q06707,Quantitative Aptitude,Geometry,Medium,"CAT,SSC",0.514
Q06708,Logical Reasoning,Series Completion,Easy,"General,SSC,Banking",0.833
Q06709,Verbal Ability,Odd One Out,Hard,General,0.266
Q06710,Verbal Ability,Odd One Out,Easy,"TCS NQT,Banking,General",0.86
Q06711,Data Interpretation,Mixed DI Sets,Medium,"SSC,Placements",0.626
Q06712,Logical Reasoning,Input-Output,Hard,TCS NQT,0.356
Q06713,Verbal Ability,Error Spotting,Hard,Placements,0.24
Q06714,Data Interpretation,Venn-based DI,Medium,"Placements,General",0.565
Q06715,Verbal Ability,Odd One Out,Hard,Banking,0.294
Q06716,Quantitative Aptitude,Pipes & Cisterns,Medium,Banking,0.512
Q06717,Verbal Ability,Error Spotting,Hard,Placements,0.373
Q06718,Data Interpretation,Bar Graphs,Medium,"Placements,General,TCS NQT",0.538
Q06719,Quantitative Aptitude,Trigonometry,Medium,CAT,0.591
Q06720,Quantitative Aptitude,Profit & Loss,Easy,"SSC,Banking",0.815
Q06721,Data Interpretation,Data Sufficiency (DI),Easy,"CAT,Banking,General",0.783
Q06722,Logical Reasoning,Input-Output,Medium,CAT,0.485
Q06723,Quantitative Aptitude,Mixtures & Alligations,Hard,TCS NQT,0.29
Q06724,Logical Reasoning,Data Sufficiency,Medium,SSC,0.588
Q06725,Verbal Ability,Critical Reasoning,Medium,"Banking,TCS NQT,Placements",0.461
Q06726,Quantitative Aptitude,Percentages,Medium,"Placements,CAT",0.5
Q06727,Verbal Ability,Para Summary,Medium,"CAT,Placements,TCS NQT",0.521
Q06728,Verbal Ability,Synonyms & Antonyms,Easy,Placements,0.864
Q06729,Logical Reasoning,Input-Output,Medium,"TCS NQT,CAT,General",0.527
Q06730,Verbal Ability,Critical Reasoning,Hard,General,0.413
Q06731,Logical Reasoning,Ranking & Order,Medium,"Banking,CAT",0.525
Q06732,Logical Reasoning,Syllogisms,Medium,"TCS NQT,CAT",0.554
Q06733,Verbal Ability,Para Jumbles,Medium,"Banking,CAT",0.524
Q06734,Logical Reasoning,Series Completion,Hard,Banking,0.377
Q06735,Quantitative Aptitude,"Time, Speed & Distance",Easy,"CAT,SSC",0.933
Q06736,Verbal Ability,Cloze Test,Hard,CAT,0.394
Q06737,Quantitative Aptitude,Mixtures & Alligations,Medium,"Placements,General,TCS NQT",0.556
Q06738,Logical Reasoning,Input-Output,Easy,"Placements,SSC",0.812
Q06739,Logical Reasoning,Statement & Conclusion,Medium,"TCS NQT,Placements",0.591
Q06740,Verbal Ability,Para Jumbles,Medium,"Placements,TCS NQT",0.619
Q06741,Verbal Ability,Critical Reasoning,Easy,"Banking,Placements",0.785
Q06742,Data Interpretation,Venn-based DI,Easy,TCS NQT,0.785
Q06743,Verbal Ability,Sentence Correction,Easy,"CAT,Banking,SSC",0.842
Q06744,Logical Reasoning,Statement & Conclusion,Easy,Placements,0.797
Q06745,Quantitative Aptitude,Linear Equations,Hard,"General,TCS NQT,SSC",0.393
Q06746,Logical Reasoning,Puzzles,Medium,"TCS NQT,Placements,General",0.472
Q06747,Quantitative Aptitude,Compound Interest,Medium,"General,Placements",0.501
Q06748,Verbal Ability,Odd One Out,Hard,TCS NQT,0.348
Q06749,Data Interpretation,Pie Charts,Easy,TCS NQT,0.839
Q06750,Quantitative Aptitude,Simple Interest,Easy,"Placements,SSC",0.779
Q06751,Data Interpretation,Bar Graphs,Easy,"TCS NQT,Banking",0.733
Q06752,Verbal Ability,Reading Comprehension,Easy,Banking,0.693
Q06753,Data Interpretation,Data Sufficiency (DI),Medium,"Banking,SSC",0.449
Q06754,Quantitative Aptitude,Time & Work,Medium,"Placements,TCS NQT",0.566
Q06755,Logical Reasoning,Clocks & Calendars,Hard,"Placements,TCS NQT",0.454
Q06756,Logical Reasoning,Analogy,Medium,"TCS NQT,General",0.441
Q06757,Logical Reasoning,Data Sufficiency,Easy,Banking,0.814
Q06758,Logical Reasoning,Blood Relations,Medium,"TCS NQT,Banking,SSC",0.602
Q06759,Verbal Ability,Reading Comprehension,Easy,"General,Banking",0.82
Q06760,Quantitative Aptitude,Linear Equations,Medium,"CAT,Placements",0.517
Q06761,Quantitative Aptitude,Percentages,Medium,"CAT,General,Placements",0.499
Q06762,Logical Reasoning,Syllogisms,Hard,Placements,0.324
Q06763,Logical Reasoning,Seating Arrangement,Hard,"SSC,Placements",0.285
Q06764,Data Interpretation,Bar Graphs,Hard,"SSC,TCS NQT",0.333
Q06765,Verbal Ability,Verbal Analogies,Easy,TCS NQT,0.793
Q06766,Quantitative Aptitude,Ratio & Proportion,Hard,Placements,0.304
Q06767,Logical Reasoning,Data Sufficiency,Medium,Placements,0.459
Q06768,Quantitative Aptitude,"Time, Speed & Distance",Easy,CAT,0.739
Q06769,Quantitative Aptitude,Time & Work,Easy,SSC,0.833
Q06770,Logical Reasoning,Seating Arrangement,Easy,Placements,0.811
Q06771,Quantitative Aptitude,Linear Equations,Hard,"SSC,General,CAT",0.297
Q06772,Quantitative Aptitude,Simple Interest,Medium,"General,Placements,SSC",0.56
Q06773,Verbal Ability,Critical Reasoning,Medium,"General,CAT",0.621
Q06774,Data Interpretation,Tables,Easy,"TCS NQT,General",0.843
Q06775,Data Interpretation,Venn-based DI,Medium,"SSC,Placements,TCS NQT",0.577
Q06776,Logical Reasoning,Statement & Assumption,Medium,Placements,0.633
Q06777,Logical Reasoning,Clocks & Calendars,Easy,Banking,0.95
Q06778,Quantitative Aptitude,Time & Work,Hard,"Banking,Placements,CAT",0.222
Q06779,Quantitative Aptitude,Probability,Medium,SSC,0.556
Q06780,Quantitative Aptitude,Progressions (AP/GP),Medium,"General,TCS NQT,Placements",0.49
Q06781,Quantitative Aptitude,Simple Interest,Easy,SSC,0.831
Q06782,Quantitative Aptitude,Averages,Easy,Placements,0.861
Q06783,Data Interpretation,Bar Graphs,Easy,"SSC,TCS NQT",0.798
Q06784,Quantitative Aptitude,Quadratic Equations,Medium,"TCS NQT,General",0.588
Q06785,Data Interpretation,Line Graphs,Medium,CAT,0.479
Q06786,Data Interpretation,Line Graphs,Medium,Banking,0.451
Q06787,Quantitative Aptitude,Quadratic Equations,Easy,CAT,0.762
Q06788,Quantitative Aptitude,Trigonometry,Medium,"SSC,TCS NQT",0.507
Q06789,Quantitative Aptitude,Linear Equations,Medium,"Placements,CAT",0.477
Q06790,Quantitative Aptitude,Number System,Easy,"Placements,TCS NQT",0.844
Q06791,Quantitative Aptitude,Averages,Hard,"CAT,TCS NQT,Placements",0.274
Q06792,Logical Reasoning,Cubes & Dice,Easy,"TCS NQT,CAT",0.809
Q06793,Logical Reasoning,Direction Sense,Medium,Banking,0.451
Q06794,Quantitative Aptitude,Mensuration,Medium,General,0.54
Q06795,Data Interpretation,Tables,Hard,Banking,0.342
Q06796,Quantitative Aptitude,Linear Equations,Medium,General,0.507
Q06797,Logical Reasoning,Ranking & Order,Medium,Banking,0.532
Q06798,Logical Reasoning,Statement & Conclusion,Easy,"SSC,Placements",0.847
Q06799,Logical Reasoning,Ranking & Order,Medium,"Banking,CAT",0.569
Q06800,Data Interpretation,Line Graphs,Hard,"CAT,TCS NQT,Banking",0.25
Q06801,Verbal Ability,Para Jumbles,Easy,"Placements,CAT",0.771
Q06802,Data Interpretation,Bar Graphs,Medium,"TCS NQT,Placements,SSC",0.591
Q06803,Verbal Ability,Fill in the Blanks,Easy,SSC,0.862
Q06804,Data Interpretation,Bar Graphs,Easy,Placements,0.816
Q06805,Data Interpretation,Pie Charts,Easy,SSC,0.877
Q06806,Quantitative Aptitude,Partnership,Easy,SSC,0.846
Q06807,Verbal Ability,Fill in the Blanks,Medium,SSC,0.563
Q06808,Verbal Ability,Para Jumbles,Medium,"Placements,General",0.53
Q06809,Quantitative Aptitude,Simple Interest,Easy,"General,CAT,SSC",0.823
Q06810,Verbal Ability,Sentence Correction,Hard,"CAT,TCS NQT,Banking",0.391
Q06811,Logical Reasoning,Analogy,Easy,"Banking,Placements,SSC",0.804
Q06812,Verbal Ability,Odd One Out,Hard,"Placements,SSC,TCS NQT",0.335
Q06813,Data Interpretation,Line Graphs,Medium,CAT,0.507
Q06814,Logical Reasoning,Statement & Assumption,Medium,"SSC,General,CAT",0.635
Q06815,Data Interpretation,Line Graphs,Medium,"CAT,SSC,Banking",0.568
Q06816,Verbal Ability,Odd One Out,Medium,Banking,0.567
Q06817,Data Interpretation,Radar/Spider Charts,Medium,"Banking,TCS NQT,Placements",0.496
Q06818,Quantitative Aptitude,"Time, Speed & Distance",Easy,Placements,0.8
Q06819,Verbal Ability,Verbal Analogies,Medium,"TCS NQT,Banking,SSC",0.573
Q06820,Quantitative Aptitude,Simple Interest,Medium,"TCS NQT,CAT",0.53
Q06821,Logical Reasoning,Coding-Decoding,Medium,"Banking,TCS NQT",0.473
Q06822,Verbal Ability,Cloze Test,Easy,"Banking,SSC",0.74
Q06823,Data Interpretation,Bar Graphs,Medium,"SSC,TCS NQT,General",0.648
Q06824,Quantitative Aptitude,Pipes & Cisterns,Medium,"TCS NQT,Placements,General",0.498
Q06825,Data Interpretation,Mixed DI Sets,Easy,"Banking,General,Placements",0.775
Q06826,Verbal Ability,Para Summary,Easy,CAT,0.884
Q06827,Logical Reasoning,Statement & Conclusion,Hard,"Banking,Placements",0.326
Q06828,Logical Reasoning,Coding-Decoding,Medium,"SSC,Placements",0.492
Q06829,Verbal Ability,Cloze Test,Medium,"General,SSC",0.53
Q06830,Logical Reasoning,Seating Arrangement,Medium,"Banking,Placements,TCS NQT",0.57
Q06831,Data Interpretation,Line Graphs,Hard,SSC,0.231
Q06832,Logical Reasoning,Blood Relations,Medium,TCS NQT,0.469
Q06833,Quantitative Aptitude,Time & Work,Easy,"General,Banking",0.791
Q06834,Quantitative Aptitude,Time & Work,Medium,"Banking,Placements",0.494
Q06835,Quantitative Aptitude,Probability,Hard,"Placements,TCS NQT",0.275
Q06836,Logical Reasoning,Statement & Conclusion,Easy,General,0.815
Q06837,Data Interpretation,Bar Graphs,Easy,Placements,0.87
Q06838,Data Interpretation,Line Graphs,Medium,SSC,0.571
Q06839,Verbal Ability,Para Jumbles,Medium,"TCS NQT,General",0.509
Q06840,Data Interpretation,Line Graphs,Medium,"CAT,General,Banking",0.561
Q06841,Quantitative Aptitude,Quadratic Equations,Hard,General,0.355
Q06842,Data Interpretation,Radar/Spider Charts,Hard,Placements,0.298
Q06843,Quantitative Aptitude,Geometry,Easy,"CAT,SSC",0.686
Q06844,Quantitative Aptitude,Algebra,Hard,TCS NQT,0.221
Q06845,Quantitative Aptitude,Linear Equations,Easy,"Placements,General",0.74
Q06846,Data Interpretation,Pie Charts,Easy,"SSC,CAT",0.837
Q06847,Quantitative Aptitude,Number System,Medium,"Placements,TCS NQT,CAT",0.487
Q06848,Logical Reasoning,Syllogisms,Medium,"CAT,TCS NQT,Placements",0.548
Q06849,Data Interpretation,Tables,Easy,"Placements,TCS NQT",0.803
Q06850,Quantitative Aptitude,Logarithms,Easy,Placements,0.812
Q06851,Logical Reasoning,Coding-Decoding,Easy,"Banking,CAT",0.748
Q06852,Verbal Ability,Para Jumbles,Medium,"Placements,Banking,CAT",0.509
Q06853,Quantitative Aptitude,Partnership,Medium,Banking,0.559
Q06854,Data Interpretation,Bar Graphs,Easy,"Placements,Banking,TCS NQT",0.847
Q06855,Data Interpretation,Bar Graphs,Medium,"Banking,SSC",0.581
Q06856,Quantitative Aptitude,Quadratic Equations,Hard,General,0.437
Q06857,Verbal Ability,Error Spotting,Easy,"CAT,Banking",0.877
Q06858,Logical Reasoning,Input-Output,Easy,Banking,0.874
Q06859,Logical Reasoning,Clocks & Calendars,Medium,General,0.585
Q06860,Verbal Ability,Idioms & Phrases,Medium,"SSC,CAT,TCS NQT",0.532
Q06861,Quantitative Aptitude,Progressions (AP/GP),Medium,"Placements,Banking",0.54
Q06862,Quantitative Aptitude,Time & Work,Medium,SSC,0.566
Q06863,Data Interpretation,Data Sufficiency (DI),Medium,Banking,0.519
Q06864,Logical Reasoning,Input-Output,Hard,"Placements,General,CAT",0.217
Q06865,Verbal Ability,Sentence Correction,Medium,Banking,0.561
Q06866,Verbal Ability,Para Jumbles,Hard,General,0.294
Q06867,Logical Reasoning,Statement & Conclusion,Hard,"General,CAT",0.273
Q06868,Data Interpretation,Data Sufficiency (DI),Easy,"Placements,General",0.852
Q06869,Verbal Ability,Error Spotting,Hard,Banking,0.362
Q06870,Logical Reasoning,Data Sufficiency,Medium,"SSC,CAT",0.483
Q06871,Data Interpretation,Tables,Medium,"Placements,Banking",0.522
Q06872,Quantitative Aptitude,Trigonometry,Medium,"Banking,TCS NQT,SSC",0.598
Q06873,Verbal Ability,Odd One Out,Easy,"CAT,Banking",0.753
Q06874,Verbal Ability,Error Spotting,Easy,SSC,0.881
Q06875,Verbal Ability,Verbal Analogies,Medium,"Placements,TCS NQT",0.556
Q06876,Verbal Ability,Reading Comprehension,Hard,"Banking,CAT",0.313
Q06877,Verbal Ability,Odd One Out,Easy,"SSC,CAT",0.819
Q06878,Logical Reasoning,Cubes & Dice,Medium,CAT,0.578
Q06879,Data Interpretation,Radar/Spider Charts,Hard,"TCS NQT,General,Placements",0.294
Q06880,Logical Reasoning,Coding-Decoding,Easy,"General,Placements",0.816
Q06881,Quantitative Aptitude,Percentages,Hard,SSC,0.365
Q06882,Verbal Ability,Idioms & Phrases,Medium,Banking,0.474
Q06883,Quantitative Aptitude,Mixtures & Alligations,Easy,"SSC,CAT",0.696
Q06884,Data Interpretation,Radar/Spider Charts,Hard,Placements,0.26
Q06885,Logical Reasoning,Statement & Conclusion,Hard,"Banking,SSC",0.358
Q06886,Quantitative Aptitude,"Time, Speed & Distance",Medium,"Banking,TCS NQT,SSC",0.519
Q06887,Logical Reasoning,Cubes & Dice,Easy,"CAT,Placements,SSC",0.767
Q06888,Verbal Ability,Critical Reasoning,Easy,"SSC,Placements,Banking",0.723
Q06889,Verbal Ability,Synonyms & Antonyms,Medium,"TCS NQT,General",0.611
Q06890,Quantitative Aptitude,Percentages,Medium,"General,Banking",0.586
Q06891,Data Interpretation,Line Graphs,Medium,TCS NQT,0.623
Q06892,Quantitative Aptitude,Geometry,Medium,"General,SSC,CAT",0.584
Q06893,Data Interpretation,Bar Graphs,Easy,TCS NQT,0.784
Q06894,Logical Reasoning,Venn Diagrams,Hard,TCS NQT,0.321
Q06895,Verbal Ability,Fill in the Blanks,Hard,"SSC,Banking,General",0.296
Q06896,Verbal Ability,Synonyms & Antonyms,Medium,Banking,0.584
Q06897,Logical Reasoning,Statement & Conclusion,Medium,SSC,0.551
Q06898,Verbal Ability,Verbal Analogies,Medium,"CAT,General,Placements",0.635
Q06899,Quantitative Aptitude,Trigonometry,Medium,"CAT,SSC,Banking",0.473
Q06900,Verbal Ability,Reading Comprehension,Medium,"Banking,General",0.437
Q06901,Data Interpretation,Pie Charts,Medium,"Placements,Banking",0.629
Q06902,Quantitative Aptitude,Permutation & Combination,Easy,"SSC,General,Placements",0.816
Q06903,Quantitative Aptitude,Mensuration,Medium,Banking,0.651
Q06904,Quantitative Aptitude,Pipes & Cisterns,Easy,"CAT,TCS NQT",0.826
Q06905,Quantitative Aptitude,Mensuration,Medium,"SSC,Banking,General",0.643
Q06906,Logical Reasoning,Input-Output,Medium,"Placements,Banking",0.412
Q06907,Quantitative Aptitude,Ratio & Proportion,Medium,"TCS NQT,CAT",0.645
Q06908,Quantitative Aptitude,Linear Equations,Medium,"SSC,CAT,General",0.585
Q06909,Quantitative Aptitude,Permutation & Combination,Hard,"TCS NQT,General,CAT",0.309
Q06910,Logical Reasoning,Syllogisms,Easy,Banking,0.8
Q06911,Logical Reasoning,Analogy,Easy,"Placements,TCS NQT,CAT",0.836
Q06912,Logical Reasoning,Blood Relations,Hard,"SSC,General,CAT",0.375
Q06913,Quantitative Aptitude,Partnership,Medium,"General,TCS NQT",0.568
Q06914,Verbal Ability,Para Summary,Hard,SSC,0.303
Q06915,Logical Reasoning,Statement & Assumption,Easy,"Banking,General",0.893
Q06916,Verbal Ability,Reading Comprehension,Easy,"CAT,Placements",0.802
Q06917,Logical Reasoning,Statement & Assumption,Easy,"SSC,Banking",0.739
Q06918,Logical Reasoning,Statement & Assumption,Hard,CAT,0.343
Q06919,Quantitative Aptitude,Quadratic Equations,Easy,"General,Banking",0.8
Q06920,Verbal Ability,Cloze Test,Easy,CAT,0.761
Q06921,Verbal Ability,Para Summary,Easy,"General,CAT",0.814
Q06922,Data Interpretation,Venn-based DI,Hard,Placements,0.316
Q06923,Logical Reasoning,Coding-Decoding,Medium,"Banking,General",0.521
Q06924,Quantitative Aptitude,Progressions (AP/GP),Easy,"SSC,CAT,TCS NQT",0.82
Q06925,Logical Reasoning,Cubes & Dice,Medium,"General,TCS NQT,Banking",0.512
Q06926,Quantitative Aptitude,Algebra,Medium,TCS NQT,0.645
Q06927,Logical Reasoning,Venn Diagrams,Hard,"TCS NQT,CAT,Banking",0.283
Q06928,Quantitative Aptitude,Trigonometry,Easy,TCS NQT,0.81
Q06929,Quantitative Aptitude,Geometry,Medium,SSC,0.551
Q06930,Verbal Ability,Cloze Test,Medium,General,0.568
Q06931,Verbal Ability,Idioms & Phrases,Easy,"TCS NQT,General,Banking",0.825
Q06932,Quantitative Aptitude,Quadratic Equations,Easy,General,0.816
Q06933,Data Interpretation,Mixed DI Sets,Medium,"SSC,CAT,General",0.575
Q06934,Logical Reasoning,Direction Sense,Medium,CAT,0.465
Q06935,Logical Reasoning,Cubes & Dice,Easy,SSC,0.855
Q06936,Data Interpretation,Venn-based DI,Easy,"General,CAT",0.834
Q06937,Verbal Ability,Idioms & Phrases,Easy,"General,Banking",0.844
Q06938,Logical Reasoning,Blood Relations,Easy,"Banking,Placements",0.792
Q06939,Quantitative Aptitude,Time & Work,Medium,CAT,0.568
Q06940,Verbal Ability,Para Summary,Hard,TCS NQT,0.314
Q06941,Quantitative Aptitude,Surds & Indices,Hard,Banking,0.336
Q06942,Quantitative Aptitude,"Time, Speed & Distance",Medium,"TCS NQT,Placements,CAT",0.541
Q06943,Verbal Ability,Cloze Test,Hard,"TCS NQT,Placements,Banking",0.271
Q06944,Logical Reasoning,Puzzles,Medium,"Placements,Banking,SSC",0.617
Q06945,Quantitative Aptitude,"Time, Speed & Distance",Easy,Banking,0.813
Q06946,Data Interpretation,Pie Charts,Hard,"General,CAT",0.226
Q06947,Quantitative Aptitude,Probability,Easy,"SSC,TCS NQT",0.759
Q06948,Quantitative Aptitude,Averages,Medium,Banking,0.508
Q06949,Logical Reasoning,Clocks & Calendars,Medium,CAT,0.449
Q06950,Verbal Ability,Sentence Correction,Hard,"General,TCS NQT,Placements",0.327
Q06951,Quantitative Aptitude,Profit & Loss,Easy,"Placements,SSC,TCS NQT",0.763
Q06952,Logical Reasoning,Blood Relations,Easy,SSC,0.779
Q06953,Logical Reasoning,Data Sufficiency,Easy,"TCS NQT,Banking,General",0.738
Q06954,Quantitative Aptitude,Number System,Hard,"TCS NQT,Placements",0.31
Q06955,Verbal Ability,Para Jumbles,Easy,"SSC,TCS NQT,Banking",0.854
Q06956,Logical Reasoning,Series Completion,Medium,SSC,0.629
Q06957,Data Interpretation,Caselets,Easy,"TCS NQT,Placements,SSC",0.717
Q06958,Verbal Ability,Sentence Correction,Hard,"TCS NQT,SSC,Placements",0.251
Q06959,Verbal Ability,Reading Comprehension,Medium,"Placements,CAT,Banking",0.567
Q06960,Data Interpretation,Venn-based DI,Hard,Banking,0.31
Q06961,Data Interpretation,Radar/Spider Charts,Medium,"CAT,Banking,TCS NQT",0.438
Q06962,Logical Reasoning,Statement & Conclusion,Medium,"Placements,CAT,SSC",0.627
Q06963,Data Interpretation,Venn-based DI,Medium,"CAT,General,Banking",0.4
Q06964,Verbal Ability,Cloze Test,Medium,"TCS NQT,Placements",0.549
Q06965,Quantitative Aptitude,Set Theory,Easy,"CAT,SSC,General",0.769
Q06966,Quantitative Aptitude,"Time, Speed & Distance",Easy,"CAT,General",0.78
Q06967,Verbal Ability,Odd One Out,Hard,TCS NQT,0.325
Q06968,Verbal Ability,Synonyms & Antonyms,Medium,"General,SSC",0.561
Q06969,Logical Reasoning,Syllogisms,Easy,"CAT,Placements",0.788
Q06970,Verbal Ability,Reading Comprehension,Easy,"General,TCS NQT,CAT",0.799
Q06971,Quantitative Aptitude,Permutation & Combination,Hard,"CAT,Banking,Placements",0.399
Q06972,Data Interpretation,Data Sufficiency (DI),Medium,TCS NQT,0.559
Q06973,Logical Reasoning,Coding-Decoding,Easy,"Banking,TCS NQT,Placements",0.849
Q06974,Logical Reasoning,Clocks & Calendars,Easy,"TCS NQT,SSC",0.768
Q06975,Quantitative Aptitude,Number System,Medium,"CAT,Banking,Placements",0.655
Q06976,Logical Reasoning,Venn Diagrams,Easy,"Placements,Banking,SSC",0.776
Q06977,Logical Reasoning,Seating Arrangement,Hard,Banking,0.324
Q06978,Logical Reasoning,Blood Relations,Medium,"TCS NQT,CAT",0.506
Q06979,Quantitative Aptitude,Pipes & Cisterns,Hard,"Banking,CAT,Placements",0.352
Q06980,Quantitative Aptitude,Trigonometry,Medium,"Banking,Placements",0.568
Q06981,Verbal Ability,Reading Comprehension,Medium,"CAT,TCS NQT,Placements",0.628
Q06982,Quantitative Aptitude,Number System,Medium,TCS NQT,0.493
Q06983,Quantitative Aptitude,Simple Interest,Easy,"CAT,Placements",0.765
Q06984,Data Interpretation,Data Sufficiency (DI),Hard,General,0.314
Q06985,Verbal Ability,Critical Reasoning,Hard,"SSC,Placements",0.284
Q06986,Verbal Ability,Fill in the Blanks,Easy,"Banking,Placements,SSC",0.826
Q06987,Logical Reasoning,Venn Diagrams,Medium,"General,Banking,CAT",0.59
Q06988,Logical Reasoning,Seating Arrangement,Medium,CAT,0.473
Q06989,Verbal Ability,Error Spotting,Easy,"SSC,Placements,General",0.818
Q06990,Logical Reasoning,Coding-Decoding,Easy,"SSC,Placements,Banking",0.75
Q06991,Quantitative Aptitude,Logarithms,Easy,TCS NQT,0.806
Q06992,Verbal Ability,Para Jumbles,Medium,Placements,0.502
Q06993,Verbal Ability,Odd One Out,Easy,"Placements,CAT",0.901
Q06994,Verbal Ability,Synonyms & Antonyms,Medium,"SSC,TCS NQT,Banking",0.491
Q06995,Verbal Ability,Para Summary,Medium,"CAT,Placements,Banking",0.564
Q06996,Verbal Ability,Cloze Test,Hard,"CAT,Placements",0.271
Q06997,Verbal Ability,Critical Reasoning,Medium,Banking,0.605
Q06998,Data Interpretation,Mixed DI Sets,Medium,General,0.552
Q06999,Verbal Ability,Critical Reasoning,Easy,SSC,0.847
Q07000,Verbal Ability,Fill in the Blanks,Easy,General,0.851
Q07001,Verbal Ability,Para Summary,Easy,"TCS NQT,CAT",0.761
Q07002,Verbal Ability,Error Spotting,Easy,"Banking,SSC,TCS NQT",0.839
Q07003,Quantitative Aptitude,Surds & Indices,Medium,Placements,0.566
Q07004,Data Interpretation,Data Sufficiency (DI),Hard,"SSC,TCS NQT,Placements",0.261
Q07005,Quantitative Aptitude,Simple Interest,Hard,"General,TCS NQT",0.337
Q07006,Verbal Ability,Odd One Out,Easy,"Placements,TCS NQT",0.786
Q07007,Logical Reasoning,Data Sufficiency,Easy,"General,Banking",0.778
Q07008,Verbal Ability,Para Summary,Medium,Placements,0.618
Q07009,Data Interpretation,Line Graphs,Hard,Banking,0.383
Q07010,Verbal Ability,Reading Comprehension,Hard,"Banking,General",0.273
Q07011,Quantitative Aptitude,Logarithms,Easy,"TCS NQT,Banking,SSC",0.766
Q07012,Quantitative Aptitude,Progressions (AP/GP),Medium,Placements,0.458
Q07013,Verbal Ability,Fill in the Blanks,Medium,"SSC,TCS NQT,Banking",0.525
Q07014,Data Interpretation,Line Graphs,Hard,General,0.31
Q07015,Verbal Ability,Reading Comprehension,Hard,"Placements,TCS NQT",0.315
Q07016,Quantitative Aptitude,Permutation & Combination,Medium,"Placements,General",0.532
Q07017,Quantitative Aptitude,Geometry,Medium,"TCS NQT,Placements,CAT",0.599
Q07018,Logical Reasoning,Ranking & Order,Hard,"Banking,CAT",0.23
Q07019,Verbal Ability,Odd One Out,Easy,"TCS NQT,Banking,Placements",0.846
Q07020,Logical Reasoning,Series Completion,Medium,"Banking,TCS NQT",0.528
Q07021,Verbal Ability,Verbal Analogies,Easy,"General,Placements,TCS NQT",0.789
Q07022,Quantitative Aptitude,"Time, Speed & Distance",Easy,"TCS NQT,Banking",0.707
Q07023,Quantitative Aptitude,Quadratic Equations,Easy,"TCS NQT,Banking,General",0.809
Q07024,Logical Reasoning,Cubes & Dice,Medium,"Placements,SSC,Banking",0.547
Q07025,Quantitative Aptitude,Number System,Easy,"CAT,Placements",0.823
Q07026,Quantitative Aptitude,Averages,Medium,"Placements,CAT,SSC",0.608
Q07027,Logical Reasoning,Statement & Assumption,Hard,SSC,0.307
Q07028,Verbal Ability,Sentence Correction,Hard,"TCS NQT,Placements,CAT",0.268
Q07029,Verbal Ability,Synonyms & Antonyms,Easy,Banking,0.849
Q07030,Verbal Ability,Reading Comprehension,Hard,CAT,0.339
Q07031,Data Interpretation,Pie Charts,Easy,"SSC,CAT",0.807
Q07032,Quantitative Aptitude,Set Theory,Easy,"General,Banking,TCS NQT",0.791
Q07033,Logical Reasoning,Direction Sense,Hard,"General,CAT,SSC",0.318
Q07034,Quantitative Aptitude,Pipes & Cisterns,Easy,"General,Placements,CAT",0.76
Q07035,Logical Reasoning,Clocks & Calendars,Easy,"TCS NQT,CAT,Placements",0.76
Q07036,Logical Reasoning,Clocks & Calendars,Easy,CAT,0.84
Q07037,Quantitative Aptitude,"Time, Speed & Distance",Medium,"TCS NQT,Banking,SSC",0.528
Q07038,Quantitative Aptitude,Compound Interest,Hard,"TCS NQT,Banking,Placements",0.313
Q07039,Logical Reasoning,Syllogisms,Hard,"TCS NQT,General,Banking",0.301
Q07040,Quantitative Aptitude,Set Theory,Medium,"General,Banking",0.563
Q07041,Quantitative Aptitude,Mixtures & Alligations,Easy,General,0.783
Q07042,Quantitative Aptitude,Surds & Indices,Medium,"Placements,SSC,CAT",0.621
Q07043,Verbal Ability,Fill in the Blanks,Easy,"General,Placements,CAT",0.755
Q07044,Logical Reasoning,Coding-Decoding,Medium,SSC,0.514
Q07045,Verbal Ability,Sentence Correction,Medium,TCS NQT,0.513
Q07046,Quantitative Aptitude,Trigonometry,Medium,"Banking,TCS NQT",0.506
Q07047,Quantitative Aptitude,Simple Interest,Medium,"SSC,TCS NQT,Banking",0.568
Q07048,Quantitative Aptitude,Compound Interest,Hard,"TCS NQT,CAT,SSC",0.37
Q07049,Data Interpretation,Data Sufficiency (DI),Easy,"Placements,CAT,TCS NQT",0.841
Q07050,Logical Reasoning,Analogy,Easy,"SSC,Placements,CAT",0.824
Q07051,Logical Reasoning,Cubes & Dice,Medium,"Banking,General,CAT",0.584
Q07052,Verbal Ability,Idioms & Phrases,Easy,"TCS NQT,SSC",0.792
Q07053,Logical Reasoning,Analogy,Medium,General,0.531
Q07054,Data Interpretation,Caselets,Medium,SSC,0.503
Q07055,Quantitative Aptitude,Ratio & Proportion,Easy,"Banking,SSC",0.941
Q07056,Quantitative Aptitude,Simple Interest,Medium,"Placements,SSC,General",0.604
Q07057,Quantitative Aptitude,Profit & Loss,Easy,"Placements,Banking,SSC",0.765
Q07058,Data Interpretation,Data Sufficiency (DI),Easy,CAT,0.804
Q07059,Verbal Ability,Reading Comprehension,Medium,"Banking,General",0.621
Q07060,Logical Reasoning,Series Completion,Medium,"Placements,CAT,Banking",0.523
Q07061,Logical Reasoning,Data Sufficiency,Medium,Placements,0.579
Q07062,Verbal Ability,Para Summary,Medium,TCS NQT,0.62
Q07063,Data Interpretation,Line Graphs,Medium,Placements,0.509
Q07064,Logical Reasoning,Venn Diagrams,Medium,"General,TCS NQT,CAT",0.558
Q07065,Verbal Ability,Verbal Analogies,Medium,TCS NQT,0.596
Q07066,Quantitative Aptitude,Trigonometry,Easy,Placements,0.796
Q07067,Logical Reasoning,Cubes & Dice,Medium,Placements,0.454
Q07068,Verbal Ability,Critical Reasoning,Easy,"Placements,SSC,TCS NQT",0.691
Q07069,Verbal Ability,Critical Reasoning,Easy,"SSC,TCS NQT",0.882
Q07070,Verbal Ability,Verbal Analogies,Medium,SSC,0.495
Q07071,Verbal Ability,Odd One Out,Medium,"CAT,Banking",0.536
Q07072,Data Interpretation,Venn-based DI,Hard,"Placements,General",0.281
Q07073,Data Interpretation,Mixed DI Sets,Easy,CAT,0.906
Q07074,Verbal Ability,Error Spotting,Medium,"Banking,SSC",0.576
Q07075,Verbal Ability,Para Jumbles,Medium,"CAT,Banking,General",0.525
Q07076,Quantitative Aptitude,Partnership,Medium,"SSC,CAT,Banking",0.523
Q07077,Quantitative Aptitude,Partnership,Easy,General,0.841
Q07078,Verbal Ability,Synonyms & Antonyms,Easy,"TCS NQT,SSC,CAT",0.813
Q07079,Quantitative Aptitude,Averages,Easy,"Banking,Placements",0.802
Q07080,Quantitative Aptitude,Averages,Hard,TCS NQT,0.323
Q07081,Logical Reasoning,Seating Arrangement,Hard,"SSC,TCS NQT,CAT",0.267
Q07082,Logical Reasoning,Data Sufficiency,Hard,"TCS NQT,CAT",0.227
Q07083,Data Interpretation,Pie Charts,Medium,"Banking,SSC",0.526
Q07084,Data Interpretation,Caselets,Medium,"TCS NQT,Banking,SSC",0.481
Q07085,Verbal Ability,Sentence Correction,Medium,"General,CAT,Banking",0.426
Q07086,Verbal Ability,Reading Comprehension,Hard,"Banking,General,CAT",0.356
Q07087,Logical Reasoning,Syllogisms,Medium,"CAT,TCS NQT",0.499
Q07088,Data Interpretation,Tables,Easy,General,0.775
Q07089,Verbal Ability,Critical Reasoning,Medium,"SSC,CAT",0.591
Q07090,Quantitative Aptitude,Probability,Medium,"CAT,Placements",0.563
Q07091,Verbal Ability,Verbal Analogies,Easy,"TCS NQT,Placements,General",0.842
Q07092,Verbal Ability,Para Jumbles,Easy,"CAT,Placements,Banking",0.836
Q07093,Verbal Ability,Para Summary,Easy,General,0.787
Q07094,Logical Reasoning,Syllogisms,Medium,TCS NQT,0.634
Q07095,Quantitative Aptitude,Linear Equations,Easy,"TCS NQT,Banking,SSC",0.81
Q07096,Verbal Ability,Cloze Test,Easy,"General,CAT,Banking",0.765
Q07097,Quantitative Aptitude,Probability,Medium,"CAT,Placements,Banking",0.515
Q07098,Quantitative Aptitude,Algebra,Easy,TCS NQT,0.824
Q07099,Logical Reasoning,Venn Diagrams,Easy,Banking,0.866
Q07100,Verbal Ability,Critical Reasoning,Easy,"Banking,TCS NQT,Placements",0.758
Q07101,Verbal Ability,Sentence Correction,Medium,"Placements,SSC,Banking",0.542
Q07102,Verbal Ability,Synonyms & Antonyms,Medium,CAT,0.567
Q07103,Quantitative Aptitude,"Time, Speed & Distance",Hard,"Banking,SSC,TCS NQT",0.401
Q07104,Quantitative Aptitude,Number System,Easy,"TCS NQT,CAT,Banking",0.795
Q07105,Logical Reasoning,Analogy,Easy,TCS NQT,0.683
Q07106,Verbal Ability,Error Spotting,Medium,"TCS NQT,Banking,CAT",0.55
Q07107,Quantitative Aptitude,Logarithms,Medium,CAT,0.458
Q07108,Quantitative Aptitude,Surds & Indices,Easy,"CAT,TCS NQT,General",0.755
Q07109,Quantitative Aptitude,Probability,Hard,"General,SSC,Placements",0.273
Q07110,Quantitative Aptitude,Profit & Loss,Easy,Placements,0.796
Q07111,Logical Reasoning,Direction Sense,Easy,"Banking,CAT",0.684
Q07112,Verbal Ability,Para Jumbles,Easy,"TCS NQT,SSC",0.799
Q07113,Logical Reasoning,Venn Diagrams,Medium,"CAT,SSC,Placements",0.62
Q07114,Verbal Ability,Para Summary,Medium,Placements,0.534
Q07115,Logical Reasoning,Puzzles,Hard,TCS NQT,0.334
Q07116,Quantitative Aptitude,Set Theory,Medium,"CAT,SSC",0.564
Q07117,Data Interpretation,Radar/Spider Charts,Easy,"General,Placements,TCS NQT",0.794
Q07118,Quantitative Aptitude,Number System,Hard,"Placements,TCS NQT",0.345
Q07119,Quantitative Aptitude,Trigonometry,Easy,"CAT,Banking,TCS NQT",0.819
Q07120,Data Interpretation,Caselets,Easy,"General,SSC",0.756
Q07121,Logical Reasoning,Clocks & Calendars,Easy,"General,CAT",0.774
Q07122,Quantitative Aptitude,Probability,Easy,"General,Placements,TCS NQT",0.817
Q07123,Logical Reasoning,Seating Arrangement,Hard,"CAT,SSC",0.265
Q07124,Logical Reasoning,Ranking & Order,Medium,"CAT,TCS NQT,SSC",0.551
Q07125,Quantitative Aptitude,Pipes & Cisterns,Easy,TCS NQT,0.83
Q07126,Logical Reasoning,Statement & Conclusion,Medium,"Banking,General",0.512
Q07127,Quantitative Aptitude,Geometry,Easy,Banking,0.809
Q07128,Quantitative Aptitude,Time & Work,Medium,SSC,0.594
Q07129,Data Interpretation,Data Sufficiency (DI),Medium,SSC,0.53
Q07130,Logical Reasoning,Statement & Assumption,Hard,Placements,0.33
Q07131,Data Interpretation,Data Sufficiency (DI),Medium,General,0.507
Q07132,Quantitative Aptitude,Probability,Easy,"CAT,Placements",0.752
Q07133,Quantitative Aptitude,Linear Equations,Hard,"TCS NQT,Banking",0.26
Q07134,Data Interpretation,Bar Graphs,Easy,Banking,0.892
Q07135,Logical Reasoning,Ranking & Order,Medium,SSC,0.555
Q07136,Quantitative Aptitude,Percentages,Easy,"Placements,CAT",0.791
Q07137,Quantitative Aptitude,Quadratic Equations,Hard,"Placements,Banking",0.355
Q07138,Logical Reasoning,Blood Relations,Easy,"CAT,Placements",0.865
Q07139,Verbal Ability,Error Spotting,Medium,"General,CAT,Banking",0.572
Q07140,Quantitative Aptitude,Averages,Easy,TCS NQT,0.759
Q07141,Verbal Ability,Idioms & Phrases,Medium,"CAT,General,Placements",0.493
Q07142,Logical Reasoning,Syllogisms,Medium,"CAT,Placements,General",0.642
Q07143,Verbal Ability,Error Spotting,Medium,General,0.612
Q07144,Logical Reasoning,Blood Relations,Medium,SSC,0.533
Q07145,Quantitative Aptitude,Compound Interest,Medium,TCS NQT,0.559
Q07146,Verbal Ability,Critical Reasoning,Easy,"Placements,General",0.812
Q07147,Logical Reasoning,Cubes & Dice,Easy,"TCS NQT,Banking",0.838
Q07148,Logical Reasoning,Data Sufficiency,Medium,CAT,0.462
Q07149,Logical Reasoning,Coding-Decoding,Easy,"CAT,General",0.814
Q07150,Quantitative Aptitude,Logarithms,Easy,"TCS NQT,Banking,CAT",0.866
Q07151,Quantitative Aptitude,Compound Interest,Medium,"SSC,Banking",0.579
Q07152,Quantitative Aptitude,Mixtures & Alligations,Medium,"SSC,General,TCS NQT",0.506
Q07153,Quantitative Aptitude,Set Theory,Medium,"Placements,CAT,SSC",0.51
Q07154,Verbal Ability,Critical Reasoning,Medium,"TCS NQT,General,SSC",0.558
Q07155,Data Interpretation,Caselets,Hard,"Placements,TCS NQT",0.22
Q07156,Verbal Ability,Para Jumbles,Easy,TCS NQT,0.796
Q07157,Verbal Ability,Reading Comprehension,Hard,"TCS NQT,CAT,Banking",0.265
Q07158,Logical Reasoning,Data Sufficiency,Medium,"SSC,TCS NQT,Placements",0.594
Q07159,Logical Reasoning,Clocks & Calendars,Easy,"SSC,Banking",0.834
Q07160,Logical Reasoning,Ranking & Order,Hard,Placements,0.151
Q07161,Logical Reasoning,Data Sufficiency,Easy,CAT,0.855
Q07162,Quantitative Aptitude,Trigonometry,Medium,"Banking,CAT,SSC",0.58
Q07163,Quantitative Aptitude,Partnership,Easy,"Banking,CAT",0.886
Q07164,Data Interpretation,Tables,Hard,"CAT,Banking",0.332
Q07165,Logical Reasoning,Direction Sense,Medium,"TCS NQT,Banking",0.514
Q07166,Logical Reasoning,Blood Relations,Medium,"CAT,SSC",0.543
Q07167,Verbal Ability,Odd One Out,Hard,"Placements,Banking,TCS NQT",0.302
Q07168,Quantitative Aptitude,Number System,Easy,Placements,0.767
Q07169,Data Interpretation,Mixed DI Sets,Medium,SSC,0.638
Q07170,Quantitative Aptitude,Permutation & Combination,Easy,"CAT,General",0.758
Q07171,Quantitative Aptitude,Linear Equations,Medium,General,0.562
Q07172,Logical Reasoning,Blood Relations,Medium,Banking,0.605
Q07173,Verbal Ability,Sentence Correction,Easy,"General,CAT,Banking",0.755
Q07174,Verbal Ability,Odd One Out,Hard,SSC,0.36
Q07175,Quantitative Aptitude,Geometry,Medium,SSC,0.519
Q07176,Quantitative Aptitude,Permutation & Combination,Easy,"TCS NQT,CAT",0.838
Q07177,Quantitative Aptitude,Linear Equations,Easy,Placements,0.762
Q07178,Data Interpretation,Caselets,Easy,"CAT,Placements",0.872
Q07179,Logical Reasoning,Statement & Assumption,Medium,"SSC,General,Banking",0.553
Q07180,Logical Reasoning,Statement & Conclusion,Hard,General,0.353
Q07181,Quantitative Aptitude,Quadratic Equations,Easy,"General,SSC",0.872
Q07182,Quantitative Aptitude,"Time, Speed & Distance",Medium,General,0.536
Q07183,Logical Reasoning,Venn Diagrams,Hard,"Banking,TCS NQT,CAT",0.25
Q07184,Logical Reasoning,Venn Diagrams,Medium,"Banking,CAT,TCS NQT",0.502
Q07185,Verbal Ability,Cloze Test,Medium,"General,TCS NQT,Banking",0.584
Q07186,Data Interpretation,Data Sufficiency (DI),Medium,"SSC,Banking,Placements",0.578
Q07187,Data Interpretation,Data Sufficiency (DI),Easy,"Banking,CAT",0.814
Q07188,Verbal Ability,Idioms & Phrases,Medium,Placements,0.64
Q07189,Verbal Ability,Fill in the Blanks,Hard,"TCS NQT,Banking,SSC",0.344
Q07190,Quantitative Aptitude,Set Theory,Easy,"TCS NQT,Banking,General",0.837
Q07191,Data Interpretation,Venn-based DI,Medium,SSC,0.449
Q07192,Quantitative Aptitude,Surds & Indices,Medium,"CAT,Placements",0.596
Q07193,Logical Reasoning,Statement & Assumption,Easy,"General,Banking,TCS NQT",0.802
Q07194,Logical Reasoning,Seating Arrangement,Easy,"SSC,Placements,CAT",0.735
Q07195,Logical Reasoning,Puzzles,Hard,"Placements,General,CAT",0.358
Q07196,Data Interpretation,Mixed DI Sets,Easy,"Banking,Placements",0.796
Q07197,Quantitative Aptitude,"Time, Speed & Distance",Medium,Placements,0.472
Q07198,Quantitative Aptitude,Partnership,Medium,"TCS NQT,Banking,Placements",0.643
Q07199,Quantitative Aptitude,Surds & Indices,Hard,Placements,0.308
Q07200,Quantitative Aptitude,Progressions (AP/GP),Easy,"SSC,General",0.795
Q07201,Quantitative Aptitude,Percentages,Hard,TCS NQT,0.319
Q07202,Logical Reasoning,Direction Sense,Hard,"Placements,General",0.341
Q07203,Data Interpretation,Data Sufficiency (DI),Medium,"Banking,TCS NQT",0.573
Q07204,Data Interpretation,Line Graphs,Medium,"Placements,Banking",0.554
Q07205,Verbal Ability,Odd One Out,Easy,TCS NQT,0.746
Q07206,Quantitative Aptitude,Partnership,Medium,Placements,0.529
Q07207,Logical Reasoning,Venn Diagrams,Easy,"Placements,CAT,General",0.715
Q07208,Data Interpretation,Tables,Hard,"Placements,CAT,TCS NQT",0.235
Q07209,Logical Reasoning,Statement & Conclusion,Hard,"CAT,General,Banking",0.364
Q07210,Data Interpretation,Tables,Medium,Placements,0.49
Q07211,Verbal Ability,Idioms & Phrases,Easy,"SSC,Placements",0.826
Q07212,Data Interpretation,Tables,Medium,"Banking,CAT",0.47
Q07213,Data Interpretation,Venn-based DI,Hard,TCS NQT,0.27
Q07214,Verbal Ability,Reading Comprehension,Medium,"Banking,SSC,TCS NQT",0.476
Q07215,Quantitative Aptitude,Profit & Loss,Hard,"SSC,General",0.281
Q07216,Verbal Ability,Synonyms & Antonyms,Easy,"CAT,Banking",0.878
Q07217,Logical Reasoning,Venn Diagrams,Hard,"TCS NQT,General",0.285
Q07218,Logical Reasoning,Seating Arrangement,Medium,TCS NQT,0.586
Q07219,Quantitative Aptitude,Ratio & Proportion,Easy,CAT,0.926
Q07220,Quantitative Aptitude,Number System,Easy,"Banking,SSC,Placements",0.807
Q07221,Quantitative Aptitude,"Time, Speed & Distance",Easy,"Placements,General,Banking",0.709
Q07222,Quantitative Aptitude,Set Theory,Hard,"Placements,General,Banking",0.318
Q07223,Quantitative Aptitude,Mensuration,Medium,"Banking,Placements",0.557
Q07224,Verbal Ability,Sentence Correction,Medium,Banking,0.574
Q07225,Quantitative Aptitude,Pipes & Cisterns,Medium,"General,CAT,Banking",0.508
Q07226,Logical Reasoning,Ranking & Order,Hard,"General,Banking",0.314
Q07227,Quantitative Aptitude,Number System,Medium,"CAT,Placements",0.618
Q07228,Verbal Ability,Idioms & Phrases,Medium,"CAT,Placements",0.542
Q07229,Logical Reasoning,Ranking & Order,Easy,SSC,0.867
Q07230,Verbal Ability,Verbal Analogies,Hard,"Placements,TCS NQT",0.244
Q07231,Logical Reasoning,Clocks & Calendars,Medium,General,0.491
Q07232,Logical Reasoning,Clocks & Calendars,Medium,General,0.557
Q07233,Data Interpretation,Bar Graphs,Medium,"Banking,SSC,CAT",0.552
Q07234,Quantitative Aptitude,Compound Interest,Easy,"SSC,CAT",0.819
Q07235,Quantitative Aptitude,Surds & Indices,Medium,"Banking,General,SSC",0.548
Q07236,Data Interpretation,Venn-based DI,Medium,Banking,0.531
Q07237,Verbal Ability,Odd One Out,Easy,"Placements,SSC",0.709
Q07238,Data Interpretation,Bar Graphs,Easy,"Placements,CAT",0.789
Q07239,Logical Reasoning,Syllogisms,Medium,General,0.614
Q07240,Quantitative Aptitude,Quadratic Equations,Medium,TCS NQT,0.553
Q07241,Verbal Ability,Cloze Test,Medium,"General,Banking",0.531
Q07242,Verbal Ability,Critical Reasoning,Hard,"General,CAT",0.296
Q07243,Verbal Ability,Critical Reasoning,Hard,"Banking,SSC,TCS NQT",0.221
Q07244,Quantitative Aptitude,Logarithms,Medium,"General,TCS NQT",0.555
Q07245,Logical Reasoning,Series Completion,Medium,TCS NQT,0.413
Q07246,Quantitative Aptitude,"Time, Speed & Distance",Medium,"General,TCS NQT,Banking",0.569
Q07247,Data Interpretation,Venn-based DI,Easy,"SSC,TCS NQT,CAT",0.716
Q07248,Quantitative Aptitude,Averages,Easy,"General,TCS NQT,Banking",0.849
Q07249,Quantitative Aptitude,Percentages,Medium,"General,TCS NQT,SSC",0.555
Q07250,Logical Reasoning,Venn Diagrams,Easy,SSC,0.79
Q07251,Logical Reasoning,Series Completion,Hard,Banking,0.296
Q07252,Verbal Ability,Para Summary,Medium,"Placements,General",0.647
Q07253,Data Interpretation,Line Graphs,Easy,"Placements,TCS NQT,SSC",0.778
Q07254,Data Interpretation,Data Sufficiency (DI),Easy,Placements,0.839
Q07255,Data Interpretation,Pie Charts,Hard,General,0.308
Q07256,Logical Reasoning,Seating Arrangement,Medium,"CAT,SSC,TCS NQT",0.549
Q07257,Verbal Ability,Idioms & Phrases,Hard,"Placements,SSC",0.266
Q07258,Quantitative Aptitude,Number System,Easy,General,0.835
Q07259,Verbal Ability,Para Jumbles,Easy,General,0.825
Q07260,Quantitative Aptitude,Mensuration,Medium,"General,Placements",0.534
Q07261,Logical Reasoning,Direction Sense,Easy,TCS NQT,0.741
Q07262,Data Interpretation,Venn-based DI,Easy,"SSC,Banking,General",0.713
Q07263,Logical Reasoning,Coding-Decoding,Medium,"Placements,SSC,Banking",0.587
Q07264,Data Interpretation,Radar/Spider Charts,Medium,"TCS NQT,Banking,CAT",0.582
Q07265,Logical Reasoning,Direction Sense,Hard,Placements,0.21
Q07266,Quantitative Aptitude,Mensuration,Easy,"General,TCS NQT,Banking",0.804
Q07267,Quantitative Aptitude,Percentages,Easy,"General,TCS NQT",0.807
Q07268,Verbal Ability,Critical Reasoning,Easy,Banking,0.835
Q07269,Data Interpretation,Venn-based DI,Medium,Banking,0.541
Q07270,Quantitative Aptitude,Partnership,Easy,General,0.796
Q07271,Quantitative Aptitude,"Time, Speed & Distance",Easy,"General,SSC,TCS NQT",0.839
Q07272,Data Interpretation,Data Sufficiency (DI),Medium,"Banking,TCS NQT",0.496
Q07273,Data Interpretation,Venn-based DI,Easy,"Banking,CAT",0.77
Q07274,Verbal Ability,Cloze Test,Medium,"TCS NQT,Banking",0.497
Q07275,Verbal Ability,Cloze Test,Easy,"TCS NQT,SSC",0.75
Q07276,Logical Reasoning,Ranking & Order,Medium,General,0.616
Q07277,Verbal Ability,Idioms & Phrases,Easy,CAT,0.826
Q07278,Quantitative Aptitude,Logarithms,Hard,"Placements,General",0.339
Q07279,Verbal Ability,Para Summary,Medium,CAT,0.556
Q07280,Quantitative Aptitude,Probability,Medium,TCS NQT,0.489
Q07281,Logical Reasoning,Direction Sense,Medium,"CAT,Banking",0.575
Q07282,Quantitative Aptitude,Quadratic Equations,Medium,CAT,0.526
Q07283,Verbal Ability,Para Jumbles,Medium,"SSC,General",0.504
Q07284,Quantitative Aptitude,Algebra,Medium,"Banking,TCS NQT,General",0.473
Q07285,Quantitative Aptitude,Averages,Medium,"Banking,TCS NQT",0.495
Q07286,Quantitative Aptitude,Quadratic Equations,Easy,"SSC,General",0.812
Q07287,Logical Reasoning,Analogy,Medium,"CAT,Placements",0.632
Q07288,Quantitative Aptitude,Averages,Hard,"Banking,SSC",0.302
Q07289,Quantitative Aptitude,Number System,Easy,CAT,0.85
Q07290,Logical Reasoning,Ranking & Order,Medium,"Banking,SSC,General",0.58
Q07291,Data Interpretation,Venn-based DI,Medium,SSC,0.585
Q07292,Verbal Ability,Cloze Test,Hard,SSC,0.356
Q07293,Logical Reasoning,Seating Arrangement,Easy,"Banking,SSC",0.769
Q07294,Quantitative Aptitude,Averages,Medium,"CAT,Placements",0.547
Q07295,Quantitative Aptitude,Time & Work,Medium,"SSC,General",0.535
Q07296,Data Interpretation,Pie Charts,Easy,"TCS NQT,General,Banking",0.862
Q07297,Verbal Ability,Critical Reasoning,Hard,Placements,0.241
Q07298,Quantitative Aptitude,"Time, Speed & Distance",Hard,TCS NQT,0.248
Q07299,Verbal Ability,Para Summary,Easy,"Banking,CAT,Placements",0.748
Q07300,Logical Reasoning,Venn Diagrams,Hard,"CAT,General",0.313
Q07301,Quantitative Aptitude,Mensuration,Hard,Placements,0.274
Q07302,Quantitative Aptitude,Geometry,Medium,CAT,0.521
Q07303,Verbal Ability,Verbal Analogies,Easy,"SSC,Placements",0.767
Q07304,Quantitative Aptitude,"Time, Speed & Distance",Medium,"General,Banking,CAT",0.598
Q07305,Quantitative Aptitude,Time & Work,Easy,General,0.85
Q07306,Verbal Ability,Fill in the Blanks,Medium,"CAT,TCS NQT,Placements",0.532
Q07307,Verbal Ability,Reading Comprehension,Medium,"SSC,CAT,Placements",0.613
Q07308,Verbal Ability,Critical Reasoning,Medium,"TCS NQT,CAT,Banking",0.506
Q07309,Verbal Ability,Cloze Test,Medium,TCS NQT,0.598
Q07310,Quantitative Aptitude,Trigonometry,Hard,"Banking,TCS NQT,General",0.285
Q07311,Quantitative Aptitude,Compound Interest,Easy,"SSC,Placements",0.717
Q07312,Verbal Ability,Idioms & Phrases,Medium,"CAT,Placements",0.617
Q07313,Verbal Ability,Fill in the Blanks,Easy,"TCS NQT,SSC",0.775
Q07314,Verbal Ability,Idioms & Phrases,Medium,SSC,0.486
Q07315,Logical Reasoning,Venn Diagrams,Hard,Banking,0.322
Q07316,Quantitative Aptitude,"Time, Speed & Distance",Easy,"Banking,General",0.81
Q07317,Quantitative Aptitude,Mixtures & Alligations,Easy,"CAT,TCS NQT,SSC",0.898
Q07318,Logical Reasoning,Analogy,Medium,"General,Placements,SSC",0.684
Q07319,Data Interpretation,Bar Graphs,Hard,"TCS NQT,General",0.283
Q07320,Quantitative Aptitude,Percentages,Easy,General,0.76
Q07321,Logical Reasoning,Input-Output,Medium,Placements,0.587
Q07322,Verbal Ability,Error Spotting,Easy,"SSC,General,Placements",0.752
Q07323,Logical Reasoning,Syllogisms,Hard,CAT,0.192
Q07324,Quantitative Aptitude,Linear Equations,Easy,"TCS NQT,Placements,SSC",0.814
Q07325,Quantitative Aptitude,Permutation & Combination,Hard,"TCS NQT,CAT",0.287
Q07326,Quantitative Aptitude,Mensuration,Medium,SSC,0.525
Q07327,Quantitative Aptitude,Compound Interest,Easy,Placements,0.706
Q07328,Quantitative Aptitude,Simple Interest,Easy,"General,Banking,TCS NQT",0.876
Q07329,Verbal Ability,Odd One Out,Hard,"TCS NQT,Banking",0.284
Q07330,Quantitative Aptitude,Mensuration,Medium,"TCS NQT,SSC",0.545
Q07331,Logical Reasoning,Puzzles,Medium,"SSC,CAT,Banking",0.578
Q07332,Data Interpretation,Caselets,Medium,"TCS NQT,Placements,General",0.564
Q07333,Logical Reasoning,Blood Relations,Easy,"TCS NQT,Placements,SSC",0.858
Q07334,Verbal Ability,Cloze Test,Easy,"Banking,TCS NQT,SSC",0.95
Q07335,Verbal Ability,Para Jumbles,Medium,"Banking,Placements,TCS NQT",0.482
Q07336,Logical Reasoning,Statement & Assumption,Easy,Banking,0.831
Q07337,Data Interpretation,Bar Graphs,Medium,"General,SSC,Banking",0.496
Q07338,Data Interpretation,Caselets,Medium,Banking,0.583
Q07339,Quantitative Aptitude,Geometry,Medium,"SSC,TCS NQT",0.591
Q07340,Quantitative Aptitude,"Time, Speed & Distance",Hard,Banking,0.272
Q07341,Verbal Ability,Sentence Correction,Hard,"CAT,Banking,TCS NQT",0.29
Q07342,Verbal Ability,Synonyms & Antonyms,Medium,"Placements,CAT,SSC",0.52
Q07343,Quantitative Aptitude,Profit & Loss,Medium,"CAT,Banking,Placements",0.585
Q07344,Quantitative Aptitude,Mixtures & Alligations,Easy,Banking,0.728
Q07345,Quantitative Aptitude,Linear Equations,Medium,"TCS NQT,SSC",0.453
Q07346,Quantitative Aptitude,Geometry,Medium,"TCS NQT,General,CAT",0.493
Q07347,Verbal Ability,Para Summary,Medium,Placements,0.548
Q07348,Verbal Ability,Synonyms & Antonyms,Medium,"General,Placements",0.567
Q07349,Quantitative Aptitude,Ratio & Proportion,Easy,"Banking,CAT,General",0.866
Q07350,Quantitative Aptitude,Logarithms,Medium,"TCS NQT,CAT,Placements",0.541
Q07351,Data Interpretation,Line Graphs,Easy,Banking,0.828
Q07352,Quantitative Aptitude,Surds & Indices,Easy,"CAT,General,Banking",0.768
Q07353,Logical Reasoning,Venn Diagrams,Medium,"General,TCS NQT",0.565
Q07354,Logical Reasoning,Cubes & Dice,Medium,General,0.597
Q07355,Data Interpretation,Venn-based DI,Easy,"Banking,General",0.788
Q07356,Quantitative Aptitude,Progressions (AP/GP),Medium,"General,SSC",0.495
Q07357,Quantitative Aptitude,Profit & Loss,Easy,"Banking,General,TCS NQT",0.83
Q07358,Logical Reasoning,Venn Diagrams,Medium,"Placements,TCS NQT",0.549
Q07359,Data Interpretation,Venn-based DI,Medium,TCS NQT,0.48
Q07360,Quantitative Aptitude,Probability,Medium,"General,CAT,Banking",0.473
Q07361,Logical Reasoning,Series Completion,Easy,"TCS NQT,CAT",0.776
Q07362,Logical Reasoning,Data Sufficiency,Easy,"CAT,SSC,Banking",0.756
Q07363,Quantitative Aptitude,Logarithms,Hard,TCS NQT,0.264
Q07364,Verbal Ability,Verbal Analogies,Easy,"SSC,TCS NQT",0.804
Q07365,Verbal Ability,Verbal Analogies,Medium,"General,Banking,Placements",0.614
Q07366,Quantitative Aptitude,Quadratic Equations,Medium,"Placements,TCS NQT,SSC",0.592
Q07367,Quantitative Aptitude,Probability,Easy,"Banking,General,Placements",0.8
Q07368,Data Interpretation,Venn-based DI,Easy,Placements,0.835
Q07369,Logical Reasoning,Blood Relations,Easy,"Banking,General,CAT",0.766
Q07370,Quantitative Aptitude,Compound Interest,Easy,TCS NQT,0.81
Q07371,Verbal Ability,Para Summary,Easy,"CAT,Placements,General",0.795
Q07372,Data Interpretation,Bar Graphs,Easy,"SSC,CAT,TCS NQT",0.779
Q07373,Quantitative Aptitude,Compound Interest,Medium,"General,TCS NQT,Banking",0.606
Q07374,Quantitative Aptitude,Set Theory,Medium,TCS NQT,0.501
Q07375,Quantitative Aptitude,Compound Interest,Medium,General,0.587
Q07376,Logical Reasoning,Analogy,Hard,Banking,0.338
Q07377,Quantitative Aptitude,Quadratic Equations,Easy,"TCS NQT,CAT,General",0.877
Q07378,Quantitative Aptitude,Percentages,Medium,"TCS NQT,Placements",0.622
Q07379,Logical Reasoning,Statement & Assumption,Medium,"Placements,TCS NQT",0.561
Q07380,Quantitative Aptitude,Probability,Medium,Banking,0.618
Q07381,Verbal Ability,Idioms & Phrases,Easy,"Placements,General,SSC",0.826
Q07382,Quantitative Aptitude,Partnership,Easy,"General,Banking,SSC",0.798
Q07383,Quantitative Aptitude,Logarithms,Medium,"CAT,Placements",0.557
Q07384,Quantitative Aptitude,Partnership,Medium,"CAT,Banking",0.577
Q07385,Verbal Ability,Odd One Out,Medium,"Banking,TCS NQT",0.571
Q07386,Logical Reasoning,Input-Output,Easy,"General,Placements,TCS NQT",0.748
Q07387,Logical Reasoning,Venn Diagrams,Hard,"General,Banking",0.314
Q07388,Quantitative Aptitude,Number System,Medium,"Banking,Placements",0.545
Q07389,Quantitative Aptitude,Pipes & Cisterns,Easy,Placements,0.896
Q07390,Verbal Ability,Cloze Test,Medium,CAT,0.623
Q07391,Logical Reasoning,Venn Diagrams,Hard,"SSC,CAT",0.225
Q07392,Quantitative Aptitude,Surds & Indices,Medium,"Banking,CAT",0.537
Q07393,Verbal Ability,Fill in the Blanks,Easy,General,0.726
Q07394,Quantitative Aptitude,Profit & Loss,Medium,"Banking,TCS NQT,Placements",0.575
Q07395,Verbal Ability,Idioms & Phrases,Easy,"General,SSC",0.756
Q07396,Data Interpretation,Caselets,Easy,SSC,0.809
Q07397,Data Interpretation,Mixed DI Sets,Hard,"TCS NQT,Placements,CAT",0.257
Q07398,Data Interpretation,Pie Charts,Medium,"CAT,SSC",0.555
Q07399,Data Interpretation,Radar/Spider Charts,Medium,General,0.66
Q07400,Logical Reasoning,Puzzles,Medium,Placements,0.678
Q07401,Verbal Ability,Cloze Test,Hard,"CAT,Placements",0.353
Q07402,Data Interpretation,Data Sufficiency (DI),Medium,"Banking,CAT,SSC",0.564
Q07403,Quantitative Aptitude,Set Theory,Medium,"TCS NQT,General",0.509
Q07404,Logical Reasoning,Seating Arrangement,Hard,"CAT,TCS NQT,Banking",0.295
Q07405,Quantitative Aptitude,Mensuration,Medium,"Banking,TCS NQT,CAT",0.572
Q07406,Logical Reasoning,Direction Sense,Medium,General,0.6
Q07407,Logical Reasoning,Clocks & Calendars,Easy,"SSC,General,Banking",0.796
Q07408,Verbal Ability,Idioms & Phrases,Medium,"SSC,Banking",0.576
Q07409,Quantitative Aptitude,Trigonometry,Hard,"SSC,CAT,Placements",0.277
Q07410,Data Interpretation,Data Sufficiency (DI),Medium,"Banking,SSC,CAT",0.569
Q07411,Logical Reasoning,Seating Arrangement,Medium,"Placements,General",0.557
Q07412,Quantitative Aptitude,Logarithms,Medium,"Banking,Placements",0.503
Q07413,Logical Reasoning,Analogy,Hard,"General,Placements,CAT",0.253
Q07414,Data Interpretation,Mixed DI Sets,Medium,"Banking,SSC,General",0.592
Q07415,Verbal Ability,Error Spotting,Easy,TCS NQT,0.839
Q07416,Logical Reasoning,Direction Sense,Easy,"Banking,Placements,CAT",0.779
Q07417,Verbal Ability,Idioms & Phrases,Medium,"TCS NQT,Placements",0.529
Q07418,Quantitative Aptitude,Partnership,Easy,Placements,0.736
Q07419,Logical Reasoning,Seating Arrangement,Hard,"TCS NQT,SSC",0.262
Q07420,Data Interpretation,Caselets,Medium,"Placements,General,TCS NQT",0.605
Q07421,Logical Reasoning,Coding-Decoding,Medium,"CAT,Banking",0.478
Q07422,Logical Reasoning,Data Sufficiency,Medium,TCS NQT,0.526
Q07423,Logical Reasoning,Data Sufficiency,Medium,"General,SSC,Placements",0.618
Q07424,Logical Reasoning,Input-Output,Hard,"CAT,Banking",0.256
Q07425,Logical Reasoning,Series Completion,Hard,"SSC,Banking",0.324
Q07426,Verbal Ability,Odd One Out,Easy,"SSC,Banking,Placements",0.855
Q07427,Data Interpretation,Pie Charts,Easy,"General,TCS NQT",0.706
Q07428,Logical Reasoning,Data Sufficiency,Medium,"SSC,CAT,Banking",0.585
Q07429,Data Interpretation,Caselets,Medium,"TCS NQT,CAT,Banking",0.552
Q07430,Quantitative Aptitude,Profit & Loss,Easy,"CAT,SSC",0.808
Q07431,Verbal Ability,Reading Comprehension,Easy,Placements,0.741
Q07432,Logical Reasoning,Seating Arrangement,Medium,"General,CAT,Banking",0.547
Q07433,Logical Reasoning,Seating Arrangement,Easy,"SSC,CAT,Placements",0.764
Q07434,Quantitative Aptitude,Mixtures & Alligations,Medium,"General,Banking",0.483
Q07435,Verbal Ability,Para Summary,Easy,"CAT,TCS NQT,SSC",0.723
Q07436,Quantitative Aptitude,Probability,Medium,General,0.463
Q07437,Quantitative Aptitude,Trigonometry,Medium,"SSC,CAT",0.526
Q07438,Verbal Ability,Error Spotting,Medium,TCS NQT,0.571
Q07439,Quantitative Aptitude,Pipes & Cisterns,Medium,TCS NQT,0.49
Q07440,Verbal Ability,Para Summary,Hard,"General,Placements",0.435
Q07441,Data Interpretation,Tables,Medium,Placements,0.476
Q07442,Quantitative Aptitude,Geometry,Medium,"SSC,CAT,Banking",0.558
Q07443,Verbal Ability,Error Spotting,Medium,CAT,0.544
Q07444,Logical Reasoning,Series Completion,Easy,"Banking,General",0.904
Q07445,Logical Reasoning,Cubes & Dice,Easy,TCS NQT,0.759
Q07446,Quantitative Aptitude,Pipes & Cisterns,Medium,"Banking,General",0.566
Q07447,Logical Reasoning,Input-Output,Medium,CAT,0.536
Q07448,Verbal Ability,Synonyms & Antonyms,Hard,"General,Banking",0.244
Q07449,Verbal Ability,Sentence Correction,Easy,"Placements,CAT",0.742
Q07450,Quantitative Aptitude,Compound Interest,Easy,Placements,0.838
Q07451,Verbal Ability,Cloze Test,Medium,"Placements,SSC,CAT",0.629
Q07452,Quantitative Aptitude,Profit & Loss,Medium,General,0.603
Q07453,Verbal Ability,Odd One Out,Medium,"TCS NQT,Placements",0.516
Q07454,Verbal Ability,Para Summary,Medium,"SSC,TCS NQT",0.596
Q07455,Verbal Ability,Error Spotting,Medium,CAT,0.589
Q07456,Quantitative Aptitude,Trigonometry,Easy,"TCS NQT,CAT",0.89
Q07457,Verbal Ability,Fill in the Blanks,Easy,General,0.752
Q07458,Logical Reasoning,Clocks & Calendars,Medium,"Banking,CAT",0.592
Q07459,Verbal Ability,Critical Reasoning,Medium,"CAT,TCS NQT",0.526
Q07460,Verbal Ability,Synonyms & Antonyms,Easy,Placements,0.827
Q07461,Quantitative Aptitude,Linear Equations,Medium,Banking,0.553
Q07462,Verbal Ability,Critical Reasoning,Medium,"SSC,Banking",0.531
Q07463,Quantitative Aptitude,Mixtures & Alligations,Medium,Banking,0.559
Q07464,Logical Reasoning,Syllogisms,Easy,TCS NQT,0.817
Q07465,Quantitative Aptitude,Quadratic Equations,Medium,Banking,0.577
Q07466,Logical Reasoning,Direction Sense,Medium,"Placements,CAT",0.53
Q07467,Verbal Ability,Verbal Analogies,Medium,"SSC,Banking,General",0.577
Q07468,Data Interpretation,Mixed DI Sets,Hard,"Placements,General,Banking",0.309
Q07469,Verbal Ability,Cloze Test,Medium,"Banking,SSC",0.514
Q07470,Quantitative Aptitude,Profit & Loss,Easy,"TCS NQT,CAT",0.815
Q07471,Quantitative Aptitude,Number System,Medium,TCS NQT,0.586
Q07472,Verbal Ability,Fill in the Blanks,Hard,Placements,0.272
Q07473,Data Interpretation,Mixed DI Sets,Hard,"CAT,Placements",0.225
Q07474,Verbal Ability,Critical Reasoning,Easy,"General,SSC",0.773
Q07475,Verbal Ability,Idioms & Phrases,Medium,"Banking,Placements",0.517
Q07476,Logical Reasoning,Coding-Decoding,Medium,"TCS NQT,Placements,CAT",0.594
Q07477,Data Interpretation,Caselets,Easy,"Placements,General",0.843
Q07478,Verbal Ability,Para Jumbles,Easy,"SSC,General",0.835
Q07479,Quantitative Aptitude,Quadratic Equations,Hard,"General,CAT,SSC",0.256
Q07480,Verbal Ability,Cloze Test,Medium,"SSC,TCS NQT",0.585
Q07481,Quantitative Aptitude,"Time, Speed & Distance",Medium,SSC,0.524
Q07482,Logical Reasoning,Seating Arrangement,Medium,SSC,0.536
Q07483,Quantitative Aptitude,Partnership,Medium,"Banking,TCS NQT,General",0.575
Q07484,Logical Reasoning,Venn Diagrams,Easy,CAT,0.774
Q07485,Quantitative Aptitude,Compound Interest,Easy,"CAT,SSC,General",0.773
Q07486,Quantitative Aptitude,Progressions (AP/GP),Medium,"SSC,Placements",0.609
Q07487,Logical Reasoning,Cubes & Dice,Easy,"General,Banking",0.733
Q07488,Quantitative Aptitude,Geometry,Medium,TCS NQT,0.631
Q07489,Verbal Ability,Sentence Correction,Medium,General,0.57
Q07490,Logical Reasoning,Data Sufficiency,Medium,"CAT,General,TCS NQT",0.445
Q07491,Logical Reasoning,Analogy,Easy,CAT,0.869
Q07492,Logical Reasoning,Clocks & Calendars,Hard,TCS NQT,0.353
Q07493,Verbal Ability,Para Jumbles,Easy,"CAT,General",0.793
Q07494,Verbal Ability,Critical Reasoning,Hard,Banking,0.344
Q07495,Logical Reasoning,Analogy,Medium,"Banking,Placements,CAT",0.545
Q07496,Quantitative Aptitude,Number System,Medium,"TCS NQT,CAT",0.558
Q07497,Data Interpretation,Venn-based DI,Hard,"CAT,General",0.323
Q07498,Quantitative Aptitude,Logarithms,Hard,"Banking,TCS NQT,SSC",0.282
Q07499,Logical Reasoning,Input-Output,Easy,"Placements,SSC",0.829
Q07500,Quantitative Aptitude,Mensuration,Hard,Banking,0.266
Q07501,Verbal Ability,Cloze Test,Medium,"General,CAT,Placements",0.565
Q07502,Verbal Ability,Para Summary,Hard,"General,Placements,TCS NQT",0.289
Q07503,Data Interpretation,Pie Charts,Easy,"SSC,Placements",0.812
Q07504,Logical Reasoning,Series Completion,Medium,Banking,0.602
Q07505,Quantitative Aptitude,Percentages,Easy,Placements,0.725
Q07506,Logical Reasoning,Series Completion,Hard,Placements,0.297
Q07507,Verbal Ability,Idioms & Phrases,Hard,"SSC,General",0.273
Q07508,Verbal Ability,Error Spotting,Hard,General,0.356
Q07509,Data Interpretation,Mixed DI Sets,Medium,Placements,0.608
Q07510,Logical Reasoning,Clocks & Calendars,Medium,"CAT,General,SSC",0.544
Q07511,Quantitative Aptitude,Compound Interest,Easy,Banking,0.9
Q07512,Quantitative Aptitude,Geometry,Medium,"CAT,General",0.501
Q07513,Logical Reasoning,Venn Diagrams,Hard,SSC,0.315
Q07514,Quantitative Aptitude,Algebra,Medium,"TCS NQT,General,Placements",0.517
Q07515,Logical Reasoning,Blood Relations,Medium,Banking,0.483
Q07516,Logical Reasoning,Input-Output,Easy,Placements,0.848
Q07517,Quantitative Aptitude,Pipes & Cisterns,Medium,"Placements,General,TCS NQT",0.546
Q07518,Logical Reasoning,Direction Sense,Hard,"CAT,General",0.363
Q07519,Quantitative Aptitude,Algebra,Medium,TCS NQT,0.534
Q07520,Logical Reasoning,Direction Sense,Hard,General,0.32
Q07521,Data Interpretation,Line Graphs,Easy,SSC,0.793
Q07522,Logical Reasoning,Ranking & Order,Medium,General,0.538
Q07523,Verbal Ability,Reading Comprehension,Hard,General,0.345
Q07524,Quantitative Aptitude,Pipes & Cisterns,Easy,"CAT,General,TCS NQT",0.778
Q07525,Logical Reasoning,Series Completion,Easy,"TCS NQT,SSC",0.843
Q07526,Quantitative Aptitude,"Time, Speed & Distance",Medium,TCS NQT,0.538
Q07527,Quantitative Aptitude,Simple Interest,Easy,Placements,0.861
Q07528,Logical Reasoning,Coding-Decoding,Medium,"Placements,TCS NQT",0.56
Q07529,Data Interpretation,Data Sufficiency (DI),Medium,Placements,0.581
Q07530,Logical Reasoning,Coding-Decoding,Medium,General,0.509
Q07531,Logical Reasoning,Statement & Conclusion,Easy,"Banking,SSC",0.784
Q07532,Logical Reasoning,Venn Diagrams,Hard,Placements,0.439
Q07533,Data Interpretation,Caselets,Medium,TCS NQT,0.6
Q07534,Logical Reasoning,Ranking & Order,Hard,"SSC,TCS NQT",0.154
Q07535,Verbal Ability,Odd One Out,Easy,"CAT,Placements",0.912
Q07536,Verbal Ability,Critical Reasoning,Medium,"TCS NQT,Banking,General",0.578
Q07537,Quantitative Aptitude,"Time, Speed & Distance",Easy,"Placements,CAT",0.758
Q07538,Quantitative Aptitude,Pipes & Cisterns,Hard,"SSC,Placements,Banking",0.207
Q07539,Quantitative Aptitude,Mensuration,Hard,"General,Banking,Placements",0.231
Q07540,Data Interpretation,Caselets,Easy,"TCS NQT,General,SSC",0.796
Q07541,Logical Reasoning,Coding-Decoding,Hard,"Banking,Placements,SSC",0.261
Q07542,Quantitative Aptitude,Quadratic Equations,Medium,SSC,0.539
Q07543,Quantitative Aptitude,Partnership,Medium,Banking,0.583
Q07544,Logical Reasoning,Ranking & Order,Hard,"SSC,TCS NQT",0.222
Q07545,Verbal Ability,Para Jumbles,Easy,"Banking,General",0.757
Q07546,Quantitative Aptitude,Time & Work,Easy,"Placements,TCS NQT",0.814
Q07547,Quantitative Aptitude,Percentages,Medium,"Banking,General,SSC",0.487
Q07548,Data Interpretation,Pie Charts,Medium,"Banking,SSC",0.562
Q07549,Quantitative Aptitude,Ratio & Proportion,Easy,Banking,0.816
Q07550,Logical Reasoning,Data Sufficiency,Hard,SSC,0.303
Q07551,Logical Reasoning,Cubes & Dice,Medium,"Banking,General",0.646
Q07552,Logical Reasoning,Venn Diagrams,Hard,"Placements,SSC,General",0.3
Q07553,Quantitative Aptitude,Probability,Medium,"General,Banking,Placements",0.673
Q07554,Quantitative Aptitude,Set Theory,Medium,"TCS NQT,SSC,Placements",0.563
Q07555,Logical Reasoning,Direction Sense,Medium,"Placements,Banking",0.587
Q07556,Quantitative Aptitude,Trigonometry,Hard,"Placements,SSC,CAT",0.343
Q07557,Verbal Ability,Fill in the Blanks,Easy,"CAT,Placements",0.77
Q07558,Logical Reasoning,Cubes & Dice,Hard,"General,Banking,Placements",0.25
Q07559,Verbal Ability,Error Spotting,Hard,"TCS NQT,Placements,SSC",0.332
Q07560,Quantitative Aptitude,Averages,Easy,General,0.722
Q07561,Verbal Ability,Critical Reasoning,Easy,"TCS NQT,SSC",0.859
Q07562,Verbal Ability,Idioms & Phrases,Easy,"Banking,Placements,CAT",0.867
Q07563,Verbal Ability,Para Summary,Hard,Banking,0.322
Q07564,Verbal Ability,Error Spotting,Medium,"Placements,SSC,Banking",0.581
Q07565,Verbal Ability,Verbal Analogies,Medium,"Placements,TCS NQT,CAT",0.61
Q07566,Logical Reasoning,Input-Output,Easy,SSC,0.827
Q07567,Logical Reasoning,Statement & Assumption,Easy,"TCS NQT,CAT,General",0.792
Q07568,Logical Reasoning,Ranking & Order,Hard,"General,Placements,Banking",0.298
Q07569,Logical Reasoning,Seating Arrangement,Easy,Placements,0.708
Q07570,Logical Reasoning,Blood Relations,Medium,"Placements,Banking",0.537
Q07571,Data Interpretation,Line Graphs,Easy,"CAT,Banking",0.843
Q07572,Data Interpretation,Line Graphs,Easy,CAT,0.822
Q07573,Logical Reasoning,Statement & Conclusion,Easy,"TCS NQT,Banking,General",0.746
Q07574,Verbal Ability,Idioms & Phrases,Easy,"CAT,TCS NQT,Placements",0.8
Q07575,Logical Reasoning,Ranking & Order,Medium,"SSC,TCS NQT,Placements",0.553
Q07576,Quantitative Aptitude,Simple Interest,Easy,CAT,0.808
Q07577,Quantitative Aptitude,Mixtures & Alligations,Medium,"Placements,TCS NQT",0.595
Q07578,Quantitative Aptitude,Mixtures & Alligations,Medium,"Banking,Placements",0.628
Q07579,Verbal Ability,Fill in the Blanks,Hard,"SSC,Placements,TCS NQT",0.216
Q07580,Logical Reasoning,Ranking & Order,Easy,"SSC,General,Banking",0.837
Q07581,Verbal Ability,Sentence Correction,Medium,TCS NQT,0.527
Q07582,Quantitative Aptitude,Simple Interest,Hard,"Placements,TCS NQT",0.28
Q07583,Quantitative Aptitude,Progressions (AP/GP),Easy,"SSC,CAT,Placements",0.768
Q07584,Verbal Ability,Para Summary,Hard,"SSC,TCS NQT,CAT",0.219
Q07585,Quantitative Aptitude,Surds & Indices,Medium,Placements,0.49
Q07586,Quantitative Aptitude,Set Theory,Medium,"General,Banking",0.553
Q07587,Verbal Ability,Error Spotting,Medium,"TCS NQT,Banking",0.571
Q07588,Verbal Ability,Para Jumbles,Medium,"Banking,General,CAT",0.649
Q07589,Verbal Ability,Para Summary,Easy,"TCS NQT,Placements,General",0.778
Q07590,Logical Reasoning,Venn Diagrams,Medium,TCS NQT,0.467
Q07591,Logical Reasoning,Puzzles,Easy,CAT,0.76
Q07592,Verbal Ability,Para Summary,Medium,Placements,0.515
Q07593,Verbal Ability,Fill in the Blanks,Medium,"CAT,General,Banking",0.592
Q07594,Logical Reasoning,Statement & Assumption,Hard,"TCS NQT,SSC,CAT",0.32
Q07595,Verbal Ability,Para Jumbles,Hard,Placements,0.364
Q07596,Logical Reasoning,Statement & Assumption,Easy,"SSC,Placements",0.828
Q07597,Logical Reasoning,Analogy,Hard,"Banking,General,Placements",0.306
Q07598,Logical Reasoning,Statement & Conclusion,Medium,"CAT,SSC,General",0.519
Q07599,Data Interpretation,Venn-based DI,Hard,"SSC,CAT,TCS NQT",0.223
Q07600,Logical Reasoning,Seating Arrangement,Medium,"Banking,TCS NQT",0.583
Q07601,Logical Reasoning,Series Completion,Easy,CAT,0.707
Q07602,Verbal Ability,Critical Reasoning,Easy,"CAT,General,Banking",0.82
Q07603,Logical Reasoning,Blood Relations,Easy,"TCS NQT,General",0.8
Q07604,Quantitative Aptitude,Surds & Indices,Medium,"CAT,General,TCS NQT",0.562
Q07605,Data Interpretation,Caselets,Medium,"Placements,CAT,General",0.512
Q07606,Verbal Ability,Idioms & Phrases,Medium,"Banking,General,CAT",0.571
Q07607,Logical Reasoning,Ranking & Order,Hard,"CAT,General,TCS NQT",0.253
Q07608,Data Interpretation,Tables,Medium,"Placements,CAT",0.51
Q07609,Quantitative Aptitude,"Time, Speed & Distance",Medium,"TCS NQT,SSC",0.689
Q07610,Quantitative Aptitude,Mixtures & Alligations,Easy,"SSC,Placements,CAT",0.849
Q07611,Verbal Ability,Sentence Correction,Easy,"Placements,CAT",0.914
Q07612,Quantitative Aptitude,Geometry,Medium,General,0.539
Q07613,Logical Reasoning,Analogy,Medium,"General,CAT,Banking",0.511
Q07614,Logical Reasoning,Puzzles,Hard,TCS NQT,0.25
Q07615,Quantitative Aptitude,Quadratic Equations,Hard,CAT,0.342
Q07616,Quantitative Aptitude,Algebra,Easy,"CAT,General",0.827
Q07617,Quantitative Aptitude,Trigonometry,Medium,Placements,0.543
Q07618,Verbal Ability,Synonyms & Antonyms,Easy,"CAT,TCS NQT,SSC",0.801
Q07619,Quantitative Aptitude,Number System,Easy,SSC,0.782
Q07620,Quantitative Aptitude,Mensuration,Easy,"CAT,Placements,General",0.812
Q07621,Data Interpretation,Caselets,Medium,CAT,0.595
Q07622,Quantitative Aptitude,Compound Interest,Medium,"Banking,SSC,TCS NQT",0.615
Q07623,Quantitative Aptitude,Compound Interest,Medium,"General,CAT",0.635
Q07624,Quantitative Aptitude,Logarithms,Easy,Banking,0.899
Q07625,Verbal Ability,Odd One Out,Medium,"SSC,Banking,TCS NQT",0.563
Q07626,Data Interpretation,Caselets,Easy,"Placements,TCS NQT",0.818
Q07627,Logical Reasoning,Seating Arrangement,Easy,TCS NQT,0.756
Q07628,Quantitative Aptitude,Profit & Loss,Easy,General,0.814
Q07629,Verbal Ability,Odd One Out,Medium,"TCS NQT,CAT",0.596
Q07630,Verbal Ability,Cloze Test,Medium,"CAT,TCS NQT",0.564
Q07631,Data Interpretation,Caselets,Medium,Placements,0.552
Q07632,Quantitative Aptitude,Set Theory,Medium,CAT,0.53
Q07633,Logical Reasoning,Data Sufficiency,Easy,"CAT,General",0.878
Q07634,Quantitative Aptitude,Partnership,Medium,CAT,0.567
Q07635,Quantitative Aptitude,Algebra,Hard,SSC,0.332
Q07636,Quantitative Aptitude,Percentages,Easy,"TCS NQT,Banking",0.819
Q07637,Quantitative Aptitude,Surds & Indices,Easy,Banking,0.824
Q07638,Logical Reasoning,Seating Arrangement,Hard,"TCS NQT,SSC",0.302
Q07639,Quantitative Aptitude,Linear Equations,Hard,"Placements,SSC",0.268
Q07640,Logical Reasoning,Coding-Decoding,Medium,"Banking,SSC,CAT",0.502
Q07641,Verbal Ability,Reading Comprehension,Hard,General,0.376
Q07642,Quantitative Aptitude,Linear Equations,Medium,"Banking,CAT",0.587
Q07643,Logical Reasoning,Cubes & Dice,Hard,"TCS NQT,General,SSC",0.379
Q07644,Quantitative Aptitude,Permutation & Combination,Easy,"SSC,Banking,TCS NQT",0.751
Q07645,Logical Reasoning,Clocks & Calendars,Easy,"TCS NQT,General,Placements",0.805
Q07646,Logical Reasoning,Syllogisms,Medium,SSC,0.514
Q07647,Logical Reasoning,Puzzles,Easy,"General,SSC,Banking",0.802
Q07648,Quantitative Aptitude,Mensuration,Hard,"General,Banking",0.406
Q07649,Verbal Ability,Sentence Correction,Medium,"SSC,TCS NQT",0.476
Q07650,Data Interpretation,Caselets,Easy,Placements,0.81
Q07651,Quantitative Aptitude,Mensuration,Easy,"General,CAT,Banking",0.818
Q07652,Verbal Ability,Synonyms & Antonyms,Hard,"Banking,Placements",0.309
Q07653,Quantitative Aptitude,Set Theory,Easy,"Banking,SSC",0.821
Q07654,Logical Reasoning,Blood Relations,Easy,"Banking,CAT",0.805
Q07655,Quantitative Aptitude,Trigonometry,Easy,General,0.783
Q07656,Data Interpretation,Bar Graphs,Medium,SSC,0.544
Q07657,Verbal Ability,Cloze Test,Easy,"CAT,Placements",0.806
Q07658,Data Interpretation,Bar Graphs,Medium,"TCS NQT,Banking",0.52
Q07659,Data Interpretation,Line Graphs,Hard,"CAT,TCS NQT",0.265
Q07660,Quantitative Aptitude,Mensuration,Medium,CAT,0.648
Q07661,Logical Reasoning,Blood Relations,Hard,"Banking,General,CAT",0.285
Q07662,Logical Reasoning,Statement & Conclusion,Medium,Banking,0.523
Q07663,Verbal Ability,Synonyms & Antonyms,Hard,"Placements,CAT,Banking",0.314
Q07664,Quantitative Aptitude,Geometry,Medium,Placements,0.62
Q07665,Verbal Ability,Idioms & Phrases,Hard,"CAT,General,SSC",0.305
Q07666,Logical Reasoning,Coding-Decoding,Easy,Placements,0.824
Q07667,Quantitative Aptitude,Compound Interest,Easy,"Placements,General,TCS NQT",0.793
Q07668,Quantitative Aptitude,Probability,Medium,SSC,0.52
Q07669,Logical Reasoning,Blood Relations,Medium,"SSC,Banking,General",0.461
Q07670,Data Interpretation,Line Graphs,Easy,"Placements,SSC,TCS NQT",0.789
Q07671,Data Interpretation,Bar Graphs,Easy,SSC,0.751
Q07672,Quantitative Aptitude,Profit & Loss,Medium,General,0.552
Q07673,Verbal Ability,Idioms & Phrases,Easy,"Banking,TCS NQT",0.715
Q07674,Logical Reasoning,Puzzles,Hard,SSC,0.324
Q07675,Data Interpretation,Pie Charts,Medium,"CAT,Placements,SSC",0.515
Q07676,Data Interpretation,Bar Graphs,Easy,"Placements,SSC",0.77
Q07677,Verbal Ability,Odd One Out,Medium,Placements,0.615
Q07678,Data Interpretation,Venn-based DI,Hard,"Placements,CAT,Banking",0.23
Q07679,Verbal Ability,Critical Reasoning,Medium,General,0.628
Q07680,Data Interpretation,Mixed DI Sets,Medium,"TCS NQT,CAT",0.569
Q07681,Verbal Ability,Verbal Analogies,Medium,"TCS NQT,Placements",0.598
Q07682,Logical Reasoning,Blood Relations,Easy,TCS NQT,0.808
Q07683,Logical Reasoning,Blood Relations,Easy,CAT,0.846
Q07684,Verbal Ability,Critical Reasoning,Hard,TCS NQT,0.3
Q07685,Quantitative Aptitude,Mixtures & Alligations,Hard,"SSC,Placements,General",0.28
Q07686,Verbal Ability,Para Jumbles,Hard,"SSC,Placements,CAT",0.304
Q07687,Quantitative Aptitude,Set Theory,Medium,"SSC,Banking",0.528
Q07688,Quantitative Aptitude,Probability,Medium,"Banking,SSC",0.663
Q07689,Quantitative Aptitude,Pipes & Cisterns,Medium,"Placements,TCS NQT,CAT",0.432
Q07690,Quantitative Aptitude,Time & Work,Hard,General,0.304
Q07691,Data Interpretation,Venn-based DI,Hard,"TCS NQT,General,Placements",0.351
Q07692,Data Interpretation,Bar Graphs,Medium,"Placements,SSC",0.553
Q07693,Quantitative Aptitude,Trigonometry,Easy,"General,CAT,Placements",0.834
Q07694,Logical Reasoning,Cubes & Dice,Medium,"TCS NQT,CAT,Placements",0.548
Q07695,Quantitative Aptitude,Simple Interest,Easy,General,0.831
Q07696,Logical Reasoning,Cubes & Dice,Hard,"Placements,Banking",0.298
Q07697,Quantitative Aptitude,Logarithms,Medium,"CAT,SSC,TCS NQT",0.602
Q07698,Quantitative Aptitude,Probability,Easy,"SSC,Banking",0.815
Q07699,Quantitative Aptitude,Linear Equations,Hard,"TCS NQT,SSC,CAT",0.399
Q07700,Verbal Ability,Idioms & Phrases,Hard,"Placements,TCS NQT",0.42
Q07701,Logical Reasoning,Blood Relations,Hard,"TCS NQT,Banking",0.253
Q07702,Data Interpretation,Bar Graphs,Medium,"SSC,General,Placements",0.595
Q07703,Logical Reasoning,Input-Output,Medium,Banking,0.504
Q07704,Verbal Ability,Para Jumbles,Hard,"CAT,Banking,SSC",0.288
Q07705,Verbal Ability,Para Summary,Easy,"Placements,General",0.74
Q07706,Quantitative Aptitude,Mensuration,Medium,"SSC,Banking",0.508
Q07707,Verbal Ability,Reading Comprehension,Hard,Banking,0.388
Q07708,Verbal Ability,Fill in the Blanks,Medium,Banking,0.538
Q07709,Verbal Ability,Para Summary,Medium,Placements,0.577
Q07710,Verbal Ability,Para Summary,Medium,"TCS NQT,CAT,SSC",0.432
Q07711,Logical Reasoning,Syllogisms,Medium,SSC,0.517
Q07712,Verbal Ability,Sentence Correction,Medium,"CAT,TCS NQT,SSC",0.521
Q07713,Quantitative Aptitude,"Time, Speed & Distance",Easy,"General,Banking",0.828
Q07714,Logical Reasoning,Coding-Decoding,Medium,"TCS NQT,Banking,SSC",0.578
Q07715,Logical Reasoning,Statement & Conclusion,Easy,"Banking,General",0.786
Q07716,Logical Reasoning,Coding-Decoding,Easy,"CAT,TCS NQT",0.801
Q07717,Verbal Ability,Critical Reasoning,Medium,"Placements,General,TCS NQT",0.586
Q07718,Quantitative Aptitude,Averages,Easy,Placements,0.733
Q07719,Verbal Ability,Critical Reasoning,Medium,"CAT,General,SSC",0.544
Q07720,Data Interpretation,Pie Charts,Hard,"General,Placements",0.199
Q07721,Quantitative Aptitude,Mixtures & Alligations,Hard,General,0.317
Q07722,Logical Reasoning,Venn Diagrams,Medium,"Placements,Banking",0.553
Q07723,Verbal Ability,Verbal Analogies,Medium,SSC,0.517
Q07724,Quantitative Aptitude,Probability,Medium,"SSC,Banking",0.591
Q07725,Data Interpretation,Caselets,Medium,"CAT,Banking,Placements",0.618
Q07726,Quantitative Aptitude,Trigonometry,Medium,"Banking,CAT,Placements",0.624
Q07727,Verbal Ability,Critical Reasoning,Hard,SSC,0.284
Q07728,Quantitative Aptitude,Mensuration,Easy,Placements,0.741
Q07729,Logical Reasoning,Series Completion,Medium,General,0.513
Q07730,Verbal Ability,Synonyms & Antonyms,Hard,"SSC,TCS NQT,General",0.264
Q07731,Quantitative Aptitude,Linear Equations,Medium,Placements,0.561
Q07732,Verbal Ability,Para Jumbles,Hard,"General,TCS NQT",0.294
Q07733,Quantitative Aptitude,Compound Interest,Medium,"Banking,Placements,CAT",0.457
Q07734,Quantitative Aptitude,Averages,Medium,Placements,0.562
Q07735,Verbal Ability,Verbal Analogies,Easy,"Banking,Placements",0.738
Q07736,Quantitative Aptitude,Partnership,Medium,"TCS NQT,CAT,Banking",0.563
Q07737,Quantitative Aptitude,Time & Work,Medium,Banking,0.619
Q07738,Logical Reasoning,Clocks & Calendars,Hard,TCS NQT,0.235
Q07739,Logical Reasoning,Direction Sense,Medium,CAT,0.553
Q07740,Logical Reasoning,Clocks & Calendars,Easy,Banking,0.715
Q07741,Logical Reasoning,Cubes & Dice,Easy,"Placements,CAT,SSC",0.851
Q07742,Quantitative Aptitude,Surds & Indices,Medium,TCS NQT,0.587
Q07743,Quantitative Aptitude,Time & Work,Easy,"Banking,TCS NQT",0.825
Q07744,Quantitative Aptitude,"Time, Speed & Distance",Easy,"CAT,Banking",0.867
Q07745,Verbal Ability,Sentence Correction,Easy,SSC,0.861
Q07746,Logical Reasoning,Syllogisms,Medium,CAT,0.488
Q07747,Data Interpretation,Tables,Easy,"Placements,TCS NQT,CAT",0.765
Q07748,Verbal Ability,Critical Reasoning,Hard,"SSC,CAT,Placements",0.324
Q07749,Logical Reasoning,Direction Sense,Medium,Banking,0.537
Q07750,Verbal Ability,Para Jumbles,Hard,"TCS NQT,CAT,General",0.312
Q07751,Logical Reasoning,Statement & Assumption,Easy,"Placements,General,SSC",0.781
Q07752,Quantitative Aptitude,Logarithms,Medium,Banking,0.521
Q07753,Quantitative Aptitude,Logarithms,Easy,"CAT,TCS NQT",0.743
Q07754,Logical Reasoning,Syllogisms,Medium,CAT,0.419
Q07755,Quantitative Aptitude,Set Theory,Easy,Placements,0.794
Q07756,Quantitative Aptitude,Partnership,Medium,"General,SSC,Banking",0.517
Q07757,Quantitative Aptitude,Simple Interest,Hard,"Placements,General",0.156
Q07758,Verbal Ability,Fill in the Blanks,Medium,"General,SSC",0.514
Q07759,Verbal Ability,Error Spotting,Hard,"CAT,TCS NQT",0.365
Q07760,Logical Reasoning,Data Sufficiency,Hard,"TCS NQT,SSC",0.284
Q07761,Quantitative Aptitude,Number System,Easy,"Banking,TCS NQT,Placements",0.747
Q07762,Quantitative Aptitude,Ratio & Proportion,Easy,SSC,0.833
Q07763,Verbal Ability,Fill in the Blanks,Hard,"Placements,General,TCS NQT",0.348
Q07764,Logical Reasoning,Seating Arrangement,Easy,"General,Banking",0.826
Q07765,Quantitative Aptitude,Mensuration,Medium,"CAT,SSC,TCS NQT",0.495
Q07766,Logical Reasoning,Ranking & Order,Medium,"Banking,SSC",0.516
Q07767,Logical Reasoning,Statement & Assumption,Hard,"CAT,General",0.344
Q07768,Data Interpretation,Caselets,Easy,"Placements,TCS NQT",0.845
Q07769,Verbal Ability,Error Spotting,Hard,CAT,0.369
Q07770,Logical Reasoning,Cubes & Dice,Medium,"Banking,General",0.569
Q07771,Quantitative Aptitude,Partnership,Hard,"SSC,CAT",0.317
Q07772,Verbal Ability,Fill in the Blanks,Easy,General,0.814
Q07773,Quantitative Aptitude,Trigonometry,Hard,"Banking,CAT,Placements",0.225
Q07774,Logical Reasoning,Blood Relations,Medium,"Placements,TCS NQT,CAT",0.517
Q07775,Verbal Ability,Error Spotting,Medium,"SSC,Banking,CAT",0.59
Q07776,Quantitative Aptitude,Geometry,Easy,"CAT,TCS NQT,General",0.822
Q07777,Logical Reasoning,Direction Sense,Hard,Placements,0.233
Q07778,Verbal Ability,Para Jumbles,Medium,"CAT,Banking,TCS NQT",0.474
Q07779,Data Interpretation,Venn-based DI,Hard,"Banking,CAT,General",0.411
Q07780,Quantitative Aptitude,Set Theory,Medium,"General,Banking",0.56
Q07781,Verbal Ability,Sentence Correction,Medium,"Placements,General",0.644
Q07782,Quantitative Aptitude,Compound Interest,Medium,General,0.505
Q07783,Verbal Ability,Odd One Out,Medium,TCS NQT,0.484
Q07784,Logical Reasoning,Data Sufficiency,Hard,"Placements,CAT,General",0.323
Q07785,Logical Reasoning,Ranking & Order,Hard,"TCS NQT,SSC,General",0.361
Q07786,Logical Reasoning,Input-Output,Easy,Banking,0.724
Q07787,Logical Reasoning,Seating Arrangement,Medium,SSC,0.509
Q07788,Quantitative Aptitude,Compound Interest,Easy,"SSC,Placements,CAT",0.847
Q07789,Quantitative Aptitude,Percentages,Medium,General,0.446
Q07790,Logical Reasoning,Statement & Assumption,Medium,"SSC,Placements",0.532
Q07791,Data Interpretation,Venn-based DI,Easy,"General,Placements,TCS NQT",0.829
Q07792,Quantitative Aptitude,Partnership,Hard,"CAT,Placements,TCS NQT",0.344
Q07793,Verbal Ability,Critical Reasoning,Medium,"SSC,TCS NQT",0.612
Q07794,Quantitative Aptitude,Surds & Indices,Easy,"TCS NQT,Banking,General",0.694
Q07795,Verbal Ability,Verbal Analogies,Hard,Placements,0.323
Q07796,Verbal Ability,Odd One Out,Easy,"General,SSC,CAT",0.774
Q07797,Logical Reasoning,Analogy,Medium,"TCS NQT,Placements,Banking",0.582
Q07798,Quantitative Aptitude,Geometry,Medium,"TCS NQT,CAT",0.574
Q07799,Verbal Ability,Fill in the Blanks,Medium,TCS NQT,0.554
Q07800,Data Interpretation,Line Graphs,Easy,CAT,0.741
Q07801,Logical Reasoning,Puzzles,Hard,"General,CAT",0.288
Q07802,Quantitative Aptitude,Quadratic Equations,Medium,"Placements,Banking",0.542
Q07803,Quantitative Aptitude,Quadratic Equations,Hard,"Placements,Banking",0.155
Q07804,Logical Reasoning,Cubes & Dice,Medium,SSC,0.61
Q07805,Logical Reasoning,Seating Arrangement,Easy,Banking,0.791
Q07806,Quantitative Aptitude,Time & Work,Medium,"SSC,General",0.6
Q07807,Verbal Ability,Sentence Correction,Easy,Banking,0.83
Q07808,Verbal Ability,Fill in the Blanks,Medium,"Banking,SSC,General",0.603
Q07809,Data Interpretation,Radar/Spider Charts,Easy,"SSC,TCS NQT",0.713
Q07810,Verbal Ability,Odd One Out,Easy,"SSC,TCS NQT,Banking",0.835
Q07811,Quantitative Aptitude,Time & Work,Hard,SSC,0.205
Q07812,Verbal Ability,Verbal Analogies,Medium,"General,SSC",0.51
Q07813,Quantitative Aptitude,Simple Interest,Easy,SSC,0.805
Q07814,Logical Reasoning,Input-Output,Hard,"Placements,SSC,CAT",0.326
Q07815,Logical Reasoning,Input-Output,Easy,"Placements,TCS NQT,Banking",0.777
Q07816,Data Interpretation,Mixed DI Sets,Easy,"TCS NQT,SSC",0.735
Q07817,Quantitative Aptitude,Simple Interest,Hard,General,0.315
Q07818,Quantitative Aptitude,Percentages,Medium,"Placements,Banking",0.505
Q07819,Logical Reasoning,Input-Output,Easy,"Banking,Placements,TCS NQT",0.887
Q07820,Verbal Ability,Error Spotting,Medium,"General,CAT",0.589
Q07821,Logical Reasoning,Cubes & Dice,Medium,"Placements,SSC,TCS NQT",0.621
Q07822,Verbal Ability,Synonyms & Antonyms,Medium,Placements,0.601
Q07823,Quantitative Aptitude,Progressions (AP/GP),Easy,SSC,0.816
Q07824,Verbal Ability,Para Summary,Medium,"SSC,CAT,Placements",0.541
Q07825,Quantitative Aptitude,Compound Interest,Easy,SSC,0.809
Q07826,Logical Reasoning,Analogy,Easy,"TCS NQT,CAT",0.789
Q07827,Verbal Ability,Critical Reasoning,Medium,"Banking,TCS NQT",0.492
Q07828,Quantitative Aptitude,Mensuration,Medium,SSC,0.492
Q07829,Quantitative Aptitude,Simple Interest,Medium,"SSC,CAT,Banking",0.618
Q07830,Verbal Ability,Reading Comprehension,Medium,Placements,0.512
Q07831,Quantitative Aptitude,Set Theory,Easy,"TCS NQT,Placements,CAT",0.79
Q07832,Verbal Ability,Critical Reasoning,Hard,"TCS NQT,Placements",0.295
Q07833,Quantitative Aptitude,Ratio & Proportion,Hard,Banking,0.317
Q07834,Verbal Ability,Cloze Test,Hard,"Placements,CAT,SSC",0.261
Q07835,Quantitative Aptitude,Algebra,Easy,General,0.791
Q07836,Data Interpretation,Data Sufficiency (DI),Medium,"Banking,General",0.509
Q07837,Verbal Ability,Reading Comprehension,Medium,"Placements,Banking",0.543
Q07838,Quantitative Aptitude,Set Theory,Hard,General,0.35
Q07839,Quantitative Aptitude,Compound Interest,Easy,"Banking,Placements,CAT",0.814
Q07840,Verbal Ability,Para Jumbles,Easy,Placements,0.752
Q07841,Verbal Ability,Synonyms & Antonyms,Medium,CAT,0.558
Q07842,Verbal Ability,Error Spotting,Medium,"TCS NQT,SSC,General",0.588
Q07843,Quantitative Aptitude,Compound Interest,Easy,"SSC,TCS NQT",0.781
Q07844,Quantitative Aptitude,"Time, Speed & Distance",Medium,Placements,0.549
Q07845,Quantitative Aptitude,Geometry,Easy,"General,TCS NQT",0.886
Q07846,Verbal Ability,Para Summary,Medium,TCS NQT,0.536
Q07847,Logical Reasoning,Coding-Decoding,Medium,"TCS NQT,General,Banking",0.531
Q07848,Verbal Ability,Odd One Out,Medium,"General,CAT,Placements",0.533
Q07849,Verbal Ability,Para Summary,Medium,SSC,0.552
Q07850,Logical Reasoning,Statement & Conclusion,Medium,"SSC,Banking,Placements",0.48
Q07851,Logical Reasoning,Blood Relations,Hard,"SSC,Banking,General",0.289
Q07852,Logical Reasoning,Syllogisms,Medium,Placements,0.532
Q07853,Logical Reasoning,Direction Sense,Hard,"TCS NQT,SSC",0.297
Q07854,Logical Reasoning,Seating Arrangement,Medium,"Placements,SSC,CAT",0.609
Q07855,Quantitative Aptitude,Set Theory,Hard,CAT,0.34
Q07856,Data Interpretation,Pie Charts,Medium,"SSC,Banking",0.568
Q07857,Quantitative Aptitude,Simple Interest,Easy,"SSC,TCS NQT",0.766
Q07858,Verbal Ability,Error Spotting,Easy,"General,CAT,TCS NQT",0.785
Q07859,Data Interpretation,Tables,Medium,"General,TCS NQT,CAT",0.545
Q07860,Logical Reasoning,Clocks & Calendars,Medium,"General,CAT",0.485
Q07861,Logical Reasoning,Syllogisms,Easy,"CAT,SSC",0.793
Q07862,Verbal Ability,Sentence Correction,Hard,SSC,0.399
Q07863,Quantitative Aptitude,Quadratic Equations,Easy,"TCS NQT,SSC",0.718
Q07864,Quantitative Aptitude,Profit & Loss,Easy,"Placements,SSC,General",0.782
Q07865,Quantitative Aptitude,Permutation & Combination,Medium,"General,CAT,SSC",0.486
Q07866,Quantitative Aptitude,Permutation & Combination,Medium,"Placements,Banking,SSC",0.594
Q07867,Data Interpretation,Radar/Spider Charts,Medium,"SSC,TCS NQT",0.55
Q07868,Quantitative Aptitude,Percentages,Easy,CAT,0.827
Q07869,Verbal Ability,Verbal Analogies,Medium,"CAT,General,Banking",0.621
Q07870,Verbal Ability,Idioms & Phrases,Easy,"Banking,SSC",0.829
Q07871,Verbal Ability,Odd One Out,Medium,Banking,0.59
Q07872,Verbal Ability,Odd One Out,Easy,"SSC,CAT,TCS NQT",0.685
Q07873,Logical Reasoning,Syllogisms,Easy,Banking,0.765
Q07874,Quantitative Aptitude,Surds & Indices,Easy,Banking,0.787
Q07875,Logical Reasoning,Series Completion,Hard,"General,CAT",0.281
Q07876,Quantitative Aptitude,Geometry,Medium,CAT,0.483
Q07877,Quantitative Aptitude,Linear Equations,Easy,"Banking,General,TCS NQT",0.746
Q07878,Quantitative Aptitude,Simple Interest,Easy,TCS NQT,0.811
Q07879,Quantitative Aptitude,Progressions (AP/GP),Medium,"Banking,General",0.666
Q07880,Quantitative Aptitude,Linear Equations,Medium,"General,TCS NQT,Placements",0.546
Q07881,Quantitative Aptitude,Surds & Indices,Easy,Placements,0.752
Q07882,Verbal Ability,Para Summary,Hard,Banking,0.321
Q07883,Quantitative Aptitude,Percentages,Hard,"SSC,CAT,General",0.289
Q07884,Verbal Ability,Idioms & Phrases,Medium,SSC,0.518
Q07885,Quantitative Aptitude,"Time, Speed & Distance",Medium,"SSC,TCS NQT",0.557
Q07886,Data Interpretation,Pie Charts,Easy,"SSC,Banking,General",0.847
Q07887,Verbal Ability,Odd One Out,Easy,"Placements,TCS NQT,SSC",0.817
Q07888,Logical Reasoning,Statement & Assumption,Easy,"Placements,General",0.838
Q07889,Verbal Ability,Verbal Analogies,Medium,"TCS NQT,General,Placements",0.509
Q07890,Verbal Ability,Critical Reasoning,Easy,Banking,0.698
Q07891,Quantitative Aptitude,Quadratic Equations,Hard,"Placements,CAT,Banking",0.221
Q07892,Quantitative Aptitude,Partnership,Hard,"SSC,TCS NQT",0.241
Q07893,Quantitative Aptitude,Percentages,Medium,General,0.534
Q07894,Verbal Ability,Fill in the Blanks,Medium,"SSC,Banking,TCS NQT",0.61
Q07895,Verbal Ability,Idioms & Phrases,Easy,"TCS NQT,Placements",0.781
Q07896,Verbal Ability,Reading Comprehension,Easy,CAT,0.743
Q07897,Data Interpretation,Line Graphs,Medium,"SSC,Placements,TCS NQT",0.622
Q07898,Quantitative Aptitude,Mensuration,Easy,Banking,0.741
Q07899,Verbal Ability,Para Summary,Easy,"TCS NQT,General",0.828
Q07900,Verbal Ability,Cloze Test,Medium,SSC,0.523
Q07901,Logical Reasoning,Venn Diagrams,Medium,General,0.417
Q07902,Data Interpretation,Mixed DI Sets,Easy,"General,CAT,Placements",0.815
Q07903,Logical Reasoning,Venn Diagrams,Hard,TCS NQT,0.336
Q07904,Quantitative Aptitude,Linear Equations,Easy,"Banking,CAT",0.818
Q07905,Data Interpretation,Tables,Medium,TCS NQT,0.512
Q07906,Verbal Ability,Odd One Out,Medium,CAT,0.573
Q07907,Quantitative Aptitude,Probability,Medium,"Banking,Placements,CAT",0.582
Q07908,Quantitative Aptitude,Set Theory,Medium,"Placements,TCS NQT",0.657
Q07909,Quantitative Aptitude,Partnership,Easy,Banking,0.9
Q07910,Data Interpretation,Radar/Spider Charts,Easy,"Banking,CAT",0.784
Q07911,Logical Reasoning,Puzzles,Easy,"SSC,Placements,General",0.784
Q07912,Verbal Ability,Synonyms & Antonyms,Easy,"General,Banking,TCS NQT",0.878
Q07913,Verbal Ability,Sentence Correction,Medium,TCS NQT,0.629
Q07914,Verbal Ability,Reading Comprehension,Easy,Banking,0.804
Q07915,Data Interpretation,Pie Charts,Easy,CAT,0.795
Q07916,Logical Reasoning,Syllogisms,Medium,General,0.467
Q07917,Logical Reasoning,Statement & Conclusion,Medium,Placements,0.434
Q07918,Data Interpretation,Caselets,Hard,"SSC,Banking,Placements",0.339
Q07919,Logical Reasoning,Syllogisms,Easy,"General,Banking",0.769
Q07920,Quantitative Aptitude,Partnership,Hard,"Banking,General,CAT",0.277
Q07921,Logical Reasoning,Input-Output,Hard,General,0.296
Q07922,Data Interpretation,Radar/Spider Charts,Hard,Banking,0.221
Q07923,Verbal Ability,Fill in the Blanks,Easy,"TCS NQT,Banking,SSC",0.766
Q07924,Logical Reasoning,Ranking & Order,Medium,"Banking,General",0.61
Q07925,Verbal Ability,Critical Reasoning,Medium,TCS NQT,0.523
Q07926,Logical Reasoning,Ranking & Order,Medium,"Placements,General,SSC",0.56
Q07927,Quantitative Aptitude,Averages,Easy,CAT,0.789
Q07928,Data Interpretation,Mixed DI Sets,Easy,Placements,0.75
Q07929,Logical Reasoning,Clocks & Calendars,Medium,General,0.599
Q07930,Quantitative Aptitude,Quadratic Equations,Easy,"General,SSC,Placements",0.785
Q07931,Quantitative Aptitude,Mensuration,Easy,"Placements,General,TCS NQT",0.755
Q07932,Verbal Ability,Para Jumbles,Medium,"CAT,SSC,Placements",0.567
Q07933,Logical Reasoning,Blood Relations,Easy,"CAT,SSC",0.749
Q07934,Quantitative Aptitude,Partnership,Medium,"Banking,Placements",0.57
Q07935,Data Interpretation,Data Sufficiency (DI),Hard,CAT,0.348
Q07936,Data Interpretation,Mixed DI Sets,Medium,"General,TCS NQT",0.667
Q07937,Logical Reasoning,Puzzles,Hard,SSC,0.284
Q07938,Verbal Ability,Reading Comprehension,Easy,"General,CAT,TCS NQT",0.79
Q07939,Logical Reasoning,Seating Arrangement,Medium,"General,Placements",0.561
Q07940,Quantitative Aptitude,Geometry,Medium,CAT,0.551
Q07941,Quantitative Aptitude,Permutation & Combination,Medium,Placements,0.543
Q07942,Quantitative Aptitude,Quadratic Equations,Medium,"TCS NQT,General",0.638
Q07943,Logical Reasoning,Series Completion,Easy,"SSC,Banking,General",0.731
Q07944,Data Interpretation,Radar/Spider Charts,Hard,"Placements,General,SSC",0.2
Q07945,Verbal Ability,Critical Reasoning,Hard,"TCS NQT,Placements,SSC",0.323
Q07946,Quantitative Aptitude,Trigonometry,Medium,TCS NQT,0.563
Q07947,Verbal Ability,Synonyms & Antonyms,Medium,SSC,0.525
Q07948,Quantitative Aptitude,Progressions (AP/GP),Easy,"Banking,TCS NQT",0.749
Q07949,Quantitative Aptitude,Profit & Loss,Medium,"Banking,Placements",0.572
Q07950,Verbal Ability,Error Spotting,Hard,"Banking,General,SSC",0.332
Q07951,Logical Reasoning,Statement & Assumption,Easy,CAT,0.804
Q07952,Logical Reasoning,Series Completion,Hard,Banking,0.293
Q07953,Logical Reasoning,Direction Sense,Hard,"Banking,General,SSC",0.251
Q07954,Logical Reasoning,Direction Sense,Hard,"Placements,SSC,Banking",0.247
Q07955,Logical Reasoning,Venn Diagrams,Hard,"TCS NQT,Placements",0.332
Q07956,Logical Reasoning,Analogy,Medium,"Placements,SSC,CAT",0.581
Q07957,Quantitative Aptitude,Percentages,Hard,General,0.249
Q07958,Data Interpretation,Line Graphs,Easy,TCS NQT,0.759
Q07959,Verbal Ability,Para Summary,Medium,"CAT,General,SSC",0.61
Q07960,Quantitative Aptitude,Surds & Indices,Medium,"Banking,CAT,SSC",0.535
Q07961,Data Interpretation,Pie Charts,Medium,"CAT,TCS NQT,SSC",0.59
Q07962,Quantitative Aptitude,Averages,Easy,Placements,0.84
Q07963,Logical Reasoning,Analogy,Medium,Banking,0.619
Q07964,Quantitative Aptitude,Set Theory,Medium,General,0.528
Q07965,Quantitative Aptitude,Percentages,Easy,"General,Placements,TCS NQT",0.857
Q07966,Quantitative Aptitude,Algebra,Medium,"General,Placements",0.535
Q07967,Verbal Ability,Para Summary,Easy,"General,Placements,CAT",0.844
Q07968,Logical Reasoning,Seating Arrangement,Easy,CAT,0.801
Q07969,Verbal Ability,Error Spotting,Medium,TCS NQT,0.534
Q07970,Logical Reasoning,Syllogisms,Hard,"TCS NQT,General,Placements",0.217
Q07971,Verbal Ability,Para Jumbles,Hard,"Banking,TCS NQT,CAT",0.256
Q07972,Logical Reasoning,Blood Relations,Hard,"TCS NQT,CAT",0.303
Q07973,Quantitative Aptitude,Time & Work,Easy,"General,Placements,SSC",0.748
Q07974,Quantitative Aptitude,Partnership,Easy,"CAT,SSC",0.721
Q07975,Quantitative Aptitude,Probability,Medium,"Placements,TCS NQT,CAT",0.628
Q07976,Logical Reasoning,Statement & Assumption,Medium,SSC,0.483
Q07977,Quantitative Aptitude,Partnership,Medium,General,0.547
Q07978,Logical Reasoning,Cubes & Dice,Easy,"Banking,CAT",0.781
Q07979,Quantitative Aptitude,Ratio & Proportion,Easy,"Banking,Placements",0.79
Q07980,Data Interpretation,Venn-based DI,Medium,"CAT,TCS NQT,General",0.521
Q07981,Logical Reasoning,Direction Sense,Medium,General,0.572
Q07982,Data Interpretation,Data Sufficiency (DI),Medium,"CAT,SSC,TCS NQT",0.557
Q07983,Data Interpretation,Radar/Spider Charts,Easy,"SSC,Banking,CAT",0.844
Q07984,Verbal Ability,Fill in the Blanks,Hard,"Placements,CAT,TCS NQT",0.313
Q07985,Quantitative Aptitude,Percentages,Medium,"General,TCS NQT",0.547
Q07986,Verbal Ability,Sentence Correction,Easy,"General,Placements,CAT",0.812
Q07987,Verbal Ability,Verbal Analogies,Hard,"Banking,Placements",0.288
Q07988,Quantitative Aptitude,Logarithms,Hard,"TCS NQT,General",0.297
Q07989,Verbal Ability,Critical Reasoning,Easy,CAT,0.789
Q07990,Quantitative Aptitude,Probability,Medium,"CAT,SSC,Placements",0.559
Q07991,Logical Reasoning,Input-Output,Hard,"Placements,Banking,TCS NQT",0.401
Q07992,Logical Reasoning,Data Sufficiency,Hard,"CAT,General,Banking",0.289
Q07993,Logical Reasoning,Analogy,Easy,"Banking,CAT",0.844
Q07994,Logical Reasoning,Analogy,Medium,"Banking,Placements",0.528
Q07995,Logical Reasoning,Series Completion,Easy,"Placements,Banking",0.878
Q07996,Verbal Ability,Idioms & Phrases,Hard,"General,SSC,CAT",0.338
Q07997,Logical Reasoning,Seating Arrangement,Medium,"General,Banking,Placements",0.543
Q07998,Quantitative Aptitude,Mensuration,Easy,"Placements,TCS NQT",0.748
Q07999,Verbal Ability,Synonyms & Antonyms,Medium,Banking,0.445
Q08000,Quantitative Aptitude,Geometry,Easy,"Banking,TCS NQT",0.869
Q08001,Quantitative Aptitude,Partnership,Easy,"CAT,TCS NQT,Placements",0.862
Q08002,Quantitative Aptitude,Mensuration,Medium,"Banking,CAT,General",0.575
Q08003,Verbal Ability,Fill in the Blanks,Easy,Placements,0.8
Q08004,Verbal Ability,Idioms & Phrases,Medium,"TCS NQT,General,CAT",0.498
Q08005,Verbal Ability,Odd One Out,Easy,"TCS NQT,General",0.725
Q08006,Verbal Ability,Sentence Correction,Hard,"TCS NQT,General",0.279
Q08007,Quantitative Aptitude,Simple Interest,Easy,SSC,0.778
Q08008,Quantitative Aptitude,Algebra,Medium,"Banking,General,TCS NQT",0.536
Q08009,Data Interpretation,Line Graphs,Medium,"SSC,TCS NQT",0.521
Q08010,Quantitative Aptitude,Trigonometry,Easy,"SSC,CAT",0.776
Q08011,Verbal Ability,Idioms & Phrases,Easy,TCS NQT,0.8
Q08012,Logical Reasoning,Data Sufficiency,Medium,"TCS NQT,CAT,SSC",0.556
Q08013,Verbal Ability,Reading Comprehension,Medium,General,0.49
Q08014,Data Interpretation,Caselets,Easy,Banking,0.757
Q08015,Logical Reasoning,Puzzles,Medium,"SSC,Banking",0.58
Q08016,Logical Reasoning,Series Completion,Medium,"CAT,Placements,SSC",0.503
Q08017,Verbal Ability,Para Summary,Easy,"CAT,TCS NQT",0.88
Q08018,Verbal Ability,Idioms & Phrases,Medium,"CAT,General",0.571
Q08019,Verbal Ability,Critical Reasoning,Easy,"Banking,CAT,TCS NQT",0.754
Q08020,Logical Reasoning,Data Sufficiency,Easy,CAT,0.847
Q08021,Verbal Ability,Error Spotting,Medium,"Placements,SSC,TCS NQT",0.609
Q08022,Data Interpretation,Line Graphs,Medium,"Banking,TCS NQT,General",0.578
Q08023,Quantitative Aptitude,Linear Equations,Hard,"Banking,CAT,Placements",0.372
Q08024,Data Interpretation,Bar Graphs,Easy,TCS NQT,0.878
Q08025,Quantitative Aptitude,"Time, Speed & Distance",Medium,CAT,0.533
Q08026,Verbal Ability,Para Jumbles,Medium,"Placements,SSC,CAT",0.63
Q08027,Verbal Ability,Para Jumbles,Hard,"TCS NQT,Banking,CAT",0.328
Q08028,Verbal Ability,Odd One Out,Medium,"Placements,TCS NQT",0.504
Q08029,Quantitative Aptitude,Number System,Easy,"General,TCS NQT",0.769
Q08030,Logical Reasoning,Data Sufficiency,Easy,Placements,0.853
Q08031,Logical Reasoning,Coding-Decoding,Medium,Placements,0.523
Q08032,Verbal Ability,Para Summary,Medium,"Placements,CAT,TCS NQT",0.618
Q08033,Quantitative Aptitude,Quadratic Equations,Easy,CAT,0.816
Q08034,Verbal Ability,Reading Comprehension,Easy,"General,Placements",0.835
Q08035,Verbal Ability,Reading Comprehension,Medium,SSC,0.588
Q08036,Quantitative Aptitude,Time & Work,Medium,"General,Banking",0.475
Q08037,Quantitative Aptitude,Compound Interest,Medium,"General,TCS NQT",0.578
Q08038,Quantitative Aptitude,Mensuration,Medium,"Placements,Banking",0.596
Q08039,Quantitative Aptitude,Pipes & Cisterns,Medium,"SSC,CAT,General",0.553
Q08040,Quantitative Aptitude,Trigonometry,Medium,"CAT,SSC,TCS NQT",0.56
Q08041,Data Interpretation,Data Sufficiency (DI),Easy,"TCS NQT,SSC,Banking",0.697
Q08042,Verbal Ability,Cloze Test,Hard,"SSC,CAT",0.363
Q08043,Quantitative Aptitude,Pipes & Cisterns,Medium,"TCS NQT,Banking",0.463
Q08044,Quantitative Aptitude,"Time, Speed & Distance",Medium,"General,SSC",0.569
Q08045,Quantitative Aptitude,Averages,Hard,"Placements,SSC",0.26
Q08046,Logical Reasoning,Venn Diagrams,Medium,"CAT,SSC,Banking",0.533
Q08047,Verbal Ability,Cloze Test,Hard,"TCS NQT,General",0.265
Q08048,Data Interpretation,Data Sufficiency (DI),Medium,"TCS NQT,Placements",0.578
Q08049,Logical Reasoning,Statement & Conclusion,Medium,"Placements,SSC,General",0.578
Q08050,Quantitative Aptitude,Surds & Indices,Medium,"General,TCS NQT",0.535
Q08051,Quantitative Aptitude,Geometry,Medium,"Placements,Banking,TCS NQT",0.513
Q08052,Verbal Ability,Sentence Correction,Medium,"Banking,SSC",0.6
Q08053,Logical Reasoning,Venn Diagrams,Medium,Placements,0.51
Q08054,Verbal Ability,Reading Comprehension,Medium,"Banking,General,SSC",0.557
Q08055,Logical Reasoning,Analogy,Hard,TCS NQT,0.344
Q08056,Quantitative Aptitude,Logarithms,Medium,"Placements,General",0.488
Q08057,Data Interpretation,Data Sufficiency (DI),Easy,"TCS NQT,Placements,SSC",0.716
Q08058,Verbal Ability,Critical Reasoning,Hard,General,0.339
Q08059,Quantitative Aptitude,Geometry,Medium,"General,SSC,CAT",0.492
Q08060,Data Interpretation,Mixed DI Sets,Medium,General,0.502
Q08061,Quantitative Aptitude,Mixtures & Alligations,Medium,"CAT,SSC",0.515
Q08062,Logical Reasoning,Syllogisms,Medium,"Placements,TCS NQT,SSC",0.514
Q08063,Quantitative Aptitude,Quadratic Equations,Easy,"Placements,CAT",0.867
Q08064,Data Interpretation,Bar Graphs,Easy,"Placements,SSC",0.804
Q08065,Logical Reasoning,Coding-Decoding,Hard,"Placements,TCS NQT,CAT",0.334
Q08066,Data Interpretation,Radar/Spider Charts,Easy,"Placements,Banking",0.793
Q08067,Quantitative Aptitude,Compound Interest,Easy,"SSC,General,TCS NQT",0.869
Q08068,Logical Reasoning,Blood Relations,Medium,TCS NQT,0.65
Q08069,Data Interpretation,Bar Graphs,Easy,Banking,0.729
Q08070,Logical Reasoning,Direction Sense,Medium,"TCS NQT,SSC",0.49
Q08071,Verbal Ability,Para Jumbles,Medium,"CAT,Placements",0.599
Q08072,Verbal Ability,Error Spotting,Easy,"General,CAT,SSC",0.775
Q08073,Quantitative Aptitude,Algebra,Hard,General,0.288
Q08074,Logical Reasoning,Coding-Decoding,Easy,"CAT,SSC,Placements",0.772
Q08075,Quantitative Aptitude,Algebra,Medium,CAT,0.582
Q08076,Data Interpretation,Line Graphs,Easy,"TCS NQT,SSC",0.824
Q08077,Quantitative Aptitude,Surds & Indices,Medium,"General,Placements,TCS NQT",0.451
Q08078,Quantitative Aptitude,Trigonometry,Easy,"SSC,Placements,CAT",0.823
Q08079,Logical Reasoning,Puzzles,Easy,Placements,0.879
Q08080,Verbal Ability,Sentence Correction,Easy,"SSC,TCS NQT,CAT",0.775
Q08081,Quantitative Aptitude,Averages,Medium,Banking,0.583
Q08082,Logical Reasoning,Data Sufficiency,Medium,Banking,0.656
Q08083,Logical Reasoning,Statement & Conclusion,Medium,TCS NQT,0.6
Q08084,Verbal Ability,Para Summary,Medium,"Banking,Placements,SSC",0.555
Q08085,Logical Reasoning,Puzzles,Medium,"CAT,TCS NQT,SSC",0.53
Q08086,Data Interpretation,Radar/Spider Charts,Easy,TCS NQT,0.803
Q08087,Logical Reasoning,Series Completion,Easy,"General,SSC,TCS NQT",0.803
Q08088,Logical Reasoning,Clocks & Calendars,Hard,"CAT,SSC",0.296
Q08089,Quantitative Aptitude,Set Theory,Easy,"CAT,TCS NQT",0.833
Q08090,Verbal Ability,Cloze Test,Medium,TCS NQT,0.48
Q08091,Logical Reasoning,Statement & Assumption,Hard,"CAT,General",0.298
Q08092,Logical Reasoning,Analogy,Easy,"SSC,General,TCS NQT",0.749
Q08093,Quantitative Aptitude,Algebra,Easy,"Placements,Banking,CAT",0.814
Q08094,Verbal Ability,Para Summary,Medium,Banking,0.597
Q08095,Logical Reasoning,Coding-Decoding,Medium,"CAT,Banking,TCS NQT",0.611
Q08096,Data Interpretation,Tables,Hard,Banking,0.25
Q08097,Verbal Ability,Critical Reasoning,Easy,"CAT,Placements",0.733
Q08098,Data Interpretation,Pie Charts,Easy,"SSC,Banking,General",0.785
Q08099,Verbal Ability,Para Summary,Medium,"General,Placements,Banking",0.537
Q08100,Quantitative Aptitude,Averages,Medium,Placements,0.518
Q08101,Logical Reasoning,Input-Output,Easy,TCS NQT,0.799
Q08102,Quantitative Aptitude,Averages,Easy,"CAT,TCS NQT,Banking",0.804
Q08103,Quantitative Aptitude,Quadratic Equations,Hard,CAT,0.263
Q08104,Data Interpretation,Bar Graphs,Medium,"TCS NQT,Placements",0.469
Q08105,Logical Reasoning,Seating Arrangement,Hard,"Banking,Placements,CAT",0.259
Q08106,Verbal Ability,Sentence Correction,Hard,"TCS NQT,SSC,CAT",0.337
Q08107,Logical Reasoning,Input-Output,Medium,"Banking,CAT,SSC",0.537
Q08108,Logical Reasoning,Venn Diagrams,Easy,General,0.78
Q08109,Data Interpretation,Mixed DI Sets,Medium,"TCS NQT,General,Placements",0.642
Q08110,Logical Reasoning,Direction Sense,Medium,"General,Banking,TCS NQT",0.53
Q08111,Quantitative Aptitude,Ratio & Proportion,Medium,"CAT,Placements,TCS NQT",0.57
Q08112,Logical Reasoning,Statement & Conclusion,Easy,TCS NQT,0.839
Q08113,Verbal Ability,Idioms & Phrases,Hard,"CAT,SSC,TCS NQT",0.374
Q08114,Logical Reasoning,Seating Arrangement,Medium,"SSC,Placements,CAT",0.514
Q08115,Verbal Ability,Synonyms & Antonyms,Easy,"TCS NQT,Placements",0.726
Q08116,Quantitative Aptitude,Quadratic Equations,Medium,"SSC,CAT",0.558
Q08117,Quantitative Aptitude,Surds & Indices,Medium,TCS NQT,0.598
Q08118,Quantitative Aptitude,Time & Work,Medium,"Placements,CAT,General",0.489
Q08119,Verbal Ability,Critical Reasoning,Hard,Banking,0.287
Q08120,Quantitative Aptitude,Linear Equations,Medium,"Banking,General",0.574
Q08121,Verbal Ability,Odd One Out,Easy,TCS NQT,0.811
Q08122,Data Interpretation,Pie Charts,Hard,General,0.251
Q08123,Quantitative Aptitude,Algebra,Medium,"TCS NQT,CAT",0.548
Q08124,Verbal Ability,Error Spotting,Medium,"General,SSC",0.52
Q08125,Logical Reasoning,Series Completion,Easy,TCS NQT,0.832
Q08126,Quantitative Aptitude,Partnership,Easy,General,0.791
Q08127,Verbal Ability,Critical Reasoning,Medium,Banking,0.54
Q08128,Logical Reasoning,Data Sufficiency,Medium,CAT,0.588
Q08129,Data Interpretation,Bar Graphs,Medium,"General,Placements,Banking",0.542
Q08130,Verbal Ability,Odd One Out,Medium,General,0.557
Q08131,Quantitative Aptitude,Set Theory,Easy,SSC,0.747
Q08132,Data Interpretation,Bar Graphs,Medium,"Placements,TCS NQT",0.624
Q08133,Quantitative Aptitude,Simple Interest,Medium,"Banking,TCS NQT,Placements",0.534
Q08134,Verbal Ability,Para Summary,Hard,"CAT,Banking",0.235
Q08135,Logical Reasoning,Series Completion,Hard,TCS NQT,0.279
Q08136,Logical Reasoning,Puzzles,Medium,"Placements,TCS NQT",0.619
Q08137,Quantitative Aptitude,Profit & Loss,Hard,"CAT,TCS NQT,Banking",0.262
Q08138,Data Interpretation,Tables,Easy,"Placements,General,CAT",0.841
Q08139,Data Interpretation,Venn-based DI,Easy,Banking,0.787
Q08140,Verbal Ability,Verbal Analogies,Easy,SSC,0.878
Q08141,Quantitative Aptitude,Mensuration,Easy,General,0.779
Q08142,Verbal Ability,Odd One Out,Hard,"Banking,CAT",0.337
Q08143,Data Interpretation,Bar Graphs,Easy,"Placements,TCS NQT",0.795
Q08144,Verbal Ability,Idioms & Phrases,Medium,"Banking,General,CAT",0.557
Q08145,Quantitative Aptitude,Mensuration,Easy,"SSC,General,CAT",0.665
Q08146,Data Interpretation,Mixed DI Sets,Medium,CAT,0.536
Q08147,Data Interpretation,Caselets,Medium,"SSC,CAT",0.496
Q08148,Quantitative Aptitude,Number System,Medium,CAT,0.563
Q08149,Verbal Ability,Synonyms & Antonyms,Easy,"Banking,TCS NQT,Placements",0.926
Q08150,Quantitative Aptitude,Probability,Medium,"TCS NQT,General",0.61
Q08151,Verbal Ability,Reading Comprehension,Easy,General,0.822
Q08152,Verbal Ability,Critical Reasoning,Easy,"SSC,CAT,Placements",0.875
Q08153,Verbal Ability,Verbal Analogies,Easy,"TCS NQT,Banking",0.735
Q08154,Data Interpretation,Radar/Spider Charts,Medium,"CAT,Placements",0.529
Q08155,Quantitative Aptitude,Set Theory,Easy,SSC,0.762
Q08156,Verbal Ability,Reading Comprehension,Medium,"General,Placements,SSC",0.528
Q08157,Data Interpretation,Data Sufficiency (DI),Hard,"General,Banking,SSC",0.31
Q08158,Logical Reasoning,Clocks & Calendars,Medium,"CAT,TCS NQT,Placements",0.438
Q08159,Data Interpretation,Tables,Hard,"TCS NQT,General",0.284
Q08160,Verbal Ability,Para Jumbles,Hard,CAT,0.274
Q08161,Quantitative Aptitude,Ratio & Proportion,Medium,"General,Placements,Banking",0.534
Q08162,Quantitative Aptitude,Time & Work,Hard,CAT,0.402
Q08163,Verbal Ability,Fill in the Blanks,Easy,Placements,0.852
Q08164,Data Interpretation,Tables,Easy,"Banking,CAT",0.844
Q08165,Data Interpretation,Pie Charts,Easy,"SSC,Placements,TCS NQT",0.884
Q08166,Logical Reasoning,Blood Relations,Medium,Placements,0.604
Q08167,Data Interpretation,Venn-based DI,Medium,"TCS NQT,Placements,SSC",0.496
Q08168,Quantitative Aptitude,Ratio & Proportion,Easy,CAT,0.8
Q08169,Data Interpretation,Venn-based DI,Medium,"Placements,CAT,Banking",0.537
Q08170,Verbal Ability,Idioms & Phrases,Medium,General,0.555
Q08171,Quantitative Aptitude,Set Theory,Medium,"Placements,Banking",0.596
Q08172,Verbal Ability,Reading Comprehension,Medium,TCS NQT,0.487
Q08173,Data Interpretation,Pie Charts,Medium,"General,Banking,Placements",0.619
Q08174,Logical Reasoning,Ranking & Order,Easy,"CAT,Banking,SSC",0.792
Q08175,Verbal Ability,Cloze Test,Easy,"Banking,General",0.796
Q08176,Quantitative Aptitude,Time & Work,Easy,CAT,0.767
Q08177,Verbal Ability,Reading Comprehension,Easy,"Placements,CAT",0.797
Q08178,Quantitative Aptitude,Averages,Easy,"General,CAT,TCS NQT",0.785
Q08179,Logical Reasoning,Analogy,Medium,Banking,0.581
Q08180,Logical Reasoning,Puzzles,Medium,"Placements,SSC",0.558
Q08181,Quantitative Aptitude,Probability,Medium,"CAT,TCS NQT",0.549
Q08182,Logical Reasoning,Venn Diagrams,Medium,Placements,0.493
Q08183,Data Interpretation,Tables,Hard,"CAT,TCS NQT",0.274
Q08184,Verbal Ability,Fill in the Blanks,Medium,CAT,0.514
Q08185,Logical Reasoning,Seating Arrangement,Medium,"SSC,General,TCS NQT",0.569
Q08186,Logical Reasoning,Statement & Conclusion,Medium,"Banking,TCS NQT",0.554
Q08187,Logical Reasoning,Analogy,Hard,TCS NQT,0.379
Q08188,Data Interpretation,Data Sufficiency (DI),Medium,"SSC,Banking",0.611
Q08189,Logical Reasoning,Puzzles,Medium,"Placements,Banking,TCS NQT",0.634
Q08190,Logical Reasoning,Analogy,Medium,Placements,0.539
Q08191,Logical Reasoning,Cubes & Dice,Hard,"General,CAT",0.273
Q08192,Logical Reasoning,Input-Output,Medium,Banking,0.536
Q08193,Quantitative Aptitude,Ratio & Proportion,Easy,"SSC,Banking,CAT",0.746
Q08194,Verbal Ability,Synonyms & Antonyms,Medium,"Banking,General,TCS NQT",0.625
Q08195,Verbal Ability,Idioms & Phrases,Medium,CAT,0.471
Q08196,Data Interpretation,Mixed DI Sets,Hard,"Banking,Placements",0.407
Q08197,Quantitative Aptitude,Mensuration,Easy,Placements,0.779
Q08198,Logical Reasoning,Analogy,Medium,"SSC,CAT,Placements",0.496
Q08199,Quantitative Aptitude,Pipes & Cisterns,Medium,Placements,0.559
Q08200,Quantitative Aptitude,Surds & Indices,Medium,"General,SSC,Banking",0.576
Q08201,Logical Reasoning,Seating Arrangement,Hard,"SSC,Banking",0.252
Q08202,Logical Reasoning,Ranking & Order,Medium,Banking,0.457
Q08203,Verbal Ability,Para Summary,Easy,General,0.749
Q08204,Quantitative Aptitude,"Time, Speed & Distance",Medium,SSC,0.559
Q08205,Quantitative Aptitude,Surds & Indices,Easy,CAT,0.849
Q08206,Quantitative Aptitude,Mensuration,Medium,"CAT,SSC",0.616
Q08207,Quantitative Aptitude,Time & Work,Easy,"General,CAT,SSC",0.751
Q08208,Data Interpretation,Line Graphs,Easy,"TCS NQT,Placements",0.795
Q08209,Verbal Ability,Para Jumbles,Hard,"Banking,TCS NQT,General",0.3
Q08210,Data Interpretation,Tables,Hard,"SSC,Banking",0.303
Q08211,Quantitative Aptitude,Number System,Medium,"Banking,SSC",0.558
Q08212,Logical Reasoning,Ranking & Order,Easy,"TCS NQT,Banking,General",0.771
Q08213,Verbal Ability,Reading Comprehension,Easy,Banking,0.769
Q08214,Quantitative Aptitude,Probability,Medium,"Placements,CAT,TCS NQT",0.561
Q08215,Quantitative Aptitude,Averages,Medium,"Placements,Banking,General",0.627
Q08216,Verbal Ability,Para Summary,Medium,"Placements,CAT,SSC",0.482
Q08217,Quantitative Aptitude,Progressions (AP/GP),Medium,General,0.586
Q08218,Quantitative Aptitude,Compound Interest,Easy,"TCS NQT,CAT,Placements",0.835
Q08219,Data Interpretation,Radar/Spider Charts,Easy,Banking,0.778
Q08220,Logical Reasoning,Venn Diagrams,Easy,"Placements,SSC,CAT",0.79
Q08221,Logical Reasoning,Syllogisms,Medium,"CAT,Banking",0.521
Q08222,Verbal Ability,Error Spotting,Medium,"Placements,TCS NQT,CAT",0.491
Q08223,Quantitative Aptitude,Profit & Loss,Medium,"Banking,Placements,TCS NQT",0.575
Q08224,Quantitative Aptitude,Permutation & Combination,Easy,SSC,0.872
Q08225,Verbal Ability,Odd One Out,Hard,TCS NQT,0.276
Q08226,Logical Reasoning,Series Completion,Hard,CAT,0.311
Q08227,Logical Reasoning,Puzzles,Easy,"General,TCS NQT",0.86
Q08228,Quantitative Aptitude,Quadratic Equations,Medium,"CAT,Banking,SSC",0.566
Q08229,Verbal Ability,Cloze Test,Medium,"TCS NQT,General",0.613
Q08230,Quantitative Aptitude,Pipes & Cisterns,Easy,"TCS NQT,SSC,Banking",0.872
Q08231,Verbal Ability,Critical Reasoning,Easy,"TCS NQT,Banking,CAT",0.872
Q08232,Quantitative Aptitude,Algebra,Medium,Placements,0.608
Q08233,Logical Reasoning,Puzzles,Easy,"CAT,General",0.844
Q08234,Logical Reasoning,Statement & Conclusion,Medium,"Banking,SSC,General",0.546
Q08235,Quantitative Aptitude,Linear Equations,Easy,"General,CAT,TCS NQT",0.74
Q08236,Verbal Ability,Reading Comprehension,Easy,"CAT,Banking",0.767
Q08237,Quantitative Aptitude,"Time, Speed & Distance",Medium,"General,SSC,Banking",0.595
Q08238,Quantitative Aptitude,Ratio & Proportion,Medium,Banking,0.462
Q08239,Data Interpretation,Tables,Hard,Placements,0.31
Q08240,Logical Reasoning,Cubes & Dice,Medium,"SSC,Banking",0.559
Q08241,Logical Reasoning,Coding-Decoding,Medium,"Banking,CAT,General",0.501
Q08242,Verbal Ability,Verbal Analogies,Medium,"TCS NQT,Banking",0.556
Q08243,Verbal Ability,Sentence Correction,Easy,"TCS NQT,General",0.753
Q08244,Logical Reasoning,Seating Arrangement,Easy,TCS NQT,0.748
Q08245,Logical Reasoning,Series Completion,Easy,"General,TCS NQT,CAT",0.845
Q08246,Data Interpretation,Data Sufficiency (DI),Easy,"Placements,CAT,TCS NQT",0.749
Q08247,Logical Reasoning,Series Completion,Easy,"CAT,Banking,General",0.812
Q08248,Verbal Ability,Para Summary,Hard,"SSC,Placements",0.275
Q08249,Logical Reasoning,Coding-Decoding,Hard,Banking,0.274
Q08250,Quantitative Aptitude,Ratio & Proportion,Medium,"Placements,Banking,CAT",0.516
Q08251,Quantitative Aptitude,Ratio & Proportion,Easy,Banking,0.766
Q08252,Quantitative Aptitude,Logarithms,Easy,"SSC,General,CAT",0.81
Q08253,Quantitative Aptitude,Percentages,Medium,"General,TCS NQT",0.479
Q08254,Quantitative Aptitude,Percentages,Hard,Banking,0.315
Q08255,Logical Reasoning,Coding-Decoding,Medium,"SSC,General,TCS NQT",0.472
Q08256,Data Interpretation,Venn-based DI,Medium,"TCS NQT,Placements",0.536
Q08257,Quantitative Aptitude,Algebra,Medium,"Banking,Placements,CAT",0.495
Q08258,Data Interpretation,Line Graphs,Hard,"SSC,Placements",0.267
Q08259,Quantitative Aptitude,Logarithms,Medium,"Placements,General,SSC",0.513
Q08260,Logical Reasoning,Venn Diagrams,Medium,Banking,0.583
Q08261,Verbal Ability,Critical Reasoning,Medium,TCS NQT,0.592
Q08262,Quantitative Aptitude,Partnership,Easy,"Placements,SSC,CAT",0.783
Q08263,Quantitative Aptitude,Set Theory,Medium,"SSC,Banking,TCS NQT",0.539
Q08264,Verbal Ability,Synonyms & Antonyms,Hard,General,0.303
Q08265,Verbal Ability,Synonyms & Antonyms,Easy,"Placements,Banking,CAT",0.822
Q08266,Logical Reasoning,Puzzles,Easy,"TCS NQT,Banking,Placements",0.833
Q08267,Logical Reasoning,Statement & Conclusion,Hard,"SSC,CAT",0.279
Q08268,Data Interpretation,Tables,Easy,"TCS NQT,SSC,General",0.787
Q08269,Data Interpretation,Tables,Easy,SSC,0.745
Q08270,Data Interpretation,Data Sufficiency (DI),Medium,CAT,0.551
Q08271,Data Interpretation,Tables,Medium,Banking,0.521
Q08272,Logical Reasoning,Ranking & Order,Medium,"General,SSC,CAT",0.503
Q08273,Data Interpretation,Data Sufficiency (DI),Medium,"General,SSC,TCS NQT",0.63
Q08274,Quantitative Aptitude,Progressions (AP/GP),Easy,"Banking,Placements,SSC",0.773
Q08275,Quantitative Aptitude,Pipes & Cisterns,Hard,TCS NQT,0.38
Q08276,Quantitative Aptitude,Pipes & Cisterns,Medium,"TCS NQT,Placements,CAT",0.498
Q08277,Logical Reasoning,Cubes & Dice,Easy,"General,Placements",0.753
Q08278,Logical Reasoning,Venn Diagrams,Medium,"CAT,Banking,TCS NQT",0.515
Q08279,Verbal Ability,Idioms & Phrases,Medium,CAT,0.545
Q08280,Verbal Ability,Sentence Correction,Hard,TCS NQT,0.278
Q08281,Verbal Ability,Odd One Out,Easy,Banking,0.765
Q08282,Verbal Ability,Odd One Out,Easy,Banking,0.791
Q08283,Quantitative Aptitude,Partnership,Medium,CAT,0.432
Q08284,Logical Reasoning,Analogy,Medium,"Placements,SSC,CAT",0.503
Q08285,Logical Reasoning,Coding-Decoding,Medium,"Placements,General",0.5
Q08286,Verbal Ability,Cloze Test,Medium,General,0.482
Q08287,Verbal Ability,Critical Reasoning,Medium,General,0.537
Q08288,Logical Reasoning,Statement & Assumption,Medium,Banking,0.618
Q08289,Quantitative Aptitude,Surds & Indices,Medium,Placements,0.535
Q08290,Logical Reasoning,Statement & Assumption,Medium,"SSC,General",0.554
Q08291,Data Interpretation,Bar Graphs,Hard,TCS NQT,0.303
Q08292,Quantitative Aptitude,Simple Interest,Easy,"SSC,General,TCS NQT",0.709
Q08293,Verbal Ability,Synonyms & Antonyms,Easy,"TCS NQT,SSC",0.826
Q08294,Data Interpretation,Line Graphs,Medium,"General,CAT,Placements",0.579
Q08295,Quantitative Aptitude,Partnership,Medium,"Placements,SSC",0.457
Q08296,Verbal Ability,Reading Comprehension,Medium,"TCS NQT,SSC,Banking",0.523
Q08297,Quantitative Aptitude,Geometry,Easy,"General,CAT",0.819
Q08298,Verbal Ability,Para Jumbles,Medium,"General,TCS NQT,Banking",0.536
Q08299,Logical Reasoning,Seating Arrangement,Medium,"Banking,SSC",0.567
Q08300,Data Interpretation,Bar Graphs,Hard,"TCS NQT,SSC,CAT",0.379
Q08301,Data Interpretation,Caselets,Medium,"SSC,Placements",0.543
Q08302,Data Interpretation,Venn-based DI,Hard,"General,CAT,Placements",0.334
Q08303,Data Interpretation,Radar/Spider Charts,Hard,SSC,0.243
Q08304,Quantitative Aptitude,Mixtures & Alligations,Medium,"Placements,SSC,TCS NQT",0.534
Q08305,Quantitative Aptitude,Profit & Loss,Medium,"General,TCS NQT,CAT",0.65
Q08306,Data Interpretation,Venn-based DI,Medium,Banking,0.613
Q08307,Verbal Ability,Para Jumbles,Medium,"CAT,General,Placements",0.524
Q08308,Quantitative Aptitude,Algebra,Hard,"SSC,TCS NQT",0.337
Q08309,Verbal Ability,Critical Reasoning,Medium,General,0.437
Q08310,Logical Reasoning,Coding-Decoding,Easy,General,0.77
Q08311,Logical Reasoning,Coding-Decoding,Medium,Banking,0.659
Q08312,Data Interpretation,Data Sufficiency (DI),Medium,"Banking,General,TCS NQT",0.581
Q08313,Data Interpretation,Line Graphs,Medium,TCS NQT,0.518
Q08314,Quantitative Aptitude,Linear Equations,Medium,Placements,0.559
Q08315,Logical Reasoning,Ranking & Order,Medium,TCS NQT,0.601
Q08316,Data Interpretation,Caselets,Easy,CAT,0.806
Q08317,Logical Reasoning,Series Completion,Medium,"General,CAT,Placements",0.496
Q08318,Verbal Ability,Critical Reasoning,Hard,SSC,0.255
Q08319,Verbal Ability,Cloze Test,Medium,"Placements,SSC,CAT",0.63
Q08320,Logical Reasoning,Ranking & Order,Medium,"General,Placements",0.435
Q08321,Quantitative Aptitude,Permutation & Combination,Hard,"Placements,SSC,Banking",0.34
Q08322,Data Interpretation,Tables,Easy,SSC,0.856
Q08323,Quantitative Aptitude,Surds & Indices,Hard,"TCS NQT,General,Placements",0.304
Q08324,Quantitative Aptitude,Ratio & Proportion,Hard,"Placements,Banking",0.261
Q08325,Logical Reasoning,Data Sufficiency,Hard,General,0.257
Q08326,Data Interpretation,Venn-based DI,Easy,"Banking,TCS NQT",0.723
Q08327,Logical Reasoning,Statement & Conclusion,Medium,"CAT,TCS NQT,Banking",0.527
Q08328,Logical Reasoning,Data Sufficiency,Medium,"Placements,SSC",0.567
Q08329,Logical Reasoning,Statement & Assumption,Easy,"TCS NQT,Placements,Banking",0.801
Q08330,Quantitative Aptitude,Logarithms,Medium,TCS NQT,0.644
Q08331,Data Interpretation,Mixed DI Sets,Easy,"CAT,Banking",0.878
Q08332,Quantitative Aptitude,Averages,Easy,SSC,0.831
Q08333,Logical Reasoning,Blood Relations,Medium,"SSC,Placements,General",0.565
Q08334,Verbal Ability,Verbal Analogies,Easy,"Banking,CAT",0.785
Q08335,Logical Reasoning,Statement & Assumption,Hard,"Banking,TCS NQT,General",0.3
Q08336,Verbal Ability,Critical Reasoning,Easy,"Placements,SSC",0.725
Q08337,Quantitative Aptitude,Logarithms,Easy,Banking,0.774
Q08338,Verbal Ability,Para Summary,Hard,"CAT,SSC",0.289
Q08339,Quantitative Aptitude,Mensuration,Medium,TCS NQT,0.502
Q08340,Data Interpretation,Venn-based DI,Medium,CAT,0.469
Q08341,Logical Reasoning,Syllogisms,Easy,"TCS NQT,SSC,General",0.814
Q08342,Data Interpretation,Line Graphs,Easy,"TCS NQT,Banking,Placements",0.751
Q08343,Logical Reasoning,Statement & Conclusion,Medium,"General,TCS NQT",0.545
Q08344,Quantitative Aptitude,Set Theory,Hard,"General,Banking",0.292
Q08345,Quantitative Aptitude,Permutation & Combination,Easy,"Banking,General",0.711
Q08346,Logical Reasoning,Statement & Conclusion,Easy,"CAT,Banking",0.85
Q08347,Verbal Ability,Error Spotting,Medium,Banking,0.496
Q08348,Logical Reasoning,Blood Relations,Medium,"TCS NQT,CAT",0.528
Q08349,Quantitative Aptitude,Profit & Loss,Easy,"TCS NQT,Banking",0.834
Q08350,Data Interpretation,Pie Charts,Easy,CAT,0.747
Q08351,Quantitative Aptitude,"Time, Speed & Distance",Easy,"SSC,Banking,CAT",0.757
Q08352,Data Interpretation,Mixed DI Sets,Easy,"Banking,SSC",0.716
Q08353,Verbal Ability,Para Summary,Medium,"General,SSC",0.553
Q08354,Quantitative Aptitude,Number System,Hard,"SSC,CAT,Banking",0.369
Q08355,Quantitative Aptitude,Number System,Medium,"CAT,Banking,TCS NQT",0.614
Q08356,Data Interpretation,Caselets,Medium,"TCS NQT,Placements",0.561
Q08357,Quantitative Aptitude,"Time, Speed & Distance",Medium,"General,Placements",0.602
Q08358,Data Interpretation,Mixed DI Sets,Easy,"General,Banking,SSC",0.853
Q08359,Quantitative Aptitude,Number System,Medium,"SSC,CAT",0.548
Q08360,Data Interpretation,Mixed DI Sets,Hard,"Banking,TCS NQT",0.331
Q08361,Data Interpretation,Tables,Hard,"SSC,General",0.312
Q08362,Quantitative Aptitude,Percentages,Medium,General,0.58
Q08363,Logical Reasoning,Statement & Conclusion,Easy,TCS NQT,0.784
Q08364,Verbal Ability,Para Summary,Easy,Banking,0.839
Q08365,Logical Reasoning,Coding-Decoding,Hard,"Banking,CAT",0.303
Q08366,Data Interpretation,Caselets,Hard,Placements,0.262
Q08367,Quantitative Aptitude,Algebra,Easy,General,0.872
Q08368,Logical Reasoning,Statement & Assumption,Easy,"SSC,Banking,TCS NQT",0.796
Q08369,Logical Reasoning,Coding-Decoding,Hard,"SSC,TCS NQT",0.373
Q08370,Quantitative Aptitude,Profit & Loss,Easy,"Banking,Placements,SSC",0.839
Q08371,Quantitative Aptitude,Progressions (AP/GP),Medium,General,0.567
Q08372,Verbal Ability,Para Summary,Medium,"CAT,Banking,Placements",0.462
Q08373,Quantitative Aptitude,Algebra,Medium,"SSC,Placements,CAT",0.559
Q08374,Logical Reasoning,Seating Arrangement,Easy,CAT,0.774
Q08375,Quantitative Aptitude,Compound Interest,Easy,"TCS NQT,General",0.835
Q08376,Verbal Ability,Para Summary,Medium,"SSC,CAT,Placements",0.552
Q08377,Quantitative Aptitude,Number System,Medium,"General,TCS NQT",0.536
Q08378,Quantitative Aptitude,Linear Equations,Easy,General,0.747
Q08379,Quantitative Aptitude,Trigonometry,Medium,"SSC,TCS NQT",0.531
Q08380,Verbal Ability,Para Summary,Medium,"CAT,Placements",0.603
Q08381,Logical Reasoning,Ranking & Order,Easy,"Banking,Placements",0.848
Q08382,Logical Reasoning,Syllogisms,Easy,General,0.875
Q08383,Logical Reasoning,Input-Output,Hard,SSC,0.254
Q08384,Quantitative Aptitude,Mixtures & Alligations,Hard,"SSC,Placements,General",0.223
Q08385,Quantitative Aptitude,Quadratic Equations,Medium,"TCS NQT,Banking,Placements",0.553
Q08386,Logical Reasoning,Statement & Assumption,Easy,TCS NQT,0.845
Q08387,Logical Reasoning,Seating Arrangement,Hard,"Placements,General,TCS NQT",0.219
Q08388,Quantitative Aptitude,Linear Equations,Easy,"General,Banking",0.819
Q08389,Logical Reasoning,Seating Arrangement,Easy,"General,CAT",0.825
Q08390,Verbal Ability,Odd One Out,Easy,CAT,0.92
Q08391,Verbal Ability,Odd One Out,Medium,"SSC,General",0.568
Q08392,Quantitative Aptitude,Mensuration,Medium,"Banking,Placements",0.545
Q08393,Quantitative Aptitude,Surds & Indices,Medium,"Placements,Banking",0.507
Q08394,Verbal Ability,Sentence Correction,Medium,"Banking,TCS NQT",0.555
Q08395,Verbal Ability,Fill in the Blanks,Easy,"CAT,TCS NQT,Banking",0.849
Q08396,Quantitative Aptitude,Trigonometry,Medium,"Banking,SSC",0.484
Q08397,Quantitative Aptitude,Logarithms,Easy,"General,SSC",0.822
Q08398,Verbal Ability,Cloze Test,Hard,SSC,0.328
Q08399,Verbal Ability,Idioms & Phrases,Medium,"SSC,Placements,General",0.474
Q08400,Data Interpretation,Tables,Easy,"General,Banking",0.885
Q08401,Quantitative Aptitude,Averages,Easy,Placements,0.784
Q08402,Verbal Ability,Odd One Out,Medium,"Banking,General",0.515
Q08403,Quantitative Aptitude,Probability,Medium,"SSC,CAT",0.731
Q08404,Logical Reasoning,Statement & Conclusion,Hard,CAT,0.36
Q08405,Quantitative Aptitude,Trigonometry,Easy,"Banking,SSC",0.854
Q08406,Verbal Ability,Para Jumbles,Easy,"TCS NQT,Banking",0.75
Q08407,Quantitative Aptitude,Linear Equations,Medium,SSC,0.495
Q08408,Verbal Ability,Para Jumbles,Hard,SSC,0.372
Q08409,Quantitative Aptitude,Trigonometry,Medium,General,0.485
Q08410,Verbal Ability,Sentence Correction,Hard,TCS NQT,0.282
Q08411,Quantitative Aptitude,Progressions (AP/GP),Easy,CAT,0.857
Q08412,Verbal Ability,Cloze Test,Medium,"CAT,TCS NQT,SSC",0.475
Q08413,Logical Reasoning,Syllogisms,Medium,"SSC,Banking",0.667
Q08414,Logical Reasoning,Data Sufficiency,Hard,"TCS NQT,Placements,General",0.33
Q08415,Quantitative Aptitude,Pipes & Cisterns,Easy,"General,SSC",0.809
Q08416,Logical Reasoning,Venn Diagrams,Easy,TCS NQT,0.789
Q08417,Data Interpretation,Mixed DI Sets,Hard,"General,Banking,SSC",0.284
Q08418,Quantitative Aptitude,Ratio & Proportion,Medium,"Placements,General",0.586
Q08419,Logical Reasoning,Direction Sense,Easy,"Banking,CAT",0.866
Q08420,Logical Reasoning,Blood Relations,Medium,SSC,0.558
Q08421,Quantitative Aptitude,Mensuration,Hard,TCS NQT,0.296
Q08422,Quantitative Aptitude,Pipes & Cisterns,Hard,CAT,0.269
Q08423,Quantitative Aptitude,Percentages,Medium,"Placements,SSC,TCS NQT",0.596
Q08424,Quantitative Aptitude,Geometry,Medium,CAT,0.539
Q08425,Quantitative Aptitude,Logarithms,Hard,"TCS NQT,General,Banking",0.387
Q08426,Logical Reasoning,Venn Diagrams,Easy,CAT,0.864
Q08427,Quantitative Aptitude,Probability,Medium,General,0.543
Q08428,Data Interpretation,Mixed DI Sets,Easy,"Placements,Banking,SSC",0.821
Q08429,Data Interpretation,Data Sufficiency (DI),Medium,"CAT,SSC",0.515
Q08430,Verbal Ability,Error Spotting,Medium,"Banking,General",0.438
Q08431,Logical Reasoning,Input-Output,Medium,TCS NQT,0.588
Q08432,Logical Reasoning,Input-Output,Medium,"Banking,CAT,SSC",0.452
Q08433,Verbal Ability,Error Spotting,Easy,"General,TCS NQT",0.772
Q08434,Verbal Ability,Para Summary,Medium,"General,Banking",0.565
Q08435,Logical Reasoning,Direction Sense,Medium,"TCS NQT,CAT,SSC",0.603
Q08436,Logical Reasoning,Direction Sense,Easy,"Banking,SSC",0.818
Q08437,Logical Reasoning,Data Sufficiency,Medium,TCS NQT,0.6
Q08438,Logical Reasoning,Seating Arrangement,Easy,"General,Placements",0.789
Q08439,Quantitative Aptitude,Partnership,Medium,General,0.5
Q08440,Data Interpretation,Tables,Easy,General,0.835
Q08441,Logical Reasoning,Coding-Decoding,Easy,"General,Placements,Banking",0.812
Q08442,Quantitative Aptitude,Geometry,Hard,"CAT,SSC",0.316
Q08443,Quantitative Aptitude,Averages,Medium,"General,Placements",0.579
Q08444,Data Interpretation,Venn-based DI,Hard,"Placements,General",0.338
Q08445,Data Interpretation,Pie Charts,Easy,"CAT,SSC",0.849
Q08446,Verbal Ability,Para Jumbles,Medium,CAT,0.479
Q08447,Quantitative Aptitude,Probability,Hard,"Banking,CAT",0.295
Q08448,Quantitative Aptitude,Mixtures & Alligations,Easy,"SSC,Banking",0.824
Q08449,Quantitative Aptitude,Ratio & Proportion,Medium,TCS NQT,0.642
Q08450,Quantitative Aptitude,Progressions (AP/GP),Medium,SSC,0.575
Q08451,Verbal Ability,Odd One Out,Hard,"General,TCS NQT,SSC",0.381
Q08452,Quantitative Aptitude,Time & Work,Easy,"Banking,SSC",0.784
Q08453,Quantitative Aptitude,Mixtures & Alligations,Medium,CAT,0.615
Q08454,Quantitative Aptitude,"Time, Speed & Distance",Easy,"TCS NQT,SSC",0.866
Q08455,Logical Reasoning,Clocks & Calendars,Easy,CAT,0.883
Q08456,Quantitative Aptitude,Pipes & Cisterns,Easy,"Placements,General,Banking",0.768
Q08457,Quantitative Aptitude,Set Theory,Easy,SSC,0.794
Q08458,Logical Reasoning,Seating Arrangement,Medium,"General,Banking,TCS NQT",0.572
Q08459,Quantitative Aptitude,Mixtures & Alligations,Easy,"Banking,SSC",0.81
Q08460,Logical Reasoning,Puzzles,Medium,CAT,0.559
Q08461,Verbal Ability,Sentence Correction,Easy,"CAT,TCS NQT",0.783
Q08462,Logical Reasoning,Series Completion,Easy,Placements,0.774
Q08463,Logical Reasoning,Data Sufficiency,Medium,"SSC,Placements,General",0.511
Q08464,Logical Reasoning,Input-Output,Medium,"TCS NQT,CAT",0.551
Q08465,Quantitative Aptitude,Linear Equations,Easy,TCS NQT,0.741
Q08466,Data Interpretation,Venn-based DI,Medium,"SSC,Placements,CAT",0.525
Q08467,Quantitative Aptitude,Trigonometry,Medium,"TCS NQT,SSC,General",0.502
Q08468,Quantitative Aptitude,Logarithms,Medium,"CAT,TCS NQT,SSC",0.534
Q08469,Quantitative Aptitude,Partnership,Easy,"CAT,Placements,Banking",0.77
Q08470,Verbal Ability,Fill in the Blanks,Hard,"TCS NQT,CAT",0.27
Q08471,Verbal Ability,Para Summary,Medium,"SSC,TCS NQT",0.535
Q08472,Logical Reasoning,Coding-Decoding,Medium,TCS NQT,0.491
Q08473,Quantitative Aptitude,"Time, Speed & Distance",Easy,TCS NQT,0.839
Q08474,Logical Reasoning,Statement & Assumption,Easy,"TCS NQT,General",0.801
Q08475,Verbal Ability,Para Jumbles,Easy,"General,CAT,TCS NQT",0.761
Q08476,Verbal Ability,Sentence Correction,Hard,"CAT,SSC,Banking",0.243
Q08477,Logical Reasoning,Series Completion,Easy,"Placements,TCS NQT",0.763
Q08478,Data Interpretation,Line Graphs,Medium,"Placements,CAT",0.531
Q08479,Quantitative Aptitude,Partnership,Medium,"SSC,TCS NQT,Banking",0.572
Q08480,Verbal Ability,Error Spotting,Easy,CAT,0.798
Q08481,Verbal Ability,Verbal Analogies,Medium,"CAT,Placements,General",0.579
Q08482,Logical Reasoning,Venn Diagrams,Easy,Banking,0.754
Q08483,Verbal Ability,Sentence Correction,Medium,"CAT,General",0.53
Q08484,Logical Reasoning,Clocks & Calendars,Easy,"Banking,CAT,Placements",0.753
Q08485,Data Interpretation,Tables,Easy,SSC,0.915
Q08486,Logical Reasoning,Data Sufficiency,Easy,"Placements,CAT",0.827
Q08487,Verbal Ability,Para Jumbles,Easy,"Placements,CAT",0.769
Q08488,Verbal Ability,Sentence Correction,Easy,SSC,0.759
Q08489,Verbal Ability,Critical Reasoning,Medium,Banking,0.576
Q08490,Logical Reasoning,Cubes & Dice,Easy,"CAT,General,TCS NQT",0.702
Q08491,Data Interpretation,Data Sufficiency (DI),Medium,"TCS NQT,General",0.552
Q08492,Quantitative Aptitude,Mixtures & Alligations,Easy,"SSC,General,Banking",0.803
Q08493,Quantitative Aptitude,Geometry,Hard,"General,Banking,Placements",0.304
Q08494,Quantitative Aptitude,Pipes & Cisterns,Easy,"SSC,General",0.856
Q08495,Verbal Ability,Para Jumbles,Hard,"General,Placements,CAT",0.296
Q08496,Verbal Ability,Synonyms & Antonyms,Medium,"TCS NQT,General",0.548
Q08497,Verbal Ability,Critical Reasoning,Medium,"Placements,CAT",0.491
Q08498,Verbal Ability,Para Summary,Medium,"General,CAT",0.517
Q08499,Logical Reasoning,Puzzles,Easy,Banking,0.814
Q08500,Logical Reasoning,Puzzles,Hard,"General,Banking,TCS NQT",0.417
Q08501,Logical Reasoning,Seating Arrangement,Medium,CAT,0.568
Q08502,Logical Reasoning,Direction Sense,Easy,General,0.781
Q08503,Verbal Ability,Critical Reasoning,Medium,General,0.626
Q08504,Quantitative Aptitude,Simple Interest,Medium,"TCS NQT,Placements",0.583
Q08505,Verbal Ability,Para Summary,Medium,"Placements,General,CAT",0.593
Q08506,Quantitative Aptitude,Set Theory,Easy,"SSC,Banking",0.81
Q08507,Verbal Ability,Synonyms & Antonyms,Hard,"Banking,TCS NQT,General",0.32
Q08508,Verbal Ability,Synonyms & Antonyms,Medium,TCS NQT,0.599
Q08509,Quantitative Aptitude,"Time, Speed & Distance",Medium,"SSC,Banking,CAT",0.523
Q08510,Logical Reasoning,Blood Relations,Easy,SSC,0.767
Q08511,Quantitative Aptitude,Progressions (AP/GP),Easy,Placements,0.878
Q08512,Data Interpretation,Mixed DI Sets,Hard,"Placements,General",0.292
Q08513,Logical Reasoning,Cubes & Dice,Medium,General,0.539
Q08514,Verbal Ability,Sentence Correction,Medium,Placements,0.545
Q08515,Verbal Ability,Reading Comprehension,Medium,General,0.559
Q08516,Verbal Ability,Cloze Test,Hard,"SSC,TCS NQT",0.291
Q08517,Verbal Ability,Fill in the Blanks,Easy,"Banking,Placements,SSC",0.79
Q08518,Logical Reasoning,Series Completion,Hard,"Banking,CAT,Placements",0.283
Q08519,Data Interpretation,Mixed DI Sets,Medium,SSC,0.511
Q08520,Verbal Ability,Fill in the Blanks,Hard,General,0.319
Q08521,Logical Reasoning,Syllogisms,Medium,"General,TCS NQT",0.572
Q08522,Quantitative Aptitude,Set Theory,Easy,General,0.759
Q08523,Verbal Ability,Synonyms & Antonyms,Medium,"TCS NQT,Banking,CAT",0.532
Q08524,Verbal Ability,Para Summary,Medium,SSC,0.66
Q08525,Data Interpretation,Venn-based DI,Hard,Placements,0.333
Q08526,Logical Reasoning,Coding-Decoding,Easy,"CAT,Banking",0.849
Q08527,Quantitative Aptitude,Linear Equations,Hard,"Banking,SSC",0.323
Q08528,Logical Reasoning,Cubes & Dice,Easy,"General,TCS NQT",0.862
Q08529,Quantitative Aptitude,Algebra,Medium,General,0.589
Q08530,Quantitative Aptitude,Progressions (AP/GP),Medium,SSC,0.549
Q08531,Logical Reasoning,Seating Arrangement,Hard,"TCS NQT,General,SSC",0.291
Q08532,Data Interpretation,Data Sufficiency (DI),Medium,"General,SSC",0.605
Q08533,Quantitative Aptitude,"Time, Speed & Distance",Medium,CAT,0.581
Q08534,Data Interpretation,Data Sufficiency (DI),Medium,"General,SSC",0.487
Q08535,Quantitative Aptitude,Geometry,Easy,Placements,0.791
Q08536,Quantitative Aptitude,Permutation & Combination,Medium,"Banking,TCS NQT,General",0.532
Q08537,Verbal Ability,Error Spotting,Medium,"SSC,Banking",0.541
Q08538,Quantitative Aptitude,Partnership,Easy,"TCS NQT,Placements,CAT",0.776
Q08539,Logical Reasoning,Series Completion,Easy,"General,CAT",0.843
Q08540,Logical Reasoning,Input-Output,Medium,"Placements,General,CAT",0.565
Q08541,Quantitative Aptitude,Profit & Loss,Hard,General,0.282
Q08542,Quantitative Aptitude,"Time, Speed & Distance",Easy,"Banking,CAT,SSC",0.78
Q08543,Logical Reasoning,Analogy,Hard,"SSC,Banking,CAT",0.275
Q08544,Logical Reasoning,Blood Relations,Medium,TCS NQT,0.613
Q08545,Verbal Ability,Reading Comprehension,Medium,SSC,0.643
Q08546,Verbal Ability,Para Jumbles,Easy,"General,SSC,TCS NQT",0.838
Q08547,Quantitative Aptitude,Pipes & Cisterns,Medium,TCS NQT,0.536
Q08548,Data Interpretation,Line Graphs,Easy,"TCS NQT,SSC,General",0.855
Q08549,Logical Reasoning,Seating Arrangement,Medium,"General,CAT,SSC",0.541
Q08550,Logical Reasoning,Cubes & Dice,Easy,"General,CAT,SSC",0.818
Q08551,Logical Reasoning,Statement & Assumption,Hard,"Banking,Placements",0.347
Q08552,Data Interpretation,Venn-based DI,Easy,TCS NQT,0.77
Q08553,Verbal Ability,Fill in the Blanks,Easy,General,0.818
Q08554,Verbal Ability,Para Summary,Medium,"Placements,CAT",0.491
Q08555,Quantitative Aptitude,Progressions (AP/GP),Hard,"General,Placements",0.254
Q08556,Logical Reasoning,Direction Sense,Easy,"General,Banking,TCS NQT",0.847
Q08557,Quantitative Aptitude,Number System,Medium,"SSC,TCS NQT,Banking",0.477
Q08558,Verbal Ability,Cloze Test,Easy,"General,Banking,SSC",0.804
Q08559,Logical Reasoning,Ranking & Order,Easy,"General,Placements,TCS NQT",0.731
Q08560,Verbal Ability,Fill in the Blanks,Medium,"General,TCS NQT,Placements",0.532
Q08561,Quantitative Aptitude,Time & Work,Easy,"Placements,TCS NQT,CAT",0.733
Q08562,Logical Reasoning,Puzzles,Medium,"Placements,General,TCS NQT",0.544
Q08563,Verbal Ability,Fill in the Blanks,Hard,CAT,0.374
Q08564,Verbal Ability,Para Summary,Hard,"TCS NQT,SSC,Banking",0.307
Q08565,Quantitative Aptitude,Probability,Hard,"SSC,Banking,TCS NQT",0.289
Q08566,Quantitative Aptitude,Geometry,Hard,"Banking,TCS NQT,CAT",0.341
Q08567,Verbal Ability,Verbal Analogies,Medium,"SSC,General",0.517
Q08568,Quantitative Aptitude,Probability,Medium,Banking,0.599
Q08569,Logical Reasoning,Statement & Conclusion,Hard,"SSC,TCS NQT,General",0.367
Q08570,Quantitative Aptitude,Progressions (AP/GP),Medium,"SSC,Placements",0.541
Q08571,Quantitative Aptitude,Profit & Loss,Medium,SSC,0.531
Q08572,Verbal Ability,Cloze Test,Easy,CAT,0.824
Q08573,Quantitative Aptitude,Trigonometry,Easy,"SSC,General",0.757
Q08574,Verbal Ability,Verbal Analogies,Medium,"Placements,TCS NQT,Banking",0.594
Q08575,Quantitative Aptitude,Averages,Medium,"General,Banking,SSC",0.579
Q08576,Quantitative Aptitude,Profit & Loss,Easy,"CAT,SSC,Banking",0.794
Q08577,Logical Reasoning,Coding-Decoding,Medium,"Banking,SSC",0.573
Q08578,Data Interpretation,Pie Charts,Easy,"General,CAT,Banking",0.811
Q08579,Logical Reasoning,Input-Output,Medium,"SSC,Placements",0.538
Q08580,Logical Reasoning,Statement & Conclusion,Hard,"Banking,SSC,TCS NQT",0.331
Q08581,Logical Reasoning,Seating Arrangement,Medium,"General,Banking",0.511
Q08582,Logical Reasoning,Clocks & Calendars,Hard,TCS NQT,0.243
Q08583,Data Interpretation,Data Sufficiency (DI),Medium,"TCS NQT,General",0.536
Q08584,Verbal Ability,Para Summary,Medium,General,0.55
Q08585,Verbal Ability,Reading Comprehension,Medium,TCS NQT,0.584
Q08586,Quantitative Aptitude,"Time, Speed & Distance",Medium,"General,TCS NQT",0.549
Q08587,Logical Reasoning,Coding-Decoding,Medium,CAT,0.506
Q08588,Quantitative Aptitude,Quadratic Equations,Medium,CAT,0.52
Q08589,Quantitative Aptitude,Profit & Loss,Medium,"SSC,TCS NQT,Banking",0.574
Q08590,Verbal Ability,Cloze Test,Easy,"Placements,General,SSC",0.724
Q08591,Verbal Ability,Synonyms & Antonyms,Hard,TCS NQT,0.314
Q08592,Quantitative Aptitude,Averages,Easy,"General,Placements,SSC",0.773
Q08593,Logical Reasoning,Coding-Decoding,Easy,"Banking,General",0.802
Q08594,Logical Reasoning,Syllogisms,Medium,"General,TCS NQT,SSC",0.503
Q08595,Quantitative Aptitude,Geometry,Hard,"General,CAT,TCS NQT",0.3
Q08596,Verbal Ability,Cloze Test,Medium,"CAT,SSC,General",0.581
Q08597,Quantitative Aptitude,"Time, Speed & Distance",Easy,SSC,0.832
Q08598,Quantitative Aptitude,Probability,Medium,CAT,0.487
Q08599,Quantitative Aptitude,Algebra,Medium,Banking,0.574
Q08600,Quantitative Aptitude,Pipes & Cisterns,Easy,SSC,0.845
Q08601,Data Interpretation,Venn-based DI,Easy,"Banking,General",0.808
Q08602,Quantitative Aptitude,Simple Interest,Easy,"SSC,General",0.74
Q08603,Logical Reasoning,Statement & Conclusion,Medium,"CAT,SSC",0.556
Q08604,Logical Reasoning,Statement & Assumption,Medium,"Placements,Banking,CAT",0.493
Q08605,Quantitative Aptitude,Logarithms,Medium,"Banking,SSC",0.449
Q08606,Quantitative Aptitude,Pipes & Cisterns,Easy,"General,Placements",0.732
Q08607,Verbal Ability,Odd One Out,Easy,CAT,0.817
Q08608,Logical Reasoning,Venn Diagrams,Medium,"Placements,Banking,SSC",0.557
Q08609,Quantitative Aptitude,Logarithms,Hard,"CAT,General,Placements",0.357
Q08610,Logical Reasoning,Data Sufficiency,Hard,"Banking,Placements",0.362
Q08611,Verbal Ability,Idioms & Phrases,Easy,"General,CAT",0.732
Q08612,Quantitative Aptitude,Time & Work,Hard,SSC,0.397
Q08613,Quantitative Aptitude,Algebra,Medium,"General,Placements,TCS NQT",0.488
Q08614,Logical Reasoning,Blood Relations,Hard,"Banking,General,SSC",0.236
Q08615,Logical Reasoning,Venn Diagrams,Easy,"Placements,CAT,General",0.732
Q08616,Quantitative Aptitude,Quadratic Equations,Easy,Banking,0.829
Q08617,Quantitative Aptitude,Averages,Medium,TCS NQT,0.486
Q08618,Verbal Ability,Fill in the Blanks,Easy,"Banking,TCS NQT",0.785
Q08619,Data Interpretation,Caselets,Medium,"General,Banking",0.526
Q08620,Quantitative Aptitude,Number System,Medium,"TCS NQT,General",0.457
Q08621,Logical Reasoning,Blood Relations,Easy,"SSC,CAT",0.815
Q08622,Quantitative Aptitude,Surds & Indices,Easy,"General,TCS NQT,CAT",0.773
Q08623,Logical Reasoning,Seating Arrangement,Hard,"Banking,SSC",0.252
Q08624,Verbal Ability,Fill in the Blanks,Easy,Placements,0.752
Q08625,Verbal Ability,Verbal Analogies,Hard,"General,SSC,TCS NQT",0.258
Q08626,Data Interpretation,Pie Charts,Hard,"TCS NQT,Placements",0.279
Q08627,Quantitative Aptitude,Algebra,Medium,General,0.527
Q08628,Quantitative Aptitude,Simple Interest,Easy,"SSC,TCS NQT",0.83
Q08629,Logical Reasoning,Coding-Decoding,Hard,"General,Placements,SSC",0.279
Q08630,Verbal Ability,Cloze Test,Medium,"Banking,SSC,General",0.484
Q08631,Logical Reasoning,Cubes & Dice,Medium,"SSC,Banking",0.547
Q08632,Data Interpretation,Mixed DI Sets,Easy,"CAT,Banking,General",0.754
Q08633,Logical Reasoning,Data Sufficiency,Easy,"SSC,TCS NQT",0.918
Q08634,Logical Reasoning,Statement & Conclusion,Hard,"General,Placements,SSC",0.364
Q08635,Logical Reasoning,Statement & Assumption,Medium,"TCS NQT,Banking",0.588
Q08636,Quantitative Aptitude,Surds & Indices,Easy,"CAT,SSC",0.771
Q08637,Quantitative Aptitude,Geometry,Hard,"Placements,General,CAT",0.265
Q08638,Quantitative Aptitude,Progressions (AP/GP),Easy,"TCS NQT,CAT",0.784
Q08639,Quantitative Aptitude,Trigonometry,Medium,"General,Placements",0.555
Q08640,Quantitative Aptitude,Mixtures & Alligations,Medium,SSC,0.476
Q08641,Logical Reasoning,Series Completion,Easy,"TCS NQT,Banking",0.72
Q08642,Quantitative Aptitude,Mensuration,Medium,CAT,0.509
Q08643,Logical Reasoning,Syllogisms,Medium,CAT,0.525
Q08644,Quantitative Aptitude,Algebra,Medium,"SSC,Banking,TCS NQT",0.511
Q08645,Logical Reasoning,Statement & Assumption,Easy,"TCS NQT,SSC",0.793
Q08646,Data Interpretation,Tables,Easy,"CAT,SSC,Banking",0.805
Q08647,Verbal Ability,Synonyms & Antonyms,Medium,SSC,0.475
Q08648,Data Interpretation,Mixed DI Sets,Hard,"TCS NQT,SSC",0.243
Q08649,Quantitative Aptitude,Quadratic Equations,Medium,"CAT,Placements",0.49
Q08650,Quantitative Aptitude,Algebra,Hard,"General,Banking",0.306
Q08651,Logical Reasoning,Clocks & Calendars,Easy,Banking,0.765
Q08652,Logical Reasoning,Venn Diagrams,Easy,"SSC,Banking,Placements",0.757
Q08653,Logical Reasoning,Venn Diagrams,Easy,Placements,0.774
Q08654,Data Interpretation,Line Graphs,Easy,"SSC,General,TCS NQT",0.79
Q08655,Verbal Ability,Idioms & Phrases,Easy,General,0.708
Q08656,Verbal Ability,Error Spotting,Hard,"SSC,Banking,General",0.289
Q08657,Quantitative Aptitude,Trigonometry,Easy,"TCS NQT,CAT",0.75
Q08658,Verbal Ability,Cloze Test,Easy,"Banking,CAT",0.83
Q08659,Verbal Ability,Synonyms & Antonyms,Medium,"SSC,CAT,Placements",0.566
Q08660,Logical Reasoning,Input-Output,Easy,Placements,0.759
Q08661,Logical Reasoning,Series Completion,Medium,"General,SSC,Banking",0.514
Q08662,Verbal Ability,Reading Comprehension,Easy,"CAT,Banking",0.815
Q08663,Logical Reasoning,Puzzles,Easy,"Banking,TCS NQT",0.846
Q08664,Logical Reasoning,Cubes & Dice,Easy,"General,CAT,SSC",0.848
Q08665,Quantitative Aptitude,Pipes & Cisterns,Medium,"General,TCS NQT",0.529
Q08666,Verbal Ability,Odd One Out,Hard,"General,Placements,SSC",0.255
Q08667,Quantitative Aptitude,Simple Interest,Easy,"SSC,General,TCS NQT",0.781
Q08668,Verbal Ability,Reading Comprehension,Medium,"General,Placements,Banking",0.546
Q08669,Quantitative Aptitude,Mixtures & Alligations,Medium,"General,Banking",0.461
Q08670,Verbal Ability,Reading Comprehension,Medium,Banking,0.615
Q08671,Verbal Ability,Reading Comprehension,Medium,TCS NQT,0.58
Q08672,Verbal Ability,Para Summary,Hard,CAT,0.228
Q08673,Logical Reasoning,Seating Arrangement,Easy,"SSC,TCS NQT",0.756
Q08674,Verbal Ability,Cloze Test,Hard,General,0.281
Q08675,Logical Reasoning,Syllogisms,Easy,Banking,0.812
Q08676,Logical Reasoning,Syllogisms,Medium,"Banking,TCS NQT",0.5
Q08677,Quantitative Aptitude,Set Theory,Medium,"TCS NQT,CAT",0.553
Q08678,Logical Reasoning,Analogy,Hard,"Banking,TCS NQT,Placements",0.287
Q08679,Verbal Ability,Idioms & Phrases,Medium,"SSC,CAT",0.572
Q08680,Quantitative Aptitude,Quadratic Equations,Easy,"Placements,CAT,SSC",0.787
Q08681,Data Interpretation,Tables,Medium,"TCS NQT,General,Banking",0.479
Q08682,Verbal Ability,Odd One Out,Easy,"General,Placements",0.808
Q08683,Quantitative Aptitude,Linear Equations,Easy,Banking,0.883
Q08684,Data Interpretation,Radar/Spider Charts,Easy,SSC,0.862
Q08685,Quantitative Aptitude,Surds & Indices,Medium,"General,TCS NQT",0.385
Q08686,Quantitative Aptitude,Logarithms,Medium,"CAT,Banking",0.608
Q08687,Quantitative Aptitude,Percentages,Easy,"Placements,General",0.766
Q08688,Logical Reasoning,Series Completion,Easy,"CAT,Placements",0.744
Q08689,Data Interpretation,Tables,Hard,"CAT,Placements",0.316
Q08690,Data Interpretation,Bar Graphs,Medium,SSC,0.553
Q08691,Logical Reasoning,Series Completion,Hard,TCS NQT,0.235
Q08692,Verbal Ability,Odd One Out,Easy,"Placements,Banking",0.825
Q08693,Quantitative Aptitude,Set Theory,Easy,"TCS NQT,Placements",0.782
Q08694,Quantitative Aptitude,Geometry,Easy,"General,Placements",0.834
Q08695,Logical Reasoning,Venn Diagrams,Hard,"General,TCS NQT",0.394
Q08696,Quantitative Aptitude,Geometry,Easy,"CAT,SSC",0.708
Q08697,Logical Reasoning,Blood Relations,Easy,General,0.834
Q08698,Verbal Ability,Cloze Test,Easy,General,0.77
Q08699,Data Interpretation,Bar Graphs,Medium,"General,Placements",0.533
Q08700,Quantitative Aptitude,Linear Equations,Easy,"Banking,SSC,Placements",0.714
Q08701,Quantitative Aptitude,Quadratic Equations,Medium,TCS NQT,0.527
Q08702,Quantitative Aptitude,Time & Work,Medium,"Placements,Banking",0.604
Q08703,Verbal Ability,Sentence Correction,Medium,"Banking,TCS NQT,SSC",0.593
Q08704,Logical Reasoning,Seating Arrangement,Medium,TCS NQT,0.463
Q08705,Quantitative Aptitude,Permutation & Combination,Easy,"Banking,TCS NQT",0.847
Q08706,Logical Reasoning,Puzzles,Hard,Placements,0.291
Q08707,Quantitative Aptitude,Surds & Indices,Medium,Placements,0.641
Q08708,Verbal Ability,Synonyms & Antonyms,Hard,SSC,0.227
Q08709,Verbal Ability,Cloze Test,Medium,"Placements,SSC,General",0.543
Q08710,Verbal Ability,Para Summary,Hard,CAT,0.327
Q08711,Logical Reasoning,Analogy,Medium,"TCS NQT,General,Placements",0.497
Q08712,Logical Reasoning,Venn Diagrams,Easy,"SSC,Banking,General",0.781
Q08713,Logical Reasoning,Cubes & Dice,Hard,"General,SSC",0.219
Q08714,Logical Reasoning,Ranking & Order,Medium,"General,Placements",0.601
Q08715,Quantitative Aptitude,Time & Work,Easy,"General,SSC",0.791
Q08716,Logical Reasoning,Statement & Conclusion,Hard,"CAT,General",0.313
Q08717,Verbal Ability,Idioms & Phrases,Easy,General,0.888
Q08718,Verbal Ability,Idioms & Phrases,Medium,"General,SSC,CAT",0.553
Q08719,Logical Reasoning,Series Completion,Easy,"Banking,Placements",0.906
Q08720,Verbal Ability,Idioms & Phrases,Easy,General,0.775
Q08721,Quantitative Aptitude,Algebra,Hard,CAT,0.277
Q08722,Verbal Ability,Sentence Correction,Medium,"General,TCS NQT,CAT",0.51
Q08723,Quantitative Aptitude,Partnership,Medium,"Placements,Banking,TCS NQT",0.474
Q08724,Data Interpretation,Venn-based DI,Easy,"CAT,TCS NQT",0.91
Q08725,Verbal Ability,Critical Reasoning,Easy,"CAT,SSC",0.873
Q08726,Quantitative Aptitude,Quadratic Equations,Medium,"Placements,General,CAT",0.517
Q08727,Quantitative Aptitude,Profit & Loss,Easy,"General,TCS NQT",0.901
Q08728,Quantitative Aptitude,Ratio & Proportion,Hard,Placements,0.313
Q08729,Quantitative Aptitude,Algebra,Easy,"CAT,General",0.774
Q08730,Quantitative Aptitude,Simple Interest,Medium,Banking,0.527
Q08731,Logical Reasoning,Coding-Decoding,Medium,"Placements,Banking,CAT",0.543
Q08732,Quantitative Aptitude,"Time, Speed & Distance",Easy,TCS NQT,0.824
Q08733,Quantitative Aptitude,Trigonometry,Medium,"SSC,Banking",0.557
Q08734,Verbal Ability,Odd One Out,Medium,General,0.457
Q08735,Verbal Ability,Verbal Analogies,Easy,Banking,0.806
Q08736,Quantitative Aptitude,Surds & Indices,Easy,"Banking,General,CAT",0.75
Q08737,Logical Reasoning,Statement & Assumption,Easy,"Banking,Placements",0.76
Q08738,Data Interpretation,Mixed DI Sets,Medium,Banking,0.605
Q08739,Quantitative Aptitude,Geometry,Medium,"Banking,CAT,General",0.64
Q08740,Logical Reasoning,Coding-Decoding,Medium,Banking,0.579
Q08741,Logical Reasoning,Direction Sense,Easy,SSC,0.793
Q08742,Quantitative Aptitude,Probability,Easy,"TCS NQT,Banking,CAT",0.818
Q08743,Data Interpretation,Caselets,Medium,TCS NQT,0.582
Q08744,Verbal Ability,Para Summary,Medium,"Placements,CAT,General",0.579
Q08745,Quantitative Aptitude,Surds & Indices,Easy,Banking,0.705
Q08746,Logical Reasoning,Clocks & Calendars,Medium,"SSC,Banking,General",0.603
Q08747,Verbal Ability,Verbal Analogies,Easy,"Banking,SSC",0.827
Q08748,Logical Reasoning,Puzzles,Hard,"TCS NQT,CAT,Banking",0.245
Q08749,Verbal Ability,Reading Comprehension,Medium,"General,Placements",0.505
Q08750,Logical Reasoning,Blood Relations,Medium,"SSC,TCS NQT",0.564
Q08751,Verbal Ability,Reading Comprehension,Medium,"General,Banking,CAT",0.574
Q08752,Quantitative Aptitude,Ratio & Proportion,Hard,"Placements,SSC",0.275
Q08753,Verbal Ability,Cloze Test,Medium,General,0.495
Q08754,Verbal Ability,Verbal Analogies,Medium,"General,CAT",0.673
Q08755,Verbal Ability,Para Jumbles,Easy,"CAT,SSC,General",0.825
Q08756,Quantitative Aptitude,"Time, Speed & Distance",Hard,"TCS NQT,Placements",0.342
Q08757,Logical Reasoning,Ranking & Order,Easy,"CAT,Banking",0.811
Q08758,Data Interpretation,Caselets,Hard,CAT,0.276
Q08759,Verbal Ability,Fill in the Blanks,Easy,CAT,0.787
Q08760,Data Interpretation,Tables,Hard,"Banking,Placements,SSC",0.265
Q08761,Quantitative Aptitude,Time & Work,Medium,"CAT,Placements",0.527
Q08762,Logical Reasoning,Coding-Decoding,Hard,Banking,0.304
Q08763,Quantitative Aptitude,Progressions (AP/GP),Hard,"CAT,TCS NQT,Banking",0.296
Q08764,Quantitative Aptitude,Linear Equations,Hard,"TCS NQT,CAT",0.298
Q08765,Logical Reasoning,Direction Sense,Medium,"Placements,General,SSC",0.465
Q08766,Verbal Ability,Idioms & Phrases,Medium,TCS NQT,0.687
Q08767,Verbal Ability,Critical Reasoning,Easy,General,0.87
Q08768,Data Interpretation,Pie Charts,Easy,Banking,0.847
Q08769,Verbal Ability,Fill in the Blanks,Medium,"Placements,SSC",0.507
Q08770,Quantitative Aptitude,Profit & Loss,Hard,"SSC,General",0.287
Q08771,Verbal Ability,Critical Reasoning,Medium,"TCS NQT,Placements",0.598
Q08772,Verbal Ability,Error Spotting,Medium,"SSC,CAT,TCS NQT",0.566
Q08773,Verbal Ability,Synonyms & Antonyms,Medium,"CAT,SSC,General",0.556
Q08774,Verbal Ability,Para Jumbles,Easy,TCS NQT,0.861
Q08775,Logical Reasoning,Statement & Assumption,Medium,CAT,0.628
Q08776,Data Interpretation,Mixed DI Sets,Medium,"TCS NQT,General",0.594
Q08777,Quantitative Aptitude,Partnership,Hard,"TCS NQT,General",0.315
Q08778,Data Interpretation,Bar Graphs,Easy,SSC,0.754
Q08779,Verbal Ability,Verbal Analogies,Medium,"CAT,Banking",0.452
Q08780,Logical Reasoning,Analogy,Hard,Banking,0.302
Q08781,Quantitative Aptitude,Partnership,Medium,Placements,0.511
Q08782,Data Interpretation,Bar Graphs,Medium,"Banking,TCS NQT",0.602
Q08783,Logical Reasoning,Cubes & Dice,Easy,TCS NQT,0.685
Q08784,Logical Reasoning,Clocks & Calendars,Medium,Placements,0.592
Q08785,Verbal Ability,Critical Reasoning,Easy,"Banking,CAT,SSC",0.874
Q08786,Logical Reasoning,Seating Arrangement,Easy,"SSC,TCS NQT",0.8
Q08787,Quantitative Aptitude,Ratio & Proportion,Easy,"General,TCS NQT,SSC",0.785
Q08788,Logical Reasoning,Series Completion,Easy,Banking,0.754
Q08789,Verbal Ability,Para Summary,Hard,"SSC,CAT,Banking",0.311
Q08790,Quantitative Aptitude,Quadratic Equations,Hard,"Banking,General",0.229
Q08791,Verbal Ability,Reading Comprehension,Medium,Banking,0.523
Q08792,Verbal Ability,Critical Reasoning,Medium,SSC,0.581
Q08793,Verbal Ability,Fill in the Blanks,Easy,"General,TCS NQT,Banking",0.791
Q08794,Quantitative Aptitude,Surds & Indices,Hard,"General,Placements,CAT",0.249
Q08795,Logical Reasoning,Analogy,Medium,CAT,0.506
Q08796,Logical Reasoning,Statement & Assumption,Medium,Placements,0.619
Q08797,Verbal Ability,Critical Reasoning,Easy,"Banking,General,SSC",0.781
Q08798,Logical Reasoning,Analogy,Easy,"SSC,CAT",0.777
Q08799,Verbal Ability,Reading Comprehension,Hard,"TCS NQT,SSC",0.314
Q08800,Logical Reasoning,Syllogisms,Medium,"SSC,Banking,Placements",0.483
Q08801,Verbal Ability,Para Jumbles,Hard,"CAT,SSC,Banking",0.233
Q08802,Quantitative Aptitude,Number System,Easy,"SSC,Placements",0.881
Q08803,Logical Reasoning,Analogy,Easy,Banking,0.828
Q08804,Quantitative Aptitude,Logarithms,Medium,"SSC,TCS NQT,General",0.488
Q08805,Logical Reasoning,Analogy,Medium,"CAT,General",0.519
Q08806,Data Interpretation,Pie Charts,Medium,Banking,0.582
Q08807,Quantitative Aptitude,Progressions (AP/GP),Easy,"Banking,SSC",0.754
Q08808,Logical Reasoning,Cubes & Dice,Easy,"SSC,General",0.739
Q08809,Data Interpretation,Data Sufficiency (DI),Easy,"Banking,Placements",0.771
Q08810,Quantitative Aptitude,Permutation & Combination,Hard,"Banking,Placements,TCS NQT",0.284
Q08811,Verbal Ability,Para Summary,Easy,"TCS NQT,Placements,SSC",0.813
Q08812,Verbal Ability,Idioms & Phrases,Hard,"SSC,CAT",0.316
Q08813,Verbal Ability,Sentence Correction,Medium,"CAT,TCS NQT,SSC",0.486
Q08814,Logical Reasoning,Ranking & Order,Hard,"SSC,Banking,CAT",0.271
Q08815,Logical Reasoning,Input-Output,Hard,"General,TCS NQT",0.369
Q08816,Verbal Ability,Error Spotting,Medium,"Placements,Banking,CAT",0.5
Q08817,Verbal Ability,Sentence Correction,Easy,"Placements,Banking,TCS NQT",0.798
Q08818,Logical Reasoning,Syllogisms,Medium,"Banking,General,TCS NQT",0.52
Q08819,Verbal Ability,Odd One Out,Medium,"SSC,Banking,CAT",0.539
Q08820,Logical Reasoning,Series Completion,Hard,"TCS NQT,Banking,Placements",0.341
Q08821,Data Interpretation,Data Sufficiency (DI),Hard,Banking,0.264
Q08822,Quantitative Aptitude,Mensuration,Hard,"Placements,Banking,CAT",0.322
Q08823,Verbal Ability,Cloze Test,Medium,CAT,0.593
Q08824,Quantitative Aptitude,Mensuration,Medium,SSC,0.482
Q08825,Logical Reasoning,Puzzles,Hard,TCS NQT,0.322
Q08826,Logical Reasoning,Input-Output,Medium,Placements,0.476
Q08827,Logical Reasoning,Syllogisms,Hard,"TCS NQT,Placements",0.291
Q08828,Verbal Ability,Critical Reasoning,Medium,Placements,0.536
Q08829,Quantitative Aptitude,Ratio & Proportion,Medium,General,0.531
Q08830,Quantitative Aptitude,Ratio & Proportion,Hard,Placements,0.306
Q08831,Logical Reasoning,Series Completion,Easy,"TCS NQT,Placements,SSC",0.844
Q08832,Quantitative Aptitude,Averages,Hard,"CAT,Banking",0.232
Q08833,Verbal Ability,Error Spotting,Medium,Banking,0.54
Q08834,Quantitative Aptitude,Progressions (AP/GP),Medium,"General,Placements",0.588
Q08835,Logical Reasoning,Blood Relations,Easy,"TCS NQT,SSC",0.746
Q08836,Quantitative Aptitude,Set Theory,Medium,Placements,0.467
Q08837,Verbal Ability,Fill in the Blanks,Medium,"TCS NQT,Banking",0.467
Q08838,Quantitative Aptitude,Algebra,Easy,TCS NQT,0.737
Q08839,Quantitative Aptitude,Mixtures & Alligations,Easy,Placements,0.875
Q08840,Logical Reasoning,Venn Diagrams,Hard,Banking,0.313
Q08841,Verbal Ability,Error Spotting,Hard,CAT,0.314
Q08842,Logical Reasoning,Ranking & Order,Easy,"SSC,TCS NQT",0.847
Q08843,Verbal Ability,Idioms & Phrases,Medium,"SSC,TCS NQT",0.647
Q08844,Logical Reasoning,Analogy,Medium,"Placements,CAT",0.553
Q08845,Logical Reasoning,Puzzles,Medium,"General,TCS NQT,CAT",0.538
Q08846,Data Interpretation,Caselets,Easy,SSC,0.822
Q08847,Logical Reasoning,Data Sufficiency,Medium,"Placements,TCS NQT",0.496
Q08848,Verbal Ability,Reading Comprehension,Medium,"Placements,Banking",0.641
Q08849,Quantitative Aptitude,Geometry,Medium,"Placements,SSC",0.582
Q08850,Quantitative Aptitude,Algebra,Medium,Banking,0.501
Q08851,Logical Reasoning,Input-Output,Easy,"TCS NQT,Banking,General",0.91
Q08852,Data Interpretation,Bar Graphs,Hard,"Placements,CAT,General",0.312
Q08853,Verbal Ability,Error Spotting,Medium,"Placements,General,CAT",0.53
Q08854,Logical Reasoning,Statement & Assumption,Hard,Banking,0.295
Q08855,Logical Reasoning,Syllogisms,Medium,TCS NQT,0.503
Q08856,Quantitative Aptitude,Partnership,Medium,"TCS NQT,Banking",0.503
Q08857,Logical Reasoning,Input-Output,Medium,TCS NQT,0.62
Q08858,Verbal Ability,Verbal Analogies,Medium,"Placements,TCS NQT,Banking",0.561
Q08859,Logical Reasoning,Analogy,Medium,TCS NQT,0.537
Q08860,Verbal Ability,Odd One Out,Easy,General,0.743
Q08861,Verbal Ability,Para Jumbles,Medium,"Placements,SSC",0.416
Q08862,Logical Reasoning,Data Sufficiency,Easy,"Placements,TCS NQT",0.773
Q08863,Quantitative Aptitude,Simple Interest,Easy,"General,TCS NQT",0.834
Q08864,Logical Reasoning,Ranking & Order,Medium,"SSC,CAT",0.632
Q08865,Logical Reasoning,Input-Output,Easy,Placements,0.881
Q08866,Logical Reasoning,Series Completion,Medium,TCS NQT,0.591
Q08867,Logical Reasoning,Blood Relations,Easy,"CAT,General",0.783
Q08868,Quantitative Aptitude,Algebra,Easy,General,0.833
Q08869,Verbal Ability,Reading Comprehension,Medium,TCS NQT,0.576
Q08870,Quantitative Aptitude,Trigonometry,Medium,"SSC,CAT",0.562
Q08871,Verbal Ability,Synonyms & Antonyms,Hard,Placements,0.311
Q08872,Quantitative Aptitude,Surds & Indices,Medium,General,0.546
Q08873,Verbal Ability,Error Spotting,Hard,"CAT,General,Banking",0.308
Q08874,Verbal Ability,Fill in the Blanks,Hard,"SSC,General",0.265
Q08875,Logical Reasoning,Seating Arrangement,Easy,"SSC,TCS NQT",0.831
Q08876,Data Interpretation,Radar/Spider Charts,Medium,"Placements,CAT,TCS NQT",0.578
Q08877,Quantitative Aptitude,Averages,Easy,"Banking,Placements",0.824
Q08878,Quantitative Aptitude,Mensuration,Easy,"General,CAT",0.805
Q08879,Verbal Ability,Para Jumbles,Medium,"Placements,Banking",0.587
Q08880,Quantitative Aptitude,Surds & Indices,Hard,"TCS NQT,Banking,SSC",0.271
Q08881,Quantitative Aptitude,Averages,Easy,CAT,0.747
Q08882,Logical Reasoning,Statement & Assumption,Medium,"Banking,CAT,General",0.523
Q08883,Logical Reasoning,Venn Diagrams,Medium,"General,TCS NQT",0.537
Q08884,Data Interpretation,Tables,Hard,CAT,0.296
Q08885,Quantitative Aptitude,Progressions (AP/GP),Medium,"TCS NQT,Banking",0.493
Q08886,Logical Reasoning,Direction Sense,Medium,General,0.575
Q08887,Quantitative Aptitude,Probability,Easy,Banking,0.761
Q08888,Quantitative Aptitude,Probability,Medium,"General,CAT,Banking",0.606
Q08889,Verbal Ability,Reading Comprehension,Easy,SSC,0.819
Q08890,Quantitative Aptitude,Algebra,Medium,"TCS NQT,Placements",0.588
Q08891,Verbal Ability,Sentence Correction,Easy,Banking,0.906
Q08892,Logical Reasoning,Analogy,Medium,SSC,0.529
Q08893,Logical Reasoning,Venn Diagrams,Easy,"General,CAT,Banking",0.843
Q08894,Verbal Ability,Reading Comprehension,Medium,SSC,0.429
Q08895,Logical Reasoning,Syllogisms,Hard,"CAT,TCS NQT,Banking",0.291
Q08896,Quantitative Aptitude,Trigonometry,Easy,"Banking,Placements,CAT",0.788
Q08897,Verbal Ability,Verbal Analogies,Easy,SSC,0.772
Q08898,Verbal Ability,Para Jumbles,Hard,"Placements,CAT,TCS NQT",0.257
Q08899,Verbal Ability,Idioms & Phrases,Easy,TCS NQT,0.777
Q08900,Quantitative Aptitude,Pipes & Cisterns,Hard,"SSC,Placements,TCS NQT",0.303
Q08901,Logical Reasoning,Statement & Assumption,Easy,"Placements,TCS NQT,Banking",0.732
Q08902,Logical Reasoning,Blood Relations,Medium,"TCS NQT,Placements",0.536
Q08903,Quantitative Aptitude,Trigonometry,Hard,"SSC,TCS NQT,Placements",0.359
Q08904,Verbal Ability,Verbal Analogies,Medium,SSC,0.561
Q08905,Logical Reasoning,Data Sufficiency,Easy,"CAT,General",0.721
Q08906,Quantitative Aptitude,Geometry,Medium,TCS NQT,0.612
Q08907,Verbal Ability,Cloze Test,Hard,"CAT,SSC",0.337
Q08908,Data Interpretation,Line Graphs,Easy,Banking,0.691
Q08909,Quantitative Aptitude,Algebra,Easy,"SSC,CAT",0.779
Q08910,Verbal Ability,Critical Reasoning,Hard,SSC,0.2
Q08911,Logical Reasoning,Cubes & Dice,Hard,TCS NQT,0.286
Q08912,Data Interpretation,Data Sufficiency (DI),Medium,Banking,0.537
Q08913,Quantitative Aptitude,Compound Interest,Medium,"TCS NQT,CAT",0.579
Q08914,Data Interpretation,Venn-based DI,Medium,"Placements,CAT,General",0.575
Q08915,Data Interpretation,Caselets,Medium,"TCS NQT,Banking,General",0.62
Q08916,Logical Reasoning,Statement & Assumption,Easy,"Banking,General,TCS NQT",0.829
Q08917,Logical Reasoning,Coding-Decoding,Medium,"SSC,Placements",0.53
Q08918,Quantitative Aptitude,Set Theory,Easy,"Placements,SSC",0.783
Q08919,Verbal Ability,Critical Reasoning,Easy,"Banking,TCS NQT,General",0.819
Q08920,Verbal Ability,Synonyms & Antonyms,Easy,"Banking,SSC,General",0.764
Q08921,Quantitative Aptitude,Simple Interest,Hard,"Banking,SSC",0.33
Q08922,Quantitative Aptitude,Ratio & Proportion,Easy,"General,CAT,Placements",0.792
Q08923,Quantitative Aptitude,Logarithms,Easy,"CAT,Placements,SSC",0.822
Q08924,Verbal Ability,Idioms & Phrases,Easy,"CAT,SSC,Placements",0.847
Q08925,Logical Reasoning,Clocks & Calendars,Medium,"TCS NQT,Banking",0.568
Q08926,Verbal Ability,Reading Comprehension,Medium,"CAT,General,SSC",0.592
Q08927,Verbal Ability,Reading Comprehension,Hard,"CAT,Banking,SSC",0.41
Q08928,Data Interpretation,Radar/Spider Charts,Medium,Banking,0.567
Q08929,Logical Reasoning,Input-Output,Medium,SSC,0.55
Q08930,Quantitative Aptitude,Time & Work,Hard,"Banking,Placements",0.28
Q08931,Quantitative Aptitude,Compound Interest,Medium,"SSC,TCS NQT",0.587
Q08932,Quantitative Aptitude,Compound Interest,Medium,Placements,0.633
Q08933,Quantitative Aptitude,Geometry,Medium,"Placements,CAT,TCS NQT",0.609
Q08934,Logical Reasoning,Statement & Conclusion,Medium,"CAT,General,SSC",0.489
Q08935,Logical Reasoning,Direction Sense,Hard,"Placements,CAT",0.277
Q08936,Quantitative Aptitude,Partnership,Easy,Banking,0.734
Q08937,Verbal Ability,Synonyms & Antonyms,Easy,Banking,0.745
Q08938,Quantitative Aptitude,Mixtures & Alligations,Easy,SSC,0.805
Q08939,Logical Reasoning,Analogy,Medium,"Banking,TCS NQT",0.502
Q08940,Verbal Ability,Reading Comprehension,Medium,General,0.569
Q08941,Logical Reasoning,Seating Arrangement,Hard,"SSC,Placements,TCS NQT",0.255
Q08942,Data Interpretation,Tables,Easy,"TCS NQT,General",0.779
Q08943,Quantitative Aptitude,Pipes & Cisterns,Medium,"Banking,SSC",0.601
Q08944,Quantitative Aptitude,Time & Work,Medium,TCS NQT,0.581
Q08945,Quantitative Aptitude,Probability,Medium,"Placements,SSC,Banking",0.601
Q08946,Quantitative Aptitude,Surds & Indices,Easy,"General,Banking",0.744
Q08947,Logical Reasoning,Analogy,Hard,SSC,0.272
Q08948,Quantitative Aptitude,Ratio & Proportion,Medium,"CAT,Placements,TCS NQT",0.545
Q08949,Quantitative Aptitude,Geometry,Easy,General,0.798
Q08950,Quantitative Aptitude,Mixtures & Alligations,Easy,"General,Placements",0.766
Q08951,Logical Reasoning,Ranking & Order,Medium,"CAT,General",0.632
Q08952,Quantitative Aptitude,Pipes & Cisterns,Medium,Placements,0.562
Q08953,Quantitative Aptitude,Logarithms,Medium,"CAT,TCS NQT,General",0.576
Q08954,Logical Reasoning,Syllogisms,Easy,"SSC,Banking",0.805
Q08955,Logical Reasoning,Input-Output,Medium,General,0.48
Q08956,Logical Reasoning,Clocks & Calendars,Easy,"Placements,Banking",0.795
Q08957,Verbal Ability,Idioms & Phrases,Medium,"Placements,SSC",0.473
Q08958,Quantitative Aptitude,Algebra,Medium,"General,CAT",0.599
Q08959,Logical Reasoning,Clocks & Calendars,Hard,General,0.336
Q08960,Data Interpretation,Tables,Easy,Banking,0.75
Q08961,Quantitative Aptitude,Logarithms,Easy,"TCS NQT,Placements",0.768
Q08962,Logical Reasoning,Syllogisms,Medium,"Banking,General,SSC",0.597
Q08963,Logical Reasoning,Statement & Conclusion,Medium,"Placements,TCS NQT,General",0.552
Q08964,Quantitative Aptitude,Mixtures & Alligations,Medium,General,0.538
Q08965,Quantitative Aptitude,Progressions (AP/GP),Medium,"TCS NQT,CAT",0.612
Q08966,Quantitative Aptitude,Averages,Easy,"Placements,TCS NQT",0.878
Q08967,Data Interpretation,Line Graphs,Easy,"SSC,Placements,Banking",0.821
Q08968,Verbal Ability,Idioms & Phrases,Medium,"Placements,SSC,Banking",0.491
Q08969,Verbal Ability,Sentence Correction,Medium,TCS NQT,0.559
Q08970,Verbal Ability,Para Jumbles,Hard,Placements,0.269
Q08971,Quantitative Aptitude,Number System,Medium,"Placements,SSC",0.543
Q08972,Verbal Ability,Fill in the Blanks,Easy,General,0.799
Q08973,Logical Reasoning,Series Completion,Easy,Placements,0.794
Q08974,Logical Reasoning,Statement & Assumption,Medium,"SSC,CAT",0.437
Q08975,Quantitative Aptitude,Time & Work,Medium,SSC,0.53
Q08976,Logical Reasoning,Analogy,Medium,"CAT,TCS NQT",0.576
Q08977,Logical Reasoning,Data Sufficiency,Medium,General,0.538
Q08978,Logical Reasoning,Cubes & Dice,Medium,CAT,0.553
Q08979,Quantitative Aptitude,Ratio & Proportion,Medium,SSC,0.611
Q08980,Quantitative Aptitude,Percentages,Hard,"CAT,Banking",0.336
Q08981,Verbal Ability,Reading Comprehension,Medium,Placements,0.572
Q08982,Data Interpretation,Line Graphs,Medium,"CAT,General",0.473
Q08983,Verbal Ability,Odd One Out,Medium,"CAT,SSC,TCS NQT",0.474
Q08984,Verbal Ability,Fill in the Blanks,Medium,"Banking,CAT,SSC",0.51
Q08985,Quantitative Aptitude,Set Theory,Medium,"CAT,SSC,Placements",0.572
Q08986,Quantitative Aptitude,Compound Interest,Hard,"General,SSC,TCS NQT",0.333
Q08987,Quantitative Aptitude,Quadratic Equations,Easy,"CAT,General",0.813
Q08988,Verbal Ability,Verbal Analogies,Medium,"Placements,SSC,TCS NQT",0.517
Q08989,Verbal Ability,Para Jumbles,Medium,SSC,0.576
Q08990,Logical Reasoning,Statement & Assumption,Hard,"CAT,Banking,General",0.238
Q08991,Quantitative Aptitude,Progressions (AP/GP),Easy,Placements,0.863
Q08992,Quantitative Aptitude,Pipes & Cisterns,Medium,"CAT,SSC",0.59
Q08993,Quantitative Aptitude,Partnership,Hard,"Placements,SSC,TCS NQT",0.296
Q08994,Quantitative Aptitude,Profit & Loss,Medium,"General,Banking,CAT",0.522
Q08995,Data Interpretation,Mixed DI Sets,Easy,"Banking,SSC,TCS NQT",0.778
Q08996,Logical Reasoning,Analogy,Easy,Banking,0.806
Q08997,Quantitative Aptitude,Geometry,Medium,Placements,0.612
Q08998,Data Interpretation,Venn-based DI,Hard,"General,Placements,SSC",0.349
Q08999,Logical Reasoning,Input-Output,Medium,CAT,0.612
Q09000,Logical Reasoning,Input-Output,Hard,General,0.253
Q09001,Quantitative Aptitude,Geometry,Easy,CAT,0.85
Q09002,Quantitative Aptitude,Surds & Indices,Medium,"TCS NQT,SSC,Banking",0.52
Q09003,Logical Reasoning,Statement & Assumption,Easy,"Placements,CAT",0.819
Q09004,Quantitative Aptitude,Number System,Medium,"Banking,CAT",0.421
Q09005,Data Interpretation,Mixed DI Sets,Hard,SSC,0.37
Q09006,Quantitative Aptitude,Compound Interest,Hard,SSC,0.447
Q09007,Quantitative Aptitude,Logarithms,Medium,"General,Banking,SSC",0.556
Q09008,Logical Reasoning,Input-Output,Medium,"Banking,General,CAT",0.54
Q09009,Quantitative Aptitude,Mixtures & Alligations,Hard,General,0.334
Q09010,Quantitative Aptitude,"Time, Speed & Distance",Medium,"Banking,CAT,TCS NQT",0.563
Q09011,Logical Reasoning,Syllogisms,Hard,CAT,0.295
Q09012,Quantitative Aptitude,Profit & Loss,Easy,"Banking,CAT",0.77
Q09013,Quantitative Aptitude,Percentages,Hard,"Placements,TCS NQT,General",0.26
Q09014,Logical Reasoning,Analogy,Easy,"TCS NQT,General,CAT",0.816
Q09015,Logical Reasoning,Series Completion,Medium,SSC,0.641
Q09016,Verbal Ability,Para Summary,Easy,"CAT,Banking,Placements",0.757
Q09017,Data Interpretation,Venn-based DI,Hard,"CAT,Banking,TCS NQT",0.393
Q09018,Quantitative Aptitude,Partnership,Easy,"General,SSC,CAT",0.723
Q09019,Verbal Ability,Idioms & Phrases,Medium,"SSC,Banking,CAT",0.496
Q09020,Verbal Ability,Fill in the Blanks,Easy,"CAT,TCS NQT,Banking",0.871
Q09021,Logical Reasoning,Venn Diagrams,Easy,"TCS NQT,General",0.794
Q09022,Quantitative Aptitude,Time & Work,Medium,"Banking,Placements",0.534
Q09023,Verbal Ability,Idioms & Phrases,Easy,CAT,0.867
Q09024,Verbal Ability,Odd One Out,Medium,General,0.549
Q09025,Quantitative Aptitude,Trigonometry,Medium,CAT,0.511
Q09026,Logical Reasoning,Puzzles,Medium,"General,SSC,Banking",0.515
Q09027,Quantitative Aptitude,Compound Interest,Easy,"Placements,Banking,General",0.823
Q09028,Verbal Ability,Fill in the Blanks,Medium,"SSC,CAT",0.568
Q09029,Verbal Ability,Odd One Out,Medium,"Placements,CAT,General",0.462
Q09030,Quantitative Aptitude,Percentages,Medium,"TCS NQT,Banking",0.589
Q09031,Quantitative Aptitude,Permutation & Combination,Easy,"TCS NQT,General,SSC",0.736
Q09032,Verbal Ability,Para Jumbles,Easy,"SSC,General,TCS NQT",0.803
Q09033,Logical Reasoning,Series Completion,Medium,"Banking,CAT",0.438
Q09034,Logical Reasoning,Statement & Conclusion,Hard,"Banking,SSC",0.288
Q09035,Data Interpretation,Bar Graphs,Medium,"Banking,TCS NQT",0.626
Q09036,Logical Reasoning,Input-Output,Easy,"SSC,CAT",0.823
Q09037,Data Interpretation,Venn-based DI,Medium,"Banking,CAT",0.641
Q09038,Data Interpretation,Pie Charts,Medium,"SSC,General",0.595
Q09039,Quantitative Aptitude,Geometry,Medium,SSC,0.552
Q09040,Data Interpretation,Mixed DI Sets,Hard,"Placements,SSC",0.318
Q09041,Verbal Ability,Sentence Correction,Easy,TCS NQT,0.85
Q09042,Logical Reasoning,Syllogisms,Medium,"General,Banking,Placements",0.481
Q09043,Verbal Ability,Verbal Analogies,Easy,CAT,0.797
Q09044,Quantitative Aptitude,Pipes & Cisterns,Medium,Placements,0.645
Q09045,Data Interpretation,Mixed DI Sets,Medium,"SSC,Banking,General",0.504
Q09046,Quantitative Aptitude,"Time, Speed & Distance",Medium,Banking,0.483
Q09047,Quantitative Aptitude,Partnership,Hard,"Banking,Placements",0.325
Q09048,Quantitative Aptitude,Number System,Hard,"Placements,CAT,Banking",0.231
Q09049,Logical Reasoning,Analogy,Hard,"TCS NQT,Banking,CAT",0.338
Q09050,Verbal Ability,Verbal Analogies,Easy,Banking,0.848
Q09051,Verbal Ability,Para Jumbles,Easy,"SSC,TCS NQT",0.729
Q09052,Quantitative Aptitude,Trigonometry,Easy,"Placements,CAT,TCS NQT",0.731
Q09053,Logical Reasoning,Direction Sense,Hard,"General,CAT",0.398
Q09054,Logical Reasoning,Direction Sense,Medium,"SSC,General",0.606
Q09055,Data Interpretation,Mixed DI Sets,Medium,General,0.549
Q09056,Data Interpretation,Bar Graphs,Medium,"SSC,TCS NQT",0.513
Q09057,Logical Reasoning,Syllogisms,Easy,"General,CAT,Placements",0.747
Q09058,Logical Reasoning,Analogy,Hard,"General,Banking",0.245
Q09059,Quantitative Aptitude,Ratio & Proportion,Hard,"TCS NQT,Banking,Placements",0.347
Q09060,Data Interpretation,Caselets,Easy,"CAT,Banking",0.779
Q09061,Quantitative Aptitude,"Time, Speed & Distance",Easy,Placements,0.771
Q09062,Quantitative Aptitude,Mixtures & Alligations,Easy,TCS NQT,0.821
Q09063,Logical Reasoning,Statement & Assumption,Easy,"CAT,General,TCS NQT",0.889
Q09064,Verbal Ability,Verbal Analogies,Medium,SSC,0.481
Q09065,Logical Reasoning,Statement & Assumption,Medium,"Placements,TCS NQT",0.622
Q09066,Quantitative Aptitude,Mixtures & Alligations,Easy,"Placements,CAT,Banking",0.846
Q09067,Quantitative Aptitude,Partnership,Medium,"SSC,CAT,Banking",0.581
Q09068,Logical Reasoning,Input-Output,Hard,"SSC,Banking",0.193
Q09069,Quantitative Aptitude,Quadratic Equations,Medium,TCS NQT,0.455
Q09070,Logical Reasoning,Analogy,Hard,"Placements,SSC,CAT",0.362
Q09071,Quantitative Aptitude,Permutation & Combination,Hard,"Banking,Placements,TCS NQT",0.314
Q09072,Verbal Ability,Fill in the Blanks,Medium,Banking,0.588
Q09073,Logical Reasoning,Venn Diagrams,Hard,"Banking,CAT,TCS NQT",0.262
Q09074,Quantitative Aptitude,Time & Work,Medium,Placements,0.526
Q09075,Quantitative Aptitude,Percentages,Hard,Placements,0.355
Q09076,Quantitative Aptitude,Mixtures & Alligations,Easy,SSC,0.786
Q09077,Quantitative Aptitude,Quadratic Equations,Easy,"Banking,General,CAT",0.834
Q09078,Logical Reasoning,Coding-Decoding,Medium,"CAT,SSC",0.549
Q09079,Logical Reasoning,Syllogisms,Easy,"CAT,TCS NQT",0.762
Q09080,Data Interpretation,Line Graphs,Medium,"CAT,SSC,General",0.55
Q09081,Logical Reasoning,Input-Output,Medium,"Banking,CAT",0.567
Q09082,Verbal Ability,Error Spotting,Hard,"CAT,Placements,TCS NQT",0.268
Q09083,Quantitative Aptitude,Progressions (AP/GP),Easy,Banking,0.826
Q09084,Data Interpretation,Venn-based DI,Medium,"SSC,General,Banking",0.551
Q09085,Verbal Ability,Cloze Test,Hard,"CAT,TCS NQT,Banking",0.337
Q09086,Quantitative Aptitude,"Time, Speed & Distance",Easy,"CAT,SSC",0.774
Q09087,Quantitative Aptitude,Compound Interest,Medium,"Banking,TCS NQT",0.555
Q09088,Quantitative Aptitude,Algebra,Easy,"SSC,General,TCS NQT",0.861
Q09089,Logical Reasoning,Direction Sense,Medium,Placements,0.512
Q09090,Verbal Ability,Synonyms & Antonyms,Hard,"General,TCS NQT",0.307
Q09091,Logical Reasoning,Direction Sense,Medium,"TCS NQT,General",0.562
Q09092,Verbal Ability,Para Summary,Medium,General,0.584
Q09093,Quantitative Aptitude,Profit & Loss,Medium,Banking,0.526
Q09094,Data Interpretation,Tables,Medium,"CAT,SSC",0.591
Q09095,Logical Reasoning,Data Sufficiency,Medium,Placements,0.607
Q09096,Logical Reasoning,Seating Arrangement,Hard,TCS NQT,0.283
Q09097,Logical Reasoning,Syllogisms,Medium,"Placements,Banking,TCS NQT",0.518
Q09098,Verbal Ability,Cloze Test,Medium,"CAT,SSC,General",0.571
Q09099,Data Interpretation,Tables,Hard,"TCS NQT,Banking,CAT",0.322
Q09100,Quantitative Aptitude,Quadratic Equations,Easy,CAT,0.924
Q09101,Logical Reasoning,Statement & Conclusion,Easy,"CAT,TCS NQT",0.812
Q09102,Verbal Ability,Verbal Analogies,Easy,"CAT,General,Placements",0.814
Q09103,Quantitative Aptitude,Pipes & Cisterns,Medium,"Banking,TCS NQT",0.506
Q09104,Verbal Ability,Synonyms & Antonyms,Medium,"General,Banking",0.531
Q09105,Quantitative Aptitude,Geometry,Medium,"TCS NQT,Placements,SSC",0.546
Q09106,Verbal Ability,Para Jumbles,Hard,Placements,0.405
Q09107,Verbal Ability,Critical Reasoning,Medium,SSC,0.492
Q09108,Verbal Ability,Para Jumbles,Easy,CAT,0.78
Q09109,Data Interpretation,Venn-based DI,Easy,CAT,0.808
Q09110,Verbal Ability,Idioms & Phrases,Medium,"CAT,SSC,General",0.588
Q09111,Data Interpretation,Mixed DI Sets,Easy,General,0.797
Q09112,Verbal Ability,Error Spotting,Medium,Placements,0.585
Q09113,Data Interpretation,Mixed DI Sets,Medium,"CAT,Banking,General",0.637
Q09114,Verbal Ability,Critical Reasoning,Easy,"Banking,CAT",0.826
Q09115,Quantitative Aptitude,Permutation & Combination,Easy,"Banking,CAT",0.798
Q09116,Verbal Ability,Verbal Analogies,Hard,"SSC,CAT,Banking",0.183
Q09117,Quantitative Aptitude,Mensuration,Medium,SSC,0.475
Q09118,Verbal Ability,Cloze Test,Hard,"Banking,TCS NQT,Placements",0.308
Q09119,Quantitative Aptitude,Profit & Loss,Medium,Placements,0.543
Q09120,Verbal Ability,Para Jumbles,Hard,"SSC,Banking",0.283
Q09121,Verbal Ability,Critical Reasoning,Medium,"Banking,Placements",0.537
Q09122,Verbal Ability,Synonyms & Antonyms,Medium,"SSC,Banking",0.578
Q09123,Data Interpretation,Caselets,Medium,Banking,0.543
Q09124,Verbal Ability,Error Spotting,Medium,"CAT,Placements",0.56
Q09125,Verbal Ability,Sentence Correction,Medium,"SSC,General",0.594
Q09126,Verbal Ability,Verbal Analogies,Easy,"TCS NQT,General,Banking",0.778
Q09127,Data Interpretation,Bar Graphs,Easy,"Placements,General,CAT",0.731
Q09128,Data Interpretation,Tables,Medium,"General,TCS NQT",0.529
Q09129,Logical Reasoning,Clocks & Calendars,Medium,Placements,0.528
Q09130,Logical Reasoning,Ranking & Order,Easy,"CAT,General",0.741
Q09131,Data Interpretation,Data Sufficiency (DI),Medium,Placements,0.503
Q09132,Quantitative Aptitude,Time & Work,Easy,"Banking,SSC",0.76
Q09133,Logical Reasoning,Statement & Assumption,Easy,General,0.763
Q09134,Quantitative Aptitude,Set Theory,Hard,"CAT,SSC,Banking",0.383
Q09135,Quantitative Aptitude,Quadratic Equations,Medium,CAT,0.482
Q09136,Quantitative Aptitude,Surds & Indices,Easy,CAT,0.769
Q09137,Data Interpretation,Bar Graphs,Medium,"TCS NQT,Banking,SSC",0.527
Q09138,Logical Reasoning,Clocks & Calendars,Easy,"CAT,Placements",0.897
Q09139,Quantitative Aptitude,Algebra,Easy,Banking,0.765
Q09140,Quantitative Aptitude,Percentages,Easy,"SSC,CAT",0.8
Q09141,Logical Reasoning,Syllogisms,Medium,"Banking,SSC",0.536
Q09142,Quantitative Aptitude,Permutation & Combination,Easy,"Banking,TCS NQT",0.78
Q09143,Quantitative Aptitude,Mixtures & Alligations,Easy,"Banking,TCS NQT,SSC",0.757
Q09144,Quantitative Aptitude,Permutation & Combination,Easy,"TCS NQT,CAT",0.876
Q09145,Quantitative Aptitude,Mensuration,Easy,General,0.801
Q09146,Quantitative Aptitude,Ratio & Proportion,Easy,"CAT,General",0.795
Q09147,Verbal Ability,Reading Comprehension,Easy,"Banking,CAT",0.903
Q09148,Logical Reasoning,Seating Arrangement,Hard,"Banking,Placements",0.256
Q09149,Verbal Ability,Cloze Test,Medium,"SSC,TCS NQT",0.56
Q09150,Quantitative Aptitude,Mixtures & Alligations,Easy,"Placements,General,CAT",0.798
Q09151,Quantitative Aptitude,Mensuration,Medium,"CAT,General,TCS NQT",0.52
Q09152,Data Interpretation,Radar/Spider Charts,Medium,TCS NQT,0.605
Q09153,Logical Reasoning,Input-Output,Medium,CAT,0.56
Q09154,Quantitative Aptitude,Averages,Easy,"CAT,Placements,General",0.785
Q09155,Logical Reasoning,Statement & Conclusion,Hard,"SSC,CAT",0.392
Q09156,Verbal Ability,Fill in the Blanks,Easy,"TCS NQT,Banking",0.849
Q09157,Verbal Ability,Odd One Out,Medium,"Placements,General",0.526
Q09158,Quantitative Aptitude,Ratio & Proportion,Easy,"General,TCS NQT,SSC",0.747
Q09159,Quantitative Aptitude,Surds & Indices,Easy,"General,Banking,SSC",0.843
Q09160,Verbal Ability,Fill in the Blanks,Easy,Placements,0.89
Q09161,Verbal Ability,Verbal Analogies,Easy,Banking,0.717
Q09162,Logical Reasoning,Blood Relations,Easy,General,0.826
Q09163,Verbal Ability,Sentence Correction,Hard,"Placements,CAT",0.263
Q09164,Quantitative Aptitude,Percentages,Hard,"TCS NQT,General",0.327
Q09165,Logical Reasoning,Coding-Decoding,Hard,"General,Banking",0.326
Q09166,Data Interpretation,Mixed DI Sets,Medium,General,0.544
Q09167,Quantitative Aptitude,Quadratic Equations,Medium,"CAT,TCS NQT,Banking",0.53
Q09168,Verbal Ability,Cloze Test,Medium,"Placements,CAT",0.488
Q09169,Verbal Ability,Odd One Out,Hard,TCS NQT,0.298
Q09170,Quantitative Aptitude,Mixtures & Alligations,Easy,"General,Placements",0.837
Q09171,Logical Reasoning,Statement & Conclusion,Hard,"Banking,Placements,TCS NQT",0.344
Q09172,Quantitative Aptitude,Pipes & Cisterns,Hard,"SSC,TCS NQT,Banking",0.355
Q09173,Quantitative Aptitude,Algebra,Medium,"Placements,TCS NQT,General",0.551
Q09174,Verbal Ability,Odd One Out,Easy,"Banking,TCS NQT,General",0.79
Q09175,Quantitative Aptitude,Surds & Indices,Hard,SSC,0.291
Q09176,Logical Reasoning,Seating Arrangement,Hard,SSC,0.288
Q09177,Quantitative Aptitude,Progressions (AP/GP),Hard,CAT,0.238
Q09178,Quantitative Aptitude,Trigonometry,Medium,"Banking,General,CAT",0.471
Q09179,Quantitative Aptitude,Geometry,Medium,SSC,0.523
Q09180,Data Interpretation,Mixed DI Sets,Medium,"General,CAT,Banking",0.483
Q09181,Quantitative Aptitude,Ratio & Proportion,Medium,"Banking,TCS NQT",0.513
Q09182,Logical Reasoning,Direction Sense,Easy,General,0.812
Q09183,Logical Reasoning,Puzzles,Medium,"Placements,SSC",0.476
Q09184,Verbal Ability,Reading Comprehension,Medium,"General,TCS NQT",0.52
Q09185,Data Interpretation,Venn-based DI,Easy,"Placements,SSC,TCS NQT",0.883
Q09186,Verbal Ability,Para Summary,Medium,"Banking,Placements",0.587
Q09187,Verbal Ability,Verbal Analogies,Easy,"General,TCS NQT,Banking",0.846
Q09188,Data Interpretation,Bar Graphs,Medium,SSC,0.542
Q09189,Logical Reasoning,Venn Diagrams,Hard,"Banking,CAT",0.237
Q09190,Data Interpretation,Tables,Medium,"General,Placements,SSC",0.599
Q09191,Logical Reasoning,Direction Sense,Medium,"General,CAT",0.543
Q09192,Quantitative Aptitude,Pipes & Cisterns,Medium,"Banking,General,Placements",0.628
Q09193,Quantitative Aptitude,Linear Equations,Easy,"Placements,TCS NQT",0.763
Q09194,Data Interpretation,Bar Graphs,Medium,"CAT,TCS NQT",0.562
Q09195,Data Interpretation,Line Graphs,Easy,"CAT,General",0.758
Q09196,Logical Reasoning,Syllogisms,Easy,"CAT,General,TCS NQT",0.796
Q09197,Quantitative Aptitude,Profit & Loss,Medium,"Banking,CAT",0.574
Q09198,Logical Reasoning,Input-Output,Hard,TCS NQT,0.269
Q09199,Logical Reasoning,Cubes & Dice,Hard,TCS NQT,0.32
Q09200,Quantitative Aptitude,Averages,Medium,"General,TCS NQT",0.553
Q09201,Verbal Ability,Cloze Test,Easy,"CAT,Placements,General",0.866
Q09202,Logical Reasoning,Statement & Assumption,Easy,CAT,0.817
Q09203,Verbal Ability,Cloze Test,Easy,"TCS NQT,General,Placements",0.779
Q09204,Verbal Ability,Cloze Test,Hard,TCS NQT,0.266
Q09205,Quantitative Aptitude,Mixtures & Alligations,Easy,"Banking,TCS NQT,CAT",0.853
Q09206,Logical Reasoning,Ranking & Order,Easy,"Placements,General",0.779
Q09207,Logical Reasoning,Series Completion,Easy,CAT,0.716
Q09208,Verbal Ability,Critical Reasoning,Hard,"SSC,TCS NQT,CAT",0.251
Q09209,Verbal Ability,Odd One Out,Medium,"Banking,Placements,General",0.496
Q09210,Verbal Ability,Fill in the Blanks,Medium,"General,Banking",0.551
Q09211,Data Interpretation,Pie Charts,Easy,"Placements,General,CAT",0.839
Q09212,Quantitative Aptitude,Permutation & Combination,Medium,"Placements,General,CAT",0.605
Q09213,Data Interpretation,Data Sufficiency (DI),Hard,CAT,0.318
Q09214,Quantitative Aptitude,Permutation & Combination,Easy,"Banking,SSC,CAT",0.842
Q09215,Quantitative Aptitude,Trigonometry,Easy,"CAT,Placements",0.76
Q09216,Quantitative Aptitude,Number System,Medium,Placements,0.589
Q09217,Logical Reasoning,Input-Output,Easy,"CAT,Banking",0.772
Q09218,Logical Reasoning,Statement & Assumption,Easy,"TCS NQT,Placements",0.812
Q09219,Quantitative Aptitude,Algebra,Medium,"TCS NQT,General,CAT",0.484
Q09220,Verbal Ability,Para Summary,Easy,"Banking,SSC",0.741
Q09221,Data Interpretation,Bar Graphs,Hard,Placements,0.262
Q09222,Verbal Ability,Sentence Correction,Easy,"General,CAT,Placements",0.853
Q09223,Quantitative Aptitude,Surds & Indices,Easy,SSC,0.792
Q09224,Data Interpretation,Line Graphs,Easy,"Placements,Banking,TCS NQT",0.819
Q09225,Data Interpretation,Pie Charts,Hard,Banking,0.3
Q09226,Data Interpretation,Tables,Hard,"TCS NQT,SSC",0.341
Q09227,Quantitative Aptitude,Logarithms,Medium,"TCS NQT,SSC,Placements",0.501
Q09228,Verbal Ability,Synonyms & Antonyms,Easy,"Placements,TCS NQT",0.853
Q09229,Logical Reasoning,Input-Output,Easy,"SSC,General",0.749
Q09230,Verbal Ability,Cloze Test,Easy,"SSC,Placements,Banking",0.756
Q09231,Verbal Ability,Error Spotting,Medium,"TCS NQT,Banking,CAT",0.471
Q09232,Quantitative Aptitude,Simple Interest,Medium,SSC,0.55
Q09233,Quantitative Aptitude,Ratio & Proportion,Medium,CAT,0.576
Q09234,Data Interpretation,Data Sufficiency (DI),Hard,"CAT,TCS NQT",0.304
Q09235,Verbal Ability,Error Spotting,Easy,"CAT,SSC,Banking",0.689
Q09236,Logical Reasoning,Analogy,Easy,SSC,0.797
Q09237,Quantitative Aptitude,Algebra,Medium,"SSC,TCS NQT,CAT",0.479
Q09238,Quantitative Aptitude,Set Theory,Medium,"General,Placements",0.669
Q09239,Quantitative Aptitude,Trigonometry,Easy,"Banking,TCS NQT,CAT",0.732
Q09240,Quantitative Aptitude,Time & Work,Medium,"TCS NQT,CAT",0.633
Q09241,Verbal Ability,Error Spotting,Medium,CAT,0.493
Q09242,Verbal Ability,Error Spotting,Hard,"SSC,Banking,Placements",0.274
Q09243,Verbal Ability,Odd One Out,Hard,CAT,0.39
Q09244,Data Interpretation,Data Sufficiency (DI),Medium,General,0.559
Q09245,Data Interpretation,Data Sufficiency (DI),Medium,"General,CAT",0.562
Q09246,Data Interpretation,Tables,Easy,Placements,0.839
Q09247,Verbal Ability,Fill in the Blanks,Hard,"SSC,CAT,TCS NQT",0.325
Q09248,Verbal Ability,Synonyms & Antonyms,Easy,"SSC,General,Banking",0.749
Q09249,Logical Reasoning,Cubes & Dice,Medium,General,0.522
Q09250,Quantitative Aptitude,Mensuration,Easy,"Placements,TCS NQT,SSC",0.801
Q09251,Quantitative Aptitude,Trigonometry,Easy,"SSC,General,CAT",0.824
Q09252,Verbal Ability,Verbal Analogies,Easy,"Placements,SSC,Banking",0.879
Q09253,Logical Reasoning,Statement & Conclusion,Easy,"CAT,General,TCS NQT",0.823
Q09254,Data Interpretation,Radar/Spider Charts,Easy,"Placements,Banking,TCS NQT",0.839
Q09255,Verbal Ability,Reading Comprehension,Medium,General,0.551
Q09256,Logical Reasoning,Input-Output,Easy,SSC,0.866
Q09257,Verbal Ability,Para Summary,Easy,"Banking,General,CAT",0.794
Q09258,Data Interpretation,Pie Charts,Hard,SSC,0.318
Q09259,Data Interpretation,Venn-based DI,Hard,"General,Placements",0.284
Q09260,Quantitative Aptitude,"Time, Speed & Distance",Medium,CAT,0.579
Q09261,Logical Reasoning,Blood Relations,Easy,"CAT,SSC,Banking",0.833
Q09262,Data Interpretation,Tables,Medium,General,0.643
Q09263,Logical Reasoning,Direction Sense,Medium,"Placements,SSC,General",0.58
Q09264,Quantitative Aptitude,Permutation & Combination,Medium,"Placements,General",0.548
Q09265,Verbal Ability,Para Jumbles,Medium,Banking,0.501
Q09266,Quantitative Aptitude,Surds & Indices,Easy,"TCS NQT,General,Placements",0.75
Q09267,Data Interpretation,Pie Charts,Medium,General,0.519
Q09268,Quantitative Aptitude,Mensuration,Hard,General,0.231
Q09269,Logical Reasoning,Input-Output,Hard,"SSC,TCS NQT",0.35
Q09270,Quantitative Aptitude,Linear Equations,Easy,Placements,0.777
Q09271,Quantitative Aptitude,Number System,Medium,"Placements,CAT",0.522
Q09272,Verbal Ability,Para Jumbles,Easy,"Banking,CAT,SSC",0.707
Q09273,Quantitative Aptitude,Compound Interest,Hard,"Banking,SSC,CAT",0.365
Q09274,Logical Reasoning,Input-Output,Medium,"General,Placements,Banking",0.549
Q09275,Quantitative Aptitude,Logarithms,Hard,"Banking,Placements,General",0.361
Q09276,Logical Reasoning,Venn Diagrams,Medium,Placements,0.531
Q09277,Verbal Ability,Verbal Analogies,Easy,"General,SSC,TCS NQT",0.765
Q09278,Verbal Ability,Fill in the Blanks,Medium,General,0.497
Q09279,Logical Reasoning,Blood Relations,Hard,SSC,0.23
Q09280,Verbal Ability,Para Jumbles,Hard,TCS NQT,0.268
Q09281,Quantitative Aptitude,Simple Interest,Medium,"SSC,TCS NQT,General",0.552
Q09282,Quantitative Aptitude,Partnership,Easy,Placements,0.773
Q09283,Logical Reasoning,Input-Output,Hard,Placements,0.316
Q09284,Verbal Ability,Error Spotting,Easy,CAT,0.808
Q09285,Quantitative Aptitude,"Time, Speed & Distance",Hard,"CAT,Banking",0.276
Q09286,Logical Reasoning,Direction Sense,Easy,Placements,0.759
Q09287,Quantitative Aptitude,Algebra,Medium,Placements,0.481
Q09288,Quantitative Aptitude,Pipes & Cisterns,Medium,"TCS NQT,Placements,CAT",0.602
Q09289,Logical Reasoning,Series Completion,Medium,"SSC,Placements,General",0.599
Q09290,Logical Reasoning,Series Completion,Hard,"SSC,Placements",0.294
Q09291,Logical Reasoning,Puzzles,Easy,"TCS NQT,Placements",0.817
Q09292,Logical Reasoning,Blood Relations,Medium,"CAT,Banking,TCS NQT",0.44
Q09293,Quantitative Aptitude,Ratio & Proportion,Medium,Banking,0.585
Q09294,Logical Reasoning,Input-Output,Hard,"Banking,TCS NQT,General",0.354
Q09295,Logical Reasoning,Clocks & Calendars,Easy,Placements,0.774
Q09296,Verbal Ability,Sentence Correction,Easy,SSC,0.829
Q09297,Quantitative Aptitude,Linear Equations,Easy,"SSC,CAT",0.758
Q09298,Quantitative Aptitude,Number System,Medium,"CAT,Banking",0.537
Q09299,Verbal Ability,Para Summary,Hard,"TCS NQT,Banking",0.286
Q09300,Data Interpretation,Bar Graphs,Medium,General,0.608
Q09301,Logical Reasoning,Clocks & Calendars,Medium,"General,SSC",0.582
Q09302,Logical Reasoning,Blood Relations,Easy,SSC,0.768
Q09303,Quantitative Aptitude,Pipes & Cisterns,Easy,"CAT,Banking,TCS NQT",0.732
Q09304,Quantitative Aptitude,Mixtures & Alligations,Hard,TCS NQT,0.253
Q09305,Quantitative Aptitude,Geometry,Hard,"Placements,TCS NQT,CAT",0.336
Q09306,Logical Reasoning,Direction Sense,Medium,"CAT,General",0.565
Q09307,Verbal Ability,Fill in the Blanks,Hard,SSC,0.316
Q09308,Verbal Ability,Reading Comprehension,Hard,"TCS NQT,Banking,General",0.358
Q09309,Data Interpretation,Pie Charts,Medium,"General,Placements,CAT",0.516
Q09310,Verbal Ability,Fill in the Blanks,Medium,General,0.514
Q09311,Quantitative Aptitude,Algebra,Easy,"Placements,General",0.857
Q09312,Verbal Ability,Error Spotting,Medium,Placements,0.577
Q09313,Data Interpretation,Venn-based DI,Easy,SSC,0.813
Q09314,Verbal Ability,Idioms & Phrases,Medium,"Placements,Banking,TCS NQT",0.507
Q09315,Data Interpretation,Caselets,Medium,SSC,0.533
Q09316,Quantitative Aptitude,Averages,Medium,"CAT,SSC,Banking",0.558
Q09317,Quantitative Aptitude,Quadratic Equations,Easy,SSC,0.834
Q09318,Quantitative Aptitude,Pipes & Cisterns,Easy,"Placements,TCS NQT,SSC",0.766
Q09319,Verbal Ability,Reading Comprehension,Medium,CAT,0.503
Q09320,Quantitative Aptitude,Simple Interest,Medium,"Placements,SSC",0.635
Q09321,Verbal Ability,Fill in the Blanks,Hard,"General,Banking,Placements",0.211
Q09322,Quantitative Aptitude,Mensuration,Medium,"General,TCS NQT",0.524
Q09323,Data Interpretation,Venn-based DI,Medium,"Placements,Banking,CAT",0.491
Q09324,Quantitative Aptitude,Ratio & Proportion,Medium,Banking,0.564
Q09325,Verbal Ability,Critical Reasoning,Medium,"TCS NQT,CAT,Placements",0.536
Q09326,Logical Reasoning,Blood Relations,Hard,"SSC,TCS NQT",0.29
Q09327,Logical Reasoning,Blood Relations,Easy,"TCS NQT,Banking,CAT",0.759
Q09328,Logical Reasoning,Input-Output,Medium,SSC,0.531
Q09329,Data Interpretation,Line Graphs,Medium,TCS NQT,0.575
Q09330,Verbal Ability,Sentence Correction,Easy,"General,SSC",0.754
Q09331,Data Interpretation,Caselets,Hard,"General,SSC,Placements",0.429
Q09332,Verbal Ability,Reading Comprehension,Medium,"General,SSC",0.491
Q09333,Quantitative Aptitude,Progressions (AP/GP),Easy,"Banking,SSC",0.825
Q09334,Logical Reasoning,Cubes & Dice,Medium,"TCS NQT,General",0.517
Q09335,Verbal Ability,Para Jumbles,Easy,General,0.781
Q09336,Logical Reasoning,Series Completion,Easy,"TCS NQT,General",0.88
Q09337,Data Interpretation,Tables,Medium,General,0.523
Q09338,Quantitative Aptitude,Mixtures & Alligations,Easy,"Banking,General",0.821
Q09339,Verbal Ability,Synonyms & Antonyms,Medium,"SSC,General",0.529
Q09340,Quantitative Aptitude,Surds & Indices,Easy,CAT,0.715
Q09341,Logical Reasoning,Ranking & Order,Easy,TCS NQT,0.833
Q09342,Quantitative Aptitude,Progressions (AP/GP),Easy,"TCS NQT,General",0.803
Q09343,Quantitative Aptitude,Mensuration,Medium,CAT,0.583
Q09344,Logical Reasoning,Data Sufficiency,Medium,"Placements,General,CAT",0.634
Q09345,Quantitative Aptitude,"Time, Speed & Distance",Medium,Banking,0.494
Q09346,Verbal Ability,Error Spotting,Medium,"TCS NQT,Banking,CAT",0.569
Q09347,Quantitative Aptitude,Number System,Medium,"Placements,SSC,Banking",0.538
Q09348,Verbal Ability,Para Summary,Easy,"General,CAT,Placements",0.731
Q09349,Data Interpretation,Venn-based DI,Medium,"TCS NQT,General,Placements",0.532
Q09350,Verbal Ability,Reading Comprehension,Medium,"Banking,SSC,General",0.59
Q09351,Quantitative Aptitude,Simple Interest,Hard,"CAT,Placements,Banking",0.311
Q09352,Logical Reasoning,Direction Sense,Medium,"CAT,SSC",0.549
Q09353,Quantitative Aptitude,Partnership,Medium,"CAT,Placements",0.592
Q09354,Quantitative Aptitude,"Time, Speed & Distance",Medium,"General,Banking,SSC",0.585
Q09355,Logical Reasoning,Direction Sense,Easy,"SSC,TCS NQT,Banking",0.867
Q09356,Quantitative Aptitude,Permutation & Combination,Medium,"CAT,TCS NQT,SSC",0.537
Q09357,Data Interpretation,Tables,Easy,"Banking,General,Placements",0.876
Q09358,Verbal Ability,Reading Comprehension,Medium,"TCS NQT,CAT,General",0.578
Q09359,Verbal Ability,Odd One Out,Easy,Banking,0.874
Q09360,Quantitative Aptitude,Progressions (AP/GP),Easy,"TCS NQT,General",0.809
Q09361,Verbal Ability,Verbal Analogies,Medium,"General,SSC,TCS NQT",0.582
Q09362,Verbal Ability,Fill in the Blanks,Hard,"General,SSC",0.294
Q09363,Data Interpretation,Caselets,Medium,"CAT,General",0.589
Q09364,Verbal Ability,Odd One Out,Medium,"TCS NQT,Placements",0.608
Q09365,Quantitative Aptitude,Pipes & Cisterns,Easy,"Placements,Banking",0.839
Q09366,Verbal Ability,Cloze Test,Medium,"SSC,Placements",0.521
Q09367,Logical Reasoning,Clocks & Calendars,Hard,"SSC,TCS NQT",0.285
Q09368,Logical Reasoning,Puzzles,Hard,"Banking,CAT,SSC",0.294
Q09369,Verbal Ability,Sentence Correction,Medium,"TCS NQT,General",0.559
Q09370,Verbal Ability,Sentence Correction,Medium,"TCS NQT,SSC,CAT",0.521
Q09371,Logical Reasoning,Cubes & Dice,Easy,"General,TCS NQT,Banking",0.788
Q09372,Quantitative Aptitude,Linear Equations,Hard,"SSC,Banking,Placements",0.323
Q09373,Data Interpretation,Radar/Spider Charts,Medium,"Banking,TCS NQT",0.475
Q09374,Quantitative Aptitude,Profit & Loss,Easy,"Banking,TCS NQT",0.852
Q09375,Logical Reasoning,Clocks & Calendars,Easy,SSC,0.793
Q09376,Logical Reasoning,Syllogisms,Medium,"General,Placements",0.558
Q09377,Verbal Ability,Reading Comprehension,Easy,"General,CAT",0.792
Q09378,Verbal Ability,Cloze Test,Medium,"Banking,General",0.602
Q09379,Quantitative Aptitude,Simple Interest,Medium,"General,Placements,SSC",0.596
Q09380,Data Interpretation,Bar Graphs,Easy,"General,CAT,Banking",0.806
Q09381,Quantitative Aptitude,Permutation & Combination,Easy,"Placements,Banking,General",0.85
Q09382,Verbal Ability,Synonyms & Antonyms,Easy,Placements,0.88
Q09383,Quantitative Aptitude,Partnership,Medium,"TCS NQT,SSC,General",0.557
Q09384,Logical Reasoning,Blood Relations,Easy,Placements,0.758
Q09385,Quantitative Aptitude,Geometry,Easy,"TCS NQT,General,SSC",0.734
Q09386,Verbal Ability,Synonyms & Antonyms,Easy,"SSC,CAT,Placements",0.78
Q09387,Data Interpretation,Tables,Easy,Placements,0.83
Q09388,Quantitative Aptitude,Surds & Indices,Easy,"SSC,Placements",0.813
Q09389,Quantitative Aptitude,Time & Work,Easy,"Placements,SSC",0.835
Q09390,Quantitative Aptitude,Partnership,Medium,"General,SSC,CAT",0.462
Q09391,Quantitative Aptitude,Mixtures & Alligations,Medium,"Banking,Placements,SSC",0.551
Q09392,Logical Reasoning,Syllogisms,Medium,Placements,0.567
Q09393,Verbal Ability,Synonyms & Antonyms,Easy,SSC,0.795
Q09394,Quantitative Aptitude,Trigonometry,Hard,"CAT,SSC",0.326
Q09395,Data Interpretation,Data Sufficiency (DI),Medium,"SSC,CAT,Placements",0.496
Q09396,Quantitative Aptitude,Partnership,Medium,"SSC,General",0.471
Q09397,Verbal Ability,Fill in the Blanks,Easy,"Banking,CAT,Placements",0.809
Q09398,Verbal Ability,Reading Comprehension,Hard,Banking,0.272
Q09399,Verbal Ability,Para Jumbles,Easy,"SSC,CAT",0.811
Q09400,Logical Reasoning,Series Completion,Medium,"SSC,General",0.489
Q09401,Data Interpretation,Mixed DI Sets,Easy,"SSC,Banking,TCS NQT",0.739
Q09402,Logical Reasoning,Puzzles,Medium,CAT,0.576
Q09403,Quantitative Aptitude,Probability,Medium,"Placements,TCS NQT,CAT",0.478
Q09404,Logical Reasoning,Direction Sense,Medium,"General,CAT",0.569
Q09405,Verbal Ability,Para Summary,Easy,"CAT,Banking",0.766
Q09406,Quantitative Aptitude,Pipes & Cisterns,Medium,"CAT,Placements",0.564
Q09407,Quantitative Aptitude,Time & Work,Easy,TCS NQT,0.799
Q09408,Verbal Ability,Cloze Test,Medium,General,0.638
Q09409,Verbal Ability,Error Spotting,Easy,"CAT,SSC,Banking",0.832
Q09410,Quantitative Aptitude,Mixtures & Alligations,Hard,"Banking,TCS NQT",0.225
Q09411,Logical Reasoning,Data Sufficiency,Easy,General,0.827
Q09412,Quantitative Aptitude,Number System,Easy,"SSC,General",0.808
Q09413,Verbal Ability,Fill in the Blanks,Easy,"TCS NQT,SSC",0.795
Q09414,Logical Reasoning,Syllogisms,Medium,Banking,0.533
Q09415,Logical Reasoning,Series Completion,Hard,"SSC,Banking,CAT",0.257
Q09416,Data Interpretation,Radar/Spider Charts,Easy,"Banking,TCS NQT",0.798
Q09417,Verbal Ability,Verbal Analogies,Easy,"SSC,Placements,TCS NQT",0.73
Q09418,Quantitative Aptitude,Set Theory,Medium,Banking,0.52
Q09419,Quantitative Aptitude,Geometry,Medium,TCS NQT,0.477
Q09420,Logical Reasoning,Syllogisms,Medium,"General,Banking",0.496
Q09421,Quantitative Aptitude,Percentages,Medium,TCS NQT,0.532
Q09422,Quantitative Aptitude,Time & Work,Medium,"General,Placements,Banking",0.58
Q09423,Quantitative Aptitude,Progressions (AP/GP),Easy,"General,Placements",0.732
Q09424,Quantitative Aptitude,Geometry,Hard,"CAT,Placements,TCS NQT",0.331
Q09425,Quantitative Aptitude,Compound Interest,Hard,TCS NQT,0.322
Q09426,Logical Reasoning,Cubes & Dice,Easy,"SSC,CAT",0.778
Q09427,Verbal Ability,Para Summary,Hard,Banking,0.325
Q09428,Logical Reasoning,Syllogisms,Medium,"General,Banking",0.512
Q09429,Verbal Ability,Reading Comprehension,Easy,"CAT,SSC,General",0.794
Q09430,Data Interpretation,Line Graphs,Easy,CAT,0.734
Q09431,Verbal Ability,Sentence Correction,Easy,"Placements,SSC,TCS NQT",0.838
Q09432,Verbal Ability,Verbal Analogies,Hard,Banking,0.378
Q09433,Quantitative Aptitude,Geometry,Easy,"Banking,Placements,CAT",0.849
Q09434,Verbal Ability,Para Summary,Easy,General,0.848
Q09435,Quantitative Aptitude,Profit & Loss,Medium,"General,Placements,TCS NQT",0.577
Q09436,Logical Reasoning,Statement & Assumption,Medium,"General,CAT,Placements",0.498
Q09437,Quantitative Aptitude,Progressions (AP/GP),Hard,"General,TCS NQT",0.443
Q09438,Data Interpretation,Line Graphs,Medium,CAT,0.569
Q09439,Data Interpretation,Mixed DI Sets,Easy,CAT,0.778
Q09440,Verbal Ability,Odd One Out,Hard,Placements,0.346
Q09441,Quantitative Aptitude,Time & Work,Medium,"CAT,General",0.525
Q09442,Verbal Ability,Idioms & Phrases,Easy,Placements,0.814
Q09443,Data Interpretation,Venn-based DI,Easy,General,0.751
Q09444,Quantitative Aptitude,Mensuration,Medium,"General,SSC",0.56
Q09445,Logical Reasoning,Coding-Decoding,Easy,"CAT,SSC",0.792
Q09446,Logical Reasoning,Clocks & Calendars,Easy,"TCS NQT,SSC,Banking",0.877
Q09447,Verbal Ability,Error Spotting,Medium,"TCS NQT,Banking,Placements",0.525
Q09448,Quantitative Aptitude,Probability,Easy,CAT,0.768
Q09449,Quantitative Aptitude,Quadratic Equations,Easy,Placements,0.742
Q09450,Quantitative Aptitude,Time & Work,Easy,"General,TCS NQT,CAT",0.857
Q09451,Logical Reasoning,Seating Arrangement,Easy,Banking,0.858
Q09452,Logical Reasoning,Syllogisms,Easy,"SSC,Banking",0.842
Q09453,Logical Reasoning,Input-Output,Easy,"TCS NQT,General",0.81
Q09454,Logical Reasoning,Venn Diagrams,Hard,General,0.316
Q09455,Logical Reasoning,Statement & Conclusion,Easy,"Banking,CAT",0.805
Q09456,Data Interpretation,Data Sufficiency (DI),Hard,"CAT,Banking,SSC",0.255
Q09457,Verbal Ability,Odd One Out,Medium,General,0.612
Q09458,Logical Reasoning,Statement & Conclusion,Medium,"Placements,SSC",0.585
Q09459,Verbal Ability,Odd One Out,Hard,Banking,0.281
Q09460,Logical Reasoning,Cubes & Dice,Hard,"SSC,Banking,TCS NQT",0.356
Q09461,Data Interpretation,Venn-based DI,Medium,"SSC,CAT,Banking",0.584
Q09462,Quantitative Aptitude,Number System,Hard,"General,TCS NQT,SSC",0.257
Q09463,Quantitative Aptitude,Geometry,Medium,"Banking,General",0.617
Q09464,Logical Reasoning,Cubes & Dice,Easy,Banking,0.827
Q09465,Verbal Ability,Para Jumbles,Medium,TCS NQT,0.631
Q09466,Logical Reasoning,Cubes & Dice,Medium,TCS NQT,0.585
Q09467,Verbal Ability,Critical Reasoning,Medium,Banking,0.55
Q09468,Verbal Ability,Idioms & Phrases,Medium,TCS NQT,0.554
Q09469,Logical Reasoning,Direction Sense,Medium,"Placements,Banking,CAT",0.541
Q09470,Quantitative Aptitude,Partnership,Hard,"Banking,SSC,CAT",0.195
Q09471,Quantitative Aptitude,Mensuration,Easy,CAT,0.772
Q09472,Verbal Ability,Fill in the Blanks,Hard,Banking,0.341
Q09473,Verbal Ability,Para Jumbles,Medium,"TCS NQT,Banking,CAT",0.425
Q09474,Logical Reasoning,Venn Diagrams,Easy,"General,Banking",0.801
Q09475,Logical Reasoning,Blood Relations,Easy,CAT,0.827
Q09476,Verbal Ability,Error Spotting,Hard,"Banking,General,SSC",0.244
Q09477,Data Interpretation,Radar/Spider Charts,Medium,"SSC,CAT,Placements",0.532
Q09478,Quantitative Aptitude,Mensuration,Hard,"TCS NQT,Placements,CAT",0.308
Q09479,Quantitative Aptitude,Time & Work,Medium,"Placements,TCS NQT",0.533
Q09480,Verbal Ability,Cloze Test,Easy,"Placements,SSC",0.78
Q09481,Logical Reasoning,Statement & Conclusion,Easy,Banking,0.858
Q09482,Logical Reasoning,Blood Relations,Medium,TCS NQT,0.595
Q09483,Quantitative Aptitude,Logarithms,Medium,TCS NQT,0.536
Q09484,Quantitative Aptitude,Probability,Easy,"SSC,TCS NQT,CAT",0.791
Q09485,Quantitative Aptitude,Permutation & Combination,Easy,"CAT,General",0.843
Q09486,Quantitative Aptitude,Trigonometry,Hard,General,0.291
Q09487,Verbal Ability,Idioms & Phrases,Hard,"General,Banking,TCS NQT",0.303
Q09488,Verbal Ability,Para Jumbles,Medium,"Placements,CAT",0.555
Q09489,Logical Reasoning,Analogy,Hard,"General,CAT",0.278
Q09490,Verbal Ability,Error Spotting,Medium,Banking,0.544
Q09491,Verbal Ability,Critical Reasoning,Easy,SSC,0.731
Q09492,Data Interpretation,Tables,Easy,Banking,0.833
Q09493,Verbal Ability,Idioms & Phrases,Easy,"SSC,Banking,TCS NQT",0.856
Q09494,Quantitative Aptitude,Mensuration,Medium,"Placements,SSC,Banking",0.476
Q09495,Quantitative Aptitude,Profit & Loss,Hard,"CAT,SSC,General",0.293
Q09496,Verbal Ability,Para Jumbles,Hard,TCS NQT,0.279
Q09497,Data Interpretation,Bar Graphs,Hard,General,0.312
Q09498,Quantitative Aptitude,Trigonometry,Hard,CAT,0.308
Q09499,Logical Reasoning,Analogy,Medium,"General,SSC,CAT",0.464
Q09500,Logical Reasoning,Coding-Decoding,Medium,SSC,0.46
Q09501,Verbal Ability,Reading Comprehension,Medium,SSC,0.497
Q09502,Data Interpretation,Caselets,Medium,"Banking,Placements,TCS NQT",0.587
Q09503,Quantitative Aptitude,Partnership,Medium,"TCS NQT,Placements,CAT",0.679
Q09504,Quantitative Aptitude,Profit & Loss,Easy,General,0.867
Q09505,Data Interpretation,Line Graphs,Easy,"Banking,SSC,General",0.853
Q09506,Quantitative Aptitude,Averages,Medium,"Banking,SSC,Placements",0.492
Q09507,Logical Reasoning,Input-Output,Hard,"TCS NQT,Banking",0.397
Q09508,Data Interpretation,Caselets,Hard,"Placements,SSC",0.223
Q09509,Quantitative Aptitude,Compound Interest,Hard,"General,TCS NQT",0.369
Q09510,Logical Reasoning,Statement & Conclusion,Medium,"General,Placements,CAT",0.465
Q09511,Quantitative Aptitude,Mixtures & Alligations,Medium,Banking,0.483
Q09512,Logical Reasoning,Clocks & Calendars,Hard,SSC,0.31
Q09513,Verbal Ability,Error Spotting,Medium,Banking,0.557
Q09514,Quantitative Aptitude,Mixtures & Alligations,Medium,General,0.59
Q09515,Quantitative Aptitude,Linear Equations,Medium,Placements,0.545
Q09516,Logical Reasoning,Statement & Assumption,Medium,"TCS NQT,Placements",0.565
Q09517,Quantitative Aptitude,Mensuration,Medium,"Banking,TCS NQT",0.519
Q09518,Verbal Ability,Cloze Test,Easy,"Banking,General,CAT",0.808
Q09519,Data Interpretation,Data Sufficiency (DI),Medium,TCS NQT,0.515
Q09520,Quantitative Aptitude,Algebra,Hard,"Banking,CAT",0.31
Q09521,Logical Reasoning,Cubes & Dice,Hard,"TCS NQT,CAT",0.337
Q09522,Data Interpretation,Mixed DI Sets,Medium,"SSC,TCS NQT,Banking",0.556
Q09523,Logical Reasoning,Seating Arrangement,Hard,"SSC,TCS NQT",0.324
Q09524,Logical Reasoning,Syllogisms,Medium,"CAT,Placements,SSC",0.532
Q09525,Quantitative Aptitude,Permutation & Combination,Medium,"Placements,SSC",0.599
Q09526,Logical Reasoning,Syllogisms,Easy,"SSC,Banking,General",0.77
Q09527,Data Interpretation,Caselets,Medium,"CAT,TCS NQT",0.61
Q09528,Verbal Ability,Verbal Analogies,Easy,"TCS NQT,Banking,Placements",0.88
Q09529,Quantitative Aptitude,Time & Work,Hard,"SSC,Placements",0.326
Q09530,Quantitative Aptitude,Algebra,Hard,Banking,0.296
Q09531,Verbal Ability,Error Spotting,Medium,"CAT,General,TCS NQT",0.591
Q09532,Logical Reasoning,Seating Arrangement,Medium,"CAT,TCS NQT,SSC",0.54
Q09533,Quantitative Aptitude,Partnership,Medium,TCS NQT,0.545
Q09534,Verbal Ability,Critical Reasoning,Easy,"General,Banking",0.806
Q09535,Data Interpretation,Venn-based DI,Hard,"TCS NQT,SSC,Placements",0.261
Q09536,Verbal Ability,Synonyms & Antonyms,Easy,Placements,0.785
Q09537,Logical Reasoning,Data Sufficiency,Easy,"Banking,CAT,Placements",0.781
Q09538,Quantitative Aptitude,Percentages,Easy,"Banking,Placements,SSC",0.799
Q09539,Verbal Ability,Error Spotting,Medium,"CAT,General,Placements",0.584
Q09540,Data Interpretation,Line Graphs,Easy,"Banking,SSC,Placements",0.738
Q09541,Verbal Ability,Fill in the Blanks,Medium,"Banking,Placements,CAT",0.545
Q09542,Logical Reasoning,Venn Diagrams,Medium,"SSC,TCS NQT",0.532
Q09543,Quantitative Aptitude,Time & Work,Hard,"TCS NQT,Banking,CAT",0.249
Q09544,Quantitative Aptitude,Partnership,Easy,"Placements,CAT,SSC",0.874
Q09545,Logical Reasoning,Analogy,Medium,"SSC,TCS NQT,General",0.588
Q09546,Quantitative Aptitude,Mensuration,Medium,"Banking,CAT",0.596
Q09547,Quantitative Aptitude,Mixtures & Alligations,Medium,TCS NQT,0.523
Q09548,Verbal Ability,Sentence Correction,Hard,"CAT,Banking",0.371
Q09549,Verbal Ability,Error Spotting,Easy,"SSC,Banking,Placements",0.86
Q09550,Verbal Ability,Para Jumbles,Medium,"Banking,CAT",0.569
Q09551,Verbal Ability,Odd One Out,Hard,Banking,0.331
Q09552,Verbal Ability,Fill in the Blanks,Easy,"CAT,SSC,TCS NQT",0.781
Q09553,Data Interpretation,Line Graphs,Hard,"Placements,Banking,TCS NQT",0.358
Q09554,Quantitative Aptitude,Geometry,Medium,"TCS NQT,General,Banking",0.563
Q09555,Quantitative Aptitude,Progressions (AP/GP),Medium,"TCS NQT,Banking,General",0.476
Q09556,Verbal Ability,Fill in the Blanks,Easy,"SSC,General",0.799
Q09557,Quantitative Aptitude,Permutation & Combination,Medium,"Banking,SSC",0.465
Q09558,Quantitative Aptitude,Profit & Loss,Easy,SSC,0.757
Q09559,Quantitative Aptitude,Number System,Medium,TCS NQT,0.542
Q09560,Verbal Ability,Synonyms & Antonyms,Easy,"TCS NQT,Placements,Banking",0.812
Q09561,Logical Reasoning,Blood Relations,Easy,"SSC,TCS NQT,Banking",0.794
Q09562,Verbal Ability,Synonyms & Antonyms,Medium,"Banking,SSC,CAT",0.584
Q09563,Quantitative Aptitude,Partnership,Hard,"Placements,SSC,Banking",0.281
Q09564,Quantitative Aptitude,Ratio & Proportion,Easy,"TCS NQT,CAT,General",0.794
Q09565,Quantitative Aptitude,Compound Interest,Medium,"TCS NQT,SSC",0.612
Q09566,Quantitative Aptitude,Mixtures & Alligations,Hard,"TCS NQT,Placements",0.227
Q09567,Quantitative Aptitude,Geometry,Medium,"General,SSC,Banking",0.509
Q09568,Quantitative Aptitude,Simple Interest,Easy,SSC,0.827
Q09569,Quantitative Aptitude,Geometry,Easy,"Banking,Placements,TCS NQT",0.759
Q09570,Logical Reasoning,Statement & Assumption,Easy,Banking,0.889
Q09571,Data Interpretation,Bar Graphs,Easy,"Banking,SSC,TCS NQT",0.769
Q09572,Quantitative Aptitude,Permutation & Combination,Medium,SSC,0.54
Q09573,Verbal Ability,Sentence Correction,Medium,Banking,0.58
Q09574,Logical Reasoning,Syllogisms,Medium,General,0.553
Q09575,Quantitative Aptitude,Compound Interest,Easy,"General,SSC",0.705
Q09576,Logical Reasoning,Statement & Assumption,Easy,CAT,0.825
Q09577,Verbal Ability,Sentence Correction,Hard,"General,Placements",0.345
Q09578,Data Interpretation,Radar/Spider Charts,Hard,TCS NQT,0.277
Q09579,Quantitative Aptitude,Geometry,Medium,"General,Placements,SSC",0.58
Q09580,Verbal Ability,Critical Reasoning,Medium,"SSC,Banking",0.485
Q09581,Quantitative Aptitude,"Time, Speed & Distance",Hard,CAT,0.23
Q09582,Logical Reasoning,Direction Sense,Hard,"CAT,Placements,General",0.28
Q09583,Data Interpretation,Radar/Spider Charts,Medium,"Placements,TCS NQT,Banking",0.472
Q09584,Quantitative Aptitude,Probability,Hard,Banking,0.244
Q09585,Verbal Ability,Para Summary,Medium,SSC,0.488
Q09586,Quantitative Aptitude,Partnership,Medium,"SSC,TCS NQT",0.462
Q09587,Verbal Ability,Idioms & Phrases,Medium,"TCS NQT,Banking",0.47
Q09588,Data Interpretation,Data Sufficiency (DI),Medium,SSC,0.541
Q09589,Verbal Ability,Para Summary,Medium,"General,SSC",0.543
Q09590,Logical Reasoning,Seating Arrangement,Easy,"CAT,Placements,TCS NQT",0.793
Q09591,Data Interpretation,Mixed DI Sets,Medium,CAT,0.519
Q09592,Logical Reasoning,Coding-Decoding,Easy,"TCS NQT,General,Banking",0.791
Q09593,Verbal Ability,Para Summary,Hard,"CAT,SSC,TCS NQT",0.241
Q09594,Verbal Ability,Para Summary,Easy,"General,TCS NQT,SSC",0.807
Q09595,Quantitative Aptitude,Time & Work,Medium,"TCS NQT,Placements,SSC",0.539
Q09596,Data Interpretation,Radar/Spider Charts,Easy,SSC,0.823
Q09597,Quantitative Aptitude,Compound Interest,Medium,Placements,0.521
Q09598,Quantitative Aptitude,Profit & Loss,Easy,"Placements,General,Banking",0.751
Q09599,Quantitative Aptitude,Profit & Loss,Medium,"Placements,General,TCS NQT",0.556
Q09600,Verbal Ability,Reading Comprehension,Medium,Banking,0.553
Q09601,Verbal Ability,Para Summary,Hard,"Banking,SSC,Placements",0.248
Q09602,Verbal Ability,Odd One Out,Easy,"Banking,TCS NQT,General",0.747
Q09603,Data Interpretation,Line Graphs,Medium,"TCS NQT,SSC",0.6
Q09604,Quantitative Aptitude,Time & Work,Hard,"Placements,TCS NQT",0.264
Q09605,Data Interpretation,Radar/Spider Charts,Medium,"Banking,CAT,Placements",0.534
Q09606,Logical Reasoning,Direction Sense,Hard,TCS NQT,0.273
Q09607,Quantitative Aptitude,Trigonometry,Easy,"TCS NQT,Placements",0.801
Q09608,Data Interpretation,Caselets,Easy,"CAT,General",0.76
Q09609,Quantitative Aptitude,Geometry,Medium,General,0.573
Q09610,Verbal Ability,Idioms & Phrases,Easy,Placements,0.824
Q09611,Logical Reasoning,Statement & Conclusion,Hard,"General,SSC,TCS NQT",0.301
Q09612,Verbal Ability,Odd One Out,Hard,SSC,0.303
Q09613,Logical Reasoning,Input-Output,Easy,Placements,0.813
Q09614,Verbal Ability,Cloze Test,Hard,Banking,0.305
Q09615,Logical Reasoning,Analogy,Easy,"General,CAT,TCS NQT",0.784
Q09616,Data Interpretation,Caselets,Medium,"Placements,SSC",0.55
Q09617,Verbal Ability,Idioms & Phrases,Medium,"General,TCS NQT",0.562
Q09618,Data Interpretation,Radar/Spider Charts,Easy,CAT,0.758
Q09619,Verbal Ability,Synonyms & Antonyms,Easy,"Placements,General",0.719
Q09620,Data Interpretation,Line Graphs,Medium,"SSC,Banking,CAT",0.483
Q09621,Logical Reasoning,Clocks & Calendars,Hard,"Placements,SSC,CAT",0.353
Q09622,Logical Reasoning,Direction Sense,Easy,"SSC,General",0.804
Q09623,Verbal Ability,Critical Reasoning,Easy,"TCS NQT,General",0.799
Q09624,Quantitative Aptitude,Pipes & Cisterns,Easy,"General,Placements,Banking",0.736
Q09625,Logical Reasoning,Cubes & Dice,Easy,"CAT,SSC,General",0.679
Q09626,Quantitative Aptitude,Simple Interest,Medium,"Banking,TCS NQT",0.524
Q09627,Verbal Ability,Idioms & Phrases,Medium,SSC,0.499
Q09628,Logical Reasoning,Input-Output,Hard,"SSC,Banking,TCS NQT",0.285
Q09629,Logical Reasoning,Statement & Assumption,Easy,"Banking,SSC,General",0.757
Q09630,Quantitative Aptitude,Logarithms,Hard,SSC,0.355
Q09631,Quantitative Aptitude,Averages,Medium,"General,SSC,Banking",0.512
Q09632,Quantitative Aptitude,Trigonometry,Easy,"Placements,General,TCS NQT",0.878
Q09633,Data Interpretation,Line Graphs,Medium,"CAT,Placements,SSC",0.562
Q09634,Data Interpretation,Venn-based DI,Hard,"SSC,General,Banking",0.366
Q09635,Logical Reasoning,Cubes & Dice,Easy,CAT,0.882
Q09636,Logical Reasoning,Input-Output,Hard,Placements,0.348
Q09637,Quantitative Aptitude,Surds & Indices,Easy,"SSC,General,TCS NQT",0.745
Q09638,Logical Reasoning,Coding-Decoding,Hard,"SSC,CAT",0.34
Q09639,Verbal Ability,Odd One Out,Hard,"CAT,TCS NQT",0.348
Q09640,Logical Reasoning,Venn Diagrams,Easy,CAT,0.848
Q09641,Logical Reasoning,Seating Arrangement,Easy,General,0.83
Q09642,Logical Reasoning,Syllogisms,Easy,Placements,0.734
Q09643,Quantitative Aptitude,Progressions (AP/GP),Hard,"CAT,General,Placements",0.241
Q09644,Logical Reasoning,Analogy,Easy,Banking,0.797
Q09645,Quantitative Aptitude,Compound Interest,Hard,"Placements,General,SSC",0.278
Q09646,Data Interpretation,Data Sufficiency (DI),Medium,"TCS NQT,CAT,SSC",0.543
Q09647,Quantitative Aptitude,Probability,Medium,CAT,0.532
Q09648,Logical Reasoning,Blood Relations,Medium,SSC,0.597
Q09649,Logical Reasoning,Series Completion,Medium,Banking,0.53
Q09650,Verbal Ability,Critical Reasoning,Easy,SSC,0.799
Q09651,Logical Reasoning,Ranking & Order,Medium,"CAT,Placements",0.514
Q09652,Verbal Ability,Cloze Test,Easy,"Banking,General,Placements",0.882
Q09653,Verbal Ability,Idioms & Phrases,Hard,"CAT,SSC",0.31
Q09654,Quantitative Aptitude,Quadratic Equations,Easy,"TCS NQT,Banking",0.847
Q09655,Quantitative Aptitude,Surds & Indices,Medium,"SSC,Banking,General",0.621
Q09656,Quantitative Aptitude,Linear Equations,Medium,"SSC,TCS NQT",0.565
Q09657,Logical Reasoning,Venn Diagrams,Easy,"TCS NQT,SSC,General",0.84
Q09658,Quantitative Aptitude,Number System,Hard,"SSC,Placements",0.196
Q09659,Data Interpretation,Data Sufficiency (DI),Easy,TCS NQT,0.813
Q09660,Logical Reasoning,Seating Arrangement,Medium,"CAT,SSC",0.514
Q09661,Verbal Ability,Idioms & Phrases,Easy,"SSC,CAT",0.783
Q09662,Quantitative Aptitude,Probability,Easy,TCS NQT,0.709
Q09663,Quantitative Aptitude,Linear Equations,Hard,General,0.338
Q09664,Data Interpretation,Mixed DI Sets,Easy,General,0.738
Q09665,Data Interpretation,Mixed DI Sets,Medium,CAT,0.547
Q09666,Data Interpretation,Radar/Spider Charts,Medium,"TCS NQT,General,Placements",0.571
Q09667,Logical Reasoning,Seating Arrangement,Hard,"General,SSC",0.339
Q09668,Logical Reasoning,Puzzles,Medium,TCS NQT,0.623
Q09669,Data Interpretation,Line Graphs,Easy,SSC,0.852
Q09670,Verbal Ability,Fill in the Blanks,Hard,"SSC,General",0.312
Q09671,Data Interpretation,Mixed DI Sets,Medium,CAT,0.563
Q09672,Quantitative Aptitude,"Time, Speed & Distance",Easy,General,0.815
Q09673,Logical Reasoning,Direction Sense,Medium,"General,Banking",0.521
Q09674,Quantitative Aptitude,Logarithms,Medium,"Banking,Placements",0.536
Q09675,Data Interpretation,Bar Graphs,Hard,"General,TCS NQT,Placements",0.226
Q09676,Logical Reasoning,Clocks & Calendars,Medium,Placements,0.48
Q09677,Verbal Ability,Error Spotting,Medium,"General,Placements",0.548
Q09678,Quantitative Aptitude,Time & Work,Easy,"CAT,Placements,SSC",0.782
Q09679,Logical Reasoning,Clocks & Calendars,Easy,General,0.713
Q09680,Verbal Ability,Error Spotting,Hard,TCS NQT,0.282
Q09681,Logical Reasoning,Series Completion,Medium,"Placements,SSC",0.54
Q09682,Quantitative Aptitude,Set Theory,Easy,TCS NQT,0.835
Q09683,Logical Reasoning,Statement & Conclusion,Medium,Placements,0.532
Q09684,Verbal Ability,Error Spotting,Easy,TCS NQT,0.815
Q09685,Data Interpretation,Bar Graphs,Easy,"General,Placements",0.829
Q09686,Quantitative Aptitude,Linear Equations,Easy,"TCS NQT,SSC",0.788
Q09687,Logical Reasoning,Syllogisms,Medium,"CAT,SSC,Banking",0.617
Q09688,Data Interpretation,Caselets,Easy,Placements,0.859
Q09689,Logical Reasoning,Statement & Assumption,Medium,SSC,0.511
Q09690,Quantitative Aptitude,Mixtures & Alligations,Easy,"CAT,General",0.904
Q09691,Quantitative Aptitude,Probability,Easy,"CAT,General,Placements",0.791
Q09692,Quantitative Aptitude,Mixtures & Alligations,Medium,"General,Placements,SSC",0.501
Q09693,Data Interpretation,Venn-based DI,Medium,"SSC,Banking,CAT",0.581
Q09694,Logical Reasoning,Series Completion,Hard,TCS NQT,0.301
Q09695,Quantitative Aptitude,Surds & Indices,Hard,"Banking,Placements,General",0.278
Q09696,Data Interpretation,Data Sufficiency (DI),Hard,"Banking,CAT,Placements",0.3
Q09697,Logical Reasoning,Analogy,Hard,SSC,0.321
Q09698,Quantitative Aptitude,Compound Interest,Easy,CAT,0.758
Q09699,Verbal Ability,Synonyms & Antonyms,Medium,Placements,0.586
Q09700,Quantitative Aptitude,Logarithms,Hard,General,0.246
Q09701,Quantitative Aptitude,Partnership,Medium,TCS NQT,0.599
Q09702,Quantitative Aptitude,Profit & Loss,Medium,CAT,0.482
Q09703,Quantitative Aptitude,Profit & Loss,Hard,"TCS NQT,SSC",0.293
Q09704,Logical Reasoning,Syllogisms,Hard,TCS NQT,0.295
Q09705,Quantitative Aptitude,Permutation & Combination,Medium,"CAT,TCS NQT,General",0.471
Q09706,Quantitative Aptitude,Progressions (AP/GP),Hard,"General,Banking",0.244
Q09707,Quantitative Aptitude,Mixtures & Alligations,Medium,"Placements,General",0.517
Q09708,Logical Reasoning,Puzzles,Easy,"CAT,TCS NQT,General",0.73
Q09709,Quantitative Aptitude,Permutation & Combination,Easy,CAT,0.844
Q09710,Quantitative Aptitude,Surds & Indices,Medium,Placements,0.522
Q09711,Quantitative Aptitude,Algebra,Hard,"TCS NQT,Placements",0.238
Q09712,Data Interpretation,Pie Charts,Easy,"Placements,General",0.787
Q09713,Logical Reasoning,Input-Output,Medium,"Banking,General,CAT",0.574
Q09714,Verbal Ability,Critical Reasoning,Hard,"General,CAT,Banking",0.293
Q09715,Data Interpretation,Pie Charts,Medium,General,0.56
Q09716,Logical Reasoning,Series Completion,Easy,"TCS NQT,General,CAT",0.784
Q09717,Logical Reasoning,Puzzles,Hard,"Banking,SSC,CAT",0.315
Q09718,Logical Reasoning,Venn Diagrams,Easy,CAT,0.786
Q09719,Verbal Ability,Sentence Correction,Hard,"Placements,General,CAT",0.249
Q09720,Logical Reasoning,Statement & Assumption,Hard,"SSC,TCS NQT",0.246
Q09721,Quantitative Aptitude,Linear Equations,Easy,"CAT,Banking",0.763
Q09722,Quantitative Aptitude,Profit & Loss,Hard,"TCS NQT,Banking",0.381
Q09723,Data Interpretation,Data Sufficiency (DI),Hard,"CAT,Banking",0.321
Q09724,Verbal Ability,Odd One Out,Easy,"General,Placements",0.788
Q09725,Verbal Ability,Fill in the Blanks,Easy,"General,Banking,Placements",0.851
Q09726,Verbal Ability,Sentence Correction,Easy,Banking,0.846
Q09727,Verbal Ability,Error Spotting,Easy,CAT,0.807
Q09728,Quantitative Aptitude,Quadratic Equations,Easy,Placements,0.819
Q09729,Verbal Ability,Cloze Test,Medium,"General,TCS NQT",0.505
Q09730,Verbal Ability,Error Spotting,Easy,CAT,0.849
Q09731,Logical Reasoning,Syllogisms,Hard,"General,Banking",0.275
Q09732,Data Interpretation,Bar Graphs,Easy,TCS NQT,0.807
Q09733,Verbal Ability,Verbal Analogies,Medium,"Placements,CAT",0.506
Q09734,Quantitative Aptitude,Geometry,Hard,"Banking,CAT",0.272
Q09735,Data Interpretation,Bar Graphs,Medium,"TCS NQT,General",0.409
Q09736,Logical Reasoning,Statement & Conclusion,Medium,"TCS NQT,Banking",0.52
Q09737,Logical Reasoning,Ranking & Order,Medium,"TCS NQT,Placements,General",0.598
Q09738,Quantitative Aptitude,Ratio & Proportion,Medium,General,0.546
Q09739,Quantitative Aptitude,Mensuration,Medium,CAT,0.523
Q09740,Verbal Ability,Odd One Out,Hard,General,0.325
Q09741,Logical Reasoning,Venn Diagrams,Easy,"CAT,General,Banking",0.848
Q09742,Logical Reasoning,Seating Arrangement,Medium,"General,CAT",0.523
Q09743,Verbal Ability,Idioms & Phrases,Medium,"Placements,General",0.516
Q09744,Logical Reasoning,Coding-Decoding,Medium,SSC,0.603
Q09745,Quantitative Aptitude,"Time, Speed & Distance",Easy,Banking,0.865
Q09746,Logical Reasoning,Venn Diagrams,Medium,"Banking,SSC,TCS NQT",0.614
Q09747,Logical Reasoning,Series Completion,Hard,"General,Placements,TCS NQT",0.256
Q09748,Logical Reasoning,Cubes & Dice,Medium,"TCS NQT,CAT",0.606
Q09749,Data Interpretation,Radar/Spider Charts,Easy,Placements,0.748
Q09750,Quantitative Aptitude,Permutation & Combination,Medium,"TCS NQT,Placements",0.552
Q09751,Quantitative Aptitude,Surds & Indices,Medium,"TCS NQT,SSC",0.585
Q09752,Data Interpretation,Caselets,Easy,"SSC,CAT",0.76
Q09753,Logical Reasoning,Series Completion,Hard,"CAT,TCS NQT,Banking",0.253
Q09754,Logical Reasoning,Blood Relations,Easy,SSC,0.803
Q09755,Quantitative Aptitude,Permutation & Combination,Medium,Placements,0.421
Q09756,Quantitative Aptitude,Geometry,Hard,"TCS NQT,General",0.183
Q09757,Logical Reasoning,Series Completion,Hard,"General,Banking,Placements",0.273
Q09758,Quantitative Aptitude,Quadratic Equations,Hard,"General,Placements,TCS NQT",0.347
Q09759,Verbal Ability,Sentence Correction,Easy,"CAT,General,SSC",0.801
Q09760,Quantitative Aptitude,Partnership,Hard,Banking,0.276
Q09761,Data Interpretation,Caselets,Medium,"SSC,TCS NQT",0.541
Q09762,Logical Reasoning,Clocks & Calendars,Medium,"Banking,SSC",0.527
Q09763,Quantitative Aptitude,Permutation & Combination,Medium,"General,Banking",0.581
Q09764,Data Interpretation,Caselets,Medium,Banking,0.545
Q09765,Verbal Ability,Sentence Correction,Easy,"CAT,Placements",0.813
Q09766,Verbal Ability,Reading Comprehension,Easy,"Placements,CAT",0.791
Q09767,Logical Reasoning,Cubes & Dice,Hard,"SSC,Placements",0.246
Q09768,Data Interpretation,Radar/Spider Charts,Medium,"Banking,CAT",0.524
Q09769,Logical Reasoning,Puzzles,Easy,"SSC,TCS NQT",0.78
Q09770,Logical Reasoning,Clocks & Calendars,Easy,TCS NQT,0.796
Q09771,Quantitative Aptitude,Simple Interest,Medium,General,0.544
Q09772,Quantitative Aptitude,Averages,Medium,"CAT,SSC",0.523
Q09773,Quantitative Aptitude,Mensuration,Medium,TCS NQT,0.52
Q09774,Quantitative Aptitude,Simple Interest,Medium,"SSC,Placements,Banking",0.565
Q09775,Quantitative Aptitude,Profit & Loss,Medium,Banking,0.62
Q09776,Logical Reasoning,Ranking & Order,Hard,CAT,0.334
Q09777,Quantitative Aptitude,Mixtures & Alligations,Medium,"CAT,Placements",0.52
Q09778,Logical Reasoning,Ranking & Order,Medium,CAT,0.533
Q09779,Logical Reasoning,Coding-Decoding,Medium,"General,CAT",0.498
Q09780,Logical Reasoning,Venn Diagrams,Hard,"SSC,General",0.306
Q09781,Quantitative Aptitude,Quadratic Equations,Medium,"SSC,Placements",0.607
Q09782,Verbal Ability,Error Spotting,Easy,"TCS NQT,Placements",0.799
Q09783,Data Interpretation,Data Sufficiency (DI),Hard,"SSC,Placements,Banking",0.289
Q09784,Verbal Ability,Odd One Out,Medium,SSC,0.631
Q09785,Verbal Ability,Reading Comprehension,Hard,SSC,0.294
Q09786,Data Interpretation,Caselets,Easy,"General,SSC,TCS NQT",0.849
Q09787,Quantitative Aptitude,Algebra,Medium,"SSC,Banking,TCS NQT",0.502
Q09788,Logical Reasoning,Blood Relations,Easy,Placements,0.821
Q09789,Verbal Ability,Reading Comprehension,Hard,CAT,0.264
Q09790,Data Interpretation,Data Sufficiency (DI),Medium,"Placements,General,Banking",0.62
Q09791,Verbal Ability,Synonyms & Antonyms,Medium,TCS NQT,0.437
Q09792,Verbal Ability,Para Summary,Medium,"Banking,SSC,Placements",0.567
Q09793,Verbal Ability,Error Spotting,Easy,General,0.882
Q09794,Verbal Ability,Error Spotting,Medium,"General,Placements",0.449
Q09795,Quantitative Aptitude,Quadratic Equations,Easy,"Placements,TCS NQT,SSC",0.833
Q09796,Data Interpretation,Bar Graphs,Medium,"SSC,Banking,CAT",0.519
Q09797,Logical Reasoning,Series Completion,Medium,"CAT,TCS NQT",0.557
Q09798,Verbal Ability,Verbal Analogies,Easy,Banking,0.774
Q09799,Data Interpretation,Mixed DI Sets,Medium,TCS NQT,0.534
Q09800,Quantitative Aptitude,Simple Interest,Medium,Placements,0.518
Q09801,Quantitative Aptitude,Geometry,Medium,"SSC,CAT,Placements",0.571
Q09802,Verbal Ability,Critical Reasoning,Medium,"General,SSC,TCS NQT",0.546
Q09803,Verbal Ability,Sentence Correction,Easy,"Banking,General,CAT",0.842
Q09804,Logical Reasoning,Blood Relations,Easy,"Banking,Placements,General",0.737
Q09805,Quantitative Aptitude,Progressions (AP/GP),Medium,"General,TCS NQT",0.507
Q09806,Data Interpretation,Mixed DI Sets,Medium,"CAT,SSC,Placements",0.636
Q09807,Verbal Ability,Verbal Analogies,Hard,"SSC,General",0.302
Q09808,Verbal Ability,Verbal Analogies,Medium,"Banking,General,SSC",0.612
Q09809,Verbal Ability,Critical Reasoning,Easy,CAT,0.73
Q09810,Quantitative Aptitude,Pipes & Cisterns,Medium,"Banking,SSC,General",0.534
Q09811,Data Interpretation,Line Graphs,Easy,"SSC,Placements",0.791
Q09812,Verbal Ability,Idioms & Phrases,Easy,CAT,0.731
Q09813,Quantitative Aptitude,Simple Interest,Medium,"General,CAT",0.616
Q09814,Quantitative Aptitude,Set Theory,Easy,"Placements,SSC",0.739
Q09815,Logical Reasoning,Clocks & Calendars,Hard,"TCS NQT,SSC",0.295
Q09816,Logical Reasoning,Venn Diagrams,Hard,"Placements,General,SSC",0.208
Q09817,Quantitative Aptitude,Surds & Indices,Medium,Banking,0.505
Q09818,Logical Reasoning,Series Completion,Medium,"Placements,General,Banking",0.625
Q09819,Verbal Ability,Critical Reasoning,Medium,"TCS NQT,General,Banking",0.534
Q09820,Verbal Ability,Error Spotting,Hard,General,0.362
Q09821,Data Interpretation,Bar Graphs,Medium,CAT,0.575
Q09822,Quantitative Aptitude,Mensuration,Easy,Banking,0.91
Q09823,Logical Reasoning,Puzzles,Easy,General,0.893
Q09824,Logical Reasoning,Clocks & Calendars,Easy,"General,SSC,Banking",0.849
Q09825,Quantitative Aptitude,Quadratic Equations,Easy,General,0.735
Q09826,Quantitative Aptitude,Pipes & Cisterns,Medium,CAT,0.502
Q09827,Verbal Ability,Critical Reasoning,Easy,"SSC,TCS NQT,General",0.796
Q09828,Logical Reasoning,Seating Arrangement,Easy,"SSC,Placements,TCS NQT",0.722
Q09829,Verbal Ability,Fill in the Blanks,Easy,"SSC,Placements,TCS NQT",0.721
Q09830,Logical Reasoning,Series Completion,Hard,"Placements,TCS NQT",0.207
Q09831,Quantitative Aptitude,Trigonometry,Easy,"SSC,Banking,TCS NQT",0.743
Q09832,Quantitative Aptitude,Progressions (AP/GP),Medium,"CAT,Placements,General",0.571
Q09833,Quantitative Aptitude,Compound Interest,Medium,"SSC,Banking",0.53
Q09834,Logical Reasoning,Statement & Conclusion,Easy,"Banking,General,CAT",0.788
Q09835,Data Interpretation,Pie Charts,Easy,"TCS NQT,General",0.847
Q09836,Quantitative Aptitude,Compound Interest,Medium,"General,CAT,Banking",0.58
Q09837,Verbal Ability,Reading Comprehension,Easy,"TCS NQT,General,SSC",0.834
Q09838,Quantitative Aptitude,Profit & Loss,Medium,"CAT,Banking,General",0.516
Q09839,Data Interpretation,Pie Charts,Hard,"CAT,General",0.324
Q09840,Logical Reasoning,Clocks & Calendars,Easy,"SSC,General",0.799
Q09841,Logical Reasoning,Ranking & Order,Medium,"General,CAT,TCS NQT",0.665
Q09842,Logical Reasoning,Statement & Assumption,Medium,TCS NQT,0.478
Q09843,Data Interpretation,Radar/Spider Charts,Medium,"SSC,Placements",0.592
Q09844,Quantitative Aptitude,Pipes & Cisterns,Hard,"Banking,Placements",0.26
Q09845,Quantitative Aptitude,Pipes & Cisterns,Easy,"TCS NQT,General,SSC",0.743
Q09846,Data Interpretation,Line Graphs,Medium,Banking,0.628
Q09847,Quantitative Aptitude,Pipes & Cisterns,Medium,"Banking,SSC,General",0.611
Q09848,Verbal Ability,Odd One Out,Easy,CAT,0.825
Q09849,Verbal Ability,Odd One Out,Medium,"TCS NQT,CAT,Placements",0.591
Q09850,Logical Reasoning,Venn Diagrams,Medium,Placements,0.546
Q09851,Logical Reasoning,Venn Diagrams,Easy,Placements,0.912
Q09852,Logical Reasoning,Seating Arrangement,Medium,"General,TCS NQT,CAT",0.496
Q09853,Verbal Ability,Idioms & Phrases,Easy,Placements,0.845
Q09854,Data Interpretation,Data Sufficiency (DI),Medium,"TCS NQT,General",0.52
Q09855,Data Interpretation,Bar Graphs,Easy,"Banking,General,TCS NQT",0.827
Q09856,Data Interpretation,Bar Graphs,Easy,TCS NQT,0.778
Q09857,Quantitative Aptitude,Geometry,Easy,"General,Placements",0.843
Q09858,Logical Reasoning,Series Completion,Medium,"General,SSC,Banking",0.51
Q09859,Logical Reasoning,Seating Arrangement,Hard,"SSC,Banking",0.313
Q09860,Data Interpretation,Venn-based DI,Easy,CAT,0.772
Q09861,Verbal Ability,Error Spotting,Medium,CAT,0.553
Q09862,Logical Reasoning,Series Completion,Easy,"General,Banking,CAT",0.925
Q09863,Verbal Ability,Error Spotting,Easy,"CAT,Banking,General",0.721
Q09864,Verbal Ability,Sentence Correction,Easy,"TCS NQT,CAT",0.733
Q09865,Quantitative Aptitude,Permutation & Combination,Easy,"TCS NQT,Banking,General",0.791
Q09866,Verbal Ability,Verbal Analogies,Medium,Placements,0.538
Q09867,Verbal Ability,Reading Comprehension,Medium,"General,CAT",0.575
Q09868,Data Interpretation,Venn-based DI,Medium,SSC,0.502
Q09869,Quantitative Aptitude,Permutation & Combination,Easy,"TCS NQT,Placements",0.804
Q09870,Verbal Ability,Cloze Test,Medium,"General,Banking,TCS NQT",0.532
Q09871,Quantitative Aptitude,Pipes & Cisterns,Hard,"TCS NQT,Banking",0.268
Q09872,Quantitative Aptitude,Geometry,Medium,"Placements,TCS NQT,Banking",0.571
Q09873,Logical Reasoning,Data Sufficiency,Easy,Banking,0.802
Q09874,Quantitative Aptitude,Mixtures & Alligations,Easy,"SSC,General,Banking",0.797
Q09875,Verbal Ability,Fill in the Blanks,Medium,"Placements,Banking",0.526
Q09876,Logical Reasoning,Analogy,Medium,"SSC,General",0.672
Q09877,Data Interpretation,Pie Charts,Easy,"TCS NQT,Placements,CAT",0.831
Q09878,Quantitative Aptitude,Mensuration,Medium,"SSC,Banking,TCS NQT",0.65
Q09879,Quantitative Aptitude,Progressions (AP/GP),Easy,"CAT,General",0.806
Q09880,Quantitative Aptitude,"Time, Speed & Distance",Easy,"SSC,Placements",0.815
Q09881,Quantitative Aptitude,Compound Interest,Medium,Placements,0.56
Q09882,Verbal Ability,Para Summary,Medium,Banking,0.549
Q09883,Verbal Ability,Verbal Analogies,Medium,CAT,0.56
Q09884,Logical Reasoning,Series Completion,Medium,General,0.469
Q09885,Quantitative Aptitude,Quadratic Equations,Easy,"SSC,General,Placements",0.812
Q09886,Verbal Ability,Fill in the Blanks,Medium,"Placements,General",0.578
Q09887,Verbal Ability,Reading Comprehension,Hard,"General,CAT,Banking",0.375
Q09888,Logical Reasoning,Statement & Conclusion,Hard,General,0.259
Q09889,Data Interpretation,Data Sufficiency (DI),Hard,SSC,0.293
Q09890,Logical Reasoning,Seating Arrangement,Easy,"TCS NQT,SSC",0.745
Q09891,Verbal Ability,Synonyms & Antonyms,Easy,"Placements,SSC,Banking",0.786
Q09892,Logical Reasoning,Ranking & Order,Medium,"Banking,SSC,CAT",0.565
Q09893,Verbal Ability,Synonyms & Antonyms,Easy,"General,TCS NQT",0.816
Q09894,Data Interpretation,Tables,Hard,"General,TCS NQT",0.355
Q09895,Logical Reasoning,Blood Relations,Hard,General,0.315
Q09896,Logical Reasoning,Data Sufficiency,Easy,Banking,0.817
Q09897,Data Interpretation,Data Sufficiency (DI),Medium,"Placements,General,TCS NQT",0.504
Q09898,Verbal Ability,Odd One Out,Medium,"Placements,General",0.487
Q09899,Quantitative Aptitude,Averages,Easy,Placements,0.759
Q09900,Logical Reasoning,Data Sufficiency,Medium,"Banking,Placements,TCS NQT",0.609
Q09901,Verbal Ability,Odd One Out,Easy,Placements,0.81
Q09902,Verbal Ability,Odd One Out,Easy,"Placements,General,SSC",0.757
Q09903,Logical Reasoning,Series Completion,Hard,CAT,0.297
Q09904,Quantitative Aptitude,Ratio & Proportion,Easy,General,0.833
Q09905,Quantitative Aptitude,Trigonometry,Easy,"General,CAT,TCS NQT",0.933
Q09906,Quantitative Aptitude,Probability,Hard,"TCS NQT,SSC,Placements",0.29
Q09907,Verbal Ability,Cloze Test,Medium,SSC,0.541
Q09908,Quantitative Aptitude,Percentages,Medium,General,0.568
Q09909,Logical Reasoning,Cubes & Dice,Easy,SSC,0.779
Q09910,Verbal Ability,Sentence Correction,Medium,Placements,0.645
Q09911,Data Interpretation,Tables,Easy,"CAT,TCS NQT,Placements",0.776
Q09912,Verbal Ability,Idioms & Phrases,Medium,"SSC,Banking",0.646
Q09913,Verbal Ability,Cloze Test,Easy,Placements,0.774
Q09914,Quantitative Aptitude,Linear Equations,Easy,"Banking,TCS NQT,CAT",0.829
Q09915,Logical Reasoning,Statement & Conclusion,Medium,"Placements,Banking",0.533
Q09916,Verbal Ability,Para Jumbles,Hard,"TCS NQT,SSC,CAT",0.288
Q09917,Verbal Ability,Odd One Out,Medium,"TCS NQT,Banking",0.622
Q09918,Data Interpretation,Venn-based DI,Medium,General,0.566
Q09919,Logical Reasoning,Ranking & Order,Hard,"SSC,General",0.368
Q09920,Logical Reasoning,Clocks & Calendars,Medium,"General,Placements",0.568
Q09921,Verbal Ability,Para Jumbles,Easy,"Banking,TCS NQT",0.845
Q09922,Verbal Ability,Sentence Correction,Medium,"TCS NQT,Placements",0.566
Q09923,Verbal Ability,Para Summary,Easy,"CAT,SSC",0.858
Q09924,Verbal Ability,Sentence Correction,Easy,"Placements,Banking,General",0.888
Q09925,Quantitative Aptitude,Set Theory,Easy,"Banking,TCS NQT,SSC",0.818
Q09926,Data Interpretation,Tables,Easy,"General,Placements",0.804
Q09927,Quantitative Aptitude,Permutation & Combination,Easy,"Placements,TCS NQT,CAT",0.857
Q09928,Data Interpretation,Tables,Easy,"Banking,TCS NQT,General",0.783
Q09929,Quantitative Aptitude,Surds & Indices,Easy,"TCS NQT,Placements,General",0.856
Q09930,Verbal Ability,Para Jumbles,Medium,"SSC,CAT,Placements",0.523
Q09931,Logical Reasoning,Coding-Decoding,Easy,TCS NQT,0.826
Q09932,Verbal Ability,Idioms & Phrases,Easy,"TCS NQT,Banking",0.821
Q09933,Verbal Ability,Fill in the Blanks,Easy,"CAT,General",0.793
Q09934,Logical Reasoning,Direction Sense,Hard,"CAT,Banking",0.253
Q09935,Verbal Ability,Para Summary,Easy,"General,TCS NQT",0.763
Q09936,Quantitative Aptitude,Quadratic Equations,Easy,"General,CAT,Banking",0.753
Q09937,Verbal Ability,Cloze Test,Easy,"Placements,SSC",0.794
Q09938,Quantitative Aptitude,Trigonometry,Medium,"Banking,CAT",0.613
Q09939,Verbal Ability,Critical Reasoning,Medium,"TCS NQT,General,Banking",0.577
Q09940,Quantitative Aptitude,Ratio & Proportion,Easy,TCS NQT,0.95
Q09941,Verbal Ability,Verbal Analogies,Hard,"General,TCS NQT",0.192
Q09942,Quantitative Aptitude,Profit & Loss,Medium,"CAT,Placements,SSC",0.571
Q09943,Quantitative Aptitude,Time & Work,Easy,"Placements,Banking",0.791
Q09944,Quantitative Aptitude,Quadratic Equations,Easy,Placements,0.904
Q09945,Verbal Ability,Para Jumbles,Easy,"SSC,TCS NQT",0.78
Q09946,Quantitative Aptitude,Quadratic Equations,Medium,General,0.589
Q09947,Logical Reasoning,Cubes & Dice,Easy,"Placements,TCS NQT",0.785
Q09948,Verbal Ability,Cloze Test,Medium,"Placements,TCS NQT",0.547
Q09949,Verbal Ability,Verbal Analogies,Medium,"TCS NQT,SSC",0.607
Q09950,Verbal Ability,Verbal Analogies,Medium,"CAT,Placements",0.58
Q09951,Logical Reasoning,Data Sufficiency,Easy,"General,SSC",0.835
Q09952,Quantitative Aptitude,Geometry,Hard,"Banking,SSC",0.338
Q09953,Logical Reasoning,Series Completion,Medium,Banking,0.548
Q09954,Verbal Ability,Reading Comprehension,Easy,"Banking,Placements,CAT",0.792
Q09955,Logical Reasoning,Syllogisms,Hard,General,0.319
Q09956,Logical Reasoning,Seating Arrangement,Easy,General,0.888
Q09957,Data Interpretation,Line Graphs,Hard,"Banking,Placements,General",0.268
Q09958,Quantitative Aptitude,Surds & Indices,Easy,"Placements,General",0.815
Q09959,Logical Reasoning,Data Sufficiency,Easy,"Banking,General,Placements",0.821
Q09960,Quantitative Aptitude,Pipes & Cisterns,Medium,"Placements,General,TCS NQT",0.643
Q09961,Quantitative Aptitude,Mixtures & Alligations,Hard,"Banking,SSC,Placements",0.232
Q09962,Quantitative Aptitude,Logarithms,Hard,Banking,0.239
Q09963,Verbal Ability,Cloze Test,Medium,"CAT,General",0.564
Q09964,Quantitative Aptitude,Progressions (AP/GP),Hard,CAT,0.271
Q09965,Data Interpretation,Bar Graphs,Medium,"TCS NQT,General",0.502
Q09966,Quantitative Aptitude,Geometry,Hard,"General,CAT",0.257
Q09967,Quantitative Aptitude,Pipes & Cisterns,Hard,"Placements,General",0.27
Q09968,Quantitative Aptitude,Geometry,Easy,"SSC,Banking",0.866
Q09969,Quantitative Aptitude,Probability,Medium,"General,Placements,Banking",0.666
Q09970,Verbal Ability,Idioms & Phrases,Medium,"TCS NQT,SSC",0.493
Q09971,Quantitative Aptitude,Set Theory,Hard,"CAT,Banking",0.238
Q09972,Verbal Ability,Para Summary,Hard,TCS NQT,0.252
Q09973,Data Interpretation,Bar Graphs,Easy,"Placements,Banking,CAT",0.755
Q09974,Data Interpretation,Data Sufficiency (DI),Easy,"General,SSC",0.8
Q09975,Quantitative Aptitude,Set Theory,Hard,"CAT,General,SSC",0.298
Q09976,Verbal Ability,Fill in the Blanks,Medium,"Placements,SSC",0.497
Q09977,Quantitative Aptitude,Geometry,Easy,"TCS NQT,SSC",0.804
Q09978,Verbal Ability,Critical Reasoning,Medium,"Placements,General",0.606
Q09979,Logical Reasoning,Cubes & Dice,Hard,"CAT,SSC,Placements",0.361
Q09980,Quantitative Aptitude,Permutation & Combination,Easy,"CAT,SSC,Banking",0.741
Q09981,Verbal Ability,Para Summary,Hard,"CAT,TCS NQT",0.253
Q09982,Quantitative Aptitude,"Time, Speed & Distance",Hard,"TCS NQT,SSC",0.323
Q09983,Quantitative Aptitude,Pipes & Cisterns,Hard,"Banking,CAT",0.314
Q09984,Data Interpretation,Venn-based DI,Easy,"TCS NQT,Placements,Banking",0.793
Q09985,Verbal Ability,Critical Reasoning,Easy,SSC,0.79
Q09986,Logical Reasoning,Data Sufficiency,Easy,TCS NQT,0.726
Q09987,Logical Reasoning,Ranking & Order,Easy,"SSC,TCS NQT,Placements",0.803
Q09988,Logical Reasoning,Syllogisms,Medium,"Placements,SSC",0.532
Q09989,Verbal Ability,Reading Comprehension,Hard,Placements,0.288
Q09990,Verbal Ability,Reading Comprehension,Medium,"TCS NQT,General,Banking",0.549
Q09991,Logical Reasoning,Statement & Conclusion,Medium,"TCS NQT,Placements",0.506
Q09992,Verbal Ability,Critical Reasoning,Easy,SSC,0.778
Q09993,Logical Reasoning,Statement & Assumption,Medium,"SSC,TCS NQT",0.673
Q09994,Quantitative Aptitude,Quadratic Equations,Hard,"SSC,Placements,CAT",0.271
Q09995,Verbal Ability,Synonyms & Antonyms,Medium,General,0.49
Q09996,Quantitative Aptitude,Linear Equations,Medium,"CAT,Placements",0.607
Q09997,Logical Reasoning,Cubes & Dice,Medium,CAT,0.596
Q09998,Quantitative Aptitude,Permutation & Combination,Medium,"CAT,Placements,SSC",0.568
Q09999,Quantitative Aptitude,Mixtures & Alligations,Medium,"TCS NQT,SSC",0.481
Q10000,Logical Reasoning,Ranking & Order,Hard,"CAT,SSC",0.321
Q10001,Quantitative Aptitude,Progressions (AP/GP),Medium,Placements,0.55
Q10002,Verbal Ability,Odd One Out,Hard,"SSC,Banking",0.338
Q10003,Quantitative Aptitude,Averages,Easy,"Banking,TCS NQT",0.84
Q10004,Quantitative Aptitude,Simple Interest,Easy,"General,CAT,Banking",0.841
Q10005,Logical Reasoning,Seating Arrangement,Hard,Placements,0.337
Q10006,Data Interpretation,Pie Charts,Medium,"CAT,Placements",0.543
Q10007,Verbal Ability,Error Spotting,Medium,"General,Banking,SSC",0.556
Q10008,Logical Reasoning,Data Sufficiency,Medium,"Banking,TCS NQT,CAT",0.514
Q10009,Verbal Ability,Cloze Test,Medium,"General,CAT,TCS NQT",0.521
Q10010,Quantitative Aptitude,Mixtures & Alligations,Medium,SSC,0.622
Q10011,Data Interpretation,Venn-based DI,Hard,"Placements,General,TCS NQT",0.276
Q10012,Data Interpretation,Mixed DI Sets,Easy,TCS NQT,0.736
Q10013,Quantitative Aptitude,Geometry,Easy,"General,Banking,CAT",0.705
Q10014,Quantitative Aptitude,Simple Interest,Medium,TCS NQT,0.626
Q10015,Quantitative Aptitude,Algebra,Medium,"General,CAT",0.416
Q10016,Quantitative Aptitude,Number System,Medium,TCS NQT,0.698
Q10017,Logical Reasoning,Venn Diagrams,Medium,"Placements,TCS NQT",0.633
Q10018,Quantitative Aptitude,Number System,Easy,CAT,0.875
Q10019,Quantitative Aptitude,Profit & Loss,Medium,SSC,0.625
Q10020,Verbal Ability,Fill in the Blanks,Hard,"CAT,TCS NQT",0.322
Q10021,Logical Reasoning,Seating Arrangement,Easy,"TCS NQT,CAT",0.774
Q10022,Logical Reasoning,Ranking & Order,Easy,"General,CAT,SSC",0.832
Q10023,Data Interpretation,Pie Charts,Medium,Banking,0.584
Q10024,Quantitative Aptitude,Set Theory,Hard,"SSC,CAT,General",0.249
Q10025,Logical Reasoning,Venn Diagrams,Medium,TCS NQT,0.605
Q10026,Data Interpretation,Pie Charts,Medium,"General,TCS NQT,Placements",0.522
Q10027,Verbal Ability,Verbal Analogies,Easy,"TCS NQT,Banking",0.81
Q10028,Data Interpretation,Pie Charts,Medium,"Banking,General,CAT",0.584
Q10029,Quantitative Aptitude,Trigonometry,Medium,TCS NQT,0.563
Q10030,Logical Reasoning,Blood Relations,Easy,"SSC,TCS NQT,Placements",0.772
Q10031,Data Interpretation,Tables,Hard,"Placements,TCS NQT,SSC",0.309
Q10032,Verbal Ability,Reading Comprehension,Medium,"General,CAT",0.562
Q10033,Quantitative Aptitude,Logarithms,Hard,"CAT,Placements",0.317
Q10034,Data Interpretation,Tables,Medium,Placements,0.576
Q10035,Logical Reasoning,Seating Arrangement,Hard,SSC,0.408
Q10036,Logical Reasoning,Data Sufficiency,Medium,Placements,0.523
Q10037,Verbal Ability,Reading Comprehension,Medium,"SSC,CAT,TCS NQT",0.455
Q10038,Verbal Ability,Sentence Correction,Hard,"General,CAT",0.307
Q10039,Quantitative Aptitude,Trigonometry,Easy,"SSC,TCS NQT",0.819
Q10040,Logical Reasoning,Data Sufficiency,Medium,"Placements,Banking",0.557
Q10041,Verbal Ability,Critical Reasoning,Easy,"CAT,Banking,TCS NQT",0.768
Q10042,Quantitative Aptitude,Simple Interest,Medium,General,0.436
Q10043,Quantitative Aptitude,Time & Work,Easy,"General,Placements",0.855
Q10044,Quantitative Aptitude,Pipes & Cisterns,Easy,General,0.77
Q10045,Quantitative Aptitude,Ratio & Proportion,Medium,Banking,0.6
Q10046,Verbal Ability,Verbal Analogies,Easy,"CAT,Banking",0.815
Q10047,Quantitative Aptitude,Algebra,Easy,"General,CAT",0.8
Q10048,Quantitative Aptitude,Time & Work,Easy,CAT,0.801
Q10049,Logical Reasoning,Input-Output,Easy,General,0.816
Q10050,Verbal Ability,Para Jumbles,Medium,"CAT,General,Placements",0.617
Q10051,Quantitative Aptitude,Surds & Indices,Medium,"General,Placements,TCS NQT",0.508
Q10052,Logical Reasoning,Series Completion,Hard,Placements,0.371
Q10053,Quantitative Aptitude,Algebra,Medium,"TCS NQT,General",0.616
Q10054,Quantitative Aptitude,Trigonometry,Medium,"General,Placements,CAT",0.501
Q10055,Quantitative Aptitude,Geometry,Easy,Placements,0.842
Q10056,Data Interpretation,Pie Charts,Medium,"General,SSC",0.618
Q10057,Logical Reasoning,Input-Output,Medium,"General,TCS NQT,CAT",0.541
Q10058,Quantitative Aptitude,Number System,Easy,"General,Banking,CAT",0.797
Q10059,Quantitative Aptitude,Progressions (AP/GP),Hard,"TCS NQT,CAT",0.316
Q10060,Data Interpretation,Caselets,Medium,"CAT,SSC",0.476
Q10061,Logical Reasoning,Coding-Decoding,Easy,CAT,0.707
Q10062,Logical Reasoning,Direction Sense,Hard,Placements,0.235
Q10063,Quantitative Aptitude,Geometry,Hard,TCS NQT,0.391
Q10064,Quantitative Aptitude,Simple Interest,Medium,"SSC,CAT",0.572
Q10065,Data Interpretation,Venn-based DI,Easy,SSC,0.781
Q10066,Quantitative Aptitude,Averages,Easy,"Banking,CAT,TCS NQT",0.763
Q10067,Verbal Ability,Error Spotting,Easy,"Banking,CAT,SSC",0.843
Q10068,Verbal Ability,Reading Comprehension,Easy,"Placements,SSC,Banking",0.82
Q10069,Logical Reasoning,Venn Diagrams,Medium,"SSC,TCS NQT",0.485
Q10070,Data Interpretation,Mixed DI Sets,Medium,Banking,0.494
Q10071,Quantitative Aptitude,Number System,Medium,"General,SSC,CAT",0.607
Q10072,Logical Reasoning,Input-Output,Easy,General,0.716
Q10073,Verbal Ability,Odd One Out,Easy,"SSC,Banking",0.741
Q10074,Verbal Ability,Para Summary,Medium,"TCS NQT,Placements,SSC",0.628
Q10075,Logical Reasoning,Syllogisms,Medium,"SSC,Placements",0.499
Q10076,Quantitative Aptitude,Logarithms,Easy,"CAT,SSC",0.795
Q10077,Quantitative Aptitude,Compound Interest,Medium,"TCS NQT,CAT,SSC",0.512
Q10078,Verbal Ability,Verbal Analogies,Medium,"Banking,General",0.538
Q10079,Logical Reasoning,Input-Output,Easy,SSC,0.793
Q10080,Data Interpretation,Tables,Easy,"General,TCS NQT,SSC",0.741
Q10081,Logical Reasoning,Cubes & Dice,Hard,"Banking,TCS NQT",0.256
Q10082,Verbal Ability,Para Jumbles,Hard,"SSC,Placements,CAT",0.401
Q10083,Logical Reasoning,Puzzles,Hard,"SSC,Banking",0.364
Q10084,Data Interpretation,Line Graphs,Medium,"General,Banking,CAT",0.553
Q10085,Verbal Ability,Odd One Out,Medium,"General,Banking",0.58
Q10086,Quantitative Aptitude,Permutation & Combination,Medium,"TCS NQT,CAT",0.576
Q10087,Verbal Ability,Synonyms & Antonyms,Medium,"Banking,Placements,General",0.615
Q10088,Data Interpretation,Data Sufficiency (DI),Easy,CAT,0.788
Q10089,Logical Reasoning,Ranking & Order,Hard,"Placements,TCS NQT",0.333
Q10090,Quantitative Aptitude,Quadratic Equations,Medium,"CAT,Placements",0.619
Q10091,Verbal Ability,Critical Reasoning,Medium,"TCS NQT,Placements,SSC",0.531
Q10092,Data Interpretation,Data Sufficiency (DI),Medium,"TCS NQT,Banking,General",0.625
Q10093,Logical Reasoning,Syllogisms,Hard,Banking,0.355
Q10094,Quantitative Aptitude,Linear Equations,Easy,"Placements,Banking",0.929
Q10095,Logical Reasoning,Analogy,Medium,"SSC,CAT,Placements",0.56
Q10096,Logical Reasoning,Seating Arrangement,Medium,"Banking,Placements",0.544
Q10097,Logical Reasoning,Series Completion,Easy,General,0.782
Q10098,Verbal Ability,Synonyms & Antonyms,Medium,"Placements,SSC",0.587
Q10099,Logical Reasoning,Coding-Decoding,Medium,SSC,0.521
Q10100,Logical Reasoning,Direction Sense,Medium,"General,Banking",0.508
Q10101,Logical Reasoning,Syllogisms,Easy,TCS NQT,0.813
Q10102,Logical Reasoning,Venn Diagrams,Easy,"TCS NQT,General,SSC",0.768
Q10103,Verbal Ability,Verbal Analogies,Easy,"CAT,Banking",0.703
Q10104,Data Interpretation,Line Graphs,Easy,SSC,0.805
Q10105,Logical Reasoning,Syllogisms,Hard,"Placements,CAT",0.355
Q10106,Quantitative Aptitude,Set Theory,Easy,"General,Placements",0.731
Q10107,Verbal Ability,Fill in the Blanks,Hard,CAT,0.407
Q10108,Verbal Ability,Sentence Correction,Medium,"CAT,TCS NQT,SSC",0.51
Q10109,Verbal Ability,Fill in the Blanks,Easy,"CAT,SSC",0.751
Q10110,Data Interpretation,Tables,Easy,"General,Placements",0.697
Q10111,Verbal Ability,Sentence Correction,Easy,Placements,0.838
Q10112,Verbal Ability,Error Spotting,Medium,"General,CAT,TCS NQT",0.486
Q10113,Quantitative Aptitude,Logarithms,Hard,Placements,0.321
Q10114,Verbal Ability,Verbal Analogies,Medium,"SSC,Placements",0.516
Q10115,Data Interpretation,Pie Charts,Medium,"General,CAT",0.5
Q10116,Logical Reasoning,Statement & Conclusion,Easy,TCS NQT,0.732
Q10117,Data Interpretation,Radar/Spider Charts,Easy,"Placements,SSC,General",0.853
Q10118,Verbal Ability,Cloze Test,Medium,"Banking,General,Placements",0.596
Q10119,Verbal Ability,Error Spotting,Easy,"CAT,Placements",0.76
Q10120,Data Interpretation,Pie Charts,Easy,Banking,0.862
Q10121,Quantitative Aptitude,Permutation & Combination,Medium,Placements,0.587
Q10122,Quantitative Aptitude,Profit & Loss,Easy,Banking,0.84
Q10123,Quantitative Aptitude,Logarithms,Medium,"General,TCS NQT,CAT",0.432
Q10124,Verbal Ability,Idioms & Phrases,Medium,General,0.615
Q10125,Data Interpretation,Bar Graphs,Easy,General,0.869
Q10126,Quantitative Aptitude,Progressions (AP/GP),Medium,"Placements,SSC",0.628
Q10127,Logical Reasoning,Coding-Decoding,Easy,"SSC,Banking",0.681
Q10128,Quantitative Aptitude,Permutation & Combination,Medium,"Banking,Placements,SSC",0.526
Q10129,Logical Reasoning,Data Sufficiency,Easy,"Banking,General,SSC",0.818
Q10130,Verbal Ability,Fill in the Blanks,Hard,Banking,0.255
Q10131,Quantitative Aptitude,"Time, Speed & Distance",Easy,"SSC,TCS NQT,Placements",0.802
Q10132,Verbal Ability,Sentence Correction,Medium,"Banking,Placements,SSC",0.517
Q10133,Verbal Ability,Critical Reasoning,Medium,"General,Placements",0.546
Q10134,Quantitative Aptitude,Compound Interest,Hard,"SSC,Placements,General",0.292
Q10135,Quantitative Aptitude,Simple Interest,Medium,Banking,0.494
Q10136,Quantitative Aptitude,Permutation & Combination,Easy,"TCS NQT,Placements,CAT",0.76
Q10137,Verbal Ability,Fill in the Blanks,Hard,Placements,0.37
Q10138,Quantitative Aptitude,Averages,Hard,"SSC,Placements",0.424
Q10139,Quantitative Aptitude,Probability,Hard,"TCS NQT,Placements,Banking",0.237
Q10140,Logical Reasoning,Coding-Decoding,Hard,SSC,0.307
Q10141,Quantitative Aptitude,Mensuration,Easy,"Banking,General",0.812
Q10142,Quantitative Aptitude,Quadratic Equations,Medium,"General,CAT",0.503
Q10143,Data Interpretation,Venn-based DI,Hard,TCS NQT,0.307
Q10144,Quantitative Aptitude,Probability,Medium,"SSC,General",0.502
Q10145,Verbal Ability,Error Spotting,Medium,"TCS NQT,Banking,CAT",0.563
Q10146,Quantitative Aptitude,Pipes & Cisterns,Medium,"Placements,CAT,Banking",0.566
Q10147,Quantitative Aptitude,Algebra,Medium,CAT,0.636
Q10148,Verbal Ability,Cloze Test,Medium,General,0.497
Q10149,Verbal Ability,Para Summary,Easy,"SSC,TCS NQT,Placements",0.825
Q10150,Logical Reasoning,Puzzles,Easy,"General,Placements",0.894
Q10151,Quantitative Aptitude,Quadratic Equations,Hard,CAT,0.274
Q10152,Quantitative Aptitude,Surds & Indices,Easy,"CAT,Banking,SSC",0.713
Q10153,Quantitative Aptitude,Partnership,Medium,SSC,0.538
Q10154,Quantitative Aptitude,Averages,Medium,CAT,0.579
Q10155,Logical Reasoning,Puzzles,Hard,Banking,0.291
Q10156,Logical Reasoning,Seating Arrangement,Medium,"SSC,General",0.432
Q10157,Logical Reasoning,Direction Sense,Easy,"TCS NQT,Banking,SSC",0.817
Q10158,Logical Reasoning,Data Sufficiency,Easy,"Banking,SSC,TCS NQT",0.861
Q10159,Verbal Ability,Sentence Correction,Easy,CAT,0.761
Q10160,Quantitative Aptitude,Logarithms,Medium,"Banking,CAT,TCS NQT",0.505
Q10161,Quantitative Aptitude,Surds & Indices,Hard,"Placements,General",0.38
Q10162,Quantitative Aptitude,Ratio & Proportion,Medium,"TCS NQT,Banking",0.646
Q10163,Quantitative Aptitude,Time & Work,Medium,"Banking,TCS NQT,General",0.609
Q10164,Logical Reasoning,Blood Relations,Hard,CAT,0.261
Q10165,Quantitative Aptitude,Percentages,Easy,"Placements,SSC,General",0.827
Q10166,Verbal Ability,Critical Reasoning,Easy,"TCS NQT,General",0.806
Q10167,Logical Reasoning,Analogy,Hard,"General,TCS NQT",0.305
Q10168,Verbal Ability,Error Spotting,Medium,"TCS NQT,Banking",0.506
Q10169,Verbal Ability,Cloze Test,Hard,General,0.279
Q10170,Logical Reasoning,Seating Arrangement,Medium,"TCS NQT,Banking",0.544
Q10171,Quantitative Aptitude,Percentages,Hard,"Placements,CAT,SSC",0.389
Q10172,Quantitative Aptitude,Progressions (AP/GP),Medium,"Placements,Banking,SSC",0.553
Q10173,Logical Reasoning,Series Completion,Easy,"Banking,Placements",0.813
Q10174,Logical Reasoning,Direction Sense,Hard,"SSC,TCS NQT",0.274
Q10175,Logical Reasoning,Syllogisms,Easy,Placements,0.756
Q10176,Logical Reasoning,Puzzles,Medium,Placements,0.532
Q10177,Verbal Ability,Synonyms & Antonyms,Easy,TCS NQT,0.772
Q10178,Quantitative Aptitude,Algebra,Medium,"TCS NQT,CAT",0.536
Q10179,Data Interpretation,Radar/Spider Charts,Medium,SSC,0.516
Q10180,Quantitative Aptitude,Mensuration,Easy,General,0.854
Q10181,Quantitative Aptitude,Simple Interest,Medium,"General,TCS NQT",0.595
Q10182,Data Interpretation,Tables,Easy,"TCS NQT,Banking",0.78
Q10183,Verbal Ability,Critical Reasoning,Medium,"Banking,General",0.582
Q10184,Quantitative Aptitude,Averages,Medium,Banking,0.509
Q10185,Logical Reasoning,Blood Relations,Hard,Banking,0.27
Q10186,Verbal Ability,Para Summary,Medium,"SSC,Banking",0.543
Q10187,Data Interpretation,Bar Graphs,Medium,General,0.559
Q10188,Data Interpretation,Radar/Spider Charts,Easy,"General,Placements",0.815
Q10189,Logical Reasoning,Coding-Decoding,Hard,"Placements,CAT,General",0.338
Q10190,Quantitative Aptitude,Surds & Indices,Hard,"TCS NQT,Placements,CAT",0.318
Q10191,Verbal Ability,Verbal Analogies,Easy,TCS NQT,0.812
Q10192,Data Interpretation,Data Sufficiency (DI),Medium,"Placements,Banking,SSC",0.581
Q10193,Data Interpretation,Radar/Spider Charts,Medium,Banking,0.527
Q10194,Data Interpretation,Caselets,Easy,"Placements,TCS NQT,General",0.781
Q10195,Quantitative Aptitude,"Time, Speed & Distance",Easy,SSC,0.83
Q10196,Logical Reasoning,Data Sufficiency,Medium,"TCS NQT,Banking,Placements",0.533
Q10197,Data Interpretation,Bar Graphs,Medium,"Banking,General",0.526
Q10198,Data Interpretation,Bar Graphs,Easy,"TCS NQT,SSC",0.846
Q10199,Verbal Ability,Sentence Correction,Medium,Placements,0.528
Q10200,Quantitative Aptitude,"Time, Speed & Distance",Easy,"General,SSC",0.739
Q10201,Logical Reasoning,Series Completion,Hard,"TCS NQT,SSC",0.383
Q10202,Quantitative Aptitude,Progressions (AP/GP),Easy,"CAT,General,SSC",0.91
Q10203,Logical Reasoning,Input-Output,Hard,"CAT,Placements",0.283
Q10204,Logical Reasoning,Statement & Conclusion,Medium,CAT,0.591
Q10205,Verbal Ability,Reading Comprehension,Medium,"General,Placements",0.592
Q10206,Logical Reasoning,Cubes & Dice,Easy,"General,CAT,Banking",0.798
Q10207,Quantitative Aptitude,Partnership,Medium,SSC,0.542
Q10208,Quantitative Aptitude,Probability,Hard,"General,Placements,Banking",0.259
Q10209,Quantitative Aptitude,Averages,Medium,"TCS NQT,CAT,General",0.63
Q10210,Quantitative Aptitude,Partnership,Medium,"General,SSC",0.465
Q10211,Verbal Ability,Verbal Analogies,Easy,"SSC,TCS NQT",0.813
Q10212,Quantitative Aptitude,Set Theory,Medium,"SSC,TCS NQT,General",0.561
Q10213,Logical Reasoning,Coding-Decoding,Easy,TCS NQT,0.81
Q10214,Logical Reasoning,Statement & Assumption,Hard,"TCS NQT,Placements",0.297
Q10215,Verbal Ability,Para Jumbles,Easy,Banking,0.81
Q10216,Logical Reasoning,Series Completion,Easy,"Banking,SSC,General",0.781
Q10217,Verbal Ability,Synonyms & Antonyms,Hard,"Banking,General",0.259
Q10218,Quantitative Aptitude,Geometry,Hard,"Banking,General,TCS NQT",0.341
Q10219,Data Interpretation,Mixed DI Sets,Easy,"Placements,SSC,Banking",0.782
Q10220,Quantitative Aptitude,Profit & Loss,Easy,SSC,0.818
Q10221,Quantitative Aptitude,Profit & Loss,Hard,"SSC,TCS NQT",0.222
Q10222,Verbal Ability,Para Jumbles,Hard,"SSC,Placements,CAT",0.326
Q10223,Quantitative Aptitude,Probability,Medium,"TCS NQT,SSC,Placements",0.598
Q10224,Verbal Ability,Para Summary,Easy,"Placements,General",0.85
Q10225,Quantitative Aptitude,"Time, Speed & Distance",Hard,"TCS NQT,CAT,Banking",0.285
Q10226,Quantitative Aptitude,Quadratic Equations,Hard,SSC,0.327
Q10227,Logical Reasoning,Blood Relations,Easy,CAT,0.751
Q10228,Logical Reasoning,Seating Arrangement,Medium,Placements,0.46
Q10229,Quantitative Aptitude,Logarithms,Hard,SSC,0.317
Q10230,Quantitative Aptitude,Mixtures & Alligations,Easy,"CAT,SSC,TCS NQT",0.841
Q10231,Quantitative Aptitude,Time & Work,Easy,"Placements,Banking,SSC",0.812
Q10232,Logical Reasoning,Analogy,Medium,"Placements,CAT,SSC",0.55
Q10233,Verbal Ability,Verbal Analogies,Easy,"CAT,General,TCS NQT",0.803
Q10234,Quantitative Aptitude,Pipes & Cisterns,Hard,"Banking,CAT,General",0.338
Q10235,Verbal Ability,Critical Reasoning,Medium,"General,TCS NQT",0.627
Q10236,Quantitative Aptitude,Number System,Hard,"General,TCS NQT",0.325
Q10237,Data Interpretation,Pie Charts,Medium,"Banking,Placements",0.591
Q10238,Logical Reasoning,Blood Relations,Hard,"Banking,TCS NQT",0.321
Q10239,Verbal Ability,Verbal Analogies,Medium,"Banking,Placements",0.562
Q10240,Quantitative Aptitude,Quadratic Equations,Medium,"Placements,CAT",0.651
Q10241,Logical Reasoning,Ranking & Order,Medium,CAT,0.557
Q10242,Verbal Ability,Synonyms & Antonyms,Hard,Banking,0.24
Q10243,Data Interpretation,Line Graphs,Hard,"SSC,Placements",0.333
Q10244,Quantitative Aptitude,Surds & Indices,Easy,CAT,0.775
Q10245,Quantitative Aptitude,Linear Equations,Hard,"Banking,TCS NQT,General",0.322
Q10246,Data Interpretation,Line Graphs,Medium,"SSC,TCS NQT",0.473
Q10247,Logical Reasoning,Analogy,Easy,General,0.768
Q10248,Logical Reasoning,Data Sufficiency,Medium,"General,Banking",0.53
Q10249,Quantitative Aptitude,Logarithms,Hard,Placements,0.274
Q10250,Logical Reasoning,Analogy,Hard,"CAT,General",0.244
Q10251,Verbal Ability,Para Jumbles,Easy,"SSC,General,CAT",0.791
Q10252,Verbal Ability,Odd One Out,Easy,"Banking,Placements,TCS NQT",0.7
Q10253,Logical Reasoning,Input-Output,Easy,TCS NQT,0.779
Q10254,Quantitative Aptitude,Geometry,Medium,"SSC,Banking,TCS NQT",0.514
Q10255,Data Interpretation,Pie Charts,Easy,TCS NQT,0.781
Q10256,Verbal Ability,Fill in the Blanks,Medium,"TCS NQT,Banking,Placements",0.548
Q10257,Verbal Ability,Fill in the Blanks,Medium,"Banking,General,SSC",0.541
Q10258,Logical Reasoning,Series Completion,Medium,"Placements,Banking,SSC",0.591
Q10259,Logical Reasoning,Statement & Conclusion,Easy,"CAT,Placements",0.769
Q10260,Logical Reasoning,Ranking & Order,Medium,Placements,0.536
Q10261,Quantitative Aptitude,Trigonometry,Medium,"Banking,General",0.535
Q10262,Quantitative Aptitude,Linear Equations,Hard,"Banking,SSC,TCS NQT",0.337
Q10263,Verbal Ability,Idioms & Phrases,Easy,"General,Banking",0.885
Q10264,Logical Reasoning,Ranking & Order,Medium,"SSC,TCS NQT,General",0.505
Q10265,Logical Reasoning,Cubes & Dice,Medium,"CAT,SSC,TCS NQT",0.609
Q10266,Data Interpretation,Tables,Medium,"Banking,SSC",0.5
Q10267,Verbal Ability,Fill in the Blanks,Easy,"CAT,Placements,SSC",0.815
Q10268,Quantitative Aptitude,Number System,Easy,"Placements,Banking",0.793
Q10269,Logical Reasoning,Analogy,Medium,TCS NQT,0.491
Q10270,Quantitative Aptitude,Set Theory,Medium,TCS NQT,0.575
Q10271,Logical Reasoning,Statement & Conclusion,Medium,"General,TCS NQT,Banking",0.603
Q10272,Quantitative Aptitude,Algebra,Medium,General,0.66
Q10273,Quantitative Aptitude,Logarithms,Easy,"SSC,CAT",0.756
Q10274,Logical Reasoning,Statement & Assumption,Easy,"SSC,General",0.848
Q10275,Logical Reasoning,Syllogisms,Easy,"TCS NQT,CAT",0.843
Q10276,Verbal Ability,Fill in the Blanks,Medium,TCS NQT,0.564
Q10277,Logical Reasoning,Series Completion,Medium,General,0.561
Q10278,Verbal Ability,Idioms & Phrases,Easy,"Banking,TCS NQT",0.847
Q10279,Data Interpretation,Tables,Easy,General,0.769
Q10280,Verbal Ability,Verbal Analogies,Medium,Placements,0.631
Q10281,Quantitative Aptitude,Geometry,Medium,"Banking,SSC,CAT",0.573
Q10282,Verbal Ability,Error Spotting,Easy,"CAT,Banking",0.715
Q10283,Logical Reasoning,Statement & Assumption,Medium,"Placements,CAT",0.557
Q10284,Logical Reasoning,Statement & Conclusion,Easy,SSC,0.797
Q10285,Quantitative Aptitude,Number System,Medium,"Banking,Placements,TCS NQT",0.491
Q10286,Quantitative Aptitude,Partnership,Medium,"CAT,SSC",0.526
Q10287,Logical Reasoning,Puzzles,Easy,General,0.827
Q10288,Data Interpretation,Line Graphs,Hard,"SSC,TCS NQT",0.306
Q10289,Verbal Ability,Sentence Correction,Easy,"Banking,TCS NQT,General",0.79
Q10290,Verbal Ability,Sentence Correction,Hard,SSC,0.241
Q10291,Quantitative Aptitude,Quadratic Equations,Medium,"SSC,Banking",0.513
Q10292,Logical Reasoning,Statement & Conclusion,Easy,"Banking,General,CAT",0.901
Q10293,Data Interpretation,Tables,Medium,Placements,0.475
Q10294,Logical Reasoning,Analogy,Easy,TCS NQT,0.809
Q10295,Quantitative Aptitude,Logarithms,Easy,"SSC,CAT",0.842
Q10296,Quantitative Aptitude,Algebra,Easy,"Placements,CAT,SSC",0.788
Q10297,Data Interpretation,Pie Charts,Easy,CAT,0.824
Q10298,Quantitative Aptitude,Number System,Medium,General,0.575
Q10299,Logical Reasoning,Analogy,Hard,"CAT,Banking",0.281
Q10300,Quantitative Aptitude,Probability,Medium,General,0.493
Q10301,Verbal Ability,Verbal Analogies,Medium,"CAT,Banking",0.599
Q10302,Verbal Ability,Critical Reasoning,Easy,"SSC,TCS NQT,Banking",0.87
Q10303,Logical Reasoning,Analogy,Easy,"General,Banking,Placements",0.887
Q10304,Verbal Ability,Idioms & Phrases,Medium,Placements,0.52
Q10305,Quantitative Aptitude,Number System,Medium,"CAT,SSC",0.576
Q10306,Quantitative Aptitude,Averages,Medium,SSC,0.542
Q10307,Verbal Ability,Odd One Out,Hard,"SSC,General,Banking",0.2
Q10308,Logical Reasoning,Series Completion,Easy,"CAT,SSC",0.756
Q10309,Verbal Ability,Cloze Test,Hard,"General,Placements,Banking",0.308
Q10310,Data Interpretation,Bar Graphs,Easy,Banking,0.748
Q10311,Logical Reasoning,Blood Relations,Hard,"Banking,TCS NQT,General",0.302
Q10312,Quantitative Aptitude,Algebra,Easy,"Banking,CAT",0.847
Q10313,Logical Reasoning,Analogy,Easy,General,0.821
Q10314,Verbal Ability,Error Spotting,Hard,"General,CAT,Placements",0.273
Q10315,Quantitative Aptitude,Logarithms,Easy,Placements,0.826
Q10316,Verbal Ability,Error Spotting,Hard,"CAT,Placements",0.339
Q10317,Data Interpretation,Pie Charts,Medium,Placements,0.583
Q10318,Verbal Ability,Odd One Out,Easy,"SSC,General",0.711
Q10319,Verbal Ability,Verbal Analogies,Easy,"TCS NQT,General,SSC",0.857
Q10320,Quantitative Aptitude,Surds & Indices,Medium,General,0.55
Q10321,Quantitative Aptitude,Pipes & Cisterns,Hard,Placements,0.318
Q10322,Quantitative Aptitude,Trigonometry,Easy,"TCS NQT,Banking",0.829
Q10323,Logical Reasoning,Blood Relations,Medium,"General,TCS NQT",0.516
Q10324,Quantitative Aptitude,Number System,Medium,"TCS NQT,CAT",0.585
Q10325,Quantitative Aptitude,Percentages,Medium,"Banking,SSC,CAT",0.629
Q10326,Quantitative Aptitude,Number System,Hard,"SSC,CAT",0.325
Q10327,Quantitative Aptitude,Trigonometry,Easy,Banking,0.786
Q10328,Quantitative Aptitude,Permutation & Combination,Easy,TCS NQT,0.805
Q10329,Logical Reasoning,Clocks & Calendars,Hard,"TCS NQT,SSC",0.406
Q10330,Quantitative Aptitude,Permutation & Combination,Easy,CAT,0.857
Q10331,Quantitative Aptitude,Ratio & Proportion,Hard,"TCS NQT,SSC",0.324
Q10332,Data Interpretation,Radar/Spider Charts,Medium,Banking,0.503
Q10333,Verbal Ability,Fill in the Blanks,Medium,"SSC,CAT,General",0.501
Q10334,Verbal Ability,Critical Reasoning,Easy,"Placements,Banking,General",0.768
Q10335,Quantitative Aptitude,Permutation & Combination,Hard,TCS NQT,0.26
Q10336,Data Interpretation,Bar Graphs,Medium,CAT,0.46
Q10337,Logical Reasoning,Cubes & Dice,Hard,"TCS NQT,Placements,Banking",0.247
Q10338,Logical Reasoning,Statement & Conclusion,Medium,General,0.512
Q10339,Quantitative Aptitude,Profit & Loss,Medium,"Banking,TCS NQT",0.488
Q10340,Verbal Ability,Fill in the Blanks,Easy,"TCS NQT,General,SSC",0.763
Q10341,Verbal Ability,Critical Reasoning,Medium,"CAT,TCS NQT",0.515
Q10342,Quantitative Aptitude,Probability,Easy,"TCS NQT,SSC,Placements",0.757
Q10343,Verbal Ability,Reading Comprehension,Medium,Placements,0.569
Q10344,Data Interpretation,Bar Graphs,Easy,"General,SSC",0.744
Q10345,Logical Reasoning,Input-Output,Medium,General,0.528
Q10346,Quantitative Aptitude,Algebra,Medium,Banking,0.607
Q10347,Quantitative Aptitude,Logarithms,Medium,"CAT,General,SSC",0.4
Q10348,Quantitative Aptitude,Time & Work,Medium,General,0.506
Q10349,Quantitative Aptitude,Percentages,Medium,TCS NQT,0.574
Q10350,Quantitative Aptitude,Logarithms,Medium,"TCS NQT,Banking,General",0.488
Q10351,Logical Reasoning,Series Completion,Medium,CAT,0.507
Q10352,Verbal Ability,Verbal Analogies,Medium,Placements,0.638
Q10353,Logical Reasoning,Data Sufficiency,Hard,"SSC,General",0.306
Q10354,Quantitative Aptitude,Number System,Medium,CAT,0.614
Q10355,Logical Reasoning,Cubes & Dice,Medium,"General,TCS NQT,CAT",0.616
Q10356,Verbal Ability,Fill in the Blanks,Medium,"CAT,Placements",0.617
Q10357,Quantitative Aptitude,Surds & Indices,Easy,"Placements,General",0.739
Q10358,Verbal Ability,Reading Comprehension,Easy,Placements,0.887
Q10359,Quantitative Aptitude,Set Theory,Medium,"SSC,Placements,CAT",0.463
Q10360,Logical Reasoning,Venn Diagrams,Easy,CAT,0.8
Q10361,Quantitative Aptitude,Mixtures & Alligations,Easy,Placements,0.853
Q10362,Quantitative Aptitude,Profit & Loss,Easy,"TCS NQT,Placements,CAT",0.811
Q10363,Verbal Ability,Error Spotting,Hard,"TCS NQT,Placements",0.284
Q10364,Quantitative Aptitude,Percentages,Easy,"TCS NQT,CAT",0.75
Q10365,Verbal Ability,Error Spotting,Hard,TCS NQT,0.346
Q10366,Quantitative Aptitude,Ratio & Proportion,Easy,SSC,0.792
Q10367,Verbal Ability,Critical Reasoning,Medium,"SSC,Banking,Placements",0.607
Q10368,Quantitative Aptitude,Permutation & Combination,Medium,"Banking,General",0.489
Q10369,Quantitative Aptitude,Logarithms,Medium,"Placements,TCS NQT",0.568
Q10370,Quantitative Aptitude,Permutation & Combination,Medium,"Placements,SSC,TCS NQT",0.454
Q10371,Verbal Ability,Cloze Test,Easy,"SSC,Placements,CAT",0.765
Q10372,Logical Reasoning,Data Sufficiency,Medium,TCS NQT,0.508
Q10373,Quantitative Aptitude,Time & Work,Medium,"Placements,General",0.638
Q10374,Logical Reasoning,Direction Sense,Easy,"SSC,Placements",0.722
Q10375,Quantitative Aptitude,Progressions (AP/GP),Easy,"CAT,TCS NQT",0.896
Q10376,Quantitative Aptitude,Algebra,Easy,SSC,0.846
Q10377,Quantitative Aptitude,Linear Equations,Hard,"Banking,General,CAT",0.311
Q10378,Verbal Ability,Fill in the Blanks,Hard,"TCS NQT,CAT",0.232
Q10379,Verbal Ability,Sentence Correction,Easy,TCS NQT,0.828
Q10380,Verbal Ability,Para Jumbles,Easy,"Banking,TCS NQT,SSC",0.837
Q10381,Quantitative Aptitude,Mixtures & Alligations,Medium,"General,TCS NQT",0.559
Q10382,Quantitative Aptitude,Mensuration,Medium,"CAT,SSC",0.613
Q10383,Verbal Ability,Reading Comprehension,Medium,"SSC,TCS NQT,General",0.542
Q10384,Quantitative Aptitude,Progressions (AP/GP),Hard,"CAT,SSC,General",0.325
Q10385,Quantitative Aptitude,Permutation & Combination,Medium,"Placements,SSC,TCS NQT",0.531
Q10386,Verbal Ability,Para Summary,Easy,"SSC,CAT,Placements",0.838
Q10387,Verbal Ability,Fill in the Blanks,Easy,Banking,0.865
Q10388,Logical Reasoning,Input-Output,Medium,"SSC,General,TCS NQT",0.607
Q10389,Data Interpretation,Tables,Medium,"SSC,TCS NQT",0.547
Q10390,Logical Reasoning,Seating Arrangement,Easy,TCS NQT,0.827
Q10391,Data Interpretation,Line Graphs,Easy,"Placements,Banking,TCS NQT",0.731
Q10392,Logical Reasoning,Venn Diagrams,Hard,"Banking,General",0.252
Q10393,Logical Reasoning,Analogy,Hard,"SSC,General",0.355
Q10394,Logical Reasoning,Coding-Decoding,Easy,"SSC,CAT",0.788
Q10395,Logical Reasoning,Direction Sense,Medium,TCS NQT,0.506
Q10396,Quantitative Aptitude,Mensuration,Easy,SSC,0.75
Q10397,Verbal Ability,Error Spotting,Medium,"Placements,Banking,TCS NQT",0.516
Q10398,Quantitative Aptitude,Logarithms,Medium,CAT,0.438
Q10399,Verbal Ability,Odd One Out,Easy,General,0.778
Q10400,Verbal Ability,Critical Reasoning,Medium,"SSC,TCS NQT",0.492
Q10401,Data Interpretation,Caselets,Hard,"SSC,TCS NQT,Banking",0.327
Q10402,Logical Reasoning,Cubes & Dice,Easy,"General,CAT",0.677
Q10403,Quantitative Aptitude,Geometry,Easy,"Placements,General",0.788
Q10404,Quantitative Aptitude,Surds & Indices,Hard,"SSC,Banking,TCS NQT",0.284
Q10405,Data Interpretation,Pie Charts,Easy,SSC,0.751
Q10406,Logical Reasoning,Data Sufficiency,Medium,"Placements,SSC,CAT",0.48
Q10407,Logical Reasoning,Coding-Decoding,Hard,"Banking,General",0.302
Q10408,Quantitative Aptitude,Averages,Medium,"General,CAT,Banking",0.547
Q10409,Verbal Ability,Critical Reasoning,Hard,Placements,0.347
Q10410,Verbal Ability,Synonyms & Antonyms,Easy,"Placements,Banking",0.837
Q10411,Verbal Ability,Para Summary,Medium,"Placements,CAT",0.662
Q10412,Verbal Ability,Critical Reasoning,Hard,"CAT,Placements",0.402
Q10413,Quantitative Aptitude,Averages,Hard,Banking,0.272
Q10414,Verbal Ability,Cloze Test,Easy,CAT,0.834
Q10415,Quantitative Aptitude,Algebra,Medium,"SSC,General",0.551
Q10416,Data Interpretation,Venn-based DI,Hard,SSC,0.365
Q10417,Data Interpretation,Mixed DI Sets,Medium,"TCS NQT,SSC",0.533
Q10418,Quantitative Aptitude,Linear Equations,Easy,"Placements,CAT",0.818
Q10419,Verbal Ability,Para Summary,Easy,"General,Placements,TCS NQT",0.808
Q10420,Verbal Ability,Fill in the Blanks,Hard,"Banking,General,TCS NQT",0.293
Q10421,Quantitative Aptitude,Permutation & Combination,Medium,TCS NQT,0.509
Q10422,Quantitative Aptitude,Logarithms,Medium,"CAT,SSC",0.477
Q10423,Logical Reasoning,Seating Arrangement,Easy,TCS NQT,0.852
Q10424,Verbal Ability,Para Summary,Medium,"CAT,SSC,Placements",0.596
Q10425,Data Interpretation,Pie Charts,Hard,"CAT,SSC",0.199
Q10426,Quantitative Aptitude,Algebra,Medium,"Banking,TCS NQT,SSC",0.644
Q10427,Logical Reasoning,Coding-Decoding,Hard,General,0.255
Q10428,Verbal Ability,Error Spotting,Medium,"Banking,TCS NQT,Placements",0.528
Q10429,Quantitative Aptitude,Ratio & Proportion,Medium,"TCS NQT,Banking",0.504
Q10430,Logical Reasoning,Syllogisms,Hard,"General,Placements,CAT",0.31
Q10431,Logical Reasoning,Input-Output,Medium,TCS NQT,0.55
Q10432,Quantitative Aptitude,Progressions (AP/GP),Medium,"TCS NQT,General,SSC",0.584
Q10433,Data Interpretation,Bar Graphs,Easy,CAT,0.744
Q10434,Logical Reasoning,Data Sufficiency,Medium,"TCS NQT,Placements",0.534
Q10435,Data Interpretation,Pie Charts,Medium,CAT,0.599
Q10436,Quantitative Aptitude,Linear Equations,Medium,Placements,0.558
Q10437,Verbal Ability,Reading Comprehension,Easy,Banking,0.801
Q10438,Logical Reasoning,Clocks & Calendars,Easy,CAT,0.737
Q10439,Data Interpretation,Tables,Medium,"General,Placements,TCS NQT",0.534
Q10440,Data Interpretation,Data Sufficiency (DI),Medium,Banking,0.569
Q10441,Verbal Ability,Verbal Analogies,Medium,Placements,0.678
Q10442,Verbal Ability,Reading Comprehension,Hard,"General,Placements,Banking",0.28
Q10443,Quantitative Aptitude,Permutation & Combination,Hard,General,0.307
Q10444,Quantitative Aptitude,Profit & Loss,Hard,"TCS NQT,General,Placements",0.333
Q10445,Logical Reasoning,Clocks & Calendars,Hard,"Banking,TCS NQT",0.281
Q10446,Data Interpretation,Pie Charts,Easy,"Banking,General",0.922
Q10447,Quantitative Aptitude,Quadratic Equations,Hard,General,0.322
Q10448,Quantitative Aptitude,Averages,Medium,General,0.508
Q10449,Verbal Ability,Reading Comprehension,Medium,"Placements,SSC,CAT",0.487
Q10450,Verbal Ability,Synonyms & Antonyms,Medium,"Placements,Banking",0.452
Q10451,Quantitative Aptitude,Geometry,Hard,"Banking,SSC",0.21
Q10452,Logical Reasoning,Direction Sense,Easy,"Banking,SSC,TCS NQT",0.752
Q10453,Quantitative Aptitude,Number System,Easy,"Banking,TCS NQT",0.778
Q10454,Logical Reasoning,Series Completion,Medium,"Placements,Banking,TCS NQT",0.526
Q10455,Verbal Ability,Para Summary,Easy,Banking,0.795
Q10456,Verbal Ability,Verbal Analogies,Easy,"SSC,TCS NQT,CAT",0.817
Q10457,Verbal Ability,Cloze Test,Easy,"TCS NQT,Banking,General",0.795
Q10458,Logical Reasoning,Clocks & Calendars,Medium,"TCS NQT,General",0.447
Q10459,Quantitative Aptitude,Time & Work,Medium,"Banking,TCS NQT",0.625
Q10460,Quantitative Aptitude,Mensuration,Easy,"CAT,SSC,TCS NQT",0.895
Q10461,Quantitative Aptitude,Quadratic Equations,Medium,"Placements,TCS NQT,SSC",0.535
Q10462,Quantitative Aptitude,Ratio & Proportion,Medium,SSC,0.636
Q10463,Quantitative Aptitude,Algebra,Medium,"Banking,SSC",0.547
Q10464,Verbal Ability,Cloze Test,Easy,Placements,0.737
Q10465,Quantitative Aptitude,Logarithms,Medium,"CAT,Placements",0.556
Q10466,Verbal Ability,Cloze Test,Easy,"TCS NQT,CAT",0.77
Q10467,Logical Reasoning,Ranking & Order,Hard,"TCS NQT,Banking",0.307
Q10468,Quantitative Aptitude,Quadratic Equations,Medium,"General,TCS NQT",0.55
Q10469,Verbal Ability,Para Jumbles,Hard,General,0.287
Q10470,Quantitative Aptitude,Probability,Hard,Placements,0.276
Q10471,Logical Reasoning,Direction Sense,Hard,General,0.265
Q10472,Quantitative Aptitude,Set Theory,Medium,"General,Placements,SSC",0.531
Q10473,Verbal Ability,Para Summary,Medium,"Banking,Placements,TCS NQT",0.542
Q10474,Verbal Ability,Reading Comprehension,Medium,Banking,0.564
Q10475,Quantitative Aptitude,"Time, Speed & Distance",Easy,Banking,0.778
Q10476,Data Interpretation,Venn-based DI,Hard,"CAT,Banking",0.293
Q10477,Verbal Ability,Cloze Test,Medium,"CAT,Placements,Banking",0.546
Q10478,Verbal Ability,Odd One Out,Medium,"General,TCS NQT",0.547
Q10479,Verbal Ability,Fill in the Blanks,Medium,"TCS NQT,Placements",0.496
Q10480,Verbal Ability,Reading Comprehension,Medium,"SSC,General",0.536
Q10481,Verbal Ability,Verbal Analogies,Medium,"General,SSC",0.521
Q10482,Verbal Ability,Cloze Test,Medium,"General,Banking",0.525
Q10483,Logical Reasoning,Data Sufficiency,Medium,"TCS NQT,Banking",0.472
Q10484,Logical Reasoning,Blood Relations,Easy,SSC,0.815
Q10485,Logical Reasoning,Venn Diagrams,Medium,General,0.531
Q10486,Logical Reasoning,Direction Sense,Easy,"General,Banking",0.742
Q10487,Data Interpretation,Data Sufficiency (DI),Easy,"General,SSC",0.747
Q10488,Verbal Ability,Verbal Analogies,Hard,"Placements,Banking",0.323
Q10489,Logical Reasoning,Statement & Assumption,Hard,Banking,0.27
Q10490,Quantitative Aptitude,Percentages,Easy,"Banking,CAT",0.779
Q10491,Logical Reasoning,Statement & Conclusion,Medium,"SSC,Placements",0.632
Q10492,Quantitative Aptitude,Averages,Easy,"Placements,CAT",0.765
Q10493,Logical Reasoning,Syllogisms,Medium,"Placements,CAT",0.47
Q10494,Data Interpretation,Venn-based DI,Easy,"Banking,SSC",0.803
Q10495,Quantitative Aptitude,Mensuration,Medium,"CAT,SSC,Placements",0.477
Q10496,Verbal Ability,Reading Comprehension,Medium,SSC,0.546
Q10497,Quantitative Aptitude,Profit & Loss,Easy,"TCS NQT,CAT,SSC",0.825
Q10498,Verbal Ability,Cloze Test,Easy,"CAT,SSC,Banking",0.875
Q10499,Verbal Ability,Fill in the Blanks,Easy,"CAT,Placements,TCS NQT",0.849
Q10500,Verbal Ability,Fill in the Blanks,Easy,"SSC,CAT,TCS NQT",0.735
