user_id,section,total_attempts,raw_correct,num_subtopics_attempted,avg_weighted_accuracy,avg_time_sec,total_guessing,raw_accuracy,guessing_rate
U00001,Data Interpretation,19,15,7,0.8157909439912808,24.185714285714287,0,0.7894736842105263,0.0
U00001,Logical Reasoning,54,45,15,0.8298178204565363,33.59,1,0.8333333333333334,0.018518518518518517
U00001,Quantitative Aptitude,52,17,23,0.36898447771335474,67.76376811594203,0,0.3269230769230769,0.0
U00001,Verbal Ability,32,12,11,0.39158056874419744,58.78333333333333,0,0.375,0.0
U00002,Data Interpretation,13,7,8,0.5786727784075681,49.604166666666664,0,0.5384615384615384,0.0
U00002,Logical Reasoning,36,15,15,0.5012476076829933,68.75,0,0.4166666666666667,0.0
U00002,Quantitative Aptitude,42,28,19,0.5915742935205226,34.03771929824561,3,0.6666666666666666,0.07142857142857142
U00002,Verbal Ability,22,14,11,0.6037338644074768,66.79545454545455,0,0.6363636363636364,0.0
U00003,Data Interpretation,12,4,6,0.3433379814193948,50.013888888888886,1,0.3333333333333333,0.08333333333333333
U00003,Logical Reasoning,27,15,13,0.3539059189822992,63.88461538461539,1,0.5555555555555556,0.037037037037037035
U00003,Quantitative Aptitude,41,19,18,0.5114976193379066,66.02777777777777,0,0.4634146341463415,0.0
U00003,Verbal Ability,26,11,12,0.41501274566745505,64.74305555555556,0,0.4230769230769231,0.0
U00004,Data Interpretation,6,3,5,0.4006007588618631,53.6,0,0.5,0.0
U00004,Logical Reasoning,8,6,7,0.7142857142857143,54.285714285714285,0,0.75,0.0
U00004,Quantitative Aptitude,13,10,10,0.7557331427988507,31.333333333333332,0,0.7692307692307693,0.0
U00004,Verbal Ability,7,2,5,0.18331785594572786,47.2,1,0.2857142857142857,0.14285714285714285
U00005,Data Interpretation,3,2,3,0.6666666666666666,48.0,0,0.6666666666666666,0.0
U00005,Logical Reasoning,2,1,2,0.5,19.5,0,0.5,0.0
U00005,Quantitative Aptitude,3,3,3,1.0,28.333333333333332,0,1.0,0.0
U00005,Verbal Ability,3,2,3,0.6666666666666666,61.333333333333336,0,0.6666666666666666,0.0
U00006,Data Interpretation,14,6,9,0.4713484339583075,56.333333333333336,0,0.42857142857142855,0.0
U00006,Logical Reasoning,21,13,11,0.6353876180402144,59.93181818181818,1,0.6190476190476191,0.047619047619047616
U00006,Quantitative Aptitude,38,23,20,0.6066167763642639,54.458333333333336,1,0.6052631578947368,0.02631578947368421
U00006,Verbal Ability,28,14,10,0.5073476196819325,58.11666666666666,0,0.5,0.0
U00007,Data Interpretation,78,43,9,0.572708923341235,41.461485890652554,3,0.5512820512820513,0.038461538461538464
U00007,Logical Reasoning,132,85,16,0.6905410989024467,44.60121076839827,3,0.6439393939393939,0.022727272727272728
U00007,Quantitative Aptitude,177,87,24,0.4685969740221924,74.77025613275613,1,0.4915254237288136,0.005649717514124294
U00007,Verbal Ability,134,84,12,0.7334362461277727,49.30278361344538,1,0.6268656716417911,0.007462686567164179
U00008,Data Interpretation,8,5,6,0.6857638778149037,50.75,0,0.625,0.0
U00008,Logical Reasoning,14,9,11,0.6363636363636364,28.636363636363637,2,0.6428571428571429,0.14285714285714285
U00008,Quantitative Aptitude,27,10,17,0.39055907209830426,60.76960784313725,1,0.37037037037037035,0.037037037037037035
U00008,Verbal Ability,10,7,8,0.6864378348331489,43.125,0,0.7,0.0
U00009,Data Interpretation,26,10,9,0.3511690067012612,76.61296296296297,0,0.38461538461538464,0.0
U00009,Logical Reasoning,49,39,16,0.7916888260712748,35.119791666666664,2,0.7959183673469388,0.04081632653061224
U00009,Quantitative Aptitude,57,40,21,0.7506267474935004,48.2031746031746,1,0.7017543859649122,0.017543859649122806
U00009,Verbal Ability,36,20,12,0.5512114750803969,58.05555555555555,0,0.5555555555555556,0.0
U00010,Data Interpretation,4,1,4,0.25,59.75,0,0.25,0.0
U00010,Logical Reasoning,10,6,8,0.52874828397688,47.25,0,0.6,0.0
U00010,Quantitative Aptitude,20,13,14,0.6977522080582895,31.928571428571427,3,0.65,0.15
U00010,Verbal Ability,13,8,8,0.5937533783777436,67.66666666666667,0,0.6153846153846154,0.0
U00011,Data Interpretation,18,8,7,0.3662463612376968,48.297619047619044,0,0.4444444444444444,0.0
U00011,Logical Reasoning,44,27,16,0.6599089020729237,52.1625,0,0.6136363636363636,0.0
U00011,Quantitative Aptitude,35,18,21,0.5243049412259295,54.67460317460318,0,0.5142857142857142,0.0
U00011,Verbal Ability,35,27,12,0.7208355550299043,38.49722222222223,0,0.7714285714285715,0.0
U00012,Data Interpretation,9,6,6,0.6670618161042707,42.05555555555556,0,0.6666666666666666,0.0
U00012,Logical Reasoning,21,13,13,0.7007113829250967,44.28205128205128,2,0.6190476190476191,0.09523809523809523
U00012,Quantitative Aptitude,11,7,10,0.6581412488928485,58.1,0,0.6363636363636364,0.0
U00012,Verbal Ability,12,7,7,0.6465476486856652,94.5,0,0.5833333333333334,0.0
U00013,Data Interpretation,6,1,5,0.2,80.0,0,0.16666666666666666,0.0
U00013,Logical Reasoning,12,6,10,0.4907483333157561,50.65,0,0.5,0.0
U00013,Quantitative Aptitude,28,15,16,0.5638387860799914,79.65104166666667,0,0.5357142857142857,0.0
U00013,Verbal Ability,12,9,7,0.7897754521887252,30.928571428571427,1,0.75,0.08333333333333333
U00014,Data Interpretation,11,7,6,0.6066043663279761,69.0,0,0.6363636363636364,0.0
U00014,Logical Reasoning,5,3,4,0.7063766396887543,50.375,0,0.6,0.0
U00014,Quantitative Aptitude,20,11,12,0.5542882787506572,67.34722222222221,0,0.55,0.0
U00014,Verbal Ability,20,9,9,0.579526983154171,68.41666666666667,0,0.45,0.0
U00015,Data Interpretation,14,8,9,0.5924607511323304,67.33333333333333,0,0.5714285714285714,0.0
U00015,Logical Reasoning,23,16,13,0.7873000368486305,44.410256410256416,0,0.6956521739130435,0.0
U00015,Quantitative Aptitude,22,12,15,0.5031517840851655,43.71111111111111,0,0.5454545454545454,0.0
U00015,Verbal Ability,18,10,9,0.640238281884015,64.68518518518519,0,0.5555555555555556,0.0
U00016,Data Interpretation,52,22,9,0.3667996864997932,76.8462962962963,0,0.4230769230769231,0.0
U00016,Logical Reasoning,69,38,16,0.5322767196312868,69.59010416666666,0,0.5507246376811594,0.0
U00016,Quantitative Aptitude,120,63,24,0.5192795099497263,61.015443121693124,0,0.525,0.0
U00016,Verbal Ability,78,38,12,0.5277792875347372,79.2844246031746,0,0.48717948717948717,0.0
U00017,Data Interpretation,45,20,9,0.46140424336087843,48.040079365079364,1,0.4444444444444444,0.022222222222222223
U00017,Logical Reasoning,76,38,16,0.5218716941779862,71.57537202380952,1,0.5,0.013157894736842105
U00017,Quantitative Aptitude,109,67,24,0.638302404284588,44.958333333333336,2,0.6146788990825688,0.01834862385321101
U00017,Verbal Ability,87,31,12,0.2899139038794475,67.88333333333334,0,0.3563218390804598,0.0
U00018,Data Interpretation,22,11,9,0.5140064747713613,71.4074074074074,0,0.5,0.0
U00018,Logical Reasoning,43,14,15,0.2868544896625859,82.11333333333333,0,0.32558139534883723,0.0
U00018,Quantitative Aptitude,65,32,22,0.50318555882761,63.834090909090904,1,0.49230769230769234,0.015384615384615385
U00018,Verbal Ability,52,31,12,0.5931242967167519,46.462698412698415,1,0.5961538461538461,0.019230769230769232
U00019,Data Interpretation,32,27,9,0.8099439806084637,38.41851851851852,1,0.84375,0.03125
U00019,Logical Reasoning,47,28,15,0.6685745125702999,53.14888888888889,0,0.5957446808510638,0.0
U00019,Quantitative Aptitude,68,43,23,0.6214318700578351,67.2731884057971,0,0.6323529411764706,0.0
U00019,Verbal Ability,39,19,11,0.41012669778918326,56.81818181818182,0,0.48717948717948717,0.0
U00020,Data Interpretation,70,59,9,0.7444203790215956,25.23632897603486,3,0.8428571428571429,0.04285714285714286
U00020,Logical Reasoning,106,72,16,0.6843630845043159,45.095098304473304,0,0.6792452830188679,0.0
U00020,Quantitative Aptitude,168,87,24,0.3951511154778303,43.47197420634921,4,0.5178571428571429,0.023809523809523808
U00020,Verbal Ability,109,40,12,0.35018605126128616,86.00198412698414,0,0.3669724770642202,0.0
U00021,Data Interpretation,35,23,9,0.6750389958597479,29.07222222222222,5,0.6571428571428571,0.14285714285714285
U00021,Logical Reasoning,64,43,16,0.6386475702308754,31.135416666666668,9,0.671875,0.140625
U00021,Quantitative Aptitude,93,46,24,0.5044955324440137,57.57228835978836,2,0.4946236559139785,0.021505376344086023
U00021,Verbal Ability,61,40,12,0.6808764624418764,34.63482142857143,0,0.6557377049180327,0.0
U00022,Data Interpretation,1,1,1,1.0,76.0,0,1.0,0.0
U00022,Logical Reasoning,6,6,6,1.0,67.83333333333333,0,1.0,0.0
U00022,Quantitative Aptitude,5,0,5,0.0,77.4,0,0.0,0.0
U00022,Verbal Ability,2,2,2,1.0,10.0,0,1.0,0.0
U00023,Data Interpretation,4,1,4,0.25,65.0,0,0.25,0.0
U00023,Logical Reasoning,12,9,9,0.7664602928668017,35.388888888888886,1,0.75,0.08333333333333333
U00023,Quantitative Aptitude,22,17,16,0.6963073874715188,31.84375,2,0.7727272727272727,0.09090909090909091
U00023,Verbal Ability,8,6,5,0.7125664670128758,57.666666666666664,0,0.75,0.0
U00024,Data Interpretation,35,17,9,0.5617600155637724,68.12010582010582,0,0.4857142857142857,0.0
U00024,Logical Reasoning,67,41,16,0.5079825114878571,43.683680555555554,4,0.6119402985074627,0.05970149253731343
U00024,Quantitative Aptitude,70,39,23,0.46703498602553745,55.76376811594203,1,0.5571428571428572,0.014285714285714285
U00024,Verbal Ability,56,38,12,0.6128096089485916,39.427314814814814,1,0.6785714285714286,0.017857142857142856
U00025,Data Interpretation,21,8,9,0.3413841198464967,65.82407407407408,0,0.38095238095238093,0.0
U00025,Logical Reasoning,43,23,15,0.5046861361272122,38.99444444444444,1,0.5348837209302325,0.023255813953488372
U00025,Quantitative Aptitude,61,36,22,0.5879134174075804,66.80681818181819,0,0.5901639344262295,0.0
U00025,Verbal Ability,38,24,12,0.6001543438830228,50.888888888888886,0,0.631578947368421,0.0
U00026,Data Interpretation,6,3,4,0.5750305812177022,67.41666666666667,0,0.5,0.0
U00026,Logical Reasoning,8,6,8,0.75,67.375,0,0.75,0.0
U00026,Quantitative Aptitude,12,8,9,0.6163651956469098,30.333333333333332,0,0.6666666666666666,0.0
U00026,Verbal Ability,10,8,7,0.7731742922004907,46.785714285714285,0,0.8,0.0
U00027,Data Interpretation,11,6,7,0.5740522345287413,43.80952380952381,0,0.5454545454545454,0.0
U00027,Logical Reasoning,21,11,14,0.5147763241930985,41.345238095238095,1,0.5238095238095238,0.047619047619047616
U00027,Quantitative Aptitude,47,16,19,0.3573304105036481,66.51315789473684,0,0.3404255319148936,0.0
U00027,Verbal Ability,23,12,10,0.542083293696636,48.79,0,0.5217391304347826,0.0
U00028,Data Interpretation,13,9,7,0.5761494163935854,34.857142857142854,0,0.6923076923076923,0.0
U00028,Logical Reasoning,26,10,11,0.480667017269573,72.42424242424242,0,0.38461538461538464,0.0
U00028,Quantitative Aptitude,30,18,17,0.5985211070780306,60.75490196078431,0,0.6,0.0
U00028,Verbal Ability,18,9,10,0.4520431487554748,57.85,0,0.5,0.0
U00029,Data Interpretation,36,20,9,0.43170469139599454,51.553872053872055,1,0.5555555555555556,0.027777777777777776
U00029,Logical Reasoning,69,36,16,0.5346681867960024,51.87886904761905,4,0.5217391304347826,0.057971014492753624
U00029,Quantitative Aptitude,96,42,23,0.40163152866743784,65.14891304347826,0,0.4375,0.0
U00029,Verbal Ability,54,32,12,0.46254421117413386,55.32956349206349,0,0.5925925925925926,0.0
U00030,Data Interpretation,16,6,6,0.5455260708102826,77.72222222222221,0,0.375,0.0
U00030,Logical Reasoning,19,10,12,0.5105318753214886,66.34722222222221,0,0.5263157894736842,0.0
U00030,Quantitative Aptitude,27,14,18,0.5553916394687184,53.12962962962963,2,0.5185185185185185,0.07407407407407407
U00030,Verbal Ability,18,14,11,0.9012755091121547,49.68181818181818,0,0.7777777777777778,0.0
U00031,Data Interpretation,1,0,1,0.0,77.0,0,0.0,0.0
U00031,Logical Reasoning,4,2,4,0.5,39.75,0,0.5,0.0
U00031,Quantitative Aptitude,6,2,5,0.2904781179711202,48.9,0,0.3333333333333333,0.0
U00031,Verbal Ability,1,0,1,0.0,75.0,0,0.0,0.0
U00032,Data Interpretation,80,41,9,0.42134033723768405,54.4345851679185,1,0.5125,0.0125
U00032,Logical Reasoning,121,77,16,0.6494534041681148,45.79676001082251,0,0.6363636363636364,0.0
U00032,Quantitative Aptitude,183,131,24,0.668749804548344,29.824666305916306,10,0.7158469945355191,0.0546448087431694
U00032,Verbal Ability,141,91,12,0.6431479267676726,35.10228886610465,6,0.6453900709219859,0.0425531914893617
U00033,Data Interpretation,13,10,7,0.6869947105049626,45.904761904761905,0,0.7692307692307693,0.0
U00033,Logical Reasoning,35,21,13,0.5039090401178064,56.21172161172161,1,0.6,0.02857142857142857
U00033,Quantitative Aptitude,51,31,20,0.5739842606942829,48.3625,2,0.6078431372549019,0.0392156862745098
U00033,Verbal Ability,39,26,11,0.7689003339290998,42.07954545454545,1,0.6666666666666666,0.02564102564102564
U00034,Logical Reasoning,1,0,1,0.0,35.0,0,0.0,0.0
U00034,Quantitative Aptitude,6,5,5,0.8,20.3,0,0.8333333333333334,0.0
U00034,Verbal Ability,4,2,4,0.5,63.5,0,0.5,0.0
U00035,Data Interpretation,63,27,9,0.4026808673092556,58.47152847152847,0,0.42857142857142855,0.0
U00035,Logical Reasoning,144,85,16,0.5936110119673048,63.74974972943723,0,0.5902777777777778,0.0
U00035,Quantitative Aptitude,189,101,24,0.5181467399913098,63.457659932659936,2,0.5343915343915344,0.010582010582010581
U00035,Verbal Ability,153,73,12,0.4796736500162581,65.9100619592396,0,0.477124183006536,0.0
U00036,Data Interpretation,13,10,6,0.7853618896879718,32.333333333333336,0,0.7692307692307693,0.0
U00036,Logical Reasoning,18,13,11,0.8613779860583901,36.151515151515156,0,0.7222222222222222,0.0
U00036,Quantitative Aptitude,21,7,15,0.2806459942388979,69.71111111111112,0,0.3333333333333333,0.0
U00036,Verbal Ability,15,5,9,0.3508351558164868,54.666666666666664,1,0.3333333333333333,0.06666666666666667
U00037,Data Interpretation,5,1,4,0.25,54.875,0,0.2,0.0
U00037,Logical Reasoning,16,5,10,0.3178756452894087,78.15,0,0.3125,0.0
U00037,Quantitative Aptitude,18,12,11,0.7560882607094176,40.40909090909091,0,0.6666666666666666,0.0
U00037,Verbal Ability,10,4,6,0.3782845814145821,73.75,0,0.4,0.0
U00038,Data Interpretation,10,5,6,0.5447231504190638,41.916666666666664,1,0.5,0.1
U00038,Logical Reasoning,31,13,14,0.5895314472917004,69.41666666666667,0,0.41935483870967744,0.0
U00038,Quantitative Aptitude,40,31,21,0.7581458790858474,38.40873015873016,1,0.775,0.025
U00038,Verbal Ability,19,13,10,0.865651066407262,50.17666666666666,0,0.6842105263157895,0.0
U00039,Data Interpretation,11,3,8,0.1342809628851747,53.6875,0,0.2727272727272727,0.0
U00039,Logical Reasoning,15,9,13,0.6138324364732527,27.03846153846154,1,0.6,0.06666666666666667
U00039,Quantitative Aptitude,24,8,15,0.29294280726536776,69.28888888888888,0,0.3333333333333333,0.0
U00039,Verbal Ability,17,8,11,0.527969592485881,74.81818181818181,0,0.47058823529411764,0.0
U00040,Data Interpretation,46,33,9,0.5774591562999637,38.49722222222223,1,0.717391304347826,0.021739130434782608
U00040,Logical Reasoning,102,61,16,0.5840096566895895,50.38990575396825,0,0.5980392156862745,0.0
U00040,Quantitative Aptitude,127,76,24,0.5830753715634228,45.11921296296296,4,0.5984251968503937,0.031496062992125984
U00040,Verbal Ability,118,59,12,0.5373342431093049,54.324305555555554,3,0.5,0.025423728813559324
U00041,Data Interpretation,8,7,4,0.8847119331135302,45.75,0,0.875,0.0
U00041,Logical Reasoning,9,5,7,0.44019764107020887,41.0,0,0.5555555555555556,0.0
U00041,Quantitative Aptitude,13,10,11,0.7272727272727273,64.57575757575756,0,0.7692307692307693,0.0
U00041,Verbal Ability,15,12,11,0.8131879849975239,47.303030303030305,1,0.8,0.06666666666666667
U00042,Data Interpretation,7,4,5,0.6,35.7,1,0.5714285714285714,0.14285714285714285
U00042,Logical Reasoning,8,7,5,0.8,47.16666666666667,0,0.875,0.0
U00042,Quantitative Aptitude,6,0,5,0.0,63.9,0,0.0,0.0
U00042,Verbal Ability,7,5,5,0.7641389865168497,28.3,0,0.7142857142857143,0.0
U00043,Data Interpretation,14,8,8,0.488451824121657,35.53125,1,0.5714285714285714,0.07142857142857142
U00043,Logical Reasoning,22,11,11,0.4596879974077987,60.81818181818182,0,0.5,0.0
U00043,Quantitative Aptitude,32,13,16,0.3600713956159664,55.08333333333333,2,0.40625,0.0625
U00043,Verbal Ability,31,22,12,0.6638475820945128,26.14236111111111,2,0.7096774193548387,0.06451612903225806
U00044,Data Interpretation,8,4,5,0.3588669368662728,48.9,0,0.5,0.0
U00044,Logical Reasoning,14,11,9,0.7963545673899887,36.55555555555556,0,0.7857142857142857,0.0
U00044,Quantitative Aptitude,13,6,10,0.39463949893986194,49.65,0,0.46153846153846156,0.0
U00044,Verbal Ability,9,5,7,0.6351974718850221,45.142857142857146,1,0.5555555555555556,0.1111111111111111
U00045,Data Interpretation,5,2,4,0.5,111.0,0,0.4,0.0
U00045,Logical Reasoning,19,13,10,0.6536792192152767,50.483333333333334,0,0.6842105263157895,0.0
U00045,Quantitative Aptitude,34,20,21,0.6606876668740465,63.31746031746032,0,0.5882352941176471,0.0
U00045,Verbal Ability,22,12,12,0.6293182607926354,48.0,0,0.5454545454545454,0.0
U00046,Data Interpretation,21,9,8,0.503368654634497,71.25,0,0.42857142857142855,0.0
U00046,Logical Reasoning,50,37,14,0.878116698737213,41.84464285714286,0,0.74,0.0
U00046,Quantitative Aptitude,49,33,21,0.5969394112423438,35.38650793650794,4,0.673469387755102,0.08163265306122448
U00046,Verbal Ability,43,30,12,0.7102658340087126,47.02361111111111,1,0.6976744186046512,0.023255813953488372
U00047,Data Interpretation,87,42,9,0.43421923443801336,61.58983084816418,1,0.4827586206896552,0.011494252873563218
U00047,Logical Reasoning,144,48,16,0.3913875435648721,86.50628740132416,0,0.3333333333333333,0.0
U00047,Quantitative Aptitude,184,100,24,0.48176942858804755,58.50785221722722,2,0.5434782608695652,0.010869565217391304
U00047,Verbal Ability,162,112,12,0.7158458176375507,35.780470257153695,8,0.691358024691358,0.04938271604938271
U00048,Data Interpretation,11,8,6,0.666221997082695,42.166666666666664,0,0.7272727272727273,0.0
U00048,Logical Reasoning,15,7,11,0.41530852612389907,48.0,0,0.4666666666666667,0.0
U00048,Quantitative Aptitude,21,16,15,0.7706791079706349,34.3,0,0.7619047619047619,0.0
U00048,Verbal Ability,12,7,8,0.625,40.6875,0,0.5833333333333334,0.0
U00049,Data Interpretation,39,25,9,0.5826582486707557,48.95185185185185,1,0.6410256410256411,0.02564102564102564
U00049,Logical Reasoning,64,45,16,0.6226507753405033,38.73482142857143,2,0.703125,0.03125
U00049,Quantitative Aptitude,73,25,23,0.35686095694544795,80.96521739130435,0,0.3424657534246575,0.0
U00049,Verbal Ability,53,29,12,0.5490499635208318,38.84596560846561,2,0.5471698113207547,0.03773584905660377
U00050,Data Interpretation,73,46,9,0.7197868890492267,35.44651675485009,3,0.6301369863013698,0.0410958904109589
U00050,Logical Reasoning,162,103,16,0.5753611011532072,55.52781359265734,0,0.6358024691358025,0.0
U00050,Quantitative Aptitude,187,95,24,0.5069289142561693,59.435367063492066,1,0.5080213903743316,0.0053475935828877
U00050,Verbal Ability,131,77,12,0.6599328124039109,50.49998647186147,0,0.5877862595419847,0.0
U00051,Data Interpretation,2,1,2,0.5,34.0,0,0.5,0.0
U00051,Logical Reasoning,3,1,2,0.05416901326571367,105.0,0,0.3333333333333333,0.0
U00051,Quantitative Aptitude,7,2,6,0.29365406500628044,62.083333333333336,0,0.2857142857142857,0.0
U00051,Verbal Ability,2,1,2,0.5,36.0,0,0.5,0.0
U00052,Data Interpretation,71,30,9,0.45180556239834235,76.33403078403077,1,0.4225352112676056,0.014084507042253521
U00052,Logical Reasoning,125,79,16,0.6498508512419585,55.20109126984127,1,0.632,0.008
U00052,Quantitative Aptitude,177,91,24,0.5288759445258878,61.95823412698413,0,0.5141242937853108,0.0
U00052,Verbal Ability,114,70,12,0.6276633790988498,50.410218485218486,2,0.6140350877192983,0.017543859649122806
U00053,Data Interpretation,6,4,4,0.5812778045389959,17.0,1,0.6666666666666666,0.16666666666666666
U00053,Logical Reasoning,6,4,6,0.6666666666666666,63.666666666666664,0,0.6666666666666666,0.0
U00053,Quantitative Aptitude,13,7,10,0.5858069358472744,73.15,0,0.5384615384615384,0.0
U00053,Verbal Ability,7,4,6,0.5,39.333333333333336,0,0.5714285714285714,0.0
U00054,Data Interpretation,27,12,9,0.3507303886662001,72.42222222222222,0,0.4444444444444444,0.0
U00054,Logical Reasoning,40,22,14,0.6252562254195116,61.75,1,0.55,0.025
U00054,Quantitative Aptitude,51,26,23,0.5525611032080405,61.29782608695652,0,0.5098039215686274,0.0
U00054,Verbal Ability,39,13,12,0.39219647252555806,82.6388888888889,0,0.3333333333333333,0.0
U00055,Data Interpretation,23,16,8,0.7606474223428019,30.45625,0,0.6956521739130435,0.0
U00055,Logical Reasoning,35,16,14,0.4889919680693721,66.906462585034,0,0.45714285714285713,0.0
U00055,Quantitative Aptitude,41,20,19,0.4920960173573646,54.973684210526315,0,0.4878048780487805,0.0
U00055,Verbal Ability,31,12,12,0.4121340760803029,68.64166666666667,0,0.3870967741935484,0.0
U00056,Data Interpretation,8,4,5,0.4131093520532204,61.166666666666664,0,0.5,0.0
U00056,Logical Reasoning,16,10,11,0.6163781927102235,42.196969696969695,0,0.625,0.0
U00056,Quantitative Aptitude,19,11,13,0.6133723248332201,65.53846153846153,0,0.5789473684210527,0.0
U00056,Verbal Ability,16,12,8,0.7687641941336706,50.65625,0,0.75,0.0
U00057,Data Interpretation,11,6,7,0.7140840721728229,74.45238095238095,0,0.5454545454545454,0.0
U00057,Logical Reasoning,13,7,7,0.46961893723528486,73.07142857142857,0,0.5384615384615384,0.0
U00057,Quantitative Aptitude,12,7,8,0.6205583483942573,65.77083333333333,0,0.5833333333333334,0.0
U00057,Verbal Ability,18,9,8,0.5653727644256739,40.75416666666666,0,0.5,0.0
U00058,Data Interpretation,7,5,5,0.6896102286607095,58.33333333333333,0,0.7142857142857143,0.0
U00058,Logical Reasoning,13,7,9,0.7418397835104474,53.55555555555556,0,0.5384615384615384,0.0
U00058,Quantitative Aptitude,12,6,9,0.5450984098010173,54.94444444444444,0,0.5,0.0
U00058,Verbal Ability,4,2,4,0.5,68.0,0,0.5,0.0
U00059,Data Interpretation,36,15,9,0.26778781517809086,53.42830687830688,0,0.4166666666666667,0.0
U00059,Logical Reasoning,61,38,16,0.492468496933447,41.87708333333333,2,0.6229508196721312,0.03278688524590164
U00059,Quantitative Aptitude,90,59,24,0.600765753016162,34.28373015873016,6,0.6555555555555556,0.06666666666666667
U00059,Verbal Ability,59,41,11,0.6775446504801307,37.82987012987013,3,0.6949152542372882,0.05084745762711865
U00060,Data Interpretation,6,4,4,0.7322313904016109,58.0,0,0.6666666666666666,0.0
U00060,Logical Reasoning,15,7,11,0.45049640656909146,38.68181818181818,1,0.4666666666666667,0.06666666666666667
U00060,Quantitative Aptitude,15,4,11,0.23294096034141934,87.56060606060606,0,0.26666666666666666,0.0
U00060,Verbal Ability,10,5,7,0.557698513299392,59.357142857142854,0,0.5,0.0
U00061,Data Interpretation,13,4,6,0.4825649745937309,89.84722222222223,0,0.3076923076923077,0.0
U00061,Logical Reasoning,15,9,10,0.5018320638067235,44.016666666666666,0,0.6,0.0
U00061,Quantitative Aptitude,17,9,12,0.564897493155,38.73611111111111,2,0.5294117647058824,0.11764705882352941
U00061,Verbal Ability,15,10,10,0.6632797386687951,48.03333333333333,0,0.6666666666666666,0.0
U00062,Data Interpretation,19,10,8,0.39745430069327475,55.5625,0,0.5263157894736842,0.0
U00062,Logical Reasoning,29,23,14,0.8275826599598909,33.66547619047619,2,0.7931034482758621,0.06896551724137931
U00062,Quantitative Aptitude,43,33,19,0.7983449791285113,32.59356725146199,2,0.7674418604651163,0.046511627906976744
U00062,Verbal Ability,29,18,12,0.5120157096382731,62.673611111111114,0,0.6206896551724138,0.0
U00063,Data Interpretation,3,2,3,0.6666666666666666,78.33333333333333,0,0.6666666666666666,0.0
U00063,Logical Reasoning,2,1,2,0.5,44.0,0,0.5,0.0
U00063,Quantitative Aptitude,4,1,4,0.25,37.5,0,0.25,0.0
U00063,Verbal Ability,2,2,2,1.0,21.0,0,1.0,0.0
U00064,Data Interpretation,23,15,9,0.4696680406838413,38.84259259259259,1,0.6521739130434783,0.043478260869565216
U00064,Logical Reasoning,38,16,15,0.33049042837095066,73.86666666666666,0,0.42105263157894735,0.0
U00064,Quantitative Aptitude,48,28,18,0.570550454402361,53.452777777777776,0,0.5833333333333334,0.0
U00064,Verbal Ability,28,21,12,0.7058243030866699,47.90694444444444,0,0.75,0.0
U00065,Data Interpretation,77,39,9,0.4699235981399299,53.11178451178451,0,0.5064935064935064,0.0
U00065,Logical Reasoning,139,61,16,0.39904322632476474,74.03236381673882,0,0.43884892086330934,0.0
U00065,Quantitative Aptitude,191,109,24,0.5874320397171932,48.98769904863655,3,0.5706806282722513,0.015706806282722512
U00065,Verbal Ability,129,44,12,0.343251561304255,82.260131997632,0,0.34108527131782945,0.0
U00066,Data Interpretation,5,3,3,0.5723486814481819,33.0,0,0.6,0.0
U00066,Logical Reasoning,12,6,8,0.375,36.104166666666664,0,0.5,0.0
U00066,Quantitative Aptitude,18,13,13,0.6767206266944616,21.384615384615383,3,0.7222222222222222,0.16666666666666666
U00066,Verbal Ability,15,4,8,0.18497221066150257,107.22916666666666,0,0.26666666666666666,0.0
U00067,Data Interpretation,69,35,9,0.7646517518052368,55.1439594356261,0,0.5072463768115942,0.0
U00067,Logical Reasoning,114,45,16,0.4263524362770125,85.04464025557776,0,0.39473684210526316,0.0
U00067,Quantitative Aptitude,141,101,24,0.7578417010173384,39.41734457671958,10,0.7163120567375887,0.07092198581560284
U00067,Verbal Ability,104,58,12,0.5338499468330258,56.43968253968254,0,0.5576923076923077,0.0
U00068,Data Interpretation,57,37,9,0.7554979595018383,38.92340067340067,2,0.6491228070175439,0.03508771929824561
U00068,Logical Reasoning,99,60,16,0.6883602435875071,45.05424107142857,4,0.6060606060606061,0.04040404040404041
U00068,Quantitative Aptitude,110,77,24,0.7129966331879086,39.942162698412695,4,0.7,0.03636363636363636
U00068,Verbal Ability,79,43,12,0.6499177161335061,58.288362332112335,0,0.5443037974683544,0.0
U00069,Data Interpretation,15,9,8,0.6744790832282308,40.75,0,0.6,0.0
U00069,Logical Reasoning,35,16,15,0.5541037194512327,60.74666666666667,1,0.45714285714285713,0.02857142857142857
U00069,Quantitative Aptitude,46,25,21,0.5086196630457008,57.272222222222226,0,0.5434782608695652,0.0
U00069,Verbal Ability,27,12,10,0.5780937640281074,66.23333333333333,0,0.4444444444444444,0.0
U00070,Data Interpretation,55,30,9,0.48768562126305287,58.304761904761904,0,0.5454545454545454,0.0
U00070,Logical Reasoning,78,36,16,0.4322742988348744,77.9452380952381,0,0.46153846153846156,0.0
U00070,Quantitative Aptitude,109,61,24,0.5784489912306464,52.713541666666664,0,0.5596330275229358,0.0
U00070,Verbal Ability,91,41,12,0.5858570988205093,63.03578042328042,0,0.45054945054945056,0.0
U00071,Data Interpretation,63,49,9,0.7861015823142987,38.949074074074076,0,0.7777777777777778,0.0
U00071,Logical Reasoning,72,44,16,0.6428218366971002,50.842261904761905,2,0.6111111111111112,0.027777777777777776
U00071,Quantitative Aptitude,119,65,24,0.5422299133670042,58.272288359788355,0,0.5462184873949579,0.0
U00071,Verbal Ability,75,48,12,0.7005042398564085,52.97847222222222,0,0.64,0.0
U00072,Data Interpretation,5,3,4,0.5037885665654663,83.5,0,0.6,0.0
U00072,Logical Reasoning,15,6,12,0.47985755397862095,56.208333333333336,0,0.4,0.0
U00072,Quantitative Aptitude,19,11,14,0.5860146027475485,47.91666666666667,1,0.5789473684210527,0.05263157894736842
U00072,Verbal Ability,18,7,10,0.4093610746995958,64.78333333333333,0,0.3888888888888889,0.0
U00073,Data Interpretation,6,6,4,1.0,43.625,0,1.0,0.0
U00073,Logical Reasoning,10,8,9,0.7777777777777778,55.72222222222222,0,0.8,0.0
U00073,Quantitative Aptitude,13,8,8,0.5510020155544059,53.6875,0,0.6153846153846154,0.0
U00073,Verbal Ability,10,7,6,0.7069985309347522,35.80555555555556,0,0.7,0.0
U00074,Data Interpretation,19,12,7,0.6118308864361126,56.0,0,0.631578947368421,0.0
U00074,Logical Reasoning,30,18,15,0.4581322240652815,52.535555555555554,1,0.6,0.03333333333333333
U00074,Quantitative Aptitude,34,23,18,0.6580529478217361,34.125,2,0.6764705882352942,0.058823529411764705
U00074,Verbal Ability,27,14,12,0.6421742770343252,57.52777777777778,0,0.5185185185185185,0.0
U00075,Data Interpretation,16,7,9,0.3905143400185755,63.92592592592593,0,0.4375,0.0
U00075,Logical Reasoning,32,21,15,0.7189241238406358,49.41111111111111,0,0.65625,0.0
U00075,Quantitative Aptitude,42,30,22,0.639283166348365,45.06818181818182,0,0.7142857142857143,0.0
U00075,Verbal Ability,32,23,11,0.7282141009190078,56.45151515151515,0,0.71875,0.0
U00076,Data Interpretation,5,3,4,0.7048350210867038,41.0,0,0.6,0.0
U00076,Logical Reasoning,15,7,10,0.4996466878228212,51.483333333333334,0,0.4666666666666667,0.0
U00076,Quantitative Aptitude,17,14,10,0.8244290822022318,44.45,0,0.8235294117647058,0.0
U00076,Verbal Ability,8,6,5,0.6318289116720084,50.8,0,0.75,0.0
U00077,Data Interpretation,54,28,9,0.526489582921333,57.9086660253327,0,0.5185185185185185,0.0
U00077,Logical Reasoning,104,43,16,0.3792925876596182,73.77779304029303,0,0.41346153846153844,0.0
U00077,Quantitative Aptitude,123,77,24,0.5572212258133132,46.98429232804233,4,0.6260162601626016,0.032520325203252036
U00077,Verbal Ability,109,53,12,0.5550432413087761,58.14256403318904,0,0.48623853211009177,0.0
U00078,Data Interpretation,24,13,8,0.5586480984200703,55.86875,0,0.5416666666666666,0.0
U00078,Logical Reasoning,56,31,16,0.49877994306682144,49.346875,1,0.5535714285714286,0.017857142857142856
U00078,Quantitative Aptitude,59,35,23,0.6100199297036113,42.06666666666666,1,0.5932203389830508,0.01694915254237288
U00078,Verbal Ability,42,24,12,0.5603638212668831,58.01388888888889,0,0.5714285714285714,0.0
U00079,Data Interpretation,102,49,9,0.44092710711015587,78.18653568653569,0,0.4803921568627451,0.0
U00079,Logical Reasoning,167,104,16,0.6245563953890441,49.141448558590106,3,0.6227544910179641,0.017964071856287425
U00079,Quantitative Aptitude,212,111,24,0.4964732743532514,70.2889673983424,0,0.5235849056603774,0.0
U00079,Verbal Ability,119,57,12,0.47856005121274087,58.94525335775336,1,0.4789915966386555,0.008403361344537815
U00080,Data Interpretation,5,2,4,0.4305664439967448,66.75,0,0.4,0.0
U00080,Logical Reasoning,6,4,4,0.6227709906043545,56.375,0,0.6666666666666666,0.0
U00080,Quantitative Aptitude,17,10,13,0.5580823051946843,43.65384615384615,0,0.5882352941176471,0.0
U00080,Verbal Ability,7,6,7,0.8571428571428571,37.42857142857143,0,0.8571428571428571,0.0
U00081,Data Interpretation,26,17,9,0.6410618040244852,49.32407407407407,0,0.6538461538461539,0.0
U00081,Logical Reasoning,46,26,16,0.6027883053621478,38.69122023809524,1,0.5652173913043478,0.021739130434782608
U00081,Quantitative Aptitude,42,24,19,0.5282922066382278,43.22982456140351,0,0.5714285714285714,0.0
U00081,Verbal Ability,26,12,11,0.3297116220762834,50.06818181818182,1,0.46153846153846156,0.038461538461538464
U00082,Data Interpretation,26,15,7,0.6083520090060073,48.41156462585034,0,0.5769230769230769,0.0
U00082,Logical Reasoning,25,18,13,0.7020513690815319,40.85897435897436,0,0.72,0.0
U00082,Quantitative Aptitude,41,17,21,0.4482337399224507,75.93492063492064,0,0.4146341463414634,0.0
U00082,Verbal Ability,26,10,12,0.30604116558824807,67.55694444444445,0,0.38461538461538464,0.0
U00083,Data Interpretation,71,40,9,0.49258874951578524,63.29409171075838,0,0.5633802816901409,0.0
U00083,Logical Reasoning,144,107,16,0.7429777474065494,27.87834543928294,12,0.7430555555555556,0.08333333333333333
U00083,Quantitative Aptitude,172,127,24,0.7436485727101211,32.756498015873014,5,0.7383720930232558,0.029069767441860465
U00083,Verbal Ability,134,90,12,0.6424880190070563,40.331156806156805,2,0.6716417910447762,0.014925373134328358
U00084,Data Interpretation,12,7,8,0.5012042026300658,54.9375,0,0.5833333333333334,0.0
U00084,Logical Reasoning,9,3,7,0.42857142857142855,83.76190476190477,0,0.3333333333333333,0.0
U00084,Quantitative Aptitude,8,6,7,0.7142857142857143,42.92857142857143,0,0.75,0.0
U00084,Verbal Ability,8,4,6,0.4973444055906398,61.833333333333336,0,0.5,0.0
U00085,Data Interpretation,5,5,4,1.0,44.75,0,1.0,0.0
U00085,Logical Reasoning,10,9,7,0.8576876325907181,23.214285714285715,0,0.9,0.0
U00085,Quantitative Aptitude,12,5,9,0.4050272665385058,71.38888888888889,0,0.4166666666666667,0.0
U00085,Verbal Ability,4,1,3,0.3333333333333333,46.333333333333336,0,0.25,0.0
U00086,Data Interpretation,49,33,9,0.681286870671327,33.474074074074075,2,0.673469387755102,0.04081632653061224
U00086,Logical Reasoning,98,44,16,0.4664103462759017,59.28613591269841,0,0.4489795918367347,0.0
U00086,Quantitative Aptitude,118,82,24,0.6374708434041075,45.51321398508898,0,0.6949152542372882,0.0
U00086,Verbal Ability,79,53,12,0.67331940476233,44.99106541606542,2,0.6708860759493671,0.02531645569620253
U00087,Data Interpretation,1,1,1,1.0,81.0,0,1.0,0.0
U00087,Logical Reasoning,4,2,4,0.5,40.5,0,0.5,0.0
U00087,Quantitative Aptitude,3,1,2,0.5,63.0,0,0.3333333333333333,0.0
U00087,Verbal Ability,3,1,3,0.3333333333333333,54.666666666666664,0,0.3333333333333333,0.0
U00088,Data Interpretation,16,9,7,0.41662200542621647,49.285714285714285,0,0.5625,0.0
U00088,Logical Reasoning,11,8,9,0.7765428931361047,37.55555555555556,0,0.7272727272727273,0.0
U00088,Quantitative Aptitude,22,16,13,0.6837397898061501,37.59615384615385,0,0.7272727272727273,0.0
U00088,Verbal Ability,13,6,8,0.39442612314603226,64.875,0,0.46153846153846156,0.0
U00089,Data Interpretation,27,16,8,0.31642283853827136,51.05833333333334,0,0.5925925925925926,0.0
U00089,Logical Reasoning,67,38,16,0.4592210710416563,52.27708333333333,0,0.5671641791044776,0.0
U00089,Quantitative Aptitude,70,35,24,0.37367866095162244,47.150595238095235,0,0.5,0.0
U00089,Verbal Ability,56,36,12,0.8508191775440128,40.06111111111111,2,0.6428571428571429,0.03571428571428571
U00090,Data Interpretation,11,4,7,0.41847970687311964,89.97619047619047,0,0.36363636363636365,0.0
U00090,Logical Reasoning,14,6,11,0.4521221174057789,46.18181818181818,1,0.42857142857142855,0.07142857142857142
U00090,Quantitative Aptitude,10,7,9,0.6666666666666666,42.27777777777778,0,0.7,0.0
U00090,Verbal Ability,25,12,10,0.30426841570284807,68.95833333333334,1,0.48,0.04
U00091,Data Interpretation,3,0,3,0.0,28.333333333333332,2,0.0,0.6666666666666666
U00091,Logical Reasoning,5,4,4,0.75,62.0,0,0.8,0.0
U00091,Quantitative Aptitude,9,7,8,0.8561247390944409,31.375,0,0.7777777777777778,0.0
U00091,Verbal Ability,2,2,2,1.0,12.0,0,1.0,0.0
U00092,Data Interpretation,4,4,3,1.0,38.833333333333336,0,1.0,0.0
U00092,Logical Reasoning,9,8,7,0.8571428571428571,26.5,1,0.8888888888888888,0.1111111111111111
U00092,Quantitative Aptitude,10,5,9,0.48086644793717404,76.38888888888889,0,0.5,0.0
U00092,Verbal Ability,11,9,8,0.9037948289736633,22.291666666666668,0,0.8181818181818182,0.0
U00093,Data Interpretation,9,6,5,0.6738711377763652,60.133333333333326,0,0.6666666666666666,0.0
U00093,Logical Reasoning,28,21,14,0.8744887418527705,45.06190476190476,0,0.75,0.0
U00093,Quantitative Aptitude,29,14,15,0.5199992475826869,64.38555555555556,0,0.4827586206896552,0.0
U00093,Verbal Ability,23,21,12,0.9210894839839406,24.188888888888886,0,0.9130434782608695,0.0
U00094,Data Interpretation,11,7,7,0.45584676734722873,31.0,1,0.6363636363636364,0.09090909090909091
U00094,Logical Reasoning,7,5,7,0.7142857142857143,36.714285714285715,1,0.7142857142857143,0.14285714285714285
U00094,Quantitative Aptitude,9,2,9,0.2222222222222222,71.66666666666667,0,0.2222222222222222,0.0
U00094,Verbal Ability,10,7,8,0.7104939647313941,31.125,0,0.7,0.0
U00095,Data Interpretation,15,4,8,0.3029180511363263,52.125,1,0.26666666666666666,0.06666666666666667
U00095,Logical Reasoning,26,16,14,0.6508802880439083,43.92857142857143,1,0.6153846153846154,0.038461538461538464
U00095,Quantitative Aptitude,51,27,20,0.4802208228210133,53.2,0,0.5294117647058824,0.0
U00095,Verbal Ability,27,16,8,0.4515372603742007,33.276041666666664,3,0.5925925925925926,0.1111111111111111
U00096,Data Interpretation,32,14,8,0.5006865290010023,70.41666666666667,0,0.4375,0.0
U00096,Logical Reasoning,51,39,15,0.8005224838001145,33.26222222222222,1,0.7647058823529411,0.0196078431372549
U00096,Quantitative Aptitude,42,31,18,0.6339731596601332,42.51851851851852,0,0.7380952380952381,0.0
U00096,Verbal Ability,40,21,12,0.39343826478912036,59.30416666666667,0,0.525,0.0
U00097,Data Interpretation,26,6,9,0.18862879208507177,69.35185185185185,0,0.23076923076923078,0.0
U00097,Logical Reasoning,42,23,12,0.6309189034366368,54.89166666666666,1,0.5476190476190477,0.023809523809523808
U00097,Quantitative Aptitude,72,34,22,0.5054412945715149,59.66872294372295,0,0.4722222222222222,0.0
U00097,Verbal Ability,37,19,12,0.41987023137262397,65.18253968253968,0,0.5135135135135135,0.0
U00098,Data Interpretation,31,16,7,0.501475601605159,73.30952380952381,0,0.5161290322580645,0.0
U00098,Logical Reasoning,51,28,14,0.5704548976404903,52.52908163265306,0,0.5490196078431373,0.0
U00098,Quantitative Aptitude,82,36,24,0.4277387921257696,75.42797619047619,0,0.43902439024390244,0.0
U00098,Verbal Ability,54,26,12,0.5195485559907448,57.06349206349207,0,0.48148148148148145,0.0
U00099,Data Interpretation,54,37,9,0.651766382451283,39.216931216931215,0,0.6851851851851852,0.0
U00099,Logical Reasoning,86,47,15,0.5614354934319687,56.62089947089947,2,0.5465116279069767,0.023255813953488372
U00099,Quantitative Aptitude,115,84,24,0.7133453130105193,26.01540404040404,10,0.7304347826086957,0.08695652173913043
U00099,Verbal Ability,101,60,12,0.6050882454611695,40.383041726791724,2,0.594059405940594,0.019801980198019802
U00100,Data Interpretation,34,18,9,0.6069628371678992,60.67261904761905,0,0.5294117647058824,0.0
U00100,Logical Reasoning,67,31,16,0.37722414318149305,66.55431547619048,0,0.4626865671641791,0.0
U00100,Quantitative Aptitude,83,30,24,0.32504273620190766,82.84583333333333,0,0.3614457831325301,0.0
U00100,Verbal Ability,71,56,12,0.9146631070106911,28.40582010582011,4,0.7887323943661971,0.056338028169014086
U00101,Data Interpretation,12,9,7,0.7377882068675019,57.19047619047619,0,0.75,0.0
U00101,Logical Reasoning,19,12,11,0.5986850674086402,53.439393939393945,0,0.631578947368421,0.0
U00101,Quantitative Aptitude,15,2,12,0.15416709603260056,97.79166666666667,0,0.13333333333333333,0.0
U00101,Verbal Ability,12,6,7,0.5724068136897287,46.535714285714285,0,0.5,0.0
U00102,Data Interpretation,15,14,8,0.9908379948523904,43.15625,0,0.9333333333333333,0.0
U00102,Logical Reasoning,17,9,12,0.5249869781318636,49.791666666666664,0,0.5294117647058824,0.0
U00102,Quantitative Aptitude,21,9,13,0.5255840264338902,64.25641025641026,0,0.42857142857142855,0.0
U00102,Verbal Ability,23,10,11,0.4868895616181637,72.1590909090909,0,0.43478260869565216,0.0
U00103,Data Interpretation,19,10,9,0.3879212392689158,73.96296296296296,0,0.5263157894736842,0.0
U00103,Logical Reasoning,48,26,16,0.5621973561541401,38.484375,3,0.5416666666666666,0.0625
U00103,Quantitative Aptitude,46,25,21,0.6110510122101003,66.63095238095238,0,0.5434782608695652,0.0
U00103,Verbal Ability,37,19,10,0.4789411229494746,80.93833333333333,0,0.5135135135135135,0.0
U00104,Data Interpretation,8,6,5,0.6,37.0,0,0.75,0.0
U00104,Logical Reasoning,4,3,4,0.75,61.5,0,0.75,0.0
U00104,Quantitative Aptitude,20,13,14,0.6397039347766381,41.25,1,0.65,0.05
U00104,Verbal Ability,11,8,7,0.686438429459579,40.83333333333333,0,0.7272727272727273,0.0
U00105,Data Interpretation,80,47,9,0.6885289875038184,60.803042328042324,2,0.5875,0.025
U00105,Logical Reasoning,143,68,16,0.5410792346246756,59.54346087939838,1,0.4755244755244755,0.006993006993006993
U00105,Quantitative Aptitude,160,83,24,0.5839046281706401,52.01838474025974,0,0.51875,0.0
U00105,Verbal Ability,130,96,12,0.7934223376056048,41.30734577922078,2,0.7384615384615385,0.015384615384615385
U00106,Data Interpretation,72,35,9,0.4831138119733487,65.36458633958634,0,0.4861111111111111,0.0
U00106,Logical Reasoning,159,78,16,0.5303869469982614,77.42445080504291,0,0.49056603773584906,0.0
U00106,Quantitative Aptitude,173,137,24,0.8698225599554027,28.221517255892255,9,0.791907514450867,0.05202312138728324
U00106,Verbal Ability,154,72,12,0.44513558711729534,68.9092321757763,0,0.4675324675324675,0.0
U00107,Data Interpretation,20,13,8,0.47066431824282934,29.13125,2,0.65,0.1
U00107,Logical Reasoning,35,18,14,0.6093449397712369,77.97500000000001,0,0.5142857142857142,0.0
U00107,Quantitative Aptitude,51,30,21,0.5516549235890066,55.625396825396834,0,0.5882352941176471,0.0
U00107,Verbal Ability,40,31,12,0.7309595549274722,40.34722222222222,1,0.775,0.025
U00108,Data Interpretation,41,23,9,0.6167033156136497,52.91481481481482,1,0.5609756097560976,0.024390243902439025
U00108,Logical Reasoning,72,42,16,0.6270447181310261,55.8328125,0,0.5833333333333334,0.0
U00108,Quantitative Aptitude,127,47,24,0.28306503077181083,76.9231691919192,0,0.3700787401574803,0.0
U00108,Verbal Ability,72,44,12,0.5055364901122188,45.22314814814815,2,0.6111111111111112,0.027777777777777776
U00109,Data Interpretation,1,0,1,0.0,80.0,0,0.0,0.0
U00109,Logical Reasoning,8,4,7,0.5335499584223429,39.857142857142854,0,0.5,0.0
U00109,Quantitative Aptitude,8,3,7,0.42857142857142855,53.5,1,0.375,0.125
U00109,Verbal Ability,7,4,6,0.5,39.916666666666664,1,0.5714285714285714,0.14285714285714285
U00110,Data Interpretation,28,15,9,0.47952376051476836,42.696296296296296,0,0.5357142857142857,0.0
U00110,Logical Reasoning,36,21,14,0.6586339271366134,44.853571428571435,0,0.5833333333333334,0.0
U00110,Quantitative Aptitude,53,26,22,0.48087552160379354,69.38181818181819,0,0.49056603773584906,0.0
U00110,Verbal Ability,39,29,12,0.7160345939072656,40.31805555555555,1,0.7435897435897436,0.02564102564102564
U00111,Data Interpretation,94,50,9,0.430212791185191,58.303872053872055,1,0.5319148936170213,0.010638297872340425
U00111,Logical Reasoning,128,49,16,0.3311845205740676,77.66730561105561,0,0.3828125,0.0
U00111,Quantitative Aptitude,190,108,24,0.5940967207394362,56.738061822436826,1,0.5684210526315789,0.005263157894736842
U00111,Verbal Ability,169,121,12,0.7487066781265681,50.845634543331904,2,0.7159763313609467,0.011834319526627219
U00112,Data Interpretation,10,2,7,0.16499400149643867,45.642857142857146,1,0.2,0.1
U00112,Logical Reasoning,13,8,9,0.6394879510087228,43.25925925925926,0,0.6153846153846154,0.0
U00112,Quantitative Aptitude,11,6,9,0.4444444444444444,77.66666666666667,0,0.5454545454545454,0.0
U00112,Verbal Ability,8,4,5,0.5698162335039555,49.2,0,0.5,0.0
U00113,Data Interpretation,23,16,8,0.6377382732007681,49.38333333333333,2,0.6956521739130435,0.08695652173913043
U00113,Logical Reasoning,46,31,15,0.6334745830463478,40.78634920634921,0,0.6739130434782609,0.0
U00113,Quantitative Aptitude,56,24,21,0.40039060203497073,66.9031746031746,0,0.42857142857142855,0.0
U00113,Verbal Ability,31,20,11,0.7378605782993822,60.777272727272724,0,0.6451612903225806,0.0
U00114,Data Interpretation,23,9,8,0.5369233329887554,65.67708333333333,1,0.391304347826087,0.043478260869565216
U00114,Logical Reasoning,49,24,16,0.3963281010560803,53.58020833333333,2,0.4897959183673469,0.04081632653061224
U00114,Quantitative Aptitude,77,45,23,0.47292809712207584,49.70434782608696,0,0.5844155844155844,0.0
U00114,Verbal Ability,42,27,12,0.6057687636797232,41.04398148148148,3,0.6428571428571429,0.07142857142857142
U00115,Data Interpretation,7,6,6,0.8333333333333334,47.25,0,0.8571428571428571,0.0
U00115,Logical Reasoning,12,5,10,0.37470165932026134,61.7,0,0.4166666666666667,0.0
U00115,Quantitative Aptitude,10,2,8,0.1479431447057154,81.3125,0,0.2,0.0
U00115,Verbal Ability,7,4,6,0.6666666666666666,27.25,0,0.5714285714285714,0.0
U00116,Data Interpretation,4,2,4,0.5,48.25,0,0.5,0.0
U00116,Logical Reasoning,9,2,9,0.2222222222222222,70.66666666666667,0,0.2222222222222222,0.0
U00116,Quantitative Aptitude,18,12,11,0.715697049746704,64.54545454545455,0,0.6666666666666666,0.0
U00116,Verbal Ability,12,5,8,0.2741127312229986,63.4375,0,0.4166666666666667,0.0
U00117,Data Interpretation,7,5,6,0.7310307014322204,55.416666666666664,0,0.7142857142857143,0.0
U00117,Logical Reasoning,13,7,9,0.6516691924253666,43.666666666666664,1,0.5384615384615384,0.07692307692307693
U00117,Quantitative Aptitude,10,4,9,0.3333333333333333,57.22222222222222,0,0.4,0.0
U00117,Verbal Ability,15,8,8,0.5645996168277577,47.35416666666667,2,0.5333333333333333,0.13333333333333333
U00118,Data Interpretation,55,27,9,0.5155924166426815,59.58888888888888,0,0.4909090909090909,0.0
U00118,Logical Reasoning,115,82,16,0.7315670839046653,34.421703643578645,6,0.7130434782608696,0.05217391304347826
U00118,Quantitative Aptitude,170,127,24,0.7528582764313235,36.0966085997336,8,0.7470588235294118,0.047058823529411764
U00118,Verbal Ability,108,79,12,0.7065591842442213,30.034734940984944,5,0.7314814814814815,0.046296296296296294
U00119,Data Interpretation,3,1,3,0.3333333333333333,80.66666666666667,0,0.3333333333333333,0.0
U00119,Logical Reasoning,18,10,10,0.6902429718345132,64.04166666666666,0,0.5555555555555556,0.0
U00119,Quantitative Aptitude,16,7,12,0.46785744037575744,54.138888888888886,0,0.4375,0.0
U00119,Verbal Ability,16,7,9,0.4494119357859642,50.03703703703704,0,0.4375,0.0
U00120,Data Interpretation,12,9,7,0.8016324420961018,45.214285714285715,0,0.75,0.0
U00120,Logical Reasoning,14,7,10,0.4965367575769819,43.61666666666667,1,0.5,0.07142857142857142
U00120,Quantitative Aptitude,22,17,17,0.7965983624954067,39.86274509803921,1,0.7727272727272727,0.045454545454545456
U00120,Verbal Ability,17,12,8,0.8002909879260227,53.229166666666664,1,0.7058823529411765,0.058823529411764705
U00121,Data Interpretation,21,7,7,0.4263318140230564,78.17857142857143,0,0.3333333333333333,0.0
U00121,Logical Reasoning,28,13,13,0.449664386740816,83.28205128205128,0,0.4642857142857143,0.0
U00121,Quantitative Aptitude,44,19,20,0.47253725107107797,54.15833333333334,0,0.4318181818181818,0.0
U00121,Verbal Ability,29,18,12,0.6843826196605082,49.38194444444445,1,0.6206896551724138,0.034482758620689655
U00122,Data Interpretation,1,0,1,0.0,75.0,0,0.0,0.0
U00122,Logical Reasoning,3,1,2,0.1840158012044101,44.25,0,0.3333333333333333,0.0
U00122,Quantitative Aptitude,8,2,8,0.25,29.125,0,0.25,0.0
U00122,Verbal Ability,7,3,6,0.456672339998848,44.5,1,0.42857142857142855,0.14285714285714285
U00123,Data Interpretation,73,35,9,0.6368453357523493,61.847955747955744,0,0.4794520547945205,0.0
U00123,Logical Reasoning,126,69,16,0.6175934879758771,42.50899916056166,5,0.5476190476190477,0.03968253968253968
U00123,Quantitative Aptitude,193,146,24,0.7797869046614272,26.62564461001961,11,0.7564766839378239,0.05699481865284974
U00123,Verbal Ability,139,65,12,0.4765884443952409,67.59200336700337,0,0.4676258992805755,0.0
U00124,Data Interpretation,86,55,9,0.6465418749626737,41.048809523809524,2,0.6395348837209303,0.023255813953488372
U00124,Logical Reasoning,170,117,16,0.61416940894781,39.05356900554511,8,0.6882352941176471,0.047058823529411764
U00124,Quantitative Aptitude,191,135,24,0.7109706022815271,29.432386363636365,6,0.7068062827225131,0.031413612565445025
U00124,Verbal Ability,131,76,12,0.4525443736088855,46.20196815711521,3,0.5801526717557252,0.022900763358778626
U00125,Data Interpretation,7,6,6,0.9923152017047624,27.5,0,0.8571428571428571,0.0
U00125,Logical Reasoning,13,9,9,0.6842573232933086,59.96296296296296,0,0.6923076923076923,0.0
U00125,Quantitative Aptitude,21,13,15,0.5996993190062577,48.78888888888889,0,0.6190476190476191,0.0
U00125,Verbal Ability,8,4,6,0.5,50.333333333333336,0,0.5,0.0
U00126,Data Interpretation,64,34,9,0.5468115607185893,64.29519400352734,0,0.53125,0.0
U00126,Logical Reasoning,102,62,16,0.6599187972606755,39.92668650793651,4,0.6078431372549019,0.0392156862745098
U00126,Quantitative Aptitude,160,75,24,0.39379423507732797,61.54124729437229,0,0.46875,0.0
U00126,Verbal Ability,116,76,12,0.5723115743590154,44.38124248436748,4,0.6551724137931034,0.034482758620689655
U00127,Data Interpretation,23,15,9,0.5876182242052936,44.512962962962966,0,0.6521739130434783,0.0
U00127,Logical Reasoning,52,28,15,0.6516934967929552,42.77357142857143,2,0.5384615384615384,0.038461538461538464
U00127,Quantitative Aptitude,71,39,23,0.3478421685579583,60.634834368530015,0,0.5492957746478874,0.0
U00127,Verbal Ability,46,28,12,0.6725340936301724,52.0875,1,0.6086956521739131,0.021739130434782608
U00128,Data Interpretation,25,13,8,0.506650111849931,43.520833333333336,1,0.52,0.04
U00128,Logical Reasoning,44,29,16,0.6470929521003178,48.36979166666667,0,0.6590909090909091,0.0
U00128,Quantitative Aptitude,54,40,20,0.5541852637031063,36.597500000000004,1,0.7407407407407407,0.018518518518518517
U00128,Verbal Ability,39,25,12,0.7476389705737413,46.59583333333333,1,0.6410256410256411,0.02564102564102564
U00129,Data Interpretation,58,31,9,0.46476643866911194,70.22477954144621,0,0.5344827586206896,0.0
U00129,Logical Reasoning,118,62,16,0.3968277315940559,49.681592712842715,3,0.5254237288135594,0.025423728813559324
U00129,Quantitative Aptitude,147,77,24,0.5430415960613376,58.122784391534395,1,0.5238095238095238,0.006802721088435374
U00129,Verbal Ability,101,71,12,0.7807942996124589,27.596605940355943,8,0.7029702970297029,0.07920792079207921
U00130,Data Interpretation,23,11,7,0.4522902826761718,58.81428571428571,0,0.4782608695652174,0.0
U00130,Logical Reasoning,29,14,14,0.4988839329513119,64.27976190476191,0,0.4827586206896552,0.0
U00130,Quantitative Aptitude,39,16,20,0.3686494879003607,65.0625,0,0.41025641025641024,0.0
U00130,Verbal Ability,27,12,11,0.45576205826937155,66.42424242424242,0,0.4444444444444444,0.0
U00131,Data Interpretation,3,1,3,0.3333333333333333,43.666666666666664,0,0.3333333333333333,0.0
U00131,Logical Reasoning,3,3,3,1.0,35.0,0,1.0,0.0
U00131,Quantitative Aptitude,8,1,6,0.16666666666666666,85.83333333333333,0,0.125,0.0
U00131,Verbal Ability,3,3,2,1.0,51.0,0,1.0,0.0
U00132,Data Interpretation,38,28,9,0.9262897482446415,44.04012345679012,2,0.7368421052631579,0.05263157894736842
U00132,Logical Reasoning,59,39,16,0.6220488539364993,44.203125,2,0.6610169491525424,0.03389830508474576
U00132,Quantitative Aptitude,71,48,23,0.7988490080024626,42.92028985507246,2,0.676056338028169,0.028169014084507043
U00132,Verbal Ability,66,29,12,0.39708312336562385,69.26865079365079,0,0.4393939393939394,0.0
U00133,Data Interpretation,4,1,3,0.3333333333333333,74.16666666666667,0,0.25,0.0
U00133,Logical Reasoning,5,3,5,0.6,36.4,0,0.6,0.0
U00133,Quantitative Aptitude,6,3,5,0.6,51.4,0,0.5,0.0
U00133,Verbal Ability,6,4,4,0.75,46.625,0,0.6666666666666666,0.0
U00134,Data Interpretation,25,21,8,0.9470545490649851,24.804166666666667,0,0.84,0.0
U00134,Logical Reasoning,42,20,15,0.46748896404472295,75.51904761904761,0,0.47619047619047616,0.0
U00134,Quantitative Aptitude,64,39,23,0.6161241925833683,48.58623188405797,0,0.609375,0.0
U00134,Verbal Ability,47,33,12,0.7243264365987422,32.42619047619048,2,0.7021276595744681,0.0425531914893617
U00135,Data Interpretation,3,1,2,0.5,52.25,0,0.3333333333333333,0.0
U00135,Logical Reasoning,11,5,8,0.4590910150048575,59.58333333333333,0,0.45454545454545453,0.0
U00135,Quantitative Aptitude,18,11,11,0.5880958247120979,64.9090909090909,0,0.6111111111111112,0.0
U00135,Verbal Ability,3,1,3,0.3333333333333333,45.0,0,0.3333333333333333,0.0
U00136,Data Interpretation,84,39,9,0.47767397431578373,57.61995165328499,2,0.4642857142857143,0.023809523809523808
U00136,Logical Reasoning,140,91,16,0.6811662077009933,55.80822753635253,1,0.65,0.007142857142857143
U00136,Quantitative Aptitude,199,136,24,0.6697479329783059,31.80671169108669,11,0.6834170854271356,0.05527638190954774
U00136,Verbal Ability,146,75,12,0.4893377794900446,64.90849266474267,0,0.5136986301369864,0.0
U00137,Data Interpretation,16,9,7,0.5850495847348106,39.05952380952381,1,0.5625,0.0625
U00137,Logical Reasoning,29,16,14,0.590987431623044,65.71428571428571,0,0.5517241379310345,0.0
U00137,Quantitative Aptitude,42,21,21,0.46087366560073856,62.67698412698413,0,0.5,0.0
U00137,Verbal Ability,32,26,11,0.8183294155424817,26.91666666666667,2,0.8125,0.0625
U00138,Data Interpretation,23,13,9,0.31127633454247605,24.918518518518518,2,0.5652173913043478,0.08695652173913043
U00138,Logical Reasoning,33,22,14,0.560138170346095,50.595238095238095,0,0.6666666666666666,0.0
U00138,Quantitative Aptitude,67,34,23,0.4706072387701716,52.9340579710145,2,0.5074626865671642,0.029850746268656716
U00138,Verbal Ability,39,19,11,0.3718024366644029,70.88311688311688,1,0.48717948717948717,0.02564102564102564
U00139,Data Interpretation,6,6,3,1.0,37.27777777777778,0,1.0,0.0
U00139,Logical Reasoning,5,1,4,0.25,48.75,0,0.2,0.0
U00139,Quantitative Aptitude,10,5,8,0.375,43.41666666666667,0,0.5,0.0
U00139,Verbal Ability,7,6,4,0.9904836494051251,54.333333333333336,0,0.8571428571428571,0.0
U00140,Data Interpretation,8,6,5,0.9572467014263365,37.733333333333334,0,0.75,0.0
U00140,Logical Reasoning,6,3,6,0.5,31.833333333333332,0,0.5,0.0
U00140,Quantitative Aptitude,23,15,15,0.621499181008207,66.56666666666666,0,0.6521739130434783,0.0
U00140,Verbal Ability,9,8,8,0.875,36.8125,0,0.8888888888888888,0.0
U00141,Data Interpretation,21,13,9,0.6561001702472993,58.77777777777778,0,0.6190476190476191,0.0
U00141,Logical Reasoning,27,22,15,0.7592299481695423,39.67777777777778,0,0.8148148148148148,0.0
U00141,Quantitative Aptitude,56,27,21,0.3808865784160464,59.04126984126984,1,0.48214285714285715,0.017857142857142856
U00141,Verbal Ability,37,24,12,0.6068255873872302,39.11527777777778,0,0.6486486486486487,0.0
U00142,Data Interpretation,24,16,8,0.4774841886895409,44.739583333333336,1,0.6666666666666666,0.041666666666666664
U00142,Logical Reasoning,31,16,14,0.466618502916965,78.50850340136056,0,0.5161290322580645,0.0
U00142,Quantitative Aptitude,44,24,21,0.45812407753592527,66.66507936507936,0,0.5454545454545454,0.0
U00142,Verbal Ability,33,20,12,0.5987801222569353,58.173611111111114,0,0.6060606060606061,0.0
U00143,Data Interpretation,2,0,2,0.0,66.5,0,0.0,0.0
U00143,Logical Reasoning,4,3,4,0.75,30.0,0,0.75,0.0
U00143,Quantitative Aptitude,5,5,4,1.0,33.25,0,1.0,0.0
U00143,Verbal Ability,4,3,4,0.75,64.25,0,0.75,0.0
U00144,Data Interpretation,10,4,7,0.42877100961221354,61.357142857142854,0,0.4,0.0
U00144,Logical Reasoning,16,14,11,0.8181818181818182,44.5,0,0.875,0.0
U00144,Quantitative Aptitude,20,9,13,0.4270748900838663,51.05128205128205,1,0.45,0.05
U00144,Verbal Ability,9,6,6,0.5,65.47222222222221,0,0.6666666666666666,0.0
U00145,Data Interpretation,10,8,6,0.8311846584048634,30.611111111111114,1,0.8,0.1
U00145,Logical Reasoning,13,8,9,0.7017703544789835,35.55555555555556,0,0.6153846153846154,0.0
U00145,Quantitative Aptitude,20,12,13,0.4537176129002217,51.333333333333336,0,0.6,0.0
U00145,Verbal Ability,8,7,6,0.8333333333333334,44.833333333333336,0,0.875,0.0
U00146,Data Interpretation,79,35,9,0.47145969924399356,67.87544677544678,1,0.4430379746835443,0.012658227848101266
U00146,Logical Reasoning,154,86,16,0.6188148962550714,57.8004407051282,2,0.5584415584415584,0.012987012987012988
U00146,Quantitative Aptitude,208,121,24,0.5642586085113804,61.06361081048581,0,0.5817307692307693,0.0
U00146,Verbal Ability,119,67,12,0.7057586269034398,54.18188478188478,4,0.5630252100840336,0.03361344537815126
U00147,Data Interpretation,3,3,3,1.0,68.66666666666667,0,1.0,0.0
U00147,Logical Reasoning,5,4,4,0.75,47.5,0,0.8,0.0
U00147,Quantitative Aptitude,5,3,5,0.6,30.0,1,0.6,0.2
U00147,Verbal Ability,7,3,5,0.4690437096879313,66.3,0,0.42857142857142855,0.0
U00148,Data Interpretation,7,5,6,0.6666666666666666,38.25,0,0.7142857142857143,0.0
U00148,Logical Reasoning,9,7,7,0.8519009760461405,57.42857142857143,0,0.7777777777777778,0.0
U00148,Quantitative Aptitude,15,5,11,0.45345650278468885,62.45454545454545,0,0.3333333333333333,0.0
U00148,Verbal Ability,13,9,9,0.8652799852621089,36.166666666666664,0,0.6923076923076923,0.0
U00149,Data Interpretation,41,21,9,0.4159359367947663,65.37901234567902,0,0.5121951219512195,0.0
U00149,Logical Reasoning,79,46,16,0.5454601873883845,48.804613095238096,2,0.5822784810126582,0.02531645569620253
U00149,Quantitative Aptitude,100,76,24,0.8078967231619578,39.68561507936508,2,0.76,0.02
U00149,Verbal Ability,75,38,12,0.5406853719430883,57.41911375661376,1,0.5066666666666667,0.013333333333333334
U00150,Data Interpretation,4,4,4,1.0,51.0,0,1.0,0.0
U00150,Logical Reasoning,9,3,7,0.41708937254103595,70.57142857142857,0,0.3333333333333333,0.0
U00150,Quantitative Aptitude,4,3,4,0.75,59.5,0,0.75,0.0
U00150,Verbal Ability,9,3,6,0.5,65.875,0,0.3333333333333333,0.0
U00151,Data Interpretation,5,2,4,0.2609292390049458,72.625,0,0.4,0.0
U00151,Logical Reasoning,2,2,2,1.0,87.5,0,1.0,0.0
U00151,Quantitative Aptitude,7,3,6,0.5,41.666666666666664,0,0.42857142857142855,0.0
U00151,Verbal Ability,7,6,6,0.8333333333333334,24.333333333333332,0,0.8571428571428571,0.0
U00152,Data Interpretation,40,21,8,0.5240221645353919,43.68125,1,0.525,0.025
U00152,Logical Reasoning,78,28,16,0.40155052729635904,79.66103670634921,0,0.358974358974359,0.0
U00152,Quantitative Aptitude,87,57,23,0.7129839695791784,35.06832298136646,6,0.6551724137931034,0.06896551724137931
U00152,Verbal Ability,68,38,12,0.6030425988423945,45.206250000000004,2,0.5588235294117647,0.029411764705882353
U00153,Data Interpretation,12,12,7,1.0,23.678571428571427,0,1.0,0.0
U00153,Logical Reasoning,41,21,13,0.7703513035118662,50.71410256410256,1,0.5121951219512195,0.024390243902439025
U00153,Quantitative Aptitude,60,35,21,0.5191886398954475,54.83253968253968,1,0.5833333333333334,0.016666666666666666
U00153,Verbal Ability,37,20,12,0.46212685951187016,48.951388888888886,3,0.5405405405405406,0.08108108108108109
U00154,Data Interpretation,26,15,8,0.5606160150488774,57.47916666666667,0,0.5769230769230769,0.0
U00154,Logical Reasoning,72,40,16,0.569036785837054,55.60420482295482,1,0.5555555555555556,0.013888888888888888
U00154,Quantitative Aptitude,67,28,23,0.438601424287831,58.0036231884058,1,0.417910447761194,0.014925373134328358
U00154,Verbal Ability,37,17,12,0.3859027752490847,58.07638888888889,0,0.4594594594594595,0.0
U00155,Data Interpretation,4,3,2,0.7897956522750482,48.25,0,0.75,0.0
U00155,Logical Reasoning,13,6,9,0.4064931333387234,64.42592592592592,0,0.46153846153846156,0.0
U00155,Quantitative Aptitude,9,4,7,0.499373551443795,61.785714285714285,0,0.4444444444444444,0.0
U00155,Verbal Ability,5,1,4,0.25,40.5,0,0.2,0.0
U00156,Data Interpretation,57,27,9,0.5919273718050104,60.965384615384615,0,0.47368421052631576,0.0
U00156,Logical Reasoning,109,62,16,0.5383542861877141,47.33965773809524,4,0.5688073394495413,0.03669724770642202
U00156,Quantitative Aptitude,127,80,24,0.6235148471055088,45.89246031746032,3,0.6299212598425197,0.023622047244094488
U00156,Verbal Ability,77,48,12,0.5660893599424949,55.919591750841754,0,0.6233766233766234,0.0
U00157,Data Interpretation,37,24,9,0.6901703138573763,48.95476190476191,0,0.6486486486486487,0.0
U00157,Logical Reasoning,84,28,16,0.3178730516702198,72.87708333333333,0,0.3333333333333333,0.0
U00157,Quantitative Aptitude,132,76,24,0.568897031695858,55.7712977994228,1,0.5757575757575758,0.007575757575757576
U00157,Verbal Ability,97,59,12,0.5792091385411383,58.358315295815295,0,0.6082474226804123,0.0
U00158,Data Interpretation,22,16,8,0.7029240035956293,34.375,1,0.7272727272727273,0.045454545454545456
U00158,Logical Reasoning,38,28,15,0.7709183188081734,41.42111111111112,1,0.7368421052631579,0.02631578947368421
U00158,Quantitative Aptitude,64,47,21,0.7601740291996388,49.93650793650794,1,0.734375,0.015625
U00158,Verbal Ability,47,30,11,0.6591085465141535,47.86071428571429,2,0.6382978723404256,0.0425531914893617
U00159,Data Interpretation,22,11,8,0.5381495283926541,68.45416666666667,0,0.5,0.0
U00159,Logical Reasoning,32,19,15,0.5611907102094066,38.013333333333335,0,0.59375,0.0
U00159,Quantitative Aptitude,40,24,16,0.5652965784231865,47.005208333333336,0,0.6,0.0
U00159,Verbal Ability,38,19,12,0.642488740757376,51.12936507936507,3,0.5,0.07894736842105263
U00160,Data Interpretation,55,27,9,0.6209461959987211,59.627910052910046,0,0.4909090909090909,0.0
U00160,Logical Reasoning,110,63,16,0.5540955514533483,46.93452380952381,2,0.5727272727272728,0.01818181818181818
U00160,Quantitative Aptitude,150,83,24,0.6903957451023076,53.09761904761905,1,0.5533333333333333,0.006666666666666667
U00160,Verbal Ability,104,83,12,0.885553850229575,27.762103174603173,2,0.7980769230769231,0.019230769230769232
U00161,Data Interpretation,68,47,9,0.8145383813623124,35.15113836780503,2,0.6911764705882353,0.029411764705882353
U00161,Logical Reasoning,129,70,16,0.5584439226381704,67.40255456349206,0,0.5426356589147286,0.0
U00161,Quantitative Aptitude,149,76,24,0.3801119395791519,64.72483014670514,0,0.5100671140939598,0.0
U00161,Verbal Ability,93,55,12,0.5974556523456637,58.207557720057714,2,0.5913978494623656,0.021505376344086023
U00162,Data Interpretation,15,10,8,0.624793344330248,63.6875,0,0.6666666666666666,0.0
U00162,Logical Reasoning,40,25,15,0.6014316573721266,59.63777777777777,0,0.625,0.0
U00162,Quantitative Aptitude,46,23,20,0.49996873099652006,65.80666666666666,0,0.5,0.0
U00162,Verbal Ability,30,17,11,0.5949213002054311,57.45454545454545,0,0.5666666666666667,0.0
U00163,Data Interpretation,22,12,9,0.4503744399583367,68.08333333333333,0,0.5454545454545454,0.0
U00163,Logical Reasoning,47,28,15,0.5993714574517341,52.5,0,0.5957446808510638,0.0
U00163,Quantitative Aptitude,52,30,20,0.5159039964979695,44.2725,1,0.5769230769230769,0.019230769230769232
U00163,Verbal Ability,25,11,10,0.5943318725379284,71.73333333333333,0,0.44,0.0
U00164,Data Interpretation,23,13,8,0.6574732575725555,43.06666666666666,1,0.5652173913043478,0.043478260869565216
U00164,Logical Reasoning,32,23,14,0.7029344142902362,38.648809523809526,1,0.71875,0.03125
U00164,Quantitative Aptitude,50,21,23,0.4786521789985439,76.34420289855073,0,0.42,0.0
U00164,Verbal Ability,39,15,11,0.3394613480128404,49.83484848484849,0,0.38461538461538464,0.0
U00165,Data Interpretation,10,8,7,0.8037568836195783,25.642857142857142,1,0.8,0.1
U00165,Logical Reasoning,24,13,12,0.6433993725386219,57.55555555555555,0,0.5416666666666666,0.0
U00165,Quantitative Aptitude,36,22,21,0.6305143934160732,46.70238095238095,2,0.6111111111111112,0.05555555555555555
U00165,Verbal Ability,28,23,11,0.6868201605581875,24.931818181818183,1,0.8214285714285714,0.03571428571428571
U00166,Data Interpretation,10,9,8,0.96886729647308,53.0,0,0.9,0.0
U00166,Logical Reasoning,17,14,13,0.830474427910532,35.57692307692308,0,0.8235294117647058,0.0
U00166,Quantitative Aptitude,16,8,10,0.5147562904438578,54.35,0,0.5,0.0
U00166,Verbal Ability,11,5,7,0.42857142857142855,29.452380952380953,0,0.45454545454545453,0.0
U00167,Data Interpretation,5,3,5,0.6,67.4,0,0.6,0.0
U00167,Logical Reasoning,24,11,13,0.46328810270715287,62.69230769230769,0,0.4583333333333333,0.0
U00167,Quantitative Aptitude,19,12,15,0.6594188010435199,45.3,0,0.631578947368421,0.0
U00167,Verbal Ability,10,6,6,0.591595917216314,54.805555555555564,0,0.6,0.0
U00168,Data Interpretation,6,1,3,0.0879025921634272,76.66666666666667,0,0.16666666666666666,0.0
U00168,Logical Reasoning,17,10,10,0.62205518333562,65.86666666666666,0,0.5882352941176471,0.0
U00168,Quantitative Aptitude,30,16,16,0.5698734842207289,65.89583333333333,0,0.5333333333333333,0.0
U00168,Verbal Ability,21,11,11,0.41784417299772936,56.310606060606055,0,0.5238095238095238,0.0
U00169,Data Interpretation,7,5,5,0.8093144762312369,61.8,0,0.7142857142857143,0.0
U00169,Logical Reasoning,16,15,11,0.9090909090909091,35.18181818181818,1,0.9375,0.0625
U00169,Quantitative Aptitude,22,11,17,0.5309798558593224,49.529411764705884,2,0.5,0.09090909090909091
U00169,Verbal Ability,12,2,6,0.3281143711101715,90.8888888888889,0,0.16666666666666666,0.0
U00170,Data Interpretation,27,14,9,0.40836589182007027,67.37962962962962,0,0.5185185185185185,0.0
U00170,Logical Reasoning,49,38,16,0.8460430023927638,44.079166666666666,0,0.7755102040816326,0.0
U00170,Quantitative Aptitude,48,24,21,0.511837093577254,68.38888888888889,0,0.5,0.0
U00170,Verbal Ability,42,19,12,0.3585430299198908,67.92129629629629,0,0.4523809523809524,0.0
U00171,Data Interpretation,9,6,6,0.8333333333333334,46.361111111111114,0,0.6666666666666666,0.0
U00171,Logical Reasoning,18,12,11,0.6295021842310047,48.07575757575758,1,0.6666666666666666,0.05555555555555555
U00171,Quantitative Aptitude,12,9,9,0.6666666666666666,42.70370370370371,0,0.75,0.0
U00171,Verbal Ability,17,13,7,0.8206876653984457,26.690476190476193,2,0.7647058823529411,0.11764705882352941
U00172,Data Interpretation,7,6,6,0.8333333333333334,50.416666666666664,0,0.8571428571428571,0.0
U00172,Logical Reasoning,7,3,6,0.3345127497446175,57.75,0,0.42857142857142855,0.0
U00172,Quantitative Aptitude,16,11,15,0.6764734780122139,20.866666666666667,0,0.6875,0.0
U00172,Verbal Ability,14,9,9,0.5958785031311312,70.0,0,0.6428571428571429,0.0
U00173,Data Interpretation,2,1,2,0.5,32.5,0,0.5,0.0
U00173,Logical Reasoning,7,5,6,0.6666666666666666,99.58333333333333,0,0.7142857142857143,0.0
U00173,Quantitative Aptitude,6,4,5,0.6,71.0,0,0.6666666666666666,0.0
U00173,Verbal Ability,8,3,7,0.428054795414523,42.714285714285715,0,0.375,0.0
U00174,Data Interpretation,70,53,9,0.8035180150531758,41.86392126392126,0,0.7571428571428571,0.0
U00174,Logical Reasoning,154,66,16,0.41923018760894376,76.65623126873128,1,0.42857142857142855,0.006493506493506494
U00174,Quantitative Aptitude,168,107,24,0.5720812850384857,45.16961880711881,5,0.6369047619047619,0.02976190476190476
U00174,Verbal Ability,134,59,12,0.38190573581007353,66.6949533653481,0,0.44029850746268656,0.0
U00175,Data Interpretation,69,20,9,0.22651733575054456,84.21012906846241,0,0.2898550724637681,0.0
U00175,Logical Reasoning,105,52,16,0.4458339047498302,51.153125,1,0.49523809523809526,0.009523809523809525
U00175,Quantitative Aptitude,168,87,24,0.5225335624446196,54.9432674963925,1,0.5178571428571429,0.005952380952380952
U00175,Verbal Ability,124,96,12,0.8496329527047032,29.011576885590046,9,0.7741935483870968,0.07258064516129033
U00176,Data Interpretation,3,2,2,0.7390233731056486,71.5,0,0.6666666666666666,0.0
U00176,Logical Reasoning,8,4,6,0.6666666666666666,52.583333333333336,0,0.5,0.0
U00176,Quantitative Aptitude,17,10,14,0.6428571428571429,86.07142857142857,0,0.5882352941176471,0.0
U00176,Verbal Ability,8,3,5,0.3809777173488883,67.9,0,0.375,0.0
U00177,Data Interpretation,3,1,3,0.3333333333333333,51.666666666666664,0,0.3333333333333333,0.0
U00177,Logical Reasoning,6,4,5,0.6,56.6,0,0.6666666666666666,0.0
U00177,Quantitative Aptitude,10,7,10,0.7,41.5,0,0.7,0.0
U00177,Verbal Ability,8,6,6,0.6708852970601691,44.416666666666664,0,0.75,0.0
U00178,Data Interpretation,41,26,9,0.6919850672007328,25.892592592592592,5,0.6341463414634146,0.12195121951219512
U00178,Logical Reasoning,72,51,16,0.6576312171626995,28.051934523809525,1,0.7083333333333334,0.013888888888888888
U00178,Quantitative Aptitude,101,72,24,0.6841541056107562,41.88221951659452,0,0.7128712871287128,0.0
U00178,Verbal Ability,65,42,12,0.5981578133726041,50.25925925925926,1,0.6461538461538462,0.015384615384615385
U00179,Data Interpretation,16,12,7,0.7143426943863168,24.36904761904762,1,0.75,0.0625
U00179,Logical Reasoning,41,28,14,0.7057375060694842,46.16845238095238,0,0.6829268292682927,0.0
U00179,Quantitative Aptitude,85,47,22,0.617294517957831,61.99090909090909,0,0.5529411764705883,0.0
U00179,Verbal Ability,50,27,12,0.6122463903851297,62.97940115440116,0,0.54,0.0
U00180,Data Interpretation,12,7,5,0.5862745005962663,38.0,0,0.5833333333333334,0.0
U00180,Logical Reasoning,23,13,14,0.5001542781215672,50.607142857142854,1,0.5652173913043478,0.043478260869565216
U00180,Quantitative Aptitude,54,29,22,0.4712060370427345,49.35876623376623,0,0.5370370370370371,0.0
U00180,Verbal Ability,32,14,11,0.4511291680384773,47.939393939393945,2,0.4375,0.0625
U00181,Data Interpretation,2,1,1,0.5180601627497978,79.0,0,0.5,0.0
U00181,Logical Reasoning,12,5,8,0.44259712637298226,46.66666666666667,0,0.4166666666666667,0.0
U00181,Quantitative Aptitude,9,3,7,0.2644261603923453,32.142857142857146,0,0.3333333333333333,0.0
U00181,Verbal Ability,12,9,8,0.8598269484007324,27.75,0,0.75,0.0
U00182,Data Interpretation,9,5,6,0.5657838672868053,54.333333333333336,0,0.5555555555555556,0.0
U00182,Logical Reasoning,8,4,5,0.359506472006391,74.8,0,0.5,0.0
U00182,Quantitative Aptitude,11,8,9,0.7887993574396476,32.666666666666664,0,0.7272727272727273,0.0
U00182,Verbal Ability,10,4,5,0.5044505800688419,41.43333333333333,1,0.4,0.1
U00183,Data Interpretation,27,17,9,0.4861826405821464,38.11481481481482,0,0.6296296296296297,0.0
U00183,Logical Reasoning,42,22,16,0.5699362216763929,61.08125,0,0.5238095238095238,0.0
U00183,Quantitative Aptitude,57,31,21,0.568734207987202,60.538888888888884,1,0.543859649122807,0.017543859649122806
U00183,Verbal Ability,41,21,12,0.5754065867274313,48.83373015873016,0,0.5121951219512195,0.0
U00184,Data Interpretation,20,11,8,0.6508773370315281,61.425,0,0.55,0.0
U00184,Logical Reasoning,28,12,13,0.39498902320074364,60.705128205128204,0,0.42857142857142855,0.0
U00184,Quantitative Aptitude,28,18,18,0.6532550330721802,31.865740740740744,3,0.6428571428571429,0.10714285714285714
U00184,Verbal Ability,31,18,10,0.5535861506456345,68.06071428571428,0,0.5806451612903226,0.0
U00185,Data Interpretation,8,4,5,0.5319188945164228,25.9,1,0.5,0.125
U00185,Logical Reasoning,9,6,8,0.75,41.625,0,0.6666666666666666,0.0
U00185,Quantitative Aptitude,7,5,6,0.7365754501107542,72.0,0,0.7142857142857143,0.0
U00185,Verbal Ability,6,6,5,1.0,64.8,0,1.0,0.0
U00186,Data Interpretation,34,22,8,0.6420325051767319,43.31369047619048,1,0.6470588235294118,0.029411764705882353
U00186,Logical Reasoning,81,53,16,0.6410361442042716,39.23995535714286,2,0.654320987654321,0.024691358024691357
U00186,Quantitative Aptitude,90,47,24,0.5085816644074813,54.52371031746031,0,0.5222222222222223,0.0
U00186,Verbal Ability,55,27,12,0.4166163078969192,51.03988095238095,2,0.4909090909090909,0.03636363636363636
U00187,Data Interpretation,9,6,7,0.7142857142857143,58.642857142857146,0,0.6666666666666666,0.0
U00187,Logical Reasoning,23,15,12,0.7033862968944339,40.84027777777778,0,0.6521739130434783,0.0
U00187,Quantitative Aptitude,47,25,19,0.5320753654175107,37.49824561403509,1,0.5319148936170213,0.02127659574468085
U00187,Verbal Ability,20,10,9,0.7036534773739368,59.30555555555556,0,0.5,0.0
U00188,Data Interpretation,3,1,2,0.07380728045642856,70.0,0,0.3333333333333333,0.0
U00188,Logical Reasoning,2,1,2,0.5,63.5,0,0.5,0.0
U00188,Quantitative Aptitude,2,2,2,1.0,28.5,0,1.0,0.0
U00188,Verbal Ability,3,3,3,1.0,35.333333333333336,0,1.0,0.0
U00189,Data Interpretation,28,17,9,0.6480094631277024,40.257407407407406,2,0.6071428571428571,0.07142857142857142
U00189,Logical Reasoning,40,19,15,0.43285462048158124,49.16555555555556,2,0.475,0.05
U00189,Quantitative Aptitude,69,42,22,0.6748766489514245,46.77348484848485,1,0.6086956521739131,0.014492753623188406
U00189,Verbal Ability,56,35,12,0.6885240432982199,40.2337962962963,2,0.625,0.03571428571428571
U00190,Data Interpretation,15,11,7,0.712142760934273,91.47619047619047,0,0.7333333333333333,0.0
U00190,Logical Reasoning,20,8,14,0.41751426414016596,67.88095238095238,0,0.4,0.0
U00190,Quantitative Aptitude,40,19,22,0.431463901137948,53.04545454545455,0,0.475,0.0
U00190,Verbal Ability,22,8,11,0.4192011001900619,67.0,0,0.36363636363636365,0.0
U00191,Data Interpretation,33,24,9,0.7780737614553752,21.593650793650795,3,0.7272727272727273,0.09090909090909091
U00191,Logical Reasoning,58,37,15,0.763685868997209,38.16888888888889,1,0.6379310344827587,0.017241379310344827
U00191,Quantitative Aptitude,90,40,24,0.38689074118582195,82.52048611111111,0,0.4444444444444444,0.0
U00191,Verbal Ability,68,41,12,0.5431074238454529,44.24599867724868,1,0.6029411764705882,0.014705882352941176
U00192,Data Interpretation,9,3,7,0.2210190241132762,42.857142857142854,1,0.3333333333333333,0.1111111111111111
U00192,Logical Reasoning,12,6,8,0.44555679414332383,29.458333333333332,1,0.5,0.08333333333333333
U00192,Quantitative Aptitude,14,12,12,0.8333333333333334,51.5,0,0.8571428571428571,0.0
U00192,Verbal Ability,12,9,8,0.7766623685749235,52.6875,0,0.75,0.0
U00193,Data Interpretation,7,3,3,0.6113271906402354,50.611111111111114,0,0.42857142857142855,0.0
U00193,Logical Reasoning,2,2,2,1.0,79.5,0,1.0,0.0
U00193,Quantitative Aptitude,10,5,7,0.47689560576612816,64.28571428571429,0,0.5,0.0
U00193,Verbal Ability,4,3,3,0.6666666666666666,35.0,1,0.75,0.25
U00194,Data Interpretation,5,3,5,0.6,56.8,0,0.6,0.0
U00194,Logical Reasoning,10,3,8,0.33164063299125845,45.8125,0,0.3,0.0
U00194,Quantitative Aptitude,14,7,9,0.5863058073123582,52.48148148148148,0,0.5,0.0
U00194,Verbal Ability,9,6,7,0.6501262113768854,29.5,1,0.6666666666666666,0.1111111111111111
U00195,Data Interpretation,50,24,9,0.42274493511504846,57.62962962962964,0,0.48,0.0
U00195,Logical Reasoning,96,57,16,0.6590145383137456,48.51075148809524,1,0.59375,0.010416666666666666
U00195,Quantitative Aptitude,160,89,24,0.5860565269510062,53.34047619047619,0,0.55625,0.0
U00195,Verbal Ability,121,84,12,0.6726647519911387,33.571014062190535,5,0.6942148760330579,0.04132231404958678
U00196,Data Interpretation,53,21,8,0.4688374916324527,69.78204365079365,0,0.39622641509433965,0.0
U00196,Logical Reasoning,89,40,16,0.4488306681146507,76.00662202380953,0,0.449438202247191,0.0
U00196,Quantitative Aptitude,99,69,23,0.6629512764587195,41.755020703933745,2,0.696969696969697,0.020202020202020204
U00196,Verbal Ability,79,42,12,0.6148986973445776,58.143287037037034,0,0.5316455696202531,0.0
U00197,Data Interpretation,24,18,8,0.6350388351366609,34.864583333333336,0,0.75,0.0
U00197,Logical Reasoning,46,21,14,0.4160897765862823,52.332142857142856,0,0.45652173913043476,0.0
U00197,Quantitative Aptitude,60,39,24,0.6522304092140284,39.15625,3,0.65,0.05
U00197,Verbal Ability,48,31,12,0.6699521994028678,45.71944444444444,2,0.6458333333333334,0.041666666666666664
U00198,Data Interpretation,8,6,6,0.8503439361516701,67.16666666666667,0,0.75,0.0
U00198,Logical Reasoning,23,8,12,0.38021732716658524,79.6736111111111,0,0.34782608695652173,0.0
U00198,Quantitative Aptitude,15,9,12,0.6714307655139589,64.83333333333333,0,0.6,0.0
U00198,Verbal Ability,13,8,9,0.710162272231678,61.333333333333336,0,0.6153846153846154,0.0
U00199,Data Interpretation,72,48,9,0.6851358162188331,33.77896825396826,6,0.6666666666666666,0.08333333333333333
U00199,Logical Reasoning,132,103,16,0.7644367834254742,25.544575216450216,10,0.7803030303030303,0.07575757575757576
U00199,Quantitative Aptitude,166,78,24,0.42174699407050764,67.37269223831724,1,0.46987951807228917,0.006024096385542169
U00199,Verbal Ability,107,58,12,0.6368774948420857,61.78703703703704,0,0.5420560747663551,0.0
U00200,Data Interpretation,5,3,4,0.552291214520294,52.375,0,0.6,0.0
U00200,Logical Reasoning,6,6,5,1.0,48.6,0,1.0,0.0
U00200,Quantitative Aptitude,11,10,8,0.875,45.71875,0,0.9090909090909091,0.0
U00200,Verbal Ability,7,5,5,0.6,52.6,0,0.7142857142857143,0.0
U00201,Data Interpretation,8,5,7,0.611702655170989,44.642857142857146,0,0.625,0.0
U00201,Logical Reasoning,21,12,11,0.5935193268350522,59.02272727272727,0,0.5714285714285714,0.0
U00201,Quantitative Aptitude,19,10,15,0.5616679096617064,59.82222222222222,0,0.5263157894736842,0.0
U00201,Verbal Ability,21,8,11,0.3949981067131086,69.21212121212122,0,0.38095238095238093,0.0
U00202,Data Interpretation,20,11,8,0.39955197281321847,50.10416666666667,1,0.55,0.05
U00202,Logical Reasoning,39,26,15,0.628375753978177,30.275555555555556,3,0.6666666666666666,0.07692307692307693
U00202,Quantitative Aptitude,54,29,22,0.5008276454741174,66.95454545454545,2,0.5370370370370371,0.037037037037037035
U00202,Verbal Ability,29,20,11,0.8034052930770156,39.79545454545455,1,0.6896551724137931,0.034482758620689655
U00203,Data Interpretation,28,12,8,0.5001366051170748,80.63541666666667,0,0.42857142857142855,0.0
U00203,Logical Reasoning,38,20,13,0.519785441350098,85.3423076923077,0,0.5263157894736842,0.0
U00203,Quantitative Aptitude,55,29,23,0.40334393755004777,65.82004830917874,0,0.5272727272727272,0.0
U00203,Verbal Ability,35,24,12,0.6277359301245832,36.1625,1,0.6857142857142857,0.02857142857142857
U00204,Data Interpretation,6,3,6,0.5,105.0,0,0.5,0.0
U00204,Logical Reasoning,16,12,11,0.820224022238137,41.54545454545455,0,0.75,0.0
U00204,Quantitative Aptitude,11,8,9,0.7020195057441093,36.55555555555556,0,0.7272727272727273,0.0
U00204,Verbal Ability,6,2,3,0.3619952913620157,54.166666666666664,0,0.3333333333333333,0.0
U00205,Data Interpretation,25,15,9,0.49750798215053954,50.45,0,0.6,0.0
U00205,Logical Reasoning,57,23,16,0.39119096184291924,75.421875,0,0.40350877192982454,0.0
U00205,Quantitative Aptitude,63,23,24,0.38358850793456906,66.32708333333333,0,0.36507936507936506,0.0
U00205,Verbal Ability,42,25,12,0.5841853255620689,29.829166666666666,2,0.5952380952380952,0.047619047619047616
U00206,Data Interpretation,44,25,9,0.52227918675551,51.087698412698415,4,0.5681818181818182,0.09090909090909091
U00206,Logical Reasoning,73,38,15,0.6269339420934119,57.55888888888889,1,0.5205479452054794,0.0136986301369863
U00206,Quantitative Aptitude,108,61,24,0.5115537115744287,54.732638888888886,2,0.5648148148148148,0.018518518518518517
U00206,Verbal Ability,67,39,12,0.49357367195204455,49.57142857142858,3,0.582089552238806,0.04477611940298507
U00207,Data Interpretation,5,2,4,0.4998191432159669,65.875,0,0.4,0.0
U00207,Logical Reasoning,9,3,7,0.27933361239404897,88.42857142857143,0,0.3333333333333333,0.0
U00207,Quantitative Aptitude,12,8,9,0.7387013231837922,47.77777777777778,0,0.6666666666666666,0.0
U00207,Verbal Ability,12,5,9,0.35977424215753573,80.11111111111111,0,0.4166666666666667,0.0
U00208,Data Interpretation,10,5,6,0.4489119504896169,65.83333333333333,0,0.5,0.0
U00208,Logical Reasoning,19,8,11,0.4609001103799813,75.37121212121211,0,0.42105263157894735,0.0
U00208,Quantitative Aptitude,28,15,18,0.45695418859316017,59.833333333333336,0,0.5357142857142857,0.0
U00208,Verbal Ability,14,11,10,0.7,51.85,0,0.7857142857142857,0.0
U00209,Data Interpretation,73,46,9,0.6374659719559659,48.398953823953825,1,0.6301369863013698,0.0136986301369863
U00209,Logical Reasoning,106,52,16,0.520686090726291,64.44891549422799,1,0.49056603773584906,0.009433962264150943
U00209,Quantitative Aptitude,148,90,24,0.6161235808285459,43.69672619047619,1,0.6081081081081081,0.006756756756756757
U00209,Verbal Ability,94,39,12,0.4821656426980967,71.25778318903319,0,0.4148936170212766,0.0
U00210,Data Interpretation,22,12,9,0.6615752884050909,63.87407407407407,0,0.5454545454545454,0.0
U00210,Logical Reasoning,44,24,15,0.5737075064903159,70.20555555555555,0,0.5454545454545454,0.0
U00210,Quantitative Aptitude,55,19,18,0.3243148912540189,65.6537037037037,0,0.34545454545454546,0.0
U00210,Verbal Ability,20,9,10,0.38309402733620124,73.55,0,0.45,0.0
U00211,Data Interpretation,8,2,4,0.25066600982087434,102.875,0,0.25,0.0
U00211,Logical Reasoning,18,11,10,0.622028001604586,45.41666666666667,0,0.6111111111111112,0.0
U00211,Quantitative Aptitude,22,10,14,0.4545621761580639,51.38095238095239,0,0.45454545454545453,0.0
U00211,Verbal Ability,13,12,7,0.8571428571428571,53.09523809523809,0,0.9230769230769231,0.0
U00212,Data Interpretation,92,52,9,0.5968910288878477,51.58923483923484,1,0.5652173913043478,0.010869565217391304
U00212,Logical Reasoning,122,68,16,0.5741358809408103,63.041414141414144,0,0.5573770491803278,0.0
U00212,Quantitative Aptitude,204,142,24,0.7021875298428846,39.88218841343841,7,0.696078431372549,0.03431372549019608
U00212,Verbal Ability,145,64,12,0.4816688685080965,68.863051994302,0,0.4413793103448276,0.0
U00213,Data Interpretation,27,10,9,0.319111807213978,48.870370370370374,0,0.37037037037037035,0.0
U00213,Logical Reasoning,58,37,16,0.5927514457617792,46.37589285714286,0,0.6379310344827587,0.0
U00213,Quantitative Aptitude,81,49,23,0.5590475596769692,39.72867494824016,3,0.6049382716049383,0.037037037037037035
U00213,Verbal Ability,73,43,12,0.5579622601020459,55.153192640692644,0,0.589041095890411,0.0
U00214,Data Interpretation,11,6,6,0.5047841962990168,61.416666666666664,0,0.5454545454545454,0.0
U00214,Logical Reasoning,14,7,10,0.6346548091789226,43.9,0,0.5,0.0
U00214,Quantitative Aptitude,24,10,15,0.3451931475260142,81.86666666666666,0,0.4166666666666667,0.0
U00214,Verbal Ability,19,13,9,0.6846353117889454,46.23148148148149,1,0.6842105263157895,0.05263157894736842
U00215,Data Interpretation,13,7,8,0.6591797836513564,55.9375,0,0.5384615384615384,0.0
U00215,Logical Reasoning,26,19,13,0.6932637386838659,41.17948717948718,0,0.7307692307692307,0.0
U00215,Quantitative Aptitude,36,19,20,0.3969218622391043,64.2125,0,0.5277777777777778,0.0
U00215,Verbal Ability,25,22,10,0.8993870555367247,27.589999999999996,0,0.88,0.0
U00216,Data Interpretation,22,14,8,0.7924945680292699,54.88125,0,0.6363636363636364,0.0
U00216,Logical Reasoning,33,18,15,0.6096301387504448,84.28333333333333,0,0.5454545454545454,0.0
U00216,Quantitative Aptitude,34,15,19,0.4607536330087523,73.22807017543859,0,0.4411764705882353,0.0
U00216,Verbal Ability,36,19,12,0.40311420630523526,71.48611111111111,1,0.5277777777777778,0.027777777777777776
U00217,Data Interpretation,1,1,1,1.0,38.0,0,1.0,0.0
U00217,Logical Reasoning,3,2,2,0.503600643614779,83.0,0,0.6666666666666666,0.0
U00217,Quantitative Aptitude,12,11,10,0.9,31.8,0,0.9166666666666666,0.0
U00217,Verbal Ability,7,4,6,0.6666666666666666,24.916666666666668,0,0.5714285714285714,0.0
U00218,Data Interpretation,8,7,5,0.8890483330352046,39.5,0,0.875,0.0
U00218,Logical Reasoning,7,2,6,0.2623292091676155,57.5,0,0.2857142857142857,0.0
U00218,Quantitative Aptitude,21,12,14,0.4923543035277622,48.666666666666664,0,0.5714285714285714,0.0
U00218,Verbal Ability,12,9,7,0.7744120256734897,45.92857142857143,0,0.75,0.0
U00219,Data Interpretation,23,11,9,0.3857275256162109,66.22222222222223,0,0.4782608695652174,0.0
U00219,Logical Reasoning,32,25,13,0.8390217538722056,28.62179487179487,2,0.78125,0.0625
U00219,Quantitative Aptitude,52,32,20,0.639543798673379,42.025,2,0.6153846153846154,0.038461538461538464
U00219,Verbal Ability,40,26,11,0.7500726599793816,54.96818181818182,0,0.65,0.0
U00220,Data Interpretation,9,7,6,0.6666666666666666,41.11111111111111,0,0.7777777777777778,0.0
U00220,Logical Reasoning,16,9,9,0.5208823367419377,46.71296296296296,0,0.5625,0.0
U00220,Quantitative Aptitude,19,14,13,0.7271355448041565,33.15384615384615,1,0.7368421052631579,0.05263157894736842
U00220,Verbal Ability,12,5,8,0.3205019485882125,40.6875,0,0.4166666666666667,0.0
U00221,Data Interpretation,28,22,8,0.7906340948790551,46.75416666666667,1,0.7857142857142857,0.03571428571428571
U00221,Logical Reasoning,46,22,16,0.38913398639435776,48.114583333333336,1,0.4782608695652174,0.021739130434782608
U00221,Quantitative Aptitude,60,41,22,0.6780024939183446,41.50898268398268,4,0.6833333333333333,0.06666666666666667
U00221,Verbal Ability,49,24,12,0.3235575775070774,62.03958333333333,0,0.4897959183673469,0.0
U00222,Data Interpretation,65,40,9,0.6480391358399235,44.34365881032548,1,0.6153846153846154,0.015384615384615385
U00222,Logical Reasoning,100,37,16,0.42677672632834046,73.5873511904762,0,0.37,0.0
U00222,Quantitative Aptitude,132,74,24,0.4735534638326094,52.21828703703704,1,0.5606060606060606,0.007575757575757576
U00222,Verbal Ability,97,59,12,0.775858780639754,57.15871975246975,2,0.6082474226804123,0.020618556701030927
U00223,Data Interpretation,4,3,3,0.9265650824651198,82.16666666666667,0,0.75,0.0
U00223,Logical Reasoning,4,2,4,0.5,53.25,0,0.5,0.0
U00223,Quantitative Aptitude,4,3,4,0.75,66.0,0,0.75,0.0
U00223,Verbal Ability,3,2,3,0.6666666666666666,62.666666666666664,0,0.6666666666666666,0.0
U00224,Data Interpretation,15,9,7,0.5076252309474248,62.68571428571429,0,0.6,0.0
U00224,Logical Reasoning,17,11,10,0.6939623398904663,52.483333333333334,0,0.6470588235294118,0.0
U00224,Quantitative Aptitude,14,9,11,0.6356245180320051,54.68181818181818,0,0.6428571428571429,0.0
U00224,Verbal Ability,13,10,8,0.7455597469250478,55.5625,0,0.7692307692307693,0.0
U00225,Data Interpretation,8,5,5,0.7318811079076928,64.76666666666667,0,0.625,0.0
U00225,Logical Reasoning,15,11,10,0.7552169421983203,40.25,1,0.7333333333333333,0.06666666666666667
U00225,Quantitative Aptitude,16,9,12,0.6046114956384222,42.208333333333336,0,0.5625,0.0
U00225,Verbal Ability,6,3,5,0.4195079911092431,53.6,0,0.5,0.0
U00226,Data Interpretation,1,1,1,1.0,67.0,0,1.0,0.0
U00226,Logical Reasoning,3,2,3,0.6666666666666666,19.666666666666668,1,0.6666666666666666,0.3333333333333333
U00226,Quantitative Aptitude,4,3,4,0.75,89.5,0,0.75,0.0
U00226,Verbal Ability,3,2,1,0.7228553350569594,33.333333333333336,0,0.6666666666666666,0.0
U00227,Data Interpretation,28,11,9,0.4974721595706646,66.63148148148147,0,0.39285714285714285,0.0
U00227,Logical Reasoning,44,27,15,0.5814153175691782,47.85444444444445,1,0.6136363636363636,0.022727272727272728
U00227,Quantitative Aptitude,62,41,23,0.6582508798323603,32.516666666666666,4,0.6612903225806451,0.06451612903225806
U00227,Verbal Ability,43,21,12,0.5469586325670982,78.81448412698413,0,0.4883720930232558,0.0
U00228,Data Interpretation,3,2,3,0.6666666666666666,24.666666666666668,0,0.6666666666666666,0.0
U00228,Logical Reasoning,2,2,2,1.0,58.0,0,1.0,0.0
U00228,Quantitative Aptitude,8,6,6,0.8333333333333334,52.666666666666664,0,0.75,0.0
U00229,Data Interpretation,3,2,3,0.6666666666666666,70.0,0,0.6666666666666666,0.0
U00229,Logical Reasoning,10,6,7,0.587858690914989,53.92857142857143,1,0.6,0.1
U00229,Quantitative Aptitude,8,5,7,0.6680938705807492,32.0,0,0.625,0.0
U00229,Verbal Ability,7,3,5,0.3852714049425847,43.8,0,0.42857142857142855,0.0
U00230,Data Interpretation,25,11,8,0.41807774577810874,56.239583333333336,0,0.44,0.0
U00230,Logical Reasoning,62,27,14,0.41675198961276944,68.86836734693877,0,0.43548387096774194,0.0
U00230,Quantitative Aptitude,76,49,24,0.5768059876593317,60.90694444444444,0,0.6447368421052632,0.0
U00230,Verbal Ability,41,29,12,0.832362448946939,28.0625,4,0.7073170731707317,0.0975609756097561
U00231,Data Interpretation,4,2,3,0.35152786138843833,94.66666666666667,0,0.5,0.0
U00231,Logical Reasoning,10,4,7,0.34935493006544766,61.80952380952381,0,0.4,0.0
U00231,Quantitative Aptitude,19,10,13,0.5965166147005028,54.26923076923077,0,0.5263157894736842,0.0
U00231,Verbal Ability,16,10,8,0.6753458422316998,57.275,0,0.625,0.0
U00232,Data Interpretation,12,9,7,0.7497332704989988,29.547619047619047,0,0.75,0.0
U00232,Logical Reasoning,11,5,10,0.4,27.2,3,0.45454545454545453,0.2727272727272727
U00232,Quantitative Aptitude,17,8,13,0.4551887021113515,50.96153846153846,0,0.47058823529411764,0.0
U00232,Verbal Ability,13,7,8,0.636221373966047,47.83333333333333,0,0.5384615384615384,0.0
U00233,Data Interpretation,5,3,4,0.5724494750415181,65.125,0,0.6,0.0
U00233,Logical Reasoning,21,12,11,0.6119735509292575,39.484848484848484,2,0.5714285714285714,0.09523809523809523
U00233,Quantitative Aptitude,18,7,12,0.4477988681335167,60.77777777777778,0,0.3888888888888889,0.0
U00233,Verbal Ability,16,7,10,0.43853051552607003,43.55,0,0.4375,0.0
U00234,Data Interpretation,3,2,3,0.6666666666666666,26.333333333333332,0,0.6666666666666666,0.0
U00234,Logical Reasoning,13,6,10,0.4007841177966651,49.3,0,0.46153846153846156,0.0
U00234,Quantitative Aptitude,15,6,12,0.42207515386412936,69.30555555555556,0,0.4,0.0
U00234,Verbal Ability,12,7,7,0.6899683307273367,57.595238095238095,0,0.5833333333333334,0.0
U00235,Data Interpretation,7,4,6,0.6041557938699678,55.666666666666664,0,0.5714285714285714,0.0
U00235,Logical Reasoning,9,7,8,0.8124304379491157,39.0,0,0.7777777777777778,0.0
U00235,Quantitative Aptitude,18,15,12,0.821420402158311,50.5,0,0.8333333333333334,0.0
U00235,Verbal Ability,15,8,8,0.5734542746742375,63.42708333333333,0,0.5333333333333333,0.0
U00236,Data Interpretation,10,5,5,0.599212362793065,59.9,0,0.5,0.0
U00236,Logical Reasoning,10,8,6,0.8306518014515191,29.527777777777775,0,0.8,0.0
U00236,Quantitative Aptitude,17,9,14,0.5772622341667909,59.142857142857146,0,0.5294117647058824,0.0
U00236,Verbal Ability,22,6,11,0.28308396267380326,68.02272727272727,0,0.2727272727272727,0.0
U00237,Data Interpretation,4,0,3,0.0,60.0,0,0.0,0.0
U00237,Logical Reasoning,8,5,5,0.5433609911503072,51.43333333333332,0,0.625,0.0
U00237,Quantitative Aptitude,9,5,8,0.584026343533677,49.1875,0,0.5555555555555556,0.0
U00237,Verbal Ability,11,3,7,0.19978572084500734,56.214285714285715,0,0.2727272727272727,0.0
U00238,Data Interpretation,12,8,5,0.625754483425811,50.8,0,0.6666666666666666,0.0
U00238,Logical Reasoning,15,6,8,0.3205299191787921,75.10416666666667,0,0.4,0.0
U00238,Quantitative Aptitude,10,5,9,0.5323900030506654,44.55555555555556,0,0.5,0.0
U00238,Verbal Ability,8,3,6,0.33675637083376,62.166666666666664,0,0.375,0.0
U00239,Data Interpretation,2,1,2,0.5,18.5,0,0.5,0.0
U00239,Logical Reasoning,3,0,3,0.0,25.0,0,0.0,0.0
U00239,Quantitative Aptitude,6,2,6,0.3333333333333333,83.33333333333333,0,0.3333333333333333,0.0
U00239,Verbal Ability,9,6,7,0.599197253518392,45.07142857142857,0,0.6666666666666666,0.0
U00240,Data Interpretation,7,2,4,0.34662376734002964,47.875,0,0.2857142857142857,0.0
U00240,Logical Reasoning,15,7,9,0.5084696395154725,64.94444444444444,0,0.4666666666666667,0.0
U00240,Quantitative Aptitude,21,12,14,0.6109742584328116,51.595238095238095,1,0.5714285714285714,0.047619047619047616
U00240,Verbal Ability,16,8,11,0.4689122268723434,41.28787878787879,0,0.5,0.0
U00241,Data Interpretation,2,1,1,0.9588305559999646,29.5,0,0.5,0.0
U00241,Logical Reasoning,6,3,5,0.4,53.2,0,0.5,0.0
U00241,Quantitative Aptitude,10,5,8,0.4003275553224499,68.625,0,0.5,0.0
U00241,Verbal Ability,6,3,5,0.6,47.5,0,0.5,0.0
U00242,Data Interpretation,2,1,2,0.5,18.5,0,0.5,0.0
U00242,Logical Reasoning,5,1,5,0.2,66.2,0,0.2,0.0
U00242,Quantitative Aptitude,4,3,4,0.75,37.5,0,0.75,0.0
U00242,Verbal Ability,3,1,3,0.3333333333333333,89.0,0,0.3333333333333333,0.0
U00243,Data Interpretation,77,43,9,0.48525498902837927,49.745117845117846,2,0.5584415584415584,0.025974025974025976
U00243,Logical Reasoning,114,64,16,0.6524559684261068,65.64285714285714,0,0.5614035087719298,0.0
U00243,Quantitative Aptitude,191,116,24,0.6784257969228803,38.231630637880635,13,0.6073298429319371,0.06806282722513089
U00243,Verbal Ability,108,63,12,0.49041543635475504,55.39818121693122,1,0.5833333333333334,0.009259259259259259
U00244,Data Interpretation,6,5,5,0.8,46.3,0,0.8333333333333334,0.0
U00244,Logical Reasoning,22,14,13,0.5905669137267413,52.93589743589743,0,0.6363636363636364,0.0
U00244,Quantitative Aptitude,28,19,19,0.7041794827057309,55.49122807017543,0,0.6785714285714286,0.0
U00244,Verbal Ability,26,18,11,0.5628135312583638,54.68181818181818,0,0.6923076923076923,0.0
U00245,Data Interpretation,84,50,9,0.5965136840285409,57.83428978428978,0,0.5952380952380952,0.0
U00245,Logical Reasoning,149,66,16,0.42262798528489165,62.619852543290044,2,0.4429530201342282,0.013422818791946308
U00245,Quantitative Aptitude,170,108,24,0.6659873783454743,40.04049203111703,6,0.6352941176470588,0.03529411764705882
U00245,Verbal Ability,121,89,12,0.7202364193669871,25.125292055439115,8,0.7355371900826446,0.06611570247933884
U00246,Data Interpretation,10,3,6,0.16820406336335247,42.05555555555556,0,0.3,0.0
U00246,Logical Reasoning,11,6,7,0.42972469874449754,46.23809523809524,0,0.5454545454545454,0.0
U00246,Quantitative Aptitude,22,12,15,0.5334362888404107,36.666666666666664,1,0.5454545454545454,0.045454545454545456
U00246,Verbal Ability,14,5,8,0.12690309415111858,81.66666666666667,0,0.35714285714285715,0.0
U00247,Data Interpretation,84,48,9,0.5633453780633191,54.40347985347986,2,0.5714285714285714,0.023809523809523808
U00247,Logical Reasoning,164,107,16,0.6971490859653446,48.85553712015109,1,0.6524390243902439,0.006097560975609756
U00247,Quantitative Aptitude,196,95,24,0.5753020960043718,68.26519764957264,1,0.4846938775510204,0.00510204081632653
U00247,Verbal Ability,138,82,12,0.5860445223033133,42.537567640692636,3,0.5942028985507246,0.021739130434782608
U00248,Data Interpretation,91,50,9,0.55980819478953,50.824074074074076,1,0.5494505494505495,0.01098901098901099
U00248,Logical Reasoning,146,69,16,0.4622682250070997,59.15351662226662,0,0.4726027397260274,0.0
U00248,Quantitative Aptitude,187,122,24,0.6574582324254151,40.914517195767196,3,0.6524064171122995,0.016042780748663103
U00248,Verbal Ability,142,102,12,0.7289915082404618,39.30513063325564,5,0.7183098591549296,0.035211267605633804
U00249,Data Interpretation,57,41,9,0.7034050245030696,34.17098765432099,4,0.7192982456140351,0.07017543859649122
U00249,Logical Reasoning,118,45,16,0.2529168134576443,84.64238591269842,0,0.3813559322033898,0.0
U00249,Quantitative Aptitude,150,83,24,0.5264363979075565,57.917325036075034,1,0.5533333333333333,0.006666666666666667
U00249,Verbal Ability,114,49,12,0.5200933931955048,67.64464285714286,0,0.4298245614035088,0.0
U00250,Data Interpretation,7,4,5,0.5648267566105032,49.0,0,0.5714285714285714,0.0
U00250,Logical Reasoning,8,5,7,0.6597813001953503,46.785714285714285,0,0.625,0.0
U00250,Quantitative Aptitude,15,10,12,0.6986866023257007,39.791666666666664,2,0.6666666666666666,0.13333333333333333
U00250,Verbal Ability,17,10,9,0.590597470879485,57.111111111111114,0,0.5882352941176471,0.0
U00251,Data Interpretation,15,10,9,0.6881377842651948,53.44444444444444,0,0.6666666666666666,0.0
U00251,Logical Reasoning,22,9,13,0.4683613200828593,48.67948717948718,0,0.4090909090909091,0.0
U00251,Quantitative Aptitude,37,23,19,0.6416572369160406,55.20175438596491,0,0.6216216216216216,0.0
U00251,Verbal Ability,35,20,12,0.6622902216859129,64.31944444444444,0,0.5714285714285714,0.0
U00252,Data Interpretation,4,4,4,1.0,23.25,0,1.0,0.0
U00252,Logical Reasoning,5,5,4,1.0,59.0,0,1.0,0.0
U00252,Quantitative Aptitude,2,1,2,0.5,13.0,1,0.5,0.5
U00252,Verbal Ability,7,5,6,0.6762635833137112,53.166666666666664,0,0.7142857142857143,0.0
U00253,Data Interpretation,1,0,1,0.0,68.0,0,0.0,0.0
U00253,Logical Reasoning,7,4,7,0.5714285714285714,52.142857142857146,0,0.5714285714285714,0.0
U00253,Quantitative Aptitude,10,2,8,0.18923009429425675,76.9375,0,0.2,0.0
U00253,Verbal Ability,6,2,5,0.2907871379107616,70.4,0,0.3333333333333333,0.0
U00254,Data Interpretation,14,8,8,0.7328015120011233,51.875,1,0.5714285714285714,0.07142857142857142
U00254,Logical Reasoning,23,12,13,0.47723417368699533,44.72435897435897,1,0.5217391304347826,0.043478260869565216
U00254,Quantitative Aptitude,29,21,20,0.7759292888947492,51.016666666666666,0,0.7241379310344828,0.0
U00254,Verbal Ability,18,11,7,0.5082176402820329,27.047619047619047,3,0.6111111111111112,0.16666666666666666
U00255,Data Interpretation,71,30,9,0.45467069269950133,79.08293650793651,0,0.4225352112676056,0.0
U00255,Logical Reasoning,135,96,16,0.6611281343519005,45.33191149128649,2,0.7111111111111111,0.014814814814814815
U00255,Quantitative Aptitude,193,125,24,0.6631874157918664,41.70921115921116,4,0.6476683937823834,0.02072538860103627
U00255,Verbal Ability,131,87,12,0.7042215062410065,39.16090177524001,7,0.6641221374045801,0.05343511450381679
U00256,Data Interpretation,59,24,9,0.495112446704748,64.45291005291006,1,0.4067796610169492,0.01694915254237288
U00256,Logical Reasoning,109,69,16,0.5880938515794745,50.73894785769786,3,0.6330275229357798,0.027522935779816515
U00256,Quantitative Aptitude,126,87,24,0.6868122119392975,39.58253968253968,3,0.6904761904761905,0.023809523809523808
U00256,Verbal Ability,102,64,12,0.6192228523619522,51.434619547119546,1,0.6274509803921569,0.00980392156862745
U00257,Data Interpretation,6,3,5,0.4779845237445287,54.3,0,0.5,0.0
U00257,Logical Reasoning,4,1,4,0.25,108.5,0,0.25,0.0
U00257,Quantitative Aptitude,5,5,5,1.0,54.4,0,1.0,0.0
U00257,Verbal Ability,9,6,7,0.6585609345106557,48.642857142857146,0,0.6666666666666666,0.0
U00258,Data Interpretation,11,8,6,0.6655355813864908,58.694444444444436,0,0.7272727272727273,0.0
U00258,Logical Reasoning,16,13,10,0.8522103864477943,30.6,1,0.8125,0.0625
U00258,Quantitative Aptitude,20,9,14,0.3591325137835473,73.72619047619048,0,0.45,0.0
U00258,Verbal Ability,6,2,5,0.23624144229559838,59.8,0,0.3333333333333333,0.0
U00259,Data Interpretation,1,1,1,1.0,51.0,0,1.0,0.0
U00259,Logical Reasoning,4,1,4,0.25,63.0,0,0.25,0.0
U00259,Quantitative Aptitude,10,6,9,0.5555555555555556,53.27777777777778,0,0.6,0.0
U00259,Verbal Ability,4,1,4,0.25,58.75,0,0.25,0.0
U00260,Data Interpretation,80,53,9,0.58673281628867,46.08784610451277,1,0.6625,0.0125
U00260,Logical Reasoning,140,93,16,0.6739314361150178,50.41061958874459,3,0.6642857142857143,0.02142857142857143
U00260,Quantitative Aptitude,182,77,24,0.39297768094595337,70.2442658036408,2,0.4230769230769231,0.01098901098901099
U00260,Verbal Ability,134,80,12,0.6080724109345855,48.07846736596736,2,0.5970149253731343,0.014925373134328358
U00261,Data Interpretation,17,7,8,0.42409880096976277,77.77083333333333,0,0.4117647058823529,0.0
U00261,Logical Reasoning,21,14,11,0.6066603845216637,64.68181818181819,0,0.6666666666666666,0.0
U00261,Quantitative Aptitude,30,14,18,0.402917648432085,56.638888888888886,0,0.4666666666666667,0.0
U00261,Verbal Ability,17,6,10,0.3467037882683274,86.16666666666667,0,0.35294117647058826,0.0
U00262,Data Interpretation,13,4,7,0.3288109693461913,86.35714285714286,0,0.3076923076923077,0.0
U00262,Logical Reasoning,18,14,12,0.7948682167385978,58.40277777777777,0,0.7777777777777778,0.0
U00262,Quantitative Aptitude,35,20,18,0.5428743894907575,61.00925925925927,0,0.5714285714285714,0.0
U00262,Verbal Ability,18,13,9,0.7446100821197366,24.083333333333332,2,0.7222222222222222,0.1111111111111111
U00263,Data Interpretation,90,59,9,0.6590990576821869,35.36928349428349,4,0.6555555555555556,0.044444444444444446
U00263,Logical Reasoning,144,70,16,0.46443700870555354,65.81650198759574,1,0.4861111111111111,0.006944444444444444
U00263,Quantitative Aptitude,196,105,24,0.5909477688047386,59.63313226125726,0,0.5357142857142857,0.0
U00263,Verbal Ability,126,60,12,0.47893579801949987,58.13457491582491,2,0.47619047619047616,0.015873015873015872
U00264,Data Interpretation,8,7,5,0.9303909245950661,55.5,0,0.875,0.0
U00264,Logical Reasoning,17,11,11,0.6071745700153899,47.98484848484849,0,0.6470588235294118,0.0
U00264,Quantitative Aptitude,23,10,17,0.4513515902321821,67.75490196078431,0,0.43478260869565216,0.0
U00264,Verbal Ability,12,6,5,0.6074922528496702,42.11666666666666,1,0.5,0.08333333333333333
U00265,Data Interpretation,30,22,9,0.7812775728139799,34.833333333333336,1,0.7333333333333333,0.03333333333333333
U00265,Logical Reasoning,47,28,15,0.5927128634858888,63.04666666666667,0,0.5957446808510638,0.0
U00265,Quantitative Aptitude,66,33,21,0.49692122326515337,55.85317460317461,0,0.5,0.0
U00265,Verbal Ability,63,35,12,0.6400072043424624,51.18379629629629,0,0.5555555555555556,0.0
U00266,Data Interpretation,42,30,9,0.8301536579298064,37.42116402116402,0,0.7142857142857143,0.0
U00266,Logical Reasoning,74,40,16,0.43081721253469984,67.60642361111111,0,0.5405405405405406,0.0
U00266,Quantitative Aptitude,111,71,23,0.6182076889186369,51.28659420289855,2,0.6396396396396397,0.018018018018018018
U00266,Verbal Ability,81,38,12,0.3978648461507754,51.377822871572874,0,0.4691358024691358,0.0
U00267,Data Interpretation,5,1,5,0.2,20.6,1,0.2,0.2
U00267,Logical Reasoning,21,10,13,0.44185972082635483,43.74358974358974,0,0.47619047619047616,0.0
U00267,Quantitative Aptitude,21,13,15,0.6605457837952993,35.6,0,0.6190476190476191,0.0
U00267,Verbal Ability,8,5,7,0.7142857142857143,63.07142857142857,0,0.625,0.0
U00268,Data Interpretation,47,27,9,0.5354328854101078,55.02949735449735,1,0.574468085106383,0.02127659574468085
U00268,Logical Reasoning,87,54,16,0.5999347415224026,53.02021329365079,0,0.6206896551724138,0.0
U00268,Quantitative Aptitude,88,57,24,0.667363649191515,26.398511904761904,12,0.6477272727272727,0.13636363636363635
U00268,Verbal Ability,71,40,12,0.5149754613806261,53.593910256410254,1,0.5633802816901409,0.014084507042253521
U00269,Data Interpretation,10,5,6,0.5491667605443601,59.666666666666664,0,0.5,0.0
U00269,Logical Reasoning,15,8,10,0.6118352958849516,66.9,0,0.5333333333333333,0.0
U00269,Quantitative Aptitude,24,18,14,0.7141529816011155,40.87619047619047,1,0.75,0.041666666666666664
U00269,Verbal Ability,18,10,10,0.577741965179015,57.21666666666666,1,0.5555555555555556,0.05555555555555555
U00270,Data Interpretation,7,4,3,0.5983936141413432,38.166666666666664,0,0.5714285714285714,0.0
U00270,Logical Reasoning,5,4,5,0.8,59.4,0,0.8,0.0
U00270,Quantitative Aptitude,15,6,11,0.4596116715647049,73.0909090909091,0,0.4,0.0
U00270,Verbal Ability,12,6,9,0.5403890574526614,64.11111111111111,0,0.5,0.0
U00271,Data Interpretation,2,2,2,1.0,23.5,0,1.0,0.0
U00271,Logical Reasoning,14,11,10,0.8544731477496216,40.28333333333333,1,0.7857142857142857,0.07142857142857142
U00271,Quantitative Aptitude,16,12,12,0.8372648267991444,38.52777777777778,0,0.75,0.0
U00271,Verbal Ability,10,7,7,0.8211477966001229,32.42857142857143,1,0.7,0.1
U00272,Data Interpretation,10,6,6,0.6596903519150339,51.25,0,0.6,0.0
U00272,Logical Reasoning,25,13,15,0.4215245470605782,51.38888888888889,0,0.52,0.0
U00272,Quantitative Aptitude,30,9,16,0.36456781707192903,79.96458333333334,0,0.3,0.0
U00272,Verbal Ability,16,10,7,0.6559676528725842,36.952380952380956,1,0.625,0.0625
U00273,Data Interpretation,19,10,7,0.6261262966039072,44.58095238095238,1,0.5263157894736842,0.05263157894736842
U00273,Logical Reasoning,38,23,14,0.6449473071239092,50.110119047619044,1,0.6052631578947368,0.02631578947368421
U00273,Quantitative Aptitude,66,25,22,0.4247364564742718,80.68549783549783,0,0.3787878787878788,0.0
U00273,Verbal Ability,40,30,12,0.8633731623678561,37.18472222222223,3,0.75,0.075
U00274,Data Interpretation,23,13,8,0.6068333926383302,46.56458333333333,0,0.5652173913043478,0.0
U00274,Logical Reasoning,44,16,16,0.39643565735711794,86.46458333333334,0,0.36363636363636365,0.0
U00274,Quantitative Aptitude,57,38,22,0.6136824408335794,38.70075757575757,2,0.6666666666666666,0.03508771929824561
U00274,Verbal Ability,36,23,11,0.6548949485763189,43.93290043290043,0,0.6388888888888888,0.0
U00275,Data Interpretation,12,9,7,0.8484138505905722,26.75,0,0.75,0.0
U00275,Logical Reasoning,27,11,13,0.39675522962311927,57.32051282051282,2,0.4074074074074074,0.07407407407407407
U00275,Quantitative Aptitude,36,23,20,0.566151846296459,50.21666666666666,1,0.6388888888888888,0.027777777777777776
U00275,Verbal Ability,17,7,10,0.5127486529258041,56.28333333333334,1,0.4117647058823529,0.058823529411764705
U00276,Data Interpretation,72,29,9,0.503186786505382,67.80132275132274,0,0.4027777777777778,0.0
U00276,Logical Reasoning,135,75,16,0.5516064493591735,48.29800910894661,3,0.5555555555555556,0.022222222222222223
U00276,Quantitative Aptitude,192,122,24,0.6326030173809624,40.93056075868576,6,0.6354166666666666,0.03125
U00276,Verbal Ability,134,64,12,0.4986377234689039,64.91900969400969,0,0.47761194029850745,0.0
U00277,Logical Reasoning,3,2,3,0.6666666666666666,18.333333333333332,0,0.6666666666666666,0.0
U00277,Quantitative Aptitude,4,4,4,1.0,68.25,0,1.0,0.0
U00277,Verbal Ability,5,4,4,0.75,47.125,0,0.8,0.0
U00278,Data Interpretation,65,46,9,0.6901828046570514,38.95353535353535,1,0.7076923076923077,0.015384615384615385
U00278,Logical Reasoning,137,74,16,0.5639295178882131,59.01690895909646,1,0.5401459854014599,0.0072992700729927005
U00278,Quantitative Aptitude,186,102,24,0.5391331653420248,66.16875809375809,1,0.5483870967741935,0.005376344086021506
U00278,Verbal Ability,110,59,12,0.50990883803391,57.66994325119325,0,0.5363636363636364,0.0
U00279,Data Interpretation,84,49,9,0.33532464211925006,50.08029902196569,0,0.5833333333333334,0.0
U00279,Logical Reasoning,129,56,16,0.28841369083925905,71.17362984237984,1,0.43410852713178294,0.007751937984496124
U00279,Quantitative Aptitude,180,100,24,0.6611594852447448,52.487743152816684,2,0.5555555555555556,0.011111111111111112
U00279,Verbal Ability,116,83,12,0.608359864719874,38.46909803159803,3,0.7155172413793104,0.02586206896551724
U00280,Data Interpretation,85,53,9,0.6540425890179578,46.14790764790765,2,0.6235294117647059,0.023529411764705882
U00280,Logical Reasoning,138,77,16,0.5096504644754887,58.67156836219336,1,0.5579710144927537,0.007246376811594203
U00280,Quantitative Aptitude,197,108,24,0.615026804861499,55.93010311447811,4,0.5482233502538071,0.02030456852791878
U00280,Verbal Ability,134,78,12,0.6041907137566546,47.00653050653051,4,0.582089552238806,0.029850746268656716
U00281,Data Interpretation,5,4,4,0.8188600195160396,34.25,0,0.8,0.0
U00281,Logical Reasoning,7,3,5,0.6,71.4,0,0.42857142857142855,0.0
U00281,Quantitative Aptitude,10,7,7,0.671342583556138,63.857142857142854,0,0.7,0.0
U00281,Verbal Ability,7,3,5,0.3265202898116226,61.2,0,0.42857142857142855,0.0
U00282,Data Interpretation,8,5,7,0.5747487214604904,55.785714285714285,0,0.625,0.0
U00282,Logical Reasoning,13,9,9,0.7591461999211242,57.5,0,0.6923076923076923,0.0
U00282,Quantitative Aptitude,28,13,18,0.5197938670711189,60.13333333333334,0,0.4642857142857143,0.0
U00282,Verbal Ability,14,8,8,0.4934712578103685,38.0,0,0.5714285714285714,0.0
U00283,Data Interpretation,5,1,3,0.1433910734074151,55.5,0,0.2,0.0
U00283,Logical Reasoning,6,5,5,0.9734109443481923,41.8,0,0.8333333333333334,0.0
U00283,Quantitative Aptitude,11,10,7,0.8571668035166378,33.785714285714285,0,0.9090909090909091,0.0
U00283,Verbal Ability,6,3,6,0.5,70.5,0,0.5,0.0
U00284,Data Interpretation,16,11,8,0.7633939279009688,28.395833333333332,1,0.6875,0.0625
U00284,Logical Reasoning,20,11,12,0.4951208103452817,39.18055555555556,2,0.55,0.1
U00284,Quantitative Aptitude,29,14,18,0.47969802463391736,46.824074074074076,0,0.4827586206896552,0.0
U00284,Verbal Ability,17,10,11,0.5886982926605354,43.95454545454545,0,0.5882352941176471,0.0
U00285,Data Interpretation,5,4,3,0.9347932760988734,54.166666666666664,0,0.8,0.0
U00285,Logical Reasoning,13,6,7,0.4762156912564134,25.690476190476193,1,0.46153846153846156,0.07692307692307693
U00285,Quantitative Aptitude,17,8,10,0.4115529529872305,60.95,0,0.47058823529411764,0.0
U00285,Verbal Ability,15,10,7,0.7690636875799267,41.464285714285715,0,0.6666666666666666,0.0
U00286,Data Interpretation,97,59,9,0.5787908928888013,53.73725702402172,4,0.6082474226804123,0.041237113402061855
U00286,Logical Reasoning,137,102,16,0.7410652713494253,29.061492153679655,11,0.7445255474452555,0.08029197080291971
U00286,Quantitative Aptitude,202,117,24,0.5014000244480699,48.51286525974026,4,0.5792079207920792,0.019801980198019802
U00286,Verbal Ability,139,93,12,0.7282328869079043,32.10714736652236,9,0.6690647482014388,0.06474820143884892
U00287,Data Interpretation,5,4,3,0.6813247193094908,30.333333333333332,0,0.8,0.0
U00287,Logical Reasoning,6,5,4,0.75,76.875,0,0.8333333333333334,0.0
U00287,Quantitative Aptitude,14,8,10,0.5644466072177005,40.95,1,0.5714285714285714,0.07142857142857142
U00287,Verbal Ability,11,6,6,0.6634040686377273,91.19444444444444,0,0.5454545454545454,0.0
U00288,Data Interpretation,12,6,8,0.5612094013137541,55.375,0,0.5,0.0
U00288,Logical Reasoning,12,9,10,0.7883954891402448,56.2,0,0.75,0.0
U00288,Quantitative Aptitude,22,17,13,0.7761135978795438,56.0897435897436,1,0.7727272727272727,0.045454545454545456
U00288,Verbal Ability,13,6,9,0.32665741476883636,58.92592592592593,0,0.46153846153846156,0.0
U00289,Data Interpretation,88,41,9,0.4731265078638637,60.38541224570637,1,0.4659090909090909,0.011363636363636364
U00289,Logical Reasoning,146,104,16,0.7170912276503121,31.05192082223332,10,0.7123287671232876,0.0684931506849315
U00289,Quantitative Aptitude,212,148,24,0.6989804308524542,33.44705433455433,14,0.6981132075471698,0.0660377358490566
U00289,Verbal Ability,150,78,12,0.5456082567398876,56.09038076431653,0,0.52,0.0
U00290,Data Interpretation,22,11,7,0.31461818005338654,60.34523809523809,0,0.5,0.0
U00290,Logical Reasoning,48,24,16,0.4984546816372348,71.146875,0,0.5,0.0
U00290,Quantitative Aptitude,59,35,22,0.6810618065361506,56.967424242424244,1,0.5932203389830508,0.01694915254237288
U00290,Verbal Ability,42,19,12,0.46556090334414973,55.531349206349205,2,0.4523809523809524,0.047619047619047616
U00291,Data Interpretation,2,2,2,1.0,63.0,0,1.0,0.0
U00291,Logical Reasoning,4,2,3,0.5612482895671774,72.0,0,0.5,0.0
U00291,Quantitative Aptitude,5,2,5,0.4,55.8,0,0.4,0.0
U00291,Verbal Ability,6,2,4,0.4117929974956424,95.25,0,0.3333333333333333,0.0
U00292,Data Interpretation,84,56,9,0.5635983971517573,41.66384479717813,1,0.6666666666666666,0.011904761904761904
U00292,Logical Reasoning,119,53,16,0.4561409717657938,66.64345012626262,3,0.44537815126050423,0.025210084033613446
U00292,Quantitative Aptitude,194,118,24,0.6202162117034477,49.02807539682539,2,0.6082474226804123,0.010309278350515464
U00292,Verbal Ability,117,71,12,0.5614882427236282,42.55582611832612,5,0.6068376068376068,0.042735042735042736
U00293,Data Interpretation,8,6,5,0.7350181279452965,59.93333333333332,0,0.75,0.0
U00293,Logical Reasoning,27,10,15,0.3788225613736654,80.92777777777778,0,0.37037037037037035,0.0
U00293,Quantitative Aptitude,26,10,17,0.40534324334233385,66.98529411764706,0,0.38461538461538464,0.0
U00293,Verbal Ability,34,14,10,0.4100333564394553,65.25166666666667,1,0.4117647058823529,0.029411764705882353
U00294,Data Interpretation,58,31,9,0.7150470975046083,56.73906525573192,0,0.5344827586206896,0.0
U00294,Logical Reasoning,110,68,16,0.6762363129732752,43.55221861471861,3,0.6181818181818182,0.02727272727272727
U00294,Quantitative Aptitude,176,119,24,0.7018021640589519,55.353866792929296,0,0.6761363636363636,0.0
U00294,Verbal Ability,105,51,12,0.37107143184957114,64.98816137566138,0,0.4857142857142857,0.0
U00295,Data Interpretation,39,24,9,0.5855726559830275,52.25555555555556,1,0.6153846153846154,0.02564102564102564
U00295,Logical Reasoning,98,57,16,0.5784810856231885,49.912574404761905,6,0.5816326530612245,0.061224489795918366
U00295,Quantitative Aptitude,116,74,24,0.6186088647124767,50.90709325396825,0,0.6379310344827587,0.0
U00295,Verbal Ability,82,30,12,0.43283272246850807,62.846957671957675,1,0.36585365853658536,0.012195121951219513
U00296,Data Interpretation,32,13,9,0.4996797311911737,63.55291005291005,0,0.40625,0.0
U00296,Logical Reasoning,51,25,16,0.5385104645731853,59.66651785714286,0,0.49019607843137253,0.0
U00296,Quantitative Aptitude,67,34,23,0.48412334064453594,53.029089026915116,1,0.5074626865671642,0.014925373134328358
U00296,Verbal Ability,45,16,12,0.23916112666411526,64.61666666666666,0,0.35555555555555557,0.0
U00297,Data Interpretation,11,5,5,0.3800835488426087,57.4,0,0.45454545454545453,0.0
U00297,Logical Reasoning,13,6,10,0.4196560118697592,50.733333333333334,0,0.46153846153846156,0.0
U00297,Quantitative Aptitude,21,9,13,0.4005327724813829,57.78205128205128,1,0.42857142857142855,0.047619047619047616
U00297,Verbal Ability,15,7,9,0.5434427864511748,69.37037037037038,0,0.4666666666666667,0.0
U00298,Data Interpretation,7,4,6,0.6646939712248143,50.666666666666664,0,0.5714285714285714,0.0
U00298,Logical Reasoning,12,4,10,0.3001691012538782,72.8,0,0.3333333333333333,0.0
U00298,Quantitative Aptitude,17,7,11,0.4031868452714903,72.54545454545455,0,0.4117647058823529,0.0
U00298,Verbal Ability,12,5,7,0.2875731917547383,53.80952380952381,0,0.4166666666666667,0.0
U00299,Data Interpretation,50,17,9,0.3134155044430547,68.2657848324515,0,0.34,0.0
U00299,Logical Reasoning,107,68,16,0.6222168609772449,41.7940634018759,3,0.6355140186915887,0.028037383177570093
U00299,Quantitative Aptitude,109,71,23,0.6581672872879798,38.471739130434784,5,0.6513761467889908,0.045871559633027525
U00299,Verbal Ability,86,24,12,0.17437727494759894,88.25919312169312,0,0.27906976744186046,0.0
U00300,Data Interpretation,5,3,5,0.6,32.6,0,0.6,0.0
U00300,Logical Reasoning,12,6,10,0.5,66.9,0,0.5,0.0
U00300,Quantitative Aptitude,11,5,11,0.45454545454545453,52.81818181818182,0,0.45454545454545453,0.0
U00300,Verbal Ability,11,5,7,0.5717872785653241,31.0952380952381,2,0.45454545454545453,0.18181818181818182
U00301,Data Interpretation,4,1,4,0.25,20.75,1,0.25,0.25
U00301,Logical Reasoning,6,4,5,0.8,51.5,0,0.6666666666666666,0.0
U00301,Quantitative Aptitude,6,3,5,0.5360855826639807,71.0,0,0.5,0.0
U00301,Verbal Ability,4,2,4,0.5,91.0,0,0.5,0.0
U00302,Data Interpretation,48,31,9,0.5198587719539032,37.648148148148145,2,0.6458333333333334,0.041666666666666664
U00302,Logical Reasoning,102,56,16,0.5367441786068624,52.57459935897436,1,0.5490196078431373,0.00980392156862745
U00302,Quantitative Aptitude,111,58,24,0.5330146584642927,54.41516203703704,1,0.5225225225225225,0.009009009009009009
U00302,Verbal Ability,99,64,12,0.5122272638753809,48.0913930976431,1,0.6464646464646465,0.010101010101010102
U00303,Data Interpretation,27,13,9,0.5017926549169018,56.88148148148148,2,0.48148148148148145,0.07407407407407407
U00303,Logical Reasoning,42,18,15,0.4046893493650232,57.969523809523814,1,0.42857142857142855,0.023809523809523808
U00303,Quantitative Aptitude,69,32,23,0.49264348632740546,66.55797101449275,0,0.463768115942029,0.0
U00303,Verbal Ability,42,22,11,0.5105830123264142,58.01212121212121,0,0.5238095238095238,0.0
U00304,Data Interpretation,6,2,5,0.2010969206936204,75.7,0,0.3333333333333333,0.0
U00304,Logical Reasoning,6,3,6,0.5,79.0,0,0.5,0.0
U00304,Quantitative Aptitude,18,12,12,0.5832646217789434,48.208333333333336,0,0.6666666666666666,0.0
U00304,Verbal Ability,6,3,5,0.6,64.4,0,0.5,0.0
U00305,Data Interpretation,9,8,5,0.957741912117456,19.133333333333333,0,0.8888888888888888,0.0
U00305,Logical Reasoning,13,7,11,0.5582883713228145,49.63636363636363,0,0.5384615384615384,0.0
U00305,Quantitative Aptitude,17,9,14,0.5079956543726477,40.785714285714285,0,0.5294117647058824,0.0
U00305,Verbal Ability,15,10,8,0.46443476990946203,63.8125,0,0.6666666666666666,0.0
U00306,Data Interpretation,74,40,9,0.600469517467899,61.226058201058194,0,0.5405405405405406,0.0
U00306,Logical Reasoning,169,120,16,0.7269972109968617,33.439209401709405,6,0.7100591715976331,0.03550295857988166
U00306,Quantitative Aptitude,192,97,24,0.46476330010466604,62.51542057479558,3,0.5052083333333334,0.015625
U00306,Verbal Ability,123,56,12,0.5882274926914659,66.26164738039738,2,0.45528455284552843,0.016260162601626018
U00307,Data Interpretation,3,2,2,0.5884023594196052,34.75,0,0.6666666666666666,0.0
U00307,Logical Reasoning,4,1,4,0.25,50.75,0,0.25,0.0
U00307,Quantitative Aptitude,7,6,6,0.8333333333333334,19.666666666666668,0,0.8571428571428571,0.0
U00307,Verbal Ability,1,1,1,1.0,57.0,0,1.0,0.0
U00308,Data Interpretation,32,11,9,0.35533131800483964,63.391666666666666,0,0.34375,0.0
U00308,Logical Reasoning,76,31,16,0.3010053842676352,60.752448593073595,0,0.40789473684210525,0.0
U00308,Quantitative Aptitude,82,33,24,0.4789891092568064,71.9186011904762,0,0.4024390243902439,0.0
U00308,Verbal Ability,66,31,12,0.4905678068523074,60.64454365079365,1,0.4696969696969697,0.015151515151515152
U00309,Data Interpretation,4,3,3,0.877292631999207,14.333333333333334,0,0.75,0.0
U00309,Logical Reasoning,9,6,7,0.6846407850188204,41.5,0,0.6666666666666666,0.0
U00309,Quantitative Aptitude,5,4,5,0.8,66.0,0,0.8,0.0
U00309,Verbal Ability,5,3,5,0.6,49.8,0,0.6,0.0
U00310,Data Interpretation,13,11,7,0.9116364063969645,39.714285714285715,1,0.8461538461538461,0.07692307692307693
U00310,Logical Reasoning,25,20,13,0.7947922889351122,37.776923076923076,1,0.8,0.04
U00310,Quantitative Aptitude,32,14,16,0.48000211921459385,56.588541666666664,0,0.4375,0.0
U00310,Verbal Ability,28,18,11,0.621029228751111,62.47727272727273,0,0.6428571428571429,0.0
U00311,Data Interpretation,44,31,9,0.6084893728253093,50.126455026455034,0,0.7045454545454546,0.0
U00311,Logical Reasoning,94,51,16,0.6559500901431502,58.901900703463205,2,0.5425531914893617,0.02127659574468085
U00311,Quantitative Aptitude,154,83,24,0.4898427798490043,53.14953102453103,3,0.538961038961039,0.01948051948051948
U00311,Verbal Ability,96,51,12,0.49907921093020075,53.26198593073593,1,0.53125,0.010416666666666666
U00312,Data Interpretation,70,37,9,0.6078849470208421,62.687037037037044,0,0.5285714285714286,0.0
U00312,Logical Reasoning,148,94,16,0.6442582079241087,56.51155805999556,0,0.6351351351351351,0.0
U00312,Quantitative Aptitude,154,72,24,0.4885473110794399,70.40185185185184,0,0.4675324675324675,0.0
U00312,Verbal Ability,104,81,12,0.8017719226465291,26.515193602693603,7,0.7788461538461539,0.0673076923076923
U00313,Data Interpretation,14,9,6,0.6206497836515416,67.55555555555556,0,0.6428571428571429,0.0
U00313,Logical Reasoning,33,19,14,0.5203771463434428,42.221428571428575,0,0.5757575757575758,0.0
U00313,Quantitative Aptitude,35,26,19,0.7489171004777228,47.81578947368421,0,0.7428571428571429,0.0
U00313,Verbal Ability,28,17,9,0.6792386514956958,73.01851851851852,0,0.6071428571428571,0.0
U00314,Data Interpretation,12,6,8,0.39529361151449305,62.520833333333336,0,0.5,0.0
U00314,Logical Reasoning,10,1,7,0.14285714285714285,92.64285714285714,0,0.1,0.0
U00314,Quantitative Aptitude,23,10,15,0.468797944542407,87.38888888888889,0,0.43478260869565216,0.0
U00314,Verbal Ability,11,3,7,0.2857142857142857,77.38095238095238,0,0.2727272727272727,0.0
U00315,Data Interpretation,3,3,3,1.0,32.0,0,1.0,0.0
U00315,Logical Reasoning,7,4,5,0.4004993965596553,87.1,0,0.5714285714285714,0.0
U00315,Quantitative Aptitude,9,6,7,0.7985137367715265,40.785714285714285,0,0.6666666666666666,0.0
U00315,Verbal Ability,2,1,2,0.5,136.5,0,0.5,0.0
U00316,Data Interpretation,17,14,9,0.7802830891845551,37.2962962962963,0,0.8235294117647058,0.0
U00316,Logical Reasoning,38,23,14,0.5710923728128288,42.476190476190474,0,0.6052631578947368,0.0
U00316,Quantitative Aptitude,53,28,23,0.43173641059672146,69.82608695652173,0,0.5283018867924528,0.0
U00316,Verbal Ability,37,20,12,0.5185758905832708,67.69305555555555,0,0.5405405405405406,0.0
U00317,Data Interpretation,19,12,7,0.6105931515523781,79.76190476190477,0,0.631578947368421,0.0
U00317,Logical Reasoning,42,22,15,0.571471264423405,52.05,0,0.5238095238095238,0.0
U00317,Quantitative Aptitude,58,39,23,0.7225330480618505,53.31666666666666,0,0.6724137931034483,0.0
U00317,Verbal Ability,42,20,12,0.41191844489046575,51.6845238095238,1,0.47619047619047616,0.023809523809523808
U00318,Data Interpretation,4,2,4,0.5,35.25,0,0.5,0.0
U00318,Logical Reasoning,2,0,2,0.0,104.0,0,0.0,0.0
U00318,Quantitative Aptitude,5,4,5,0.8,64.8,0,0.8,0.0
U00318,Verbal Ability,8,5,7,0.643558633843383,56.57142857142857,0,0.625,0.0
U00319,Data Interpretation,6,1,4,0.25,100.875,0,0.16666666666666666,0.0
U00319,Logical Reasoning,8,7,6,0.8401387147036612,62.25,0,0.875,0.0
U00319,Quantitative Aptitude,11,8,9,0.6666666666666666,50.166666666666664,0,0.7272727272727273,0.0
U00319,Verbal Ability,8,6,6,0.6666666666666666,49.166666666666664,0,0.75,0.0
U00320,Data Interpretation,6,2,5,0.4,58.0,0,0.3333333333333333,0.0
U00320,Logical Reasoning,8,5,7,0.7141316049540147,75.92857142857143,0,0.625,0.0
U00320,Quantitative Aptitude,9,6,8,0.625,26.0,1,0.6666666666666666,0.1111111111111111
U00320,Verbal Ability,9,6,6,0.8255187050777799,36.916666666666664,0,0.6666666666666666,0.0
U00321,Data Interpretation,78,55,9,0.7657924285837437,28.727300785634117,6,0.7051282051282052,0.07692307692307693
U00321,Logical Reasoning,176,68,16,0.37666786247183115,70.6745533979909,0,0.38636363636363635,0.0
U00321,Quantitative Aptitude,189,98,24,0.5327969167600611,60.532346935471935,1,0.5185185185185185,0.005291005291005291
U00321,Verbal Ability,136,73,12,0.5236205037166868,51.056926753801754,2,0.5367647058823529,0.014705882352941176
U00322,Data Interpretation,22,14,9,0.6993416194344597,50.861111111111114,0,0.6363636363636364,0.0
U00322,Logical Reasoning,29,11,13,0.40481091964081367,66.76282051282051,0,0.3793103448275862,0.0
U00322,Quantitative Aptitude,51,18,20,0.41677311080967056,69.29833333333333,0,0.35294117647058826,0.0
U00322,Verbal Ability,22,18,8,0.8801742513227476,40.46875,1,0.8181818181818182,0.045454545454545456
U00323,Data Interpretation,17,12,8,0.7394240998467192,39.520833333333336,0,0.7058823529411765,0.0
U00323,Logical Reasoning,14,5,12,0.3729821734384633,50.541666666666664,0,0.35714285714285715,0.0
U00323,Quantitative Aptitude,18,10,14,0.5579027811364287,65.10714285714286,0,0.5555555555555556,0.0
U00323,Verbal Ability,9,4,6,0.4762011501630381,60.583333333333336,0,0.4444444444444444,0.0
U00324,Data Interpretation,60,25,9,0.4210243887729984,77.61358024691359,0,0.4166666666666667,0.0
U00324,Logical Reasoning,94,34,16,0.4211987759460791,86.09250992063492,0,0.3617021276595745,0.0
U00324,Quantitative Aptitude,126,83,24,0.4703017303182448,47.21195436507937,4,0.6587301587301587,0.031746031746031744
U00324,Verbal Ability,95,56,12,0.5508293970899013,50.674305555555556,2,0.5894736842105263,0.021052631578947368
U00325,Logical Reasoning,8,3,6,0.3333333333333333,70.91666666666667,0,0.375,0.0
U00325,Quantitative Aptitude,5,2,5,0.4,50.0,0,0.4,0.0
U00325,Verbal Ability,10,8,9,0.8653256907427299,36.27777777777778,0,0.8,0.0
U00326,Data Interpretation,3,1,2,0.03544999737700167,44.5,0,0.3333333333333333,0.0
U00326,Logical Reasoning,16,8,9,0.46869608051001627,58.25,0,0.5,0.0
U00326,Quantitative Aptitude,30,20,19,0.6861606163695206,45.80877192982456,1,0.6666666666666666,0.03333333333333333
U00326,Verbal Ability,14,5,9,0.3180065714578171,69.0925925925926,0,0.35714285714285715,0.0
U00327,Data Interpretation,74,38,9,0.520953000913797,64.1837341670675,0,0.5135135135135135,0.0
U00327,Logical Reasoning,134,47,16,0.35398367338829356,81.70188370657121,0,0.35074626865671643,0.0
U00327,Quantitative Aptitude,160,99,24,0.5707802968368229,51.825859788359786,0,0.61875,0.0
U00327,Verbal Ability,130,65,12,0.5020160847981038,67.66629435379436,1,0.5,0.007692307692307693
U00328,Data Interpretation,1,1,1,1.0,27.0,0,1.0,0.0
U00328,Logical Reasoning,5,3,4,0.5,85.125,0,0.6,0.0
U00328,Quantitative Aptitude,5,2,4,0.348766900681701,55.5,0,0.4,0.0
U00328,Verbal Ability,1,1,1,1.0,34.0,0,1.0,0.0
U00329,Data Interpretation,35,18,9,0.5457694967215558,52.794444444444444,1,0.5142857142857142,0.02857142857142857
U00329,Logical Reasoning,60,25,16,0.40555784327988303,55.625,0,0.4166666666666667,0.0
U00329,Quantitative Aptitude,95,40,23,0.3925862666411097,63.46054175293306,0,0.42105263157894735,0.0
U00329,Verbal Ability,52,33,12,0.6505439945802832,52.83710317460318,0,0.6346153846153846,0.0
U00330,Data Interpretation,58,29,9,0.5328266909217225,68.63785473785474,0,0.5,0.0
U00330,Logical Reasoning,104,69,16,0.7094378054537515,30.09777913059163,5,0.6634615384615384,0.04807692307692308
U00330,Quantitative Aptitude,153,87,24,0.5552490453020812,57.027131433381435,0,0.5686274509803921,0.0
U00330,Verbal Ability,133,83,12,0.660831845038328,39.8199494949495,4,0.6240601503759399,0.03007518796992481
U00331,Data Interpretation,73,30,9,0.3992973134608079,82.07255892255893,0,0.410958904109589,0.0
U00331,Logical Reasoning,105,60,16,0.6252618173252772,65.36279761904763,0,0.5714285714285714,0.0
U00331,Quantitative Aptitude,147,65,24,0.4676658453645415,78.62437169312169,0,0.4421768707482993,0.0
U00331,Verbal Ability,85,43,12,0.40299419220867816,63.7217261904762,1,0.5058823529411764,0.011764705882352941
U00332,Data Interpretation,8,3,5,0.5266428611071012,64.5,0,0.375,0.0
U00332,Logical Reasoning,13,8,8,0.7456444660250753,59.270833333333336,0,0.6153846153846154,0.0
U00332,Quantitative Aptitude,23,16,14,0.6761450007259586,41.07142857142857,0,0.6956521739130435,0.0
U00332,Verbal Ability,13,9,8,0.7353332473325624,31.270833333333332,0,0.6923076923076923,0.0
U00333,Data Interpretation,2,0,2,0.0,66.0,0,0.0,0.0
U00333,Logical Reasoning,6,2,5,0.2603838300526056,90.0,0,0.3333333333333333,0.0
U00333,Quantitative Aptitude,2,2,2,1.0,56.0,0,1.0,0.0
U00333,Verbal Ability,2,1,1,0.009951318422135341,62.5,0,0.5,0.0
U00334,Data Interpretation,6,3,5,0.4950690323742811,45.2,1,0.5,0.16666666666666666
U00334,Logical Reasoning,16,9,10,0.47992698424476954,76.01666666666668,0,0.5625,0.0
U00334,Quantitative Aptitude,36,23,18,0.6871698752545456,36.736111111111114,1,0.6388888888888888,0.027777777777777776
U00334,Verbal Ability,16,12,8,0.7493456842042828,58.84375,0,0.75,0.0
U00335,Data Interpretation,24,9,9,0.343155250193632,57.48015873015873,0,0.375,0.0
U00335,Logical Reasoning,32,19,16,0.6078786723677253,63.786458333333336,0,0.59375,0.0
U00335,Quantitative Aptitude,52,22,22,0.42352438110283686,76.175,0,0.4230769230769231,0.0
U00335,Verbal Ability,40,26,11,0.5893059557402119,35.810173160173164,2,0.65,0.05
U00336,Data Interpretation,4,3,3,0.7024528712907855,66.16666666666667,0,0.75,0.0
U00336,Logical Reasoning,12,7,10,0.6006051485246008,61.1,0,0.5833333333333334,0.0
U00336,Quantitative Aptitude,17,11,13,0.6536257272657792,51.82692307692308,0,0.6470588235294118,0.0
U00336,Verbal Ability,13,7,8,0.36926635148300346,35.78125,1,0.5384615384615384,0.07692307692307693
U00337,Data Interpretation,1,0,1,0.0,11.0,0,0.0,0.0
U00337,Logical Reasoning,11,9,9,0.8094582728994181,36.22222222222222,0,0.8181818181818182,0.0
U00337,Quantitative Aptitude,17,13,13,0.7164331798190654,41.30769230769231,0,0.7647058823529411,0.0
U00337,Verbal Ability,7,4,5,0.6195123023804788,45.0,0,0.5714285714285714,0.0
U00338,Data Interpretation,6,4,5,0.6,26.1,1,0.6666666666666666,0.16666666666666666
U00338,Logical Reasoning,10,7,8,0.625,40.6875,1,0.7,0.1
U00338,Quantitative Aptitude,12,9,7,0.8435234749041298,51.33333333333333,0,0.75,0.0
U00338,Verbal Ability,7,2,5,0.19831295338115615,66.1,0,0.2857142857142857,0.0
U00339,Data Interpretation,29,18,8,0.7865198399910481,63.525,1,0.6206896551724138,0.034482758620689655
U00339,Logical Reasoning,51,23,15,0.3962601265896113,60.03,2,0.45098039215686275,0.0392156862745098
U00339,Quantitative Aptitude,54,33,23,0.6088268042641204,43.94782608695652,1,0.6111111111111112,0.018518518518518517
U00339,Verbal Ability,46,26,12,0.7008345054178253,61.09444444444444,0,0.5652173913043478,0.0
U00340,Data Interpretation,14,5,6,0.4726262901725031,68.3611111111111,0,0.35714285714285715,0.0
U00340,Logical Reasoning,31,23,16,0.7003432472566848,31.979166666666664,1,0.7419354838709677,0.03225806451612903
U00340,Quantitative Aptitude,40,19,19,0.5029261742677963,46.0921052631579,0,0.475,0.0
U00340,Verbal Ability,28,14,11,0.4408778799609874,43.41883116883117,1,0.5,0.03571428571428571
U00341,Data Interpretation,1,0,1,0.0,55.0,0,0.0,0.0
U00341,Logical Reasoning,17,10,12,0.6290107947346739,40.25,0,0.5882352941176471,0.0
U00341,Quantitative Aptitude,20,11,12,0.5626571757888036,42.166666666666664,1,0.55,0.05
U00341,Verbal Ability,13,10,10,0.7981072223979273,44.45,0,0.7692307692307693,0.0
U00342,Data Interpretation,20,13,8,0.6632370384153521,61.44791666666667,0,0.65,0.0
U00342,Logical Reasoning,32,19,14,0.5450666939071578,56.503571428571426,0,0.59375,0.0
U00342,Quantitative Aptitude,55,35,24,0.6118173334836953,46.608829365079366,0,0.6363636363636364,0.0
U00342,Verbal Ability,44,26,12,0.5873902004197982,75.69444444444444,0,0.5909090909090909,0.0
U00343,Data Interpretation,22,16,9,0.6463392915442543,41.605555555555554,0,0.7272727272727273,0.0
U00343,Logical Reasoning,35,26,16,0.6620207752367586,45.765625,1,0.7428571428571429,0.02857142857142857
U00343,Quantitative Aptitude,60,38,22,0.6569933013742614,38.028030303030306,4,0.6333333333333333,0.06666666666666667
U00343,Verbal Ability,32,13,10,0.47133707761496185,67.77666666666667,0,0.40625,0.0
U00344,Data Interpretation,26,17,9,0.5287213949395543,32.403703703703705,2,0.6538461538461539,0.07692307692307693
U00344,Logical Reasoning,54,31,16,0.4969293352799355,55.260416666666664,0,0.5740740740740741,0.0
U00344,Quantitative Aptitude,47,21,21,0.3315720549362022,61.40873015873016,0,0.44680851063829785,0.0
U00344,Verbal Ability,33,18,11,0.49133334992245375,56.31818181818182,0,0.5454545454545454,0.0
U00345,Data Interpretation,2,2,2,1.0,71.5,0,1.0,0.0
U00345,Logical Reasoning,2,2,2,1.0,49.5,0,1.0,0.0
U00345,Quantitative Aptitude,6,2,5,0.4,60.0,0,0.3333333333333333,0.0
U00345,Verbal Ability,3,1,3,0.3333333333333333,73.33333333333333,0,0.3333333333333333,0.0
U00346,Data Interpretation,4,3,3,0.7936940534886802,75.16666666666667,0,0.75,0.0
U00346,Logical Reasoning,10,5,6,0.5,39.666666666666664,1,0.5,0.1
U00346,Quantitative Aptitude,23,9,15,0.4108586135170388,62.61111111111111,0,0.391304347826087,0.0
U00346,Verbal Ability,22,14,9,0.5990381046684199,65.32407407407408,0,0.6363636363636364,0.0
U00347,Data Interpretation,27,16,8,0.6761367476420039,61.93333333333334,1,0.5925925925925926,0.037037037037037035
U00347,Logical Reasoning,57,31,16,0.4050700810932145,41.461309523809526,3,0.543859649122807,0.05263157894736842
U00347,Quantitative Aptitude,52,22,20,0.5687924957167904,62.48083333333334,0,0.4230769230769231,0.0
U00347,Verbal Ability,56,30,12,0.6737726863445914,61.08148148148148,1,0.5357142857142857,0.017857142857142856
U00348,Data Interpretation,7,5,4,0.6837088058642143,74.16666666666667,0,0.7142857142857143,0.0
U00348,Logical Reasoning,7,1,6,0.16666666666666666,97.83333333333333,0,0.14285714285714285,0.0
U00348,Quantitative Aptitude,16,10,11,0.7372981861630588,44.22727272727273,0,0.625,0.0
U00348,Verbal Ability,15,10,9,0.8943032843409592,56.65555555555555,0,0.6666666666666666,0.0
U00349,Logical Reasoning,9,4,8,0.5,53.3125,0,0.4444444444444444,0.0
U00349,Quantitative Aptitude,9,6,7,0.7142857142857143,35.07142857142857,0,0.6666666666666666,0.0
U00349,Verbal Ability,8,2,6,0.3333333333333333,62.38888888888889,0,0.25,0.0
U00350,Data Interpretation,16,11,7,0.6882078471384323,46.01190476190476,0,0.6875,0.0
U00350,Logical Reasoning,37,23,13,0.6193731904795151,45.016666666666666,1,0.6216216216216216,0.02702702702702703
U00350,Quantitative Aptitude,52,37,22,0.7082592885219607,31.75378787878788,1,0.7115384615384616,0.019230769230769232
U00350,Verbal Ability,31,13,11,0.5215062869743673,58.38181818181818,0,0.41935483870967744,0.0
U00351,Data Interpretation,4,3,4,0.75,59.25,0,0.75,0.0
U00351,Logical Reasoning,10,5,7,0.5146469378838538,75.5,0,0.5,0.0
U00351,Quantitative Aptitude,16,10,13,0.622065115510339,32.5,1,0.625,0.0625
U00351,Verbal Ability,10,6,8,0.5897788802737396,69.3125,0,0.6,0.0
U00352,Data Interpretation,8,1,5,0.034857467588315365,49.93333333333333,0,0.125,0.0
U00352,Logical Reasoning,16,7,11,0.45454545454545453,41.68181818181818,1,0.4375,0.0625
U00352,Quantitative Aptitude,19,12,13,0.5347620373155956,33.98717948717949,0,0.631578947368421,0.0
U00352,Verbal Ability,22,11,10,0.4630042134540881,49.05833333333333,1,0.5,0.045454545454545456
U00353,Data Interpretation,30,21,9,0.6295521712529978,33.81111111111111,2,0.7,0.06666666666666667
U00353,Logical Reasoning,78,51,16,0.6758296358436144,52.796056547619045,1,0.6538461538461539,0.01282051282051282
U00353,Quantitative Aptitude,103,61,24,0.6398291612707812,61.0875,1,0.5922330097087378,0.009708737864077669
U00353,Verbal Ability,76,35,12,0.47714648363694084,57.67386363636364,0,0.4605263157894737,0.0
U00354,Data Interpretation,74,35,9,0.6301255428760925,60.1781746031746,1,0.47297297297297297,0.013513513513513514
U00354,Logical Reasoning,121,51,16,0.4638765355172641,68.73539637445887,0,0.4214876033057851,0.0
U00354,Quantitative Aptitude,173,120,24,0.7437227098141613,39.23304843304843,3,0.6936416184971098,0.017341040462427744
U00354,Verbal Ability,125,62,12,0.45859194833091355,61.56457836145336,1,0.496,0.008
U00355,Data Interpretation,15,10,7,0.6348886543146135,45.647619047619045,2,0.6666666666666666,0.13333333333333333
U00355,Logical Reasoning,37,19,15,0.5006461970291725,64.71333333333334,0,0.5135135135135135,0.0
U00355,Quantitative Aptitude,47,19,19,0.42653106242536726,68.71140350877192,0,0.40425531914893614,0.0
U00355,Verbal Ability,42,22,12,0.5051495238408088,50.6300925925926,0,0.5238095238095238,0.0
U00356,Data Interpretation,5,1,5,0.2,81.0,0,0.2,0.0
U00356,Logical Reasoning,12,9,10,0.7,36.46666666666667,0,0.75,0.0
U00356,Quantitative Aptitude,31,12,18,0.3184867801648755,61.44444444444444,0,0.3870967741935484,0.0
U00356,Verbal Ability,12,8,8,0.7101104414147187,35.75,0,0.6666666666666666,0.0
U00357,Data Interpretation,6,3,4,0.5120254573397649,72.625,0,0.5,0.0
U00357,Logical Reasoning,13,8,9,0.6828238961266337,39.87037037037037,1,0.6153846153846154,0.07692307692307693
U00357,Quantitative Aptitude,34,23,18,0.7125787374844774,45.550925925925924,0,0.6764705882352942,0.0
U00357,Verbal Ability,13,6,9,0.3756181985579863,47.111111111111114,0,0.46153846153846156,0.0
U00358,Data Interpretation,14,7,7,0.5674178547578329,53.404761904761905,0,0.5,0.0
U00358,Logical Reasoning,25,17,11,0.7221638513400607,46.33333333333333,0,0.68,0.0
U00358,Quantitative Aptitude,52,37,18,0.6693563028401853,62.989814814814814,0,0.7115384615384616,0.0
U00358,Verbal Ability,30,16,12,0.5102448259672827,60.012499999999996,0,0.5333333333333333,0.0
U00359,Data Interpretation,8,5,5,0.6576046172632708,28.0,1,0.625,0.125
U00359,Logical Reasoning,19,11,8,0.5088593470950619,56.85416666666667,0,0.5789473684210527,0.0
U00359,Quantitative Aptitude,22,8,13,0.26713090896498887,67.42948717948718,0,0.36363636363636365,0.0
U00359,Verbal Ability,12,4,6,0.22927147617443389,52.77777777777777,0,0.3333333333333333,0.0
U00360,Data Interpretation,62,24,9,0.3237355333476286,73.11422558922558,0,0.3870967741935484,0.0
U00360,Logical Reasoning,92,53,16,0.6193004574731135,56.35431547619048,2,0.5760869565217391,0.021739130434782608
U00360,Quantitative Aptitude,118,77,23,0.734741958234864,55.15458937198067,0,0.652542372881356,0.0
U00360,Verbal Ability,98,60,12,0.6829703759089939,43.074903337403335,1,0.6122448979591837,0.01020408163265306
U00361,Data Interpretation,6,6,4,1.0,18.25,0,1.0,0.0
U00361,Logical Reasoning,7,6,7,0.8571428571428571,52.0,0,0.8571428571428571,0.0
U00361,Quantitative Aptitude,6,4,6,0.6666666666666666,56.5,0,0.6666666666666666,0.0
U00361,Verbal Ability,5,2,4,0.4021681907167798,74.5,0,0.4,0.0
U00362,Data Interpretation,4,3,3,0.8328973763063648,68.16666666666667,1,0.75,0.25
U00362,Logical Reasoning,12,5,10,0.4,68.35,0,0.4166666666666667,0.0
U00362,Quantitative Aptitude,11,5,7,0.4377313769141092,61.785714285714285,0,0.45454545454545453,0.0
U00362,Verbal Ability,13,9,7,0.6223726582915555,31.476190476190478,0,0.6923076923076923,0.0
U00363,Data Interpretation,5,2,4,0.5,69.5,0,0.4,0.0
U00363,Logical Reasoning,5,3,5,0.6,51.8,0,0.6,0.0
U00363,Quantitative Aptitude,7,6,6,0.8333333333333334,46.75,0,0.8571428571428571,0.0
U00363,Verbal Ability,6,2,5,0.4,40.2,0,0.3333333333333333,0.0
U00364,Data Interpretation,13,7,9,0.6349493843998426,71.85185185185185,0,0.5384615384615384,0.0
U00364,Logical Reasoning,23,15,14,0.5759410855607623,51.422619047619044,0,0.6521739130434783,0.0
U00364,Quantitative Aptitude,34,19,19,0.47228827263294076,46.12719298245614,0,0.5588235294117647,0.0
U00364,Verbal Ability,27,21,11,0.7929232595901887,50.443939393939395,0,0.7777777777777778,0.0
U00365,Data Interpretation,22,5,8,0.1855647646588219,70.6875,1,0.22727272727272727,0.045454545454545456
U00365,Logical Reasoning,49,29,15,0.5793176389923985,55.79222222222222,1,0.5918367346938775,0.02040816326530612
U00365,Quantitative Aptitude,53,33,22,0.5929131323010496,45.33939393939394,2,0.6226415094339622,0.03773584905660377
U00365,Verbal Ability,34,15,12,0.3764229524348659,56.56944444444445,0,0.4411764705882353,0.0
U00366,Data Interpretation,16,12,6,0.7785372477917224,56.333333333333336,0,0.75,0.0
U00366,Logical Reasoning,25,9,14,0.3444374106192499,68.24404761904762,1,0.36,0.04
U00366,Quantitative Aptitude,27,15,17,0.5605466337645867,58.56862745098039,0,0.5555555555555556,0.0
U00366,Verbal Ability,25,15,10,0.5964857835025127,38.69166666666667,3,0.6,0.12
U00367,Data Interpretation,1,1,1,1.0,28.0,0,1.0,0.0
U00367,Logical Reasoning,1,1,1,1.0,25.0,0,1.0,0.0
U00367,Quantitative Aptitude,8,5,7,0.7132346213444952,64.71428571428571,0,0.625,0.0
U00367,Verbal Ability,3,3,3,1.0,87.66666666666667,0,1.0,0.0
U00368,Data Interpretation,7,4,4,0.7015430701281586,63.5,0,0.5714285714285714,0.0
U00368,Logical Reasoning,18,11,12,0.5647275864147235,44.958333333333336,0,0.6111111111111112,0.0
U00368,Quantitative Aptitude,23,15,15,0.5806703817290574,45.922222222222224,0,0.6521739130434783,0.0
U00368,Verbal Ability,13,6,7,0.36866448550697906,63.61904761904761,0,0.46153846153846156,0.0
U00369,Data Interpretation,10,6,6,0.7170881771400289,51.833333333333336,0,0.6,0.0
U00369,Logical Reasoning,17,8,12,0.4937494693455425,63.25,0,0.47058823529411764,0.0
U00369,Quantitative Aptitude,21,7,13,0.25962167722730717,76.37948717948717,0,0.3333333333333333,0.0
U00369,Verbal Ability,12,4,8,0.25977682964313925,52.25,0,0.3333333333333333,0.0
U00370,Data Interpretation,5,3,3,0.33333333333333326,41.22222222222222,0,0.6,0.0
U00370,Logical Reasoning,8,6,7,0.7142857142857143,75.42857142857143,0,0.75,0.0
U00370,Quantitative Aptitude,11,6,8,0.5,46.0,0,0.5454545454545454,0.0
U00370,Verbal Ability,9,6,6,0.6507852541616425,67.25,0,0.6666666666666666,0.0
U00371,Data Interpretation,14,8,7,0.6803201214500836,51.214285714285715,0,0.5714285714285714,0.0
U00371,Logical Reasoning,23,10,12,0.37184901991502545,56.90277777777778,0,0.43478260869565216,0.0
U00371,Quantitative Aptitude,41,27,20,0.6228923847902303,42.80833333333334,2,0.6585365853658537,0.04878048780487805
U00371,Verbal Ability,28,16,11,0.48240121100507455,54.63636363636363,0,0.5714285714285714,0.0
U00372,Data Interpretation,49,29,9,0.7678514196156122,62.953342953342954,1,0.5918367346938775,0.02040816326530612
U00372,Logical Reasoning,88,43,16,0.37425736916353625,68.43596230158731,1,0.48863636363636365,0.011363636363636364
U00372,Quantitative Aptitude,117,70,24,0.6320104276950819,54.61438792688793,2,0.5982905982905983,0.017094017094017096
U00372,Verbal Ability,61,41,12,0.5868549512048785,46.3578373015873,2,0.6721311475409836,0.03278688524590164
U00373,Data Interpretation,70,42,9,0.6241669757950712,48.502821869488535,2,0.6,0.02857142857142857
U00373,Logical Reasoning,118,44,16,0.3634783243261001,83.94646464646465,0,0.3728813559322034,0.0
U00373,Quantitative Aptitude,152,86,24,0.513625998848544,59.84983465608465,0,0.5657894736842105,0.0
U00373,Verbal Ability,103,75,12,0.6788525343100643,42.02029220779221,0,0.7281553398058253,0.0
U00374,Data Interpretation,10,6,6,0.5524786330119383,41.69444444444444,0,0.6,0.0
U00374,Logical Reasoning,8,5,6,0.5,45.5,0,0.625,0.0
U00374,Quantitative Aptitude,18,12,12,0.7468808692980469,43.416666666666664,0,0.6666666666666666,0.0
U00374,Verbal Ability,9,5,7,0.6038519115466638,47.42857142857143,0,0.5555555555555556,0.0
U00375,Data Interpretation,1,1,1,1.0,5.0,0,1.0,0.0
U00375,Logical Reasoning,4,3,4,0.75,24.75,0,0.75,0.0
U00375,Quantitative Aptitude,4,2,4,0.5,18.75,0,0.5,0.0
U00375,Verbal Ability,3,2,3,0.6666666666666666,59.333333333333336,0,0.6666666666666666,0.0
U00376,Data Interpretation,18,10,8,0.38420282296609154,36.177083333333336,1,0.5555555555555556,0.05555555555555555
U00376,Logical Reasoning,27,15,13,0.5864996500017975,48.55128205128205,0,0.5555555555555556,0.0
U00376,Quantitative Aptitude,37,20,19,0.5561677764248529,66.25,0,0.5405405405405406,0.0
U00376,Verbal Ability,28,10,12,0.5204528995398124,59.65,0,0.35714285714285715,0.0
U00377,Data Interpretation,2,0,2,0.0,66.5,0,0.0,0.0
U00377,Logical Reasoning,2,1,1,0.5224460674867359,13.0,1,0.5,0.5
U00377,Quantitative Aptitude,6,4,6,0.6666666666666666,44.166666666666664,0,0.6666666666666666,0.0
U00377,Verbal Ability,1,1,1,1.0,24.0,0,1.0,0.0
U00378,Data Interpretation,54,37,9,0.8579650276019885,53.08395061728395,1,0.6851851851851852,0.018518518518518517
U00378,Logical Reasoning,97,55,16,0.6015624314265632,69.14273313492063,0,0.5670103092783505,0.0
U00378,Quantitative Aptitude,167,79,24,0.5904593095102482,68.76018368205868,0,0.47305389221556887,0.0
U00378,Verbal Ability,122,69,12,0.6492750283472347,49.09690379065379,2,0.5655737704918032,0.01639344262295082
U00379,Data Interpretation,26,23,8,0.9949941789620084,41.816964285714285,1,0.8846153846153846,0.038461538461538464
U00379,Logical Reasoning,31,22,15,0.7484026406093478,44.483333333333334,0,0.7096774193548387,0.0
U00379,Quantitative Aptitude,51,26,22,0.4149129953044277,59.156060606060606,0,0.5098039215686274,0.0
U00379,Verbal Ability,25,15,9,0.6787039654174045,45.23518518518519,0,0.6,0.0
U00380,Data Interpretation,11,6,6,0.624205097505801,50.861111111111114,0,0.5454545454545454,0.0
U00380,Logical Reasoning,19,11,11,0.5001950430238273,51.82575757575758,0,0.5789473684210527,0.0
U00380,Quantitative Aptitude,25,17,16,0.5787262133789784,23.416666666666668,2,0.68,0.08
U00380,Verbal Ability,11,6,8,0.49397880291158636,69.89583333333333,0,0.5454545454545454,0.0
U00381,Data Interpretation,4,2,3,0.49273149286307727,46.5,0,0.5,0.0
U00381,Logical Reasoning,7,3,6,0.5,60.083333333333336,0,0.42857142857142855,0.0
U00381,Quantitative Aptitude,18,14,13,0.7441082184299861,33.217948717948715,1,0.7777777777777778,0.05555555555555555
U00381,Verbal Ability,9,3,6,0.3372010203772599,26.083333333333332,1,0.3333333333333333,0.1111111111111111
U00382,Data Interpretation,17,4,6,0.19645044487832988,65.41666666666667,0,0.23529411764705882,0.0
U00382,Logical Reasoning,31,13,14,0.44704836709578777,85.77976190476191,0,0.41935483870967744,0.0
U00382,Quantitative Aptitude,37,19,17,0.5888949600993449,58.911764705882355,0,0.5135135135135135,0.0
U00382,Verbal Ability,28,20,10,0.7265807134181246,43.455,0,0.7142857142857143,0.0
U00383,Data Interpretation,2,2,1,1.0,90.5,0,1.0,0.0
U00383,Logical Reasoning,10,4,8,0.5,48.75,0,0.4,0.0
U00383,Quantitative Aptitude,21,14,14,0.7031406652523469,49.267857142857146,0,0.6666666666666666,0.0
U00383,Verbal Ability,8,3,5,0.3940438186462485,47.1,0,0.375,0.0
U00384,Data Interpretation,13,6,8,0.43705347853670334,58.3125,0,0.46153846153846156,0.0
U00384,Logical Reasoning,35,26,13,0.7308048274954909,33.694871794871794,1,0.7428571428571429,0.02857142857142857
U00384,Quantitative Aptitude,49,31,22,0.6130913784889483,44.458333333333336,1,0.6326530612244898,0.02040816326530612
U00384,Verbal Ability,41,19,11,0.4748814366911008,66.32878787878788,0,0.4634146341463415,0.0
U00385,Data Interpretation,9,7,4,0.9712678223712293,43.6875,0,0.7777777777777778,0.0
U00385,Logical Reasoning,23,11,12,0.5989845552913904,60.72222222222222,2,0.4782608695652174,0.08695652173913043
U00385,Quantitative Aptitude,24,14,15,0.5164236268820288,41.03333333333333,1,0.5833333333333334,0.041666666666666664
U00385,Verbal Ability,20,14,9,0.649883973156115,35.65740740740741,1,0.7,0.05
U00386,Data Interpretation,62,35,9,0.6382034927066795,50.260493827160495,1,0.5645161290322581,0.016129032258064516
U00386,Logical Reasoning,121,87,16,0.6385687565759238,40.89571123321124,4,0.71900826446281,0.03305785123966942
U00386,Quantitative Aptitude,139,82,24,0.5314587666771856,49.75827320827321,4,0.5899280575539568,0.02877697841726619
U00386,Verbal Ability,98,61,12,0.659143164389764,48.80393518518519,1,0.6224489795918368,0.01020408163265306
U00387,Data Interpretation,71,39,9,0.554969200013766,49.085626102292764,1,0.5492957746478874,0.014084507042253521
U00387,Logical Reasoning,131,74,16,0.5144076318851462,55.74728986291486,0,0.5648854961832062,0.0
U00387,Quantitative Aptitude,188,110,24,0.6186124451441951,55.00368716931217,2,0.5851063829787234,0.010638297872340425
U00387,Verbal Ability,129,66,12,0.5913147045828618,52.7999740999741,2,0.5116279069767442,0.015503875968992248
U00388,Data Interpretation,19,8,9,0.4236998235014551,56.93518518518518,0,0.42105263157894735,0.0
U00388,Logical Reasoning,18,9,10,0.50433125359492,17.8,2,0.5,0.1111111111111111
U00388,Quantitative Aptitude,47,28,21,0.6152517963600622,46.83730158730159,0,0.5957446808510638,0.0
U00388,Verbal Ability,31,11,11,0.5034234452193169,70.26623376623377,0,0.3548387096774194,0.0
U00389,Data Interpretation,4,1,4,0.25,70.0,0,0.25,0.0
U00389,Logical Reasoning,5,2,4,0.4931414214956996,70.75,0,0.4,0.0
U00389,Quantitative Aptitude,4,3,4,0.75,42.0,0,0.75,0.0
U00389,Verbal Ability,5,3,4,0.7081714466757592,70.75,0,0.6,0.0
U00390,Data Interpretation,15,6,6,0.27373381868593955,101.34722222222223,0,0.4,0.0
U00390,Logical Reasoning,37,16,16,0.40939169201323533,54.30625,0,0.43243243243243246,0.0
U00390,Quantitative Aptitude,49,23,21,0.5137641693624833,49.14625850340136,2,0.46938775510204084,0.04081632653061224
U00390,Verbal Ability,31,22,11,0.755286928548118,48.96363636363637,1,0.7096774193548387,0.03225806451612903
U00391,Data Interpretation,3,2,3,0.6666666666666666,78.66666666666667,0,0.6666666666666666,0.0
U00391,Logical Reasoning,5,5,5,1.0,36.6,0,1.0,0.0
U00391,Quantitative Aptitude,2,0,2,0.0,23.5,1,0.0,0.5
U00391,Verbal Ability,4,2,3,0.3333333333333333,50.5,0,0.5,0.0
U00392,Data Interpretation,33,14,9,0.48869426956048045,68.90555555555555,0,0.42424242424242425,0.0
U00392,Logical Reasoning,87,30,16,0.3232698505527077,77.41493055555556,0,0.3448275862068966,0.0
U00392,Quantitative Aptitude,104,59,24,0.4988271330939466,60.230753968253964,0,0.5673076923076923,0.0
U00392,Verbal Ability,75,46,12,0.6993914774364397,47.94864417989418,0,0.6133333333333333,0.0
U00393,Data Interpretation,30,18,9,0.6987898316380756,44.644444444444446,1,0.6,0.03333333333333333
U00393,Logical Reasoning,40,18,15,0.5283468537912585,55.6,0,0.45,0.0
U00393,Quantitative Aptitude,46,32,18,0.6443626205433618,38.3,4,0.6956521739130435,0.08695652173913043
U00393,Verbal Ability,53,30,12,0.613768089563127,71.49484126984127,0,0.5660377358490566,0.0
U00394,Data Interpretation,31,16,9,0.4779901769729846,47.894444444444446,1,0.5161290322580645,0.03225806451612903
U00394,Logical Reasoning,40,16,15,0.5271986688380629,76.19,0,0.4,0.0
U00394,Quantitative Aptitude,65,37,21,0.6393320495945674,56.01428571428571,0,0.5692307692307692,0.0
U00394,Verbal Ability,32,24,11,0.6816174343179747,36.37878787878788,1,0.75,0.03125
U00395,Data Interpretation,3,2,3,0.6666666666666666,52.0,0,0.6666666666666666,0.0
U00395,Logical Reasoning,10,8,7,0.7605542379186675,40.92857142857143,0,0.8,0.0
U00395,Quantitative Aptitude,11,9,9,0.8652772910601885,30.740740740740744,2,0.8181818181818182,0.18181818181818182
U00395,Verbal Ability,1,0,1,0.0,67.0,0,0.0,0.0
U00396,Data Interpretation,94,55,9,0.5872755977721167,51.28196063196063,1,0.5851063829787234,0.010638297872340425
U00396,Logical Reasoning,126,71,16,0.545226162349527,64.33038194444444,1,0.5634920634920635,0.007936507936507936
U00396,Quantitative Aptitude,177,103,24,0.588239195678455,48.664468864468866,4,0.5819209039548022,0.022598870056497175
U00396,Verbal Ability,140,82,12,0.5805154259638587,48.42621198246198,3,0.5857142857142857,0.02142857142857143
U00397,Data Interpretation,8,5,5,0.5269749496225322,43.833333333333336,0,0.625,0.0
U00397,Logical Reasoning,10,6,7,0.6200358647351855,43.357142857142854,1,0.6,0.1
U00397,Quantitative Aptitude,7,4,7,0.5714285714285714,47.57142857142857,1,0.5714285714285714,0.14285714285714285
U00397,Verbal Ability,17,10,10,0.4054503701840474,62.13333333333334,0,0.5882352941176471,0.0
U00398,Data Interpretation,36,22,9,0.5909220294918676,40.06481481481481,0,0.6111111111111112,0.0
U00398,Logical Reasoning,51,37,16,0.7288246684499968,25.666666666666668,3,0.7254901960784313,0.058823529411764705
U00398,Quantitative Aptitude,69,52,22,0.7384201987610158,39.52840909090909,0,0.7536231884057971,0.0
U00398,Verbal Ability,65,37,12,0.6040036563935999,41.581250000000004,2,0.5692307692307692,0.03076923076923077
U00399,Data Interpretation,52,33,9,0.5230174384204571,33.8799823633157,2,0.6346153846153846,0.038461538461538464
U00399,Logical Reasoning,86,50,16,0.7250323023518495,64.7500744047619,3,0.5813953488372093,0.03488372093023256
U00399,Quantitative Aptitude,136,67,24,0.5520741493684627,57.800485509860515,0,0.49264705882352944,0.0
U00399,Verbal Ability,99,57,12,0.5795218187640068,55.18492826617827,1,0.5757575757575758,0.010101010101010102
U00400,Data Interpretation,2,1,2,0.5,31.0,0,0.5,0.0
U00400,Logical Reasoning,5,3,4,0.5315918789883708,45.875,0,0.6,0.0
U00400,Quantitative Aptitude,11,6,10,0.5364350219981722,61.5,0,0.5454545454545454,0.0
U00400,Verbal Ability,3,2,3,0.6666666666666666,43.0,0,0.6666666666666666,0.0
U00401,Data Interpretation,4,2,4,0.5,56.5,0,0.5,0.0
U00401,Logical Reasoning,13,6,8,0.3758604529503678,65.35416666666667,0,0.46153846153846156,0.0
U00401,Quantitative Aptitude,12,6,8,0.4928381259949365,57.104166666666664,0,0.5,0.0
U00401,Verbal Ability,11,9,9,0.8146365865968969,46.888888888888886,0,0.8181818181818182,0.0
U00402,Data Interpretation,18,8,7,0.3210070330258922,65.23809523809524,0,0.4444444444444444,0.0
U00402,Logical Reasoning,17,9,10,0.6605904693740253,38.1,1,0.5294117647058824,0.058823529411764705
U00402,Quantitative Aptitude,33,15,18,0.49397617740996264,71.93518518518518,0,0.45454545454545453,0.0
U00402,Verbal Ability,22,18,10,0.917184448137864,29.06666666666667,0,0.8181818181818182,0.0
U00403,Data Interpretation,8,6,5,0.8,42.4,0,0.75,0.0
U00403,Logical Reasoning,18,5,12,0.31037185838753145,57.583333333333336,0,0.2777777777777778,0.0
U00403,Quantitative Aptitude,20,13,13,0.6369583546536123,30.28846153846154,0,0.65,0.0
U00403,Verbal Ability,10,5,7,0.46298639783262063,59.642857142857146,1,0.5,0.1
U00404,Data Interpretation,2,1,2,0.5,53.0,0,0.5,0.0
U00404,Logical Reasoning,8,2,8,0.25,63.125,0,0.25,0.0
U00404,Quantitative Aptitude,6,4,6,0.6666666666666666,32.833333333333336,1,0.6666666666666666,0.16666666666666666
U00404,Verbal Ability,2,1,2,0.5,49.5,0,0.5,0.0
U00405,Data Interpretation,28,16,9,0.4912948815170308,53.46111111111111,1,0.5714285714285714,0.03571428571428571
U00405,Logical Reasoning,50,23,16,0.43948942484089754,82.54583333333333,0,0.46,0.0
U00405,Quantitative Aptitude,52,36,21,0.6065398331572539,45.20238095238095,1,0.6923076923076923,0.019230769230769232
U00405,Verbal Ability,45,27,12,0.6360929895582518,45.12222222222223,3,0.6,0.06666666666666667
U00406,Data Interpretation,59,34,9,0.5689356594315417,52.949250440917105,2,0.576271186440678,0.03389830508474576
U00406,Logical Reasoning,118,63,16,0.5407079215153426,58.86646148989899,0,0.5338983050847458,0.0
U00406,Quantitative Aptitude,134,95,24,0.681462910091455,39.28164682539683,3,0.7089552238805971,0.022388059701492536
U00406,Verbal Ability,86,60,12,0.7525911573263381,46.62050565175565,2,0.6976744186046512,0.023255813953488372
U00407,Data Interpretation,10,6,6,0.5874118164482302,40.166666666666664,0,0.6,0.0
U00407,Logical Reasoning,17,10,11,0.6374045743261976,57.77272727272727,0,0.5882352941176471,0.0
U00407,Quantitative Aptitude,30,22,16,0.7459882420132238,31.270833333333332,2,0.7333333333333333,0.06666666666666667
U00407,Verbal Ability,28,14,10,0.4885227667888904,59.82666666666667,1,0.5,0.03571428571428571
U00408,Data Interpretation,48,36,9,0.8090028321327778,22.571604938271605,2,0.75,0.041666666666666664
U00408,Logical Reasoning,109,67,16,0.6258279320740853,57.32303616522366,1,0.6146788990825688,0.009174311926605505
U00408,Quantitative Aptitude,139,74,24,0.5363589645420975,60.20340354090354,1,0.5323741007194245,0.007194244604316547
U00408,Verbal Ability,82,37,12,0.4544652946380385,54.81554232804233,0,0.45121951219512196,0.0
U00409,Data Interpretation,22,9,8,0.4023615684838191,37.42916666666667,0,0.4090909090909091,0.0
U00409,Logical Reasoning,42,23,15,0.4998278238608575,50.42777777777778,2,0.5476190476190477,0.047619047619047616
U00409,Quantitative Aptitude,65,42,20,0.7070534804544031,51.37083333333334,1,0.6461538461538462,0.015384615384615385
U00409,Verbal Ability,51,27,12,0.4322187153781238,68.54126984126985,0,0.5294117647058824,0.0
U00410,Data Interpretation,5,3,4,0.75,31.0,0,0.6,0.0
U00410,Logical Reasoning,5,4,4,0.75,42.25,0,0.8,0.0
U00410,Quantitative Aptitude,6,0,6,0.0,96.5,0,0.0,0.0
U00410,Verbal Ability,12,7,8,0.5139154415652472,44.85416666666667,0,0.5833333333333334,0.0
U00411,Data Interpretation,25,17,9,0.6977228416130782,52.41851851851852,0,0.68,0.0
U00411,Logical Reasoning,58,38,15,0.6274635703610769,58.57703703703704,0,0.6551724137931034,0.0
U00411,Quantitative Aptitude,64,35,22,0.5412525677992205,50.1482683982684,1,0.546875,0.015625
U00411,Verbal Ability,36,19,12,0.6322566349662254,34.85138888888889,1,0.5277777777777778,0.027777777777777776
U00412,Data Interpretation,4,3,2,0.6892091169742165,75.0,0,0.75,0.0
U00412,Logical Reasoning,11,6,9,0.6169576166146464,57.888888888888886,0,0.5454545454545454,0.0
U00412,Quantitative Aptitude,19,7,15,0.4026269687819469,51.56666666666667,1,0.3684210526315789,0.05263157894736842
U00412,Verbal Ability,9,5,6,0.38791334908056346,37.583333333333336,0,0.5555555555555556,0.0
U00413,Data Interpretation,9,2,4,0.031289266288271556,57.458333333333336,0,0.2222222222222222,0.0
U00413,Logical Reasoning,15,11,9,0.6641047545713483,34.89814814814815,0,0.7333333333333333,0.0
U00413,Quantitative Aptitude,18,11,16,0.6253315368240867,54.0625,0,0.6111111111111112,0.0
U00413,Verbal Ability,13,5,8,0.4980496144096775,45.95833333333333,0,0.38461538461538464,0.0
U00414,Data Interpretation,10,6,7,0.7357194821237124,42.642857142857146,0,0.6,0.0
U00414,Logical Reasoning,18,11,10,0.5755062012404781,47.1,0,0.6111111111111112,0.0
U00414,Quantitative Aptitude,20,13,14,0.5799332084154261,34.107142857142854,0,0.65,0.0
U00414,Verbal Ability,22,11,9,0.38537814770737183,54.68518518518518,0,0.5,0.0
U00415,Data Interpretation,14,11,7,0.9062174720469482,57.97619047619048,0,0.7857142857142857,0.0
U00415,Logical Reasoning,31,17,14,0.6207578960519633,70.13690476190476,0,0.5483870967741935,0.0
U00415,Quantitative Aptitude,51,36,22,0.6705480069181124,41.08787878787879,2,0.7058823529411765,0.0392156862745098
U00415,Verbal Ability,26,11,12,0.3794859341099576,64.40277777777779,0,0.4230769230769231,0.0
U00416,Data Interpretation,3,2,3,0.6666666666666666,64.33333333333333,0,0.6666666666666666,0.0
U00416,Logical Reasoning,4,1,4,0.25,52.75,0,0.25,0.0
U00416,Quantitative Aptitude,6,1,6,0.16666666666666666,60.0,0,0.16666666666666666,0.0
U00416,Verbal Ability,3,0,3,0.0,67.0,0,0.0,0.0
U00417,Data Interpretation,7,4,5,0.6,52.7,0,0.5714285714285714,0.0
U00417,Logical Reasoning,13,10,9,0.7608275664448527,32.611111111111114,1,0.7692307692307693,0.07692307692307693
U00417,Quantitative Aptitude,21,8,17,0.3921718187486471,53.11764705882353,0,0.38095238095238093,0.0
U00417,Verbal Ability,16,10,9,0.5861713576601258,80.5,0,0.625,0.0
U00418,Data Interpretation,75,47,9,0.6722857724428066,40.61666666666667,1,0.6266666666666667,0.013333333333333334
U00418,Logical Reasoning,132,58,16,0.5091626893704903,74.03266369047618,0,0.4393939393939394,0.0
U00418,Quantitative Aptitude,194,105,24,0.6181898847603539,68.77634154040403,1,0.5412371134020618,0.005154639175257732
U00418,Verbal Ability,119,73,12,0.7633422652468246,48.37573051948052,3,0.6134453781512605,0.025210084033613446
U00419,Data Interpretation,14,11,7,0.7595783430519264,28.833333333333336,2,0.7857142857142857,0.14285714285714285
U00419,Logical Reasoning,29,17,14,0.49589637228956956,43.69047619047619,1,0.5862068965517241,0.034482758620689655
U00419,Quantitative Aptitude,38,21,20,0.5893288646333995,56.8875,0,0.5526315789473685,0.0
U00419,Verbal Ability,28,13,11,0.4950933588847428,62.47727272727273,0,0.4642857142857143,0.0
U00420,Data Interpretation,16,10,8,0.6932802930230519,47.604166666666664,0,0.625,0.0
U00420,Logical Reasoning,41,22,14,0.5714036879242124,64.50595238095238,0,0.5365853658536586,0.0
U00420,Quantitative Aptitude,45,16,17,0.3257377824845083,62.84068627450981,0,0.35555555555555557,0.0
U00420,Verbal Ability,38,16,12,0.25245620253846174,71.21666666666665,0,0.42105263157894735,0.0
U00421,Data Interpretation,71,50,9,0.7486475243649751,39.06754920823548,3,0.704225352112676,0.04225352112676056
U00421,Logical Reasoning,118,78,16,0.7233621688862654,47.32550054112554,1,0.6610169491525424,0.00847457627118644
U00421,Quantitative Aptitude,139,74,24,0.5347829924682553,55.986805555555556,1,0.5323741007194245,0.007194244604316547
U00421,Verbal Ability,98,58,12,0.587272580616225,54.033239214489214,2,0.5918367346938775,0.02040816326530612
U00422,Data Interpretation,28,17,9,0.6430557545141918,48.65925925925926,0,0.6071428571428571,0.0
U00422,Logical Reasoning,62,31,16,0.3280962213941062,65.48779761904763,0,0.5,0.0
U00422,Quantitative Aptitude,81,30,23,0.4463426707683177,73.00010351966874,0,0.37037037037037035,0.0
U00422,Verbal Ability,61,28,12,0.4085653992580323,74.13353174603175,1,0.45901639344262296,0.01639344262295082
U00423,Data Interpretation,3,3,3,1.0,68.0,0,1.0,0.0
U00423,Logical Reasoning,3,1,2,0.5,21.0,0,0.3333333333333333,0.0
U00423,Quantitative Aptitude,8,5,7,0.5714285714285714,61.42857142857143,0,0.625,0.0
U00423,Verbal Ability,3,0,2,0.0,54.0,0,0.0,0.0
U00424,Data Interpretation,77,61,9,0.8344842993047057,31.144708994708992,2,0.7922077922077922,0.025974025974025976
U00424,Logical Reasoning,155,82,16,0.5453771233363245,51.30000502969253,2,0.5290322580645161,0.012903225806451613
U00424,Quantitative Aptitude,181,111,24,0.5951382704829483,47.62136243386243,2,0.6132596685082873,0.011049723756906077
U00424,Verbal Ability,134,76,12,0.5795439558083734,51.113420838420836,1,0.5671641791044776,0.007462686567164179
U00425,Data Interpretation,19,11,7,0.5048780150275273,23.642857142857142,1,0.5789473684210527,0.05263157894736842
U00425,Logical Reasoning,40,22,15,0.5849177838143088,45.29333333333333,0,0.55,0.0
U00425,Quantitative Aptitude,55,34,23,0.5027113792453267,44.41666666666667,0,0.6181818181818182,0.0
U00425,Verbal Ability,39,15,12,0.33414038895484904,59.18333333333334,0,0.38461538461538464,0.0
U00426,Data Interpretation,1,0,1,0.0,36.0,0,0.0,0.0
U00426,Logical Reasoning,9,8,8,0.875,43.1875,0,0.8888888888888888,0.0
U00426,Quantitative Aptitude,5,3,5,0.6,55.4,0,0.6,0.0
U00426,Verbal Ability,6,2,4,0.18432852266415467,81.75,0,0.3333333333333333,0.0
U00427,Data Interpretation,7,4,5,0.49545286193903537,66.6,0,0.5714285714285714,0.0
U00427,Logical Reasoning,8,3,8,0.375,51.375,0,0.375,0.0
U00427,Quantitative Aptitude,15,9,11,0.5441639186126264,51.66666666666667,0,0.6,0.0
U00427,Verbal Ability,14,9,8,0.6737533439706058,42.291666666666664,1,0.6428571428571429,0.07142857142857142
U00428,Logical Reasoning,2,1,2,0.5,67.5,0,0.5,0.0
U00428,Quantitative Aptitude,5,3,3,0.4838808518649151,82.5,0,0.6,0.0
U00428,Verbal Ability,6,2,4,0.25,20.5,0,0.3333333333333333,0.0
U00429,Data Interpretation,25,14,9,0.5748916567564569,46.592592592592595,0,0.56,0.0
U00429,Logical Reasoning,48,29,14,0.6604955163400021,54.22619047619048,2,0.6041666666666666,0.041666666666666664
U00429,Quantitative Aptitude,57,34,22,0.6136904349579511,38.4189393939394,2,0.5964912280701754,0.03508771929824561
U00429,Verbal Ability,44,23,12,0.5732846374147909,57.888888888888886,0,0.5227272727272727,0.0
U00430,Data Interpretation,5,2,4,0.5,82.875,0,0.4,0.0
U00430,Logical Reasoning,25,15,13,0.5688967414036864,64.14871794871796,0,0.6,0.0
U00430,Quantitative Aptitude,15,8,11,0.5693653628238772,27.257575757575754,0,0.5333333333333333,0.0
U00430,Verbal Ability,13,6,9,0.35750783886535376,75.53703703703704,0,0.46153846153846156,0.0
U00431,Data Interpretation,6,6,3,1.0,32.166666666666664,0,1.0,0.0
U00431,Logical Reasoning,7,6,6,0.8333333333333334,62.75,0,0.8571428571428571,0.0
U00431,Quantitative Aptitude,16,14,13,0.8799622647689962,49.03846153846154,0,0.875,0.0
U00431,Verbal Ability,6,3,6,0.5,32.333333333333336,1,0.5,0.16666666666666666
U00432,Data Interpretation,20,11,9,0.43592340288383274,65.65079365079366,0,0.55,0.0
U00432,Logical Reasoning,27,6,12,0.23792034087223127,56.855555555555554,0,0.2222222222222222,0.0
U00432,Quantitative Aptitude,44,30,22,0.727810802125456,25.530303030303028,5,0.6818181818181818,0.11363636363636363
U00432,Verbal Ability,40,23,12,0.5054251262057704,41.47731481481481,0,0.575,0.0
U00433,Data Interpretation,22,13,9,0.6828408713287761,54.89814814814815,1,0.5909090909090909,0.045454545454545456
U00433,Logical Reasoning,40,22,14,0.521054906353701,67.59404761904761,0,0.55,0.0
U00433,Quantitative Aptitude,57,37,22,0.7201641027902649,56.39090909090908,1,0.6491228070175439,0.017543859649122806
U00433,Verbal Ability,40,27,11,0.6942132342558438,32.446969696969695,1,0.675,0.025
U00434,Data Interpretation,5,4,3,0.9170689187968613,47.833333333333336,0,0.8,0.0
U00434,Logical Reasoning,16,11,11,0.722427834708237,60.07575757575758,1,0.6875,0.0625
U00434,Quantitative Aptitude,13,6,12,0.5,58.25,0,0.46153846153846156,0.0
U00434,Verbal Ability,16,10,8,0.6963818072713868,54.59375,0,0.625,0.0
U00435,Data Interpretation,93,65,9,0.5904536215229398,42.58975345642013,2,0.6989247311827957,0.021505376344086023
U00435,Logical Reasoning,141,70,16,0.4103622459657843,61.96046436202686,1,0.49645390070921985,0.0070921985815602835
U00435,Quantitative Aptitude,200,110,24,0.5184657222035376,50.76420408295408,1,0.55,0.005
U00435,Verbal Ability,128,88,12,0.7018144546959842,47.39425694919115,1,0.6875,0.0078125
U00436,Data Interpretation,29,18,9,0.6973979256424347,36.888888888888886,1,0.6206896551724138,0.034482758620689655
U00436,Logical Reasoning,43,28,15,0.7132766950646994,47.45777777777778,0,0.6511627906976745,0.0
U00436,Quantitative Aptitude,64,39,24,0.6327988277111769,53.145833333333336,0,0.609375,0.0
U00436,Verbal Ability,51,28,12,0.5447252512701541,45.13194444444445,1,0.5490196078431373,0.0196078431372549
U00437,Data Interpretation,16,8,9,0.4359839188436357,68.0,0,0.5,0.0
U00437,Logical Reasoning,22,13,13,0.5777550325978322,40.84615384615385,0,0.5909090909090909,0.0
U00437,Quantitative Aptitude,31,21,16,0.6723842430229446,39.5625,0,0.6774193548387096,0.0
U00437,Verbal Ability,19,14,9,0.6830731583307147,48.666666666666664,0,0.7368421052631579,0.0
U00438,Data Interpretation,7,4,4,0.5,71.625,0,0.5714285714285714,0.0
U00438,Logical Reasoning,16,7,10,0.46452396616074126,66.175,0,0.4375,0.0
U00438,Quantitative Aptitude,18,10,13,0.6771296186953364,48.96153846153846,0,0.5555555555555556,0.0
U00438,Verbal Ability,18,10,9,0.5385715301154552,40.03703703703704,0,0.5555555555555556,0.0
U00439,Data Interpretation,67,40,9,0.7239533131746124,45.533994708994705,2,0.5970149253731343,0.029850746268656716
U00439,Logical Reasoning,122,72,16,0.5599781431425694,56.894568972693975,0,0.5901639344262295,0.0
U00439,Quantitative Aptitude,177,109,24,0.5253343341338668,44.35272239334739,4,0.615819209039548,0.022598870056497175
U00439,Verbal Ability,129,95,12,0.8246264524948058,32.55739861989862,7,0.7364341085271318,0.05426356589147287
U00440,Data Interpretation,84,55,9,0.6999569400404163,54.50992063492063,1,0.6547619047619048,0.011904761904761904
U00440,Logical Reasoning,134,85,16,0.6024628298827256,38.40277153402153,6,0.6343283582089553,0.04477611940298507
U00440,Quantitative Aptitude,215,92,24,0.3913032468891912,77.73832556332556,0,0.42790697674418604,0.0
U00440,Verbal Ability,151,99,12,0.684517429099535,37.92233064672113,9,0.6556291390728477,0.059602649006622516
U00441,Data Interpretation,2,1,2,0.5,41.0,0,0.5,0.0
U00441,Logical Reasoning,11,7,9,0.6184490456614765,34.074074074074076,0,0.6363636363636364,0.0
U00441,Quantitative Aptitude,12,5,11,0.45454545454545453,49.13636363636363,0,0.4166666666666667,0.0
U00441,Verbal Ability,5,1,4,0.14509786508520237,51.0,0,0.2,0.0
U00442,Data Interpretation,28,17,9,0.5815930763696363,47.407407407407405,0,0.6071428571428571,0.0
U00442,Logical Reasoning,43,27,14,0.6504568969957268,62.61190476190477,0,0.627906976744186,0.0
U00442,Quantitative Aptitude,69,36,24,0.41457791619641715,61.90198412698413,0,0.5217391304347826,0.0
U00442,Verbal Ability,43,28,12,0.4616385326680839,57.98333333333333,0,0.6511627906976745,0.0
U00443,Data Interpretation,13,7,8,0.37654399423137236,113.75,0,0.5384615384615384,0.0
U00443,Logical Reasoning,17,10,12,0.5680723850011304,44.388888888888886,2,0.5882352941176471,0.11764705882352941
U00443,Quantitative Aptitude,22,10,15,0.45607879263604445,60.44444444444444,0,0.45454545454545453,0.0
U00443,Verbal Ability,16,10,7,0.8151672366008842,99.84285714285714,0,0.625,0.0
U00444,Data Interpretation,13,6,7,0.44115582031360745,36.261904761904766,1,0.46153846153846156,0.07692307692307693
U00444,Logical Reasoning,22,10,13,0.4651729782076012,71.98717948717949,0,0.45454545454545453,0.0
U00444,Quantitative Aptitude,16,8,14,0.5,57.892857142857146,0,0.5,0.0
U00444,Verbal Ability,21,17,11,0.9700316565251977,36.17424242424243,0,0.8095238095238095,0.0
U00445,Data Interpretation,30,14,9,0.5009844455160422,66.37592592592593,0,0.4666666666666667,0.0
U00445,Logical Reasoning,53,37,16,0.7382089518760601,56.16711309523809,1,0.6981132075471698,0.018867924528301886
U00445,Quantitative Aptitude,63,33,23,0.4806989725309297,48.81884057971014,1,0.5238095238095238,0.015873015873015872
U00445,Verbal Ability,39,23,12,0.6370997625729787,45.37916666666666,1,0.5897435897435898,0.02564102564102564
U00446,Data Interpretation,30,14,9,0.6355781126050387,51.51111111111111,1,0.4666666666666667,0.03333333333333333
U00446,Logical Reasoning,71,38,16,0.5652130389762355,61.981299603174605,0,0.5352112676056338,0.0
U00446,Quantitative Aptitude,79,50,23,0.5706581868018603,35.223602484472046,4,0.6329113924050633,0.05063291139240506
U00446,Verbal Ability,58,18,12,0.4176212305926723,94.1405753968254,0,0.3103448275862069,0.0
U00447,Data Interpretation,19,13,5,0.5527838556053757,45.36666666666666,1,0.6842105263157895,0.05263157894736842
U00447,Logical Reasoning,28,20,14,0.7395202197755752,40.470238095238095,0,0.7142857142857143,0.0
U00447,Quantitative Aptitude,44,19,21,0.44870100796153006,80.5515873015873,0,0.4318181818181818,0.0
U00447,Verbal Ability,30,14,11,0.4535829420942177,55.9469696969697,0,0.4666666666666667,0.0
U00448,Data Interpretation,22,9,8,0.17646449171156117,61.19791666666667,0,0.4090909090909091,0.0
U00448,Logical Reasoning,43,23,15,0.46036092191854877,40.49777777777778,4,0.5348837209302325,0.09302325581395349
U00448,Quantitative Aptitude,57,34,20,0.6335042839890952,56.00583333333334,0,0.5964912280701754,0.0
U00448,Verbal Ability,57,33,12,0.5108154107863703,65.95218253968254,0,0.5789473684210527,0.0
U00449,Data Interpretation,16,10,8,0.6462483248356147,27.447916666666668,0,0.625,0.0
U00449,Logical Reasoning,35,18,14,0.458124562780222,63.21309523809524,0,0.5142857142857142,0.0
U00449,Quantitative Aptitude,46,29,21,0.6546545472106895,57.52777777777777,2,0.6304347826086957,0.043478260869565216
U00449,Verbal Ability,25,17,10,0.6709837111059556,46.858333333333334,0,0.68,0.0
U00450,Data Interpretation,13,9,6,0.7558868156386532,40.15555555555556,0,0.6923076923076923,0.0
U00450,Logical Reasoning,20,17,12,0.8375915271735209,40.625,1,0.85,0.05
U00450,Quantitative Aptitude,29,13,18,0.5278948191697486,44.12962962962963,0,0.4482758620689655,0.0
U00450,Verbal Ability,21,12,10,0.5220238583515869,69.68333333333334,0,0.5714285714285714,0.0
U00451,Data Interpretation,8,6,3,0.9427551660966014,25.777777777777775,1,0.75,0.125
U00451,Logical Reasoning,20,6,12,0.23424000274847553,79.34722222222223,0,0.3,0.0
U00451,Quantitative Aptitude,40,18,20,0.4914721778186548,69.65166666666667,0,0.45,0.0
U00451,Verbal Ability,16,6,9,0.3267470460218147,72.6574074074074,0,0.375,0.0
U00452,Data Interpretation,14,4,7,0.43136982645135225,56.028571428571425,0,0.2857142857142857,0.0
U00452,Logical Reasoning,26,17,13,0.6297875849650036,61.51923076923077,1,0.6538461538461539,0.038461538461538464
U00452,Quantitative Aptitude,31,14,17,0.5287028125808931,77.6470588235294,0,0.45161290322580644,0.0
U00452,Verbal Ability,19,11,11,0.5304624965726364,46.303030303030305,0,0.5789473684210527,0.0
U00453,Data Interpretation,6,3,4,0.598916367201238,65.0,0,0.5,0.0
U00453,Logical Reasoning,3,1,3,0.3333333333333333,19.0,0,0.3333333333333333,0.0
U00453,Quantitative Aptitude,9,5,9,0.5555555555555556,37.888888888888886,0,0.5555555555555556,0.0
U00453,Verbal Ability,6,6,5,1.0,49.6,0,1.0,0.0
U00454,Data Interpretation,58,34,9,0.6606327864117522,51.66856261022927,1,0.5862068965517241,0.017241379310344827
U00454,Logical Reasoning,127,82,16,0.5952991285461181,45.11443903318903,4,0.6456692913385826,0.031496062992125984
U00454,Quantitative Aptitude,165,106,24,0.6623624400558291,43.86382275132275,4,0.6424242424242425,0.024242424242424242
U00454,Verbal Ability,133,81,12,0.5159869182164607,50.05175657675658,1,0.6090225563909775,0.007518796992481203
U00455,Data Interpretation,18,9,8,0.49012513601663704,40.875,1,0.5,0.05555555555555555
U00455,Logical Reasoning,20,8,13,0.3226219971171866,37.43076923076923,2,0.4,0.1
U00455,Quantitative Aptitude,27,19,19,0.7576187170140417,45.780701754385966,0,0.7037037037037037,0.0
U00455,Verbal Ability,18,8,8,0.4597022490299539,59.67708333333333,0,0.4444444444444444,0.0
U00456,Data Interpretation,26,19,9,0.8011042858750191,53.925925925925924,0,0.7307692307692307,0.0
U00456,Logical Reasoning,45,21,15,0.49446266339189193,56.43222222222222,0,0.4666666666666667,0.0
U00456,Quantitative Aptitude,51,28,22,0.5085279749419528,68.09848484848486,0,0.5490196078431373,0.0
U00456,Verbal Ability,44,20,12,0.45932031303869825,64.79583333333333,1,0.45454545454545453,0.022727272727272728
U00457,Data Interpretation,15,9,7,0.4149836190197204,44.13095238095239,0,0.6,0.0
U00457,Logical Reasoning,19,9,13,0.4687211406924933,60.6025641025641,0,0.47368421052631576,0.0
U00457,Quantitative Aptitude,24,15,18,0.6156521639331254,40.833333333333336,0,0.625,0.0
U00457,Verbal Ability,16,11,9,0.7254358538473622,42.611111111111114,0,0.6875,0.0
U00458,Data Interpretation,72,44,9,0.7091711415150361,44.36754850088184,4,0.6111111111111112,0.05555555555555555
U00458,Logical Reasoning,129,71,16,0.59083233307717,56.39046595765346,0,0.5503875968992248,0.0
U00458,Quantitative Aptitude,181,67,24,0.40124727283724654,81.80837126517274,1,0.3701657458563536,0.0055248618784530384
U00458,Verbal Ability,124,90,12,0.7695646659448606,31.350814463314464,4,0.7258064516129032,0.03225806451612903
U00459,Data Interpretation,81,51,9,0.47085424912115914,51.28417107583775,2,0.6296296296296297,0.024691358024691357
U00459,Logical Reasoning,139,88,16,0.7353621313134033,38.96825396825397,2,0.6330935251798561,0.014388489208633094
U00459,Quantitative Aptitude,147,97,23,0.7345407679062812,42.46342305037957,5,0.6598639455782312,0.034013605442176874
U00459,Verbal Ability,116,53,12,0.32017572397603866,63.91041065416065,2,0.45689655172413796,0.017241379310344827
U00460,Data Interpretation,9,8,6,0.8333333333333334,51.05555555555555,0,0.8888888888888888,0.0
U00460,Logical Reasoning,18,9,12,0.5356388993970499,42.395833333333336,0,0.5,0.0
U00460,Quantitative Aptitude,19,13,14,0.6302773535557241,37.285714285714285,0,0.6842105263157895,0.0
U00460,Verbal Ability,18,10,7,0.5892019117843358,47.297619047619044,0,0.5555555555555556,0.0
U00461,Data Interpretation,12,9,6,0.8322442551384185,45.125,0,0.75,0.0
U00461,Logical Reasoning,29,10,13,0.23048242030176674,87.4923076923077,0,0.3448275862068966,0.0
U00461,Quantitative Aptitude,39,20,17,0.5341200516506186,68.3529411764706,0,0.5128205128205128,0.0
U00461,Verbal Ability,43,29,12,0.7763763988530038,45.53819444444445,1,0.6744186046511628,0.023255813953488372
U00462,Data Interpretation,4,1,3,0.3333333333333333,40.333333333333336,0,0.25,0.0
U00462,Logical Reasoning,11,6,8,0.5000839763440752,34.083333333333336,1,0.5454545454545454,0.09090909090909091
U00462,Quantitative Aptitude,19,6,12,0.4166666666666667,63.888888888888886,0,0.3157894736842105,0.0
U00462,Verbal Ability,6,4,5,0.6,48.8,1,0.6666666666666666,0.16666666666666666
U00463,Data Interpretation,4,2,3,0.38818968356671063,41.166666666666664,0,0.5,0.0
U00463,Logical Reasoning,11,6,8,0.5708356533393211,78.375,0,0.5454545454545454,0.0
U00463,Quantitative Aptitude,22,15,14,0.629687030934417,38.351190476190474,0,0.6818181818181818,0.0
U00463,Verbal Ability,13,10,7,0.7294201630994885,71.5,0,0.7692307692307693,0.0
U00464,Data Interpretation,6,3,4,0.4346770514517428,65.875,0,0.5,0.0
U00464,Logical Reasoning,14,12,8,0.8520507934410603,24.4375,0,0.8571428571428571,0.0
U00464,Quantitative Aptitude,11,7,9,0.5927552614588161,38.166666666666664,0,0.6363636363636364,0.0
U00464,Verbal Ability,12,8,7,0.6344861482264197,67.16666666666667,0,0.6666666666666666,0.0
U00465,Data Interpretation,16,10,9,0.6131885955990845,54.78703703703704,0,0.625,0.0
U00465,Logical Reasoning,29,18,12,0.520753603803775,40.93055555555556,1,0.6206896551724138,0.034482758620689655
U00465,Quantitative Aptitude,33,14,16,0.39176491664476665,62.561458333333334,0,0.42424242424242425,0.0
U00465,Verbal Ability,22,13,10,0.6276362151889436,62.608333333333334,0,0.5909090909090909,0.0
U00466,Data Interpretation,7,4,4,0.5456826835740305,42.25,0,0.5714285714285714,0.0
U00466,Logical Reasoning,11,4,7,0.4110597684036141,61.11904761904761,0,0.36363636363636365,0.0
U00466,Quantitative Aptitude,14,3,9,0.21019890096230545,66.38888888888889,0,0.21428571428571427,0.0
U00466,Verbal Ability,10,5,9,0.5555555555555556,61.72222222222222,0,0.5,0.0
U00467,Data Interpretation,3,2,2,0.787547740041634,41.5,0,0.6666666666666666,0.0
U00467,Logical Reasoning,3,3,2,1.0,44.75,0,1.0,0.0
U00467,Quantitative Aptitude,11,5,8,0.6103838711046174,60.270833333333336,0,0.45454545454545453,0.0
U00467,Verbal Ability,4,3,4,0.75,88.0,0,0.75,0.0
U00468,Data Interpretation,68,49,9,0.554242114654342,43.48694885361552,1,0.7205882352941176,0.014705882352941176
U00468,Logical Reasoning,108,77,16,0.7096723172532496,31.0587977994228,8,0.7129629629629629,0.07407407407407407
U00468,Quantitative Aptitude,131,77,24,0.5429646449496452,45.194246031746026,2,0.5877862595419847,0.015267175572519083
U00468,Verbal Ability,88,56,12,0.6531153532525097,36.468518518518515,3,0.6363636363636364,0.03409090909090909
U00469,Data Interpretation,17,9,9,0.5490276913695645,58.94444444444444,0,0.5294117647058824,0.0
U00469,Logical Reasoning,30,17,14,0.5663942786201205,72.14047619047619,0,0.5666666666666667,0.0
U00469,Quantitative Aptitude,66,26,24,0.415658991639199,76.71011904761905,0,0.3939393939393939,0.0
U00469,Verbal Ability,35,20,12,0.5707926488097328,54.30972222222223,0,0.5714285714285714,0.0
U00470,Data Interpretation,53,30,9,0.7136011523545688,49.21494708994709,2,0.5660377358490566,0.03773584905660377
U00470,Logical Reasoning,93,43,16,0.3813616590678896,73.54642857142858,0,0.46236559139784944,0.0
U00470,Quantitative Aptitude,102,66,24,0.5643912175389412,36.797023809523814,2,0.6470588235294118,0.0196078431372549
U00470,Verbal Ability,78,50,12,0.6784092190503475,39.15436507936508,2,0.6410256410256411,0.02564102564102564
U00471,Data Interpretation,21,17,9,0.8401997524799402,47.07962962962963,0,0.8095238095238095,0.0
U00471,Logical Reasoning,20,14,11,0.6219289165935163,44.31818181818182,0,0.7,0.0
U00471,Quantitative Aptitude,31,27,21,0.8916541055909013,37.73809523809524,2,0.8709677419354839,0.06451612903225806
U00471,Verbal Ability,24,15,11,0.43457371881556495,66.69090909090909,0,0.625,0.0
U00472,Data Interpretation,7,4,5,0.6,52.6,1,0.5714285714285714,0.14285714285714285
U00472,Logical Reasoning,12,5,9,0.5487338570592941,61.25925925925925,0,0.4166666666666667,0.0
U00472,Quantitative Aptitude,16,11,12,0.6680512247851774,51.111111111111114,0,0.6875,0.0
U00472,Verbal Ability,14,10,7,0.5677925585421224,36.80952380952381,0,0.7142857142857143,0.0
U00473,Data Interpretation,19,12,8,0.6243782196769542,54.333333333333336,0,0.631578947368421,0.0
U00473,Logical Reasoning,41,22,14,0.5614757927698474,60.46649659863946,0,0.5365853658536586,0.0
U00473,Quantitative Aptitude,58,40,21,0.6595423778641568,38.58253968253968,2,0.6896551724137931,0.034482758620689655
U00473,Verbal Ability,29,15,11,0.4290963952812579,57.35454545454545,0,0.5172413793103449,0.0
U00474,Data Interpretation,2,1,1,0.24684882116362783,69.0,0,0.5,0.0
U00474,Logical Reasoning,7,4,6,0.594286510954444,88.33333333333333,0,0.5714285714285714,0.0
U00474,Quantitative Aptitude,5,2,5,0.4,45.0,0,0.4,0.0
U00474,Verbal Ability,7,3,6,0.38521704601427914,50.25,0,0.42857142857142855,0.0
U00475,Data Interpretation,13,4,6,0.22114555828311735,73.02777777777779,0,0.3076923076923077,0.0
U00475,Logical Reasoning,9,5,6,0.6608362647338085,45.361111111111114,2,0.5555555555555556,0.2222222222222222
U00475,Quantitative Aptitude,13,9,10,0.7136600316512153,69.75,0,0.6923076923076923,0.0
U00475,Verbal Ability,14,10,7,0.6528358365577083,58.166666666666664,0,0.7142857142857143,0.0
U00476,Data Interpretation,68,56,9,0.8565863229313267,38.038793922127255,1,0.8235294117647058,0.014705882352941176
U00476,Logical Reasoning,92,50,16,0.49970165280064416,54.543943903318905,3,0.5434782608695652,0.03260869565217391
U00476,Quantitative Aptitude,166,79,24,0.5051197077080379,60.44330808080809,0,0.4759036144578313,0.0
U00476,Verbal Ability,106,64,12,0.5871966771219949,49.364213564213564,2,0.6037735849056604,0.018867924528301886
U00477,Data Interpretation,47,16,9,0.26281394086601917,68.05185185185185,0,0.3404255319148936,0.0
U00477,Logical Reasoning,112,59,16,0.3930477265403909,53.758287545787546,1,0.5267857142857143,0.008928571428571428
U00477,Quantitative Aptitude,147,92,24,0.6824024393548961,48.36354767917268,3,0.6258503401360545,0.02040816326530612
U00477,Verbal Ability,116,64,12,0.5639188773418681,56.79960317460317,0,0.5517241379310345,0.0
U00478,Data Interpretation,21,10,8,0.45194117199866696,71.13541666666667,0,0.47619047619047616,0.0
U00478,Logical Reasoning,25,14,13,0.5438539614326878,59.794871794871796,1,0.56,0.04
U00478,Quantitative Aptitude,50,37,24,0.7312625915008947,43.47222222222222,2,0.74,0.04
U00478,Verbal Ability,27,10,11,0.38544466926873616,67.71212121212122,0,0.37037037037037035,0.0
U00479,Data Interpretation,27,21,9,0.7760329138332361,32.87037037037037,1,0.7777777777777778,0.037037037037037035
U00479,Logical Reasoning,49,31,16,0.667905049282544,88.8608630952381,0,0.6326530612244898,0.0
U00479,Quantitative Aptitude,70,43,23,0.5625045675016721,49.22536231884058,1,0.6142857142857143,0.014285714285714285
U00479,Verbal Ability,53,32,12,0.6651549361261987,47.06111111111111,2,0.6037735849056604,0.03773584905660377
U00480,Data Interpretation,25,10,7,0.44445075755139013,55.09523809523809,0,0.4,0.0
U00480,Logical Reasoning,33,25,14,0.8581489112723696,33.59047619047619,1,0.7575757575757576,0.030303030303030304
U00480,Quantitative Aptitude,58,40,22,0.6870894848957568,51.60681818181818,0,0.6896551724137931,0.0
U00480,Verbal Ability,34,17,12,0.3389277350110797,66.70833333333333,0,0.5,0.0
U00481,Data Interpretation,70,32,9,0.3389075857410163,55.21506734006734,0,0.45714285714285713,0.0
U00481,Logical Reasoning,112,56,16,0.4979481474446589,52.143441107503605,0,0.5,0.0
U00481,Quantitative Aptitude,179,114,24,0.5633868886169225,44.671142688330185,3,0.6368715083798883,0.01675977653631285
U00481,Verbal Ability,126,62,12,0.4423806241196355,63.72572910477322,1,0.49206349206349204,0.007936507936507936
U00482,Data Interpretation,32,16,8,0.49391261016440635,61.029761904761905,0,0.5,0.0
U00482,Logical Reasoning,38,26,15,0.6974570526593126,52.91777777777778,0,0.6842105263157895,0.0
U00482,Quantitative Aptitude,50,23,20,0.501571106664126,80.29416666666667,0,0.46,0.0
U00482,Verbal Ability,28,16,11,0.4994112021179214,59.51515151515151,0,0.5714285714285714,0.0
U00483,Data Interpretation,48,33,9,0.6539369066003572,55.46823361823362,0,0.6875,0.0
U00483,Logical Reasoning,81,51,16,0.5553336854349986,46.292857142857144,2,0.6296296296296297,0.024691358024691357
U00483,Quantitative Aptitude,92,54,24,0.581834733434404,58.34325396825397,0,0.5869565217391305,0.0
U00483,Verbal Ability,65,34,12,0.490613658946821,64.34212962962962,0,0.5230769230769231,0.0
U00484,Data Interpretation,68,44,9,0.6603152609775925,45.193746993747,1,0.6470588235294118,0.014705882352941176
U00484,Logical Reasoning,129,57,16,0.43344706922885046,63.81778499278499,0,0.4418604651162791,0.0
U00484,Quantitative Aptitude,151,84,24,0.49046247552872785,58.635271325896326,1,0.5562913907284768,0.006622516556291391
U00484,Verbal Ability,101,37,12,0.3221233227849553,76.15962301587301,0,0.36633663366336633,0.0
U00485,Data Interpretation,10,7,7,0.8225758202949287,35.92857142857143,0,0.7,0.0
U00485,Logical Reasoning,27,14,14,0.3738760085756005,43.42261904761905,0,0.5185185185185185,0.0
U00485,Quantitative Aptitude,42,13,20,0.2860673672921054,58.339999999999996,0,0.30952380952380953,0.0
U00485,Verbal Ability,18,11,9,0.663089187346842,46.87407407407407,0,0.6111111111111112,0.0
U00486,Data Interpretation,18,9,7,0.6445869225313626,50.114285714285714,0,0.5,0.0
U00486,Logical Reasoning,31,17,14,0.5486855915690131,38.892857142857146,0,0.5483870967741935,0.0
U00486,Quantitative Aptitude,29,16,18,0.568491230336274,70.56018518518518,1,0.5517241379310345,0.034482758620689655
U00486,Verbal Ability,30,16,11,0.459494395999269,48.48636363636364,0,0.5333333333333333,0.0
U00487,Data Interpretation,50,34,9,0.6169278235698286,32.244107744107744,4,0.68,0.08
U00487,Logical Reasoning,94,54,16,0.5339659238169782,44.47361111111111,4,0.574468085106383,0.0425531914893617
U00487,Quantitative Aptitude,137,91,24,0.6526223277657409,28.63941798941799,11,0.6642335766423357,0.08029197080291971
U00487,Verbal Ability,118,92,12,0.7507969916945315,27.769823232323233,6,0.7796610169491526,0.05084745762711865
U00488,Data Interpretation,9,6,6,0.598317128435686,44.888888888888886,0,0.6666666666666666,0.0
U00488,Logical Reasoning,12,2,9,0.1779333750381969,61.72222222222222,0,0.16666666666666666,0.0
U00488,Quantitative Aptitude,19,11,13,0.5687593944524995,64.28205128205128,0,0.5789473684210527,0.0
U00488,Verbal Ability,15,12,9,0.7660896670513073,37.12962962962963,0,0.8,0.0
U00489,Data Interpretation,37,17,9,0.4985300609354766,66.42460317460318,0,0.4594594594594595,0.0
U00489,Logical Reasoning,64,43,16,0.7010025560430851,47.94027777777778,3,0.671875,0.046875
U00489,Quantitative Aptitude,78,45,22,0.5627940545192497,49.2310606060606,0,0.5769230769230769,0.0
U00489,Verbal Ability,72,46,12,0.6391110268153583,42.35912698412698,2,0.6388888888888888,0.027777777777777776
U00490,Data Interpretation,15,7,7,0.5026483943127228,23.892857142857142,1,0.4666666666666667,0.06666666666666667
U00490,Logical Reasoning,39,25,14,0.6028583859477833,54.2547619047619,0,0.6410256410256411,0.0
U00490,Quantitative Aptitude,42,28,20,0.6606679408492806,23.513333333333332,3,0.6666666666666666,0.07142857142857142
U00490,Verbal Ability,32,20,12,0.6697748794028303,43.0,1,0.625,0.03125
U00491,Data Interpretation,2,2,2,1.0,22.5,0,1.0,0.0
U00491,Logical Reasoning,4,4,4,1.0,33.5,0,1.0,0.0
U00491,Quantitative Aptitude,11,10,10,0.9,62.3,0,0.9090909090909091,0.0
U00491,Verbal Ability,8,7,5,0.8947280953788018,31.1,0,0.875,0.0
U00492,Data Interpretation,17,12,7,0.6301463853691711,51.61904761904761,0,0.7058823529411765,0.0
U00492,Logical Reasoning,39,18,16,0.5623175503326038,77.14583333333333,0,0.46153846153846156,0.0
U00492,Quantitative Aptitude,63,38,22,0.6223004874507077,47.749242424242425,2,0.6031746031746031,0.031746031746031744
U00492,Verbal Ability,37,13,11,0.466806813208642,77.93434343434343,0,0.35135135135135137,0.0
U00493,Data Interpretation,65,27,9,0.37197628855910175,67.07195767195768,0,0.4153846153846154,0.0
U00493,Logical Reasoning,110,62,16,0.5350828931026539,47.51652462121212,2,0.5636363636363636,0.01818181818181818
U00493,Quantitative Aptitude,135,87,24,0.629914254186969,46.240343915343914,2,0.6444444444444445,0.014814814814814815
U00493,Verbal Ability,111,67,12,0.6778722965828233,56.1460048665931,0,0.6036036036036037,0.0
U00494,Data Interpretation,58,27,9,0.38377938645821186,58.21955667789002,2,0.46551724137931033,0.034482758620689655
U00494,Logical Reasoning,73,31,16,0.3841866426352614,67.98824404761905,0,0.4246575342465753,0.0
U00494,Quantitative Aptitude,105,55,23,0.5119296813219173,53.32187715665977,1,0.5238095238095238,0.009523809523809525
U00494,Verbal Ability,87,61,12,0.7396515835332527,36.29562890812891,0,0.7011494252873564,0.0
U00495,Data Interpretation,89,53,9,0.5813249342752366,49.26001251834585,1,0.5955056179775281,0.011235955056179775
U00495,Logical Reasoning,146,68,16,0.43523637297529594,61.95903679653679,0,0.4657534246575342,0.0
U00495,Quantitative Aptitude,211,81,24,0.466912975015143,72.15048680214122,0,0.38388625592417064,0.0
U00495,Verbal Ability,144,85,12,0.6949548969405844,52.757548354423356,1,0.5902777777777778,0.006944444444444444
U00496,Data Interpretation,16,11,8,0.6431177383114951,42.458333333333336,0,0.6875,0.0
U00496,Logical Reasoning,67,47,16,0.7296636405787615,35.76607142857143,1,0.7014925373134329,0.014925373134328358
U00496,Quantitative Aptitude,78,46,24,0.5338261740156508,62.294940476190476,0,0.5897435897435898,0.0
U00496,Verbal Ability,48,26,11,0.5828310842544179,52.45670995670996,1,0.5416666666666666,0.020833333333333332
U00497,Data Interpretation,13,9,7,0.6964288274340682,52.92857142857143,0,0.6923076923076923,0.0
U00497,Logical Reasoning,32,24,15,0.7677002794267426,38.23111111111111,1,0.75,0.03125
U00497,Quantitative Aptitude,37,17,19,0.468413023994756,55.33333333333333,0,0.4594594594594595,0.0
U00497,Verbal Ability,26,17,11,0.5925136813485271,52.86666666666667,1,0.6538461538461539,0.038461538461538464
U00498,Data Interpretation,11,5,7,0.640754511040651,85.47619047619048,0,0.45454545454545453,0.0
U00498,Logical Reasoning,26,15,12,0.5499697256189141,73.54166666666667,0,0.5769230769230769,0.0
U00498,Quantitative Aptitude,49,27,21,0.527771814523537,56.0436507936508,1,0.5510204081632653,0.02040816326530612
U00498,Verbal Ability,20,6,8,0.23661598493953556,55.354166666666664,0,0.3,0.0
U00499,Data Interpretation,14,10,6,0.6223669888040442,59.69444444444445,0,0.7142857142857143,0.0
U00499,Logical Reasoning,25,11,13,0.515241885427692,60.579487179487174,0,0.44,0.0
U00499,Quantitative Aptitude,32,20,18,0.6323011286381028,49.34722222222222,1,0.625,0.03125
U00499,Verbal Ability,22,14,11,0.7371894059788716,34.42424242424243,0,0.6363636363636364,0.0
U00500,Data Interpretation,6,1,5,0.2,68.5,0,0.16666666666666666,0.0
U00500,Logical Reasoning,12,9,8,0.7757058153859441,39.7,0,0.75,0.0
U00500,Quantitative Aptitude,19,12,11,0.6735176357219842,45.54545454545455,0,0.631578947368421,0.0
U00500,Verbal Ability,16,6,9,0.4222879018595214,72.08333333333333,0,0.375,0.0
U00501,Data Interpretation,80,47,9,0.5735238034780011,60.2212682379349,1,0.5875,0.0125
U00501,Logical Reasoning,120,71,16,0.5680669726438681,46.240345591908095,3,0.5916666666666667,0.025
U00501,Quantitative Aptitude,178,93,24,0.5054949675105103,56.6344141969142,0,0.5224719101123596,0.0
U00501,Verbal Ability,116,76,12,0.6469426956188055,38.207289701039706,3,0.6551724137931034,0.02586206896551724
U00502,Data Interpretation,3,1,3,0.3333333333333333,51.666666666666664,0,0.3333333333333333,0.0
U00502,Logical Reasoning,17,13,12,0.8320928010573697,25.375,0,0.7647058823529411,0.0
U00502,Quantitative Aptitude,13,7,11,0.5454545454545454,52.04545454545455,0,0.5384615384615384,0.0
U00502,Verbal Ability,18,13,10,0.7009829012150576,45.41666666666667,0,0.7222222222222222,0.0
U00503,Data Interpretation,23,15,7,0.6344750263901585,47.852380952380955,1,0.6521739130434783,0.043478260869565216
U00503,Logical Reasoning,27,8,12,0.2936535296381531,91.23888888888888,0,0.2962962962962963,0.0
U00503,Quantitative Aptitude,41,22,19,0.466716057653932,64.32456140350878,0,0.5365853658536586,0.0
U00503,Verbal Ability,21,15,11,0.7279049994257776,36.52272727272727,0,0.7142857142857143,0.0
U00504,Data Interpretation,6,1,4,0.25,45.25,0,0.16666666666666666,0.0
U00504,Logical Reasoning,11,5,10,0.48234657382613666,74.3,0,0.45454545454545453,0.0
U00504,Quantitative Aptitude,8,2,7,0.2857142857142857,78.64285714285714,0,0.25,0.0
U00504,Verbal Ability,8,5,5,0.7738290582767179,64.5,0,0.625,0.0
U00505,Data Interpretation,62,33,9,0.4546027088353395,59.13333333333334,0,0.532258064516129,0.0
U00505,Logical Reasoning,89,38,16,0.4450100600691373,81.54122023809524,0,0.42696629213483145,0.0
U00505,Quantitative Aptitude,126,62,22,0.471842131983748,63.3935606060606,0,0.49206349206349204,0.0
U00505,Verbal Ability,88,47,12,0.4635351101562706,66.03361915861916,0,0.5340909090909091,0.0
U00506,Data Interpretation,4,1,3,0.1498183430492189,43.833333333333336,0,0.25,0.0
U00506,Logical Reasoning,12,4,8,0.28801819117306904,84.77083333333333,0,0.3333333333333333,0.0
U00506,Quantitative Aptitude,15,11,11,0.7732711261475319,30.40909090909091,0,0.7333333333333333,0.0
U00506,Verbal Ability,10,7,5,0.8171803266269067,47.4,0,0.7,0.0
U00507,Data Interpretation,20,7,8,0.48780281693964994,103.3125,0,0.35,0.0
U00507,Logical Reasoning,31,21,14,0.4836442095104309,52.642857142857146,0,0.6774193548387096,0.0
U00507,Quantitative Aptitude,35,22,19,0.6277763459625749,62.324561403508774,1,0.6285714285714286,0.02857142857142857
U00507,Verbal Ability,27,22,11,0.8025314580118849,28.348484848484848,1,0.8148148148148148,0.037037037037037035
U00508,Data Interpretation,23,12,9,0.4654781641462777,42.84259259259259,1,0.5217391304347826,0.043478260869565216
U00508,Logical Reasoning,50,27,15,0.5681956021130864,84.10079365079365,0,0.54,0.0
U00508,Quantitative Aptitude,65,45,23,0.6735622658082614,48.41376811594203,2,0.6923076923076923,0.03076923076923077
U00508,Verbal Ability,41,28,11,0.7351489188327718,40.42857142857143,2,0.6829268292682927,0.04878048780487805
U00509,Data Interpretation,5,3,3,0.6808771725254591,39.666666666666664,0,0.6,0.0
U00509,Logical Reasoning,14,8,9,0.5731479475684372,48.27777777777778,0,0.5714285714285714,0.0
U00509,Quantitative Aptitude,14,7,10,0.3252926040672114,60.775,0,0.5,0.0
U00509,Verbal Ability,15,6,8,0.290988355192354,44.770833333333336,0,0.4,0.0
U00510,Data Interpretation,70,41,9,0.6504466380051607,52.76599511599512,1,0.5857142857142857,0.014285714285714285
U00510,Logical Reasoning,106,65,16,0.6751619503492713,46.42410037878788,1,0.6132075471698113,0.009433962264150943
U00510,Quantitative Aptitude,133,68,24,0.5375572087289215,51.650231481481484,1,0.5112781954887218,0.007518796992481203
U00510,Verbal Ability,117,62,12,0.5566671364397281,59.04242840492841,0,0.5299145299145299,0.0
U00511,Data Interpretation,7,3,5,0.4,67.8,0,0.42857142857142855,0.0
U00511,Logical Reasoning,10,5,7,0.4767105558613128,60.404761904761905,0,0.5,0.0
U00511,Quantitative Aptitude,9,7,6,0.8163251292485013,69.25,0,0.7777777777777778,0.0
U00511,Verbal Ability,11,6,8,0.49845848996423386,65.85416666666667,0,0.5454545454545454,0.0
U00512,Data Interpretation,78,34,9,0.35299579061669917,71.7316378066378,0,0.4358974358974359,0.0
U00512,Logical Reasoning,149,89,16,0.5767312011275751,50.99269601925852,2,0.5973154362416108,0.013422818791946308
U00512,Quantitative Aptitude,216,154,24,0.6728381886817649,39.149187560125064,4,0.7129629629629629,0.018518518518518517
U00512,Verbal Ability,142,99,12,0.7269618502364129,45.00014245014245,3,0.6971830985915493,0.02112676056338028
U00513,Data Interpretation,9,4,4,0.31849664069010364,72.125,0,0.4444444444444444,0.0
U00513,Logical Reasoning,9,7,6,0.7500987328686509,46.25,0,0.7777777777777778,0.0
U00513,Quantitative Aptitude,16,9,12,0.6348235678184498,65.91666666666667,0,0.5625,0.0
U00513,Verbal Ability,11,3,6,0.3333333333333333,62.78333333333333,0,0.2727272727272727,0.0
U00514,Data Interpretation,73,40,9,0.3787424997038289,41.83459595959596,3,0.547945205479452,0.0410958904109589
U00514,Logical Reasoning,100,52,16,0.5211577857076276,46.982760642135645,0,0.52,0.0
U00514,Quantitative Aptitude,147,85,24,0.5870275399666117,62.08197450697451,0,0.5782312925170068,0.0
U00514,Verbal Ability,89,60,12,0.6350218935318414,43.85489417989418,0,0.6741573033707865,0.0
U00515,Data Interpretation,17,6,7,0.5238743226857464,56.50952380952382,0,0.35294117647058826,0.0
U00515,Logical Reasoning,31,19,14,0.6299759132449747,48.904761904761905,0,0.6129032258064516,0.0
U00515,Quantitative Aptitude,67,40,21,0.5165848190344905,43.346825396825395,3,0.5970149253731343,0.04477611940298507
U00515,Verbal Ability,28,24,11,0.8810729277432482,32.82251082251082,0,0.8571428571428571,0.0
U00516,Data Interpretation,5,4,5,0.8,78.2,0,0.8,0.0
U00516,Logical Reasoning,6,0,6,0.0,81.16666666666667,0,0.0,0.0
U00516,Quantitative Aptitude,8,4,6,0.3333333333333333,50.77777777777778,0,0.5,0.0
U00516,Verbal Ability,5,3,4,0.5,41.375,0,0.6,0.0
U00517,Data Interpretation,9,3,6,0.4434245120144018,48.083333333333336,0,0.3333333333333333,0.0
U00517,Logical Reasoning,8,2,8,0.25,82.375,0,0.25,0.0
U00517,Quantitative Aptitude,15,4,9,0.1134680167688906,74.24074074074073,1,0.26666666666666666,0.06666666666666667
U00517,Verbal Ability,8,4,6,0.34277828164266905,43.666666666666664,0,0.5,0.0
U00518,Data Interpretation,7,6,5,0.8533086511461823,64.3,0,0.8571428571428571,0.0
U00518,Logical Reasoning,5,3,5,0.6,29.8,0,0.6,0.0
U00518,Quantitative Aptitude,11,7,9,0.6238606745963489,63.55555555555556,0,0.6363636363636364,0.0
U00518,Verbal Ability,10,3,8,0.26767711202482725,51.75,0,0.3,0.0
U00519,Data Interpretation,8,7,7,0.8571428571428571,19.785714285714285,1,0.875,0.125
U00519,Logical Reasoning,9,5,7,0.6335658137558882,73.14285714285714,0,0.5555555555555556,0.0
U00519,Quantitative Aptitude,26,12,18,0.40973601349812605,68.25,0,0.46153846153846156,0.0
U00519,Verbal Ability,13,5,9,0.3550794194644086,84.94444444444444,0,0.38461538461538464,0.0
U00520,Data Interpretation,8,4,6,0.43453971322973417,63.666666666666664,0,0.5,0.0
U00520,Logical Reasoning,12,6,9,0.5506572192845507,59.388888888888886,0,0.5,0.0
U00520,Quantitative Aptitude,15,6,11,0.41740175225654164,40.88636363636363,2,0.4,0.13333333333333333
U00520,Verbal Ability,5,1,3,0.3333333333333333,46.44444444444445,0,0.2,0.0
U00521,Data Interpretation,18,13,7,0.709131174698654,44.607142857142854,0,0.7222222222222222,0.0
U00521,Logical Reasoning,28,15,14,0.505554550088079,62.202380952380956,0,0.5357142857142857,0.0
U00521,Quantitative Aptitude,48,34,22,0.7520670843136444,33.15530303030303,2,0.7083333333333334,0.041666666666666664
U00521,Verbal Ability,31,10,12,0.2806791556091745,89.78472222222223,0,0.3225806451612903,0.0
U00522,Data Interpretation,6,4,4,0.8003091916020628,43.875,0,0.6666666666666666,0.0
U00522,Logical Reasoning,12,7,7,0.6563445036171414,56.3095238095238,0,0.5833333333333334,0.0
U00522,Quantitative Aptitude,14,4,11,0.3014692447385874,91.04545454545455,0,0.2857142857142857,0.0
U00522,Verbal Ability,15,13,8,0.7639143444251739,29.541666666666668,0,0.8666666666666667,0.0
U00523,Data Interpretation,22,8,9,0.4341207071466363,68.74444444444445,0,0.36363636363636365,0.0
U00523,Logical Reasoning,27,17,12,0.654286830118796,35.416666666666664,2,0.6296296296296297,0.07407407407407407
U00523,Quantitative Aptitude,29,18,16,0.6333449675154016,66.70833333333333,0,0.6206896551724138,0.0
U00523,Verbal Ability,42,29,12,0.7785452338365196,40.24305555555555,0,0.6904761904761905,0.0
U00524,Data Interpretation,4,3,4,0.75,53.0,0,0.75,0.0
U00524,Logical Reasoning,11,5,8,0.5,59.25,0,0.45454545454545453,0.0
U00524,Quantitative Aptitude,13,7,10,0.43761575754687715,56.916666666666664,0,0.5384615384615384,0.0
U00524,Verbal Ability,10,7,8,0.6643609768355072,30.9375,0,0.7,0.0
U00525,Data Interpretation,14,7,6,0.3890721306518449,36.05952380952381,1,0.5,0.07142857142857142
U00525,Logical Reasoning,24,13,13,0.5580021006079225,44.64102564102564,3,0.5416666666666666,0.125
U00525,Quantitative Aptitude,27,13,16,0.3932949337529577,68.5625,0,0.48148148148148145,0.0
U00525,Verbal Ability,22,15,10,0.5684925292699317,61.391666666666666,0,0.6818181818181818,0.0
U00526,Data Interpretation,3,2,3,0.6666666666666666,47.333333333333336,0,0.6666666666666666,0.0
U00526,Logical Reasoning,5,4,5,0.8,49.2,0,0.8,0.0
U00526,Quantitative Aptitude,8,4,6,0.4935971342001195,40.916666666666664,0,0.5,0.0
U00526,Verbal Ability,5,3,2,0.3499068502166251,83.0,0,0.6,0.0
U00527,Data Interpretation,13,8,8,0.6992245682999043,55.52083333333333,0,0.6153846153846154,0.0
U00527,Logical Reasoning,24,21,13,0.8108340338508566,50.84102564102564,0,0.875,0.0
U00527,Quantitative Aptitude,33,18,19,0.5477147564216519,43.18771929824561,1,0.5454545454545454,0.030303030303030304
U00527,Verbal Ability,26,13,10,0.5993966970861898,55.016666666666666,0,0.5,0.0
U00528,Data Interpretation,81,35,9,0.3980238273160455,70.63090428090429,1,0.43209876543209874,0.012345679012345678
U00528,Logical Reasoning,121,68,16,0.5301957307693841,40.8763933982684,3,0.5619834710743802,0.024793388429752067
U00528,Quantitative Aptitude,156,80,24,0.5160174188861216,53.11433381433381,4,0.5128205128205128,0.02564102564102564
U00528,Verbal Ability,133,86,12,0.6587385841523267,38.60827737077737,3,0.6466165413533834,0.022556390977443608
U00529,Data Interpretation,28,17,9,0.7371519449308538,38.19907407407407,2,0.6071428571428571,0.07142857142857142
U00529,Logical Reasoning,42,27,15,0.7802476683389734,39.66777777777778,1,0.6428571428571429,0.023809523809523808
U00529,Quantitative Aptitude,55,35,22,0.6926115717563192,54.9189393939394,1,0.6363636363636364,0.01818181818181818
U00529,Verbal Ability,30,13,10,0.35299128006226915,57.99166666666666,0,0.43333333333333335,0.0
U00530,Data Interpretation,10,6,5,0.4241251990269495,58.833333333333336,0,0.6,0.0
U00530,Logical Reasoning,11,9,9,0.8785552712915128,40.22222222222222,0,0.8181818181818182,0.0
U00530,Quantitative Aptitude,20,7,15,0.3516284111593676,72.16666666666667,0,0.35,0.0
U00530,Verbal Ability,12,7,8,0.537998461629198,66.54166666666666,0,0.5833333333333334,0.0
U00531,Data Interpretation,26,14,9,0.5778785652587068,66.98888888888888,0,0.5384615384615384,0.0
U00531,Logical Reasoning,49,30,16,0.5731391567520866,49.239583333333336,0,0.6122448979591837,0.0
U00531,Quantitative Aptitude,62,47,22,0.7725141140286156,44.154653679653684,1,0.7580645161290323,0.016129032258064516
U00531,Verbal Ability,36,21,12,0.6297674668229469,51.6875,0,0.5833333333333334,0.0
U00532,Data Interpretation,7,6,5,0.8023827990001738,22.333333333333336,0,0.8571428571428571,0.0
U00532,Logical Reasoning,8,5,6,0.6208702814076591,83.41666666666667,0,0.625,0.0
U00532,Quantitative Aptitude,9,6,8,0.75,94.3125,0,0.6666666666666666,0.0
U00532,Verbal Ability,10,6,6,0.5114449970413771,66.61111111111111,0,0.6,0.0
U00533,Data Interpretation,33,19,9,0.5775333784487069,55.638888888888886,0,0.5757575757575758,0.0
U00533,Logical Reasoning,59,46,16,0.6934476984164271,27.25029761904762,3,0.7796610169491526,0.05084745762711865
U00533,Quantitative Aptitude,75,50,22,0.7045070091485715,63.003787878787875,0,0.6666666666666666,0.0
U00533,Verbal Ability,35,23,11,0.6132607814503658,36.15844155844156,1,0.6571428571428571,0.02857142857142857
U00534,Data Interpretation,71,34,9,0.44133073094991654,58.70492223825558,0,0.4788732394366197,0.0
U00534,Logical Reasoning,117,46,16,0.38336649682847534,69.07725694444444,0,0.39316239316239315,0.0
U00534,Quantitative Aptitude,192,131,24,0.6433830896870996,37.42576208513709,8,0.6822916666666666,0.041666666666666664
U00534,Verbal Ability,126,83,12,0.7464901118369145,52.288255725755725,3,0.6587301587301587,0.023809523809523808
U00535,Data Interpretation,5,5,3,1.0,50.0,0,1.0,0.0
U00535,Logical Reasoning,10,7,8,0.7499288551504282,38.4375,1,0.7,0.1
U00535,Quantitative Aptitude,14,7,12,0.5833333333333334,57.388888888888886,0,0.5,0.0
U00535,Verbal Ability,11,5,7,0.4171081456399172,82.76190476190477,0,0.45454545454545453,0.0
U00536,Data Interpretation,75,40,9,0.5697519887628437,66.26692720859387,0,0.5333333333333333,0.0
U00536,Logical Reasoning,137,74,16,0.5781174324614258,62.33964420995671,2,0.5401459854014599,0.014598540145985401
U00536,Quantitative Aptitude,186,141,24,0.7278224731571289,29.223511904761903,11,0.7580645161290323,0.05913978494623656
U00536,Verbal Ability,138,67,12,0.5130517931860213,66.20612727414198,0,0.4855072463768116,0.0
U00537,Data Interpretation,75,27,9,0.3137104879987795,73.85313051146385,0,0.36,0.0
U00537,Logical Reasoning,134,86,16,0.7231416972733686,52.824672896547895,0,0.6417910447761194,0.0
U00537,Quantitative Aptitude,213,122,24,0.5428533410563956,58.13940608003108,2,0.5727699530516432,0.009389671361502348
U00537,Verbal Ability,144,81,12,0.6042556337955663,51.03461445961446,1,0.5625,0.006944444444444444
U00538,Data Interpretation,33,23,9,0.6365122171679414,45.333333333333336,0,0.696969696969697,0.0
U00538,Logical Reasoning,48,25,16,0.5528009536841418,64.39166666666667,0,0.5208333333333334,0.0
U00538,Quantitative Aptitude,47,31,21,0.6475509472092931,58.14920634920635,0,0.6595744680851063,0.0
U00538,Verbal Ability,27,14,12,0.5057922946283935,65.94722222222222,0,0.5185185185185185,0.0
U00539,Data Interpretation,1,0,1,0.0,8.0,1,0.0,1.0
U00539,Logical Reasoning,7,6,6,0.8333333333333334,63.166666666666664,1,0.8571428571428571,0.14285714285714285
U00539,Quantitative Aptitude,16,2,12,0.08924936101345321,89.3611111111111,0,0.125,0.0
U00539,Verbal Ability,6,4,5,0.7990342240480723,83.4,0,0.6666666666666666,0.0
U00540,Data Interpretation,8,5,6,0.6182863452167722,56.916666666666664,1,0.625,0.125
U00540,Logical Reasoning,16,4,8,0.25923059315981817,66.72916666666667,0,0.25,0.0
U00540,Quantitative Aptitude,24,14,13,0.7066792049576794,61.910256410256416,0,0.5833333333333334,0.0
U00540,Verbal Ability,11,8,7,0.8028146924809414,49.92857142857143,0,0.7272727272727273,0.0
U00541,Data Interpretation,5,4,5,0.8,21.2,1,0.8,0.2
U00541,Logical Reasoning,6,2,4,0.17499141193535864,33.75,0,0.3333333333333333,0.0
U00541,Quantitative Aptitude,7,2,4,0.2781621965665905,54.25,0,0.2857142857142857,0.0
U00541,Verbal Ability,4,2,3,0.3333333333333333,24.333333333333332,1,0.5,0.25
U00542,Data Interpretation,28,18,9,0.5281036702449541,55.385185185185186,0,0.6428571428571429,0.0
U00542,Logical Reasoning,43,19,15,0.35916553558757197,72.23333333333333,0,0.4418604651162791,0.0
U00542,Quantitative Aptitude,55,32,22,0.5542175498909965,51.321969696969695,1,0.5818181818181818,0.01818181818181818
U00542,Verbal Ability,47,14,11,0.27939304400569226,73.56201298701298,0,0.2978723404255319,0.0
U00543,Data Interpretation,20,13,9,0.7174817379208718,41.44444444444444,0,0.65,0.0
U00543,Logical Reasoning,31,18,15,0.6079188502233013,66.12222222222222,0,0.5806451612903226,0.0
U00543,Quantitative Aptitude,32,25,19,0.7486289398684205,38.39473684210526,1,0.78125,0.03125
U00543,Verbal Ability,21,13,10,0.6129818268294402,48.35333333333334,0,0.6190476190476191,0.0
U00544,Data Interpretation,54,35,9,0.6381975074110403,48.73033108866442,2,0.6481481481481481,0.037037037037037035
U00544,Logical Reasoning,126,75,16,0.5737283541235202,56.118477182539685,2,0.5952380952380952,0.015873015873015872
U00544,Quantitative Aptitude,170,104,24,0.6305966330361725,49.00464616402116,2,0.611764705882353,0.011764705882352941
U00544,Verbal Ability,130,94,12,0.7413731056342003,35.83903272653273,6,0.7230769230769231,0.046153846153846156
U00545,Data Interpretation,3,2,3,0.6666666666666666,8.0,1,0.6666666666666666,0.3333333333333333
U00545,Logical Reasoning,4,3,4,0.75,17.75,0,0.75,0.0
U00545,Quantitative Aptitude,8,5,5,0.454303636917364,59.9,0,0.625,0.0
U00545,Verbal Ability,4,0,4,0.0,77.75,0,0.0,0.0
U00546,Data Interpretation,1,1,1,1.0,79.0,0,1.0,0.0
U00546,Logical Reasoning,10,4,9,0.4444444444444444,26.944444444444443,1,0.4,0.1
U00546,Quantitative Aptitude,6,5,5,0.9109416004320741,24.1,0,0.8333333333333334,0.0
U00546,Verbal Ability,4,3,4,0.75,74.75,0,0.75,0.0
U00547,Data Interpretation,10,6,6,0.638009501176251,51.416666666666664,0,0.6,0.0
U00547,Logical Reasoning,12,9,7,0.8245726190130716,54.0,0,0.75,0.0
U00547,Quantitative Aptitude,15,11,12,0.8177211798920107,37.638888888888886,0,0.7333333333333333,0.0
U00547,Verbal Ability,12,6,7,0.3093786578998935,83.17857142857143,0,0.5,0.0
U00548,Data Interpretation,8,4,5,0.4012546776973491,55.93333333333332,0,0.5,0.0
U00548,Logical Reasoning,10,5,7,0.5259107215664944,61.166666666666664,0,0.5,0.0
U00548,Quantitative Aptitude,27,14,16,0.5034626573177436,71.49479166666667,0,0.5185185185185185,0.0
U00548,Verbal Ability,11,7,8,0.7159347888069925,51.625,0,0.6363636363636364,0.0
U00549,Data Interpretation,7,4,5,0.7245988993087255,25.133333333333333,0,0.5714285714285714,0.0
U00549,Logical Reasoning,11,8,7,0.7371881758941423,40.5,0,0.7272727272727273,0.0
U00549,Quantitative Aptitude,14,8,11,0.5454545454545454,68.0909090909091,0,0.5714285714285714,0.0
U00549,Verbal Ability,9,5,5,0.48681204246058324,56.2,0,0.5555555555555556,0.0
U00550,Data Interpretation,9,4,4,0.6582290286268545,35.083333333333336,0,0.4444444444444444,0.0
U00550,Logical Reasoning,16,11,10,0.6771953556077493,47.9,0,0.6875,0.0
U00550,Quantitative Aptitude,17,8,10,0.301371541126974,66.38333333333334,0,0.47058823529411764,0.0
U00550,Verbal Ability,13,6,7,0.2354604139248234,83.23809523809523,0,0.46153846153846156,0.0
U00551,Data Interpretation,20,10,8,0.44303862379483944,54.2375,1,0.5,0.05
U00551,Logical Reasoning,38,30,13,0.7937894188387294,54.36355311355312,0,0.7894736842105263,0.0
U00551,Quantitative Aptitude,58,40,23,0.7367919421338792,50.129710144927536,0,0.6896551724137931,0.0
U00551,Verbal Ability,34,18,11,0.5353062318536806,71.64696969696969,0,0.5294117647058824,0.0
U00552,Data Interpretation,21,15,8,0.6434262909867734,40.041666666666664,0,0.7142857142857143,0.0
U00552,Logical Reasoning,43,19,15,0.5654866056179181,58.10777777777778,1,0.4418604651162791,0.023255813953488372
U00552,Quantitative Aptitude,62,36,21,0.6242366472680944,58.57777777777777,0,0.5806451612903226,0.0
U00552,Verbal Ability,35,22,12,0.48095951842335566,49.449999999999996,1,0.6285714285714286,0.02857142857142857
U00553,Data Interpretation,66,29,9,0.3661153819422722,55.15638528138528,0,0.4393939393939394,0.0
U00553,Logical Reasoning,112,59,16,0.5366598141791855,59.86034000721501,1,0.5267857142857143,0.008928571428571428
U00553,Quantitative Aptitude,156,95,24,0.6031411884034283,47.78195346320346,5,0.6089743589743589,0.03205128205128205
U00553,Verbal Ability,150,81,12,0.6147634499166262,49.28938792688793,5,0.54,0.03333333333333333
U00554,Data Interpretation,1,0,1,0.0,84.0,0,0.0,0.0
U00554,Logical Reasoning,7,4,6,0.5623111443431962,30.5,2,0.5714285714285714,0.2857142857142857
U00554,Quantitative Aptitude,16,11,11,0.7305448950242667,47.439393939393945,0,0.6875,0.0
U00554,Verbal Ability,6,4,5,0.6,28.7,1,0.6666666666666666,0.16666666666666666
U00555,Data Interpretation,79,36,9,0.5132627065202671,74.55269360269361,0,0.45569620253164556,0.0
U00555,Logical Reasoning,141,89,16,0.6300085906368389,42.92594402125652,1,0.6312056737588653,0.0070921985815602835
U00555,Quantitative Aptitude,187,108,24,0.5508213429036527,54.78918847356348,4,0.5775401069518716,0.0213903743315508
U00555,Verbal Ability,134,59,12,0.39765709028358504,64.94055448908391,1,0.44029850746268656,0.007462686567164179
U00556,Data Interpretation,92,63,9,0.6970299429239877,34.165756465756466,6,0.6847826086956522,0.06521739130434782
U00556,Logical Reasoning,148,70,16,0.41527648137280776,64.16097357503607,0,0.47297297297297297,0.0
U00556,Quantitative Aptitude,224,140,24,0.6340901014839259,47.81535576351752,2,0.625,0.008928571428571428
U00556,Verbal Ability,126,95,12,0.7323601593614725,32.56500790875791,5,0.753968253968254,0.03968253968253968
U00557,Data Interpretation,7,0,5,0.0,65.6,0,0.0,0.0
U00557,Logical Reasoning,12,8,8,0.6939583322035824,64.08333333333333,0,0.6666666666666666,0.0
U00557,Quantitative Aptitude,22,9,17,0.34561217999775584,74.76470588235294,0,0.4090909090909091,0.0
U00557,Verbal Ability,10,3,8,0.25413484574971196,55.708333333333336,0,0.3,0.0
U00558,Data Interpretation,14,6,8,0.43259171967676735,79.20833333333333,0,0.42857142857142855,0.0
U00558,Logical Reasoning,11,6,8,0.5852747333108943,61.0,1,0.5454545454545454,0.09090909090909091
U00558,Quantitative Aptitude,14,9,9,0.6344540566982956,43.31481481481482,0,0.6428571428571429,0.0
U00558,Verbal Ability,11,6,8,0.5062414078794982,33.5,0,0.5454545454545454,0.0
U00559,Data Interpretation,38,22,9,0.40392593946339017,55.27724867724868,1,0.5789473684210527,0.02631578947368421
U00559,Logical Reasoning,81,56,16,0.7835643654783516,49.02663690476191,0,0.691358024691358,0.0
U00559,Quantitative Aptitude,112,74,24,0.756996485250526,45.209623015873014,1,0.6607142857142857,0.008928571428571428
U00559,Verbal Ability,73,53,12,0.805978965827869,42.433928571428574,1,0.726027397260274,0.0136986301369863
U00560,Data Interpretation,17,10,8,0.563115442154044,58.875,0,0.5882352941176471,0.0
U00560,Logical Reasoning,34,16,12,0.4242150148214346,79.04761904761905,0,0.47058823529411764,0.0
U00560,Quantitative Aptitude,60,20,22,0.3880377032016797,77.20075757575758,0,0.3333333333333333,0.0
U00560,Verbal Ability,39,31,12,0.7605359473134476,29.628968253968253,1,0.7948717948717948,0.02564102564102564
U00561,Data Interpretation,4,3,4,0.75,54.5,0,0.75,0.0
U00561,Logical Reasoning,5,2,5,0.4,66.2,0,0.4,0.0
U00561,Quantitative Aptitude,12,4,9,0.40360565272708215,57.77777777777778,0,0.3333333333333333,0.0
U00561,Verbal Ability,7,3,6,0.3834085248579164,46.916666666666664,0,0.42857142857142855,0.0
U00562,Data Interpretation,19,11,8,0.5779041159989038,62.375,1,0.5789473684210527,0.05263157894736842
U00562,Logical Reasoning,22,15,12,0.6581230478683014,56.34722222222223,0,0.6818181818181818,0.0
U00562,Quantitative Aptitude,30,23,17,0.8573692938389708,26.33823529411765,1,0.7666666666666667,0.03333333333333333
U00562,Verbal Ability,25,16,11,0.5613180571594714,50.32424242424242,0,0.64,0.0
U00563,Data Interpretation,24,12,8,0.3674229734116117,60.14583333333333,0,0.5,0.0
U00563,Logical Reasoning,39,26,16,0.6415332561477208,31.979166666666668,1,0.6666666666666666,0.02564102564102564
U00563,Quantitative Aptitude,60,29,22,0.5002614638407746,65.81287878787879,0,0.48333333333333334,0.0
U00563,Verbal Ability,29,21,12,0.8542956085714378,41.7875,1,0.7241379310344828,0.034482758620689655
U00564,Data Interpretation,3,2,3,0.6666666666666666,52.0,0,0.6666666666666666,0.0
U00564,Logical Reasoning,6,5,5,0.8,45.1,0,0.8333333333333334,0.0
U00564,Quantitative Aptitude,16,14,11,0.9577430108756257,26.09090909090909,0,0.875,0.0
U00564,Verbal Ability,6,3,5,0.6,53.2,0,0.5,0.0
U00565,Data Interpretation,85,53,9,0.615417838602891,46.7115860990861,1,0.6235294117647059,0.011764705882352941
U00565,Logical Reasoning,125,71,16,0.6622644713576937,55.34679157647908,1,0.568,0.008
U00565,Quantitative Aptitude,188,119,24,0.6514662393967087,37.25441398878899,4,0.6329787234042553,0.02127659574468085
U00565,Verbal Ability,143,53,12,0.38053949941051607,83.41405502392344,0,0.3706293706293706,0.0
U00566,Data Interpretation,7,3,5,0.28300919506700195,68.7,0,0.42857142857142855,0.0
U00566,Logical Reasoning,4,3,3,0.8542329196940273,55.333333333333336,0,0.75,0.0
U00566,Quantitative Aptitude,10,4,9,0.4263491664477597,69.55555555555556,0,0.4,0.0
U00566,Verbal Ability,8,5,6,0.6302909753403522,67.66666666666667,0,0.625,0.0
U00567,Data Interpretation,81,52,9,0.5616608250152664,41.97567269331975,2,0.6419753086419753,0.024691358024691357
U00567,Logical Reasoning,131,67,16,0.4944998348818862,66.87100885225885,0,0.5114503816793893,0.0
U00567,Quantitative Aptitude,194,122,24,0.6763106049723663,46.35049773569511,0,0.6288659793814433,0.0
U00567,Verbal Ability,160,93,12,0.5874756075705238,47.35893352290412,2,0.58125,0.0125
U00568,Data Interpretation,3,1,3,0.3333333333333333,49.0,0,0.3333333333333333,0.0
U00568,Logical Reasoning,8,6,6,0.8333333333333334,39.0,0,0.75,0.0
U00568,Quantitative Aptitude,14,7,12,0.5631854420606933,84.04166666666667,0,0.5,0.0
U00568,Verbal Ability,5,4,5,0.8,52.8,0,0.8,0.0
U00569,Data Interpretation,27,15,9,0.4832591873266693,66.46111111111111,0,0.5555555555555556,0.0
U00569,Logical Reasoning,57,33,15,0.578598992838759,49.867777777777775,0,0.5789473684210527,0.0
U00569,Quantitative Aptitude,85,50,23,0.6941355981484943,47.225724637681154,1,0.5882352941176471,0.011764705882352941
U00569,Verbal Ability,72,40,12,0.5811392050467526,36.42824074074074,2,0.5555555555555556,0.027777777777777776
U00570,Data Interpretation,44,21,9,0.39927520209028133,64.26049382716049,0,0.4772727272727273,0.0
U00570,Logical Reasoning,76,42,16,0.6162796776449164,49.079166666666666,0,0.5526315789473685,0.0
U00570,Quantitative Aptitude,93,56,24,0.6293625022741703,41.7594246031746,5,0.6021505376344086,0.053763440860215055
U00570,Verbal Ability,64,42,12,0.5591035608365952,33.94027777777777,3,0.65625,0.046875
U00571,Data Interpretation,39,25,9,0.614804087017051,46.37513227513227,0,0.6410256410256411,0.0
U00571,Logical Reasoning,81,56,15,0.7410684741361486,37.59753968253968,2,0.691358024691358,0.024691358024691357
U00571,Quantitative Aptitude,97,39,24,0.36242083065688896,71.94570105820107,0,0.4020618556701031,0.0
U00571,Verbal Ability,65,31,12,0.3768404693641658,71.4625,0,0.47692307692307695,0.0
U00572,Data Interpretation,20,12,9,0.5309462251214084,65.89814814814815,0,0.6,0.0
U00572,Logical Reasoning,36,27,13,0.7385137126826239,36.60897435897436,3,0.75,0.08333333333333333
U00572,Quantitative Aptitude,34,18,19,0.4985100621576568,56.93157894736842,0,0.5294117647058824,0.0
U00572,Verbal Ability,26,22,10,0.8466246346083126,30.09166666666667,0,0.8461538461538461,0.0
U00573,Data Interpretation,10,4,7,0.41963539841263736,70.71428571428571,0,0.4,0.0
U00573,Logical Reasoning,22,13,12,0.5131940969849125,62.333333333333336,0,0.5909090909090909,0.0
U00573,Quantitative Aptitude,36,13,18,0.30556419735779383,74.53703703703704,0,0.3611111111111111,0.0
U00573,Verbal Ability,22,13,10,0.6690796849686714,61.075,0,0.5909090909090909,0.0
U00574,Data Interpretation,4,2,3,0.4944885219208727,46.666666666666664,0,0.5,0.0
U00574,Logical Reasoning,7,4,6,0.5812844450201838,39.166666666666664,0,0.5714285714285714,0.0
U00574,Quantitative Aptitude,7,2,7,0.2857142857142857,73.57142857142857,0,0.2857142857142857,0.0
U00574,Verbal Ability,10,7,7,0.8431460219831527,58.47619047619048,0,0.7,0.0
U00575,Data Interpretation,14,11,7,0.8471510015018869,46.285714285714285,0,0.7857142857142857,0.0
U00575,Logical Reasoning,28,16,11,0.5674262896602701,60.871212121212125,0,0.5714285714285714,0.0
U00575,Quantitative Aptitude,36,21,20,0.4436953246855547,60.25833333333334,1,0.5833333333333334,0.027777777777777776
U00575,Verbal Ability,23,11,9,0.45735290776628823,58.870370370370374,0,0.4782608695652174,0.0
U00576,Data Interpretation,6,3,3,0.694871199048805,33.666666666666664,3,0.5,0.5
U00576,Logical Reasoning,11,6,8,0.5055697878594205,33.25,1,0.5454545454545454,0.09090909090909091
U00576,Quantitative Aptitude,19,11,13,0.6757344092815697,44.74358974358974,1,0.5789473684210527,0.05263157894736842
U00576,Verbal Ability,16,8,9,0.5430753059358288,42.85185185185185,0,0.5,0.0
U00577,Data Interpretation,2,1,2,0.5,55.0,0,0.5,0.0
U00577,Logical Reasoning,9,4,8,0.5,66.375,0,0.4444444444444444,0.0
U00577,Quantitative Aptitude,14,5,10,0.3343727800739269,59.583333333333336,0,0.35714285714285715,0.0
U00577,Verbal Ability,5,4,4,0.75,76.125,0,0.8,0.0
U00578,Data Interpretation,79,43,9,0.5896640225243499,60.546913580246915,0,0.5443037974683544,0.0
U00578,Logical Reasoning,124,84,16,0.6695536878626674,48.352035984848484,3,0.6774193548387096,0.024193548387096774
U00578,Quantitative Aptitude,168,93,24,0.5587659838451565,59.47524500962001,2,0.5535714285714286,0.011904761904761904
U00578,Verbal Ability,106,59,12,0.5284582958733862,57.7079365079365,0,0.5566037735849056,0.0
U00579,Data Interpretation,14,10,9,0.7016293307842358,53.18518518518518,0,0.7142857142857143,0.0
U00579,Logical Reasoning,23,12,13,0.5317007021739927,70.92307692307692,0,0.5217391304347826,0.0
U00579,Quantitative Aptitude,37,17,21,0.3931970761145891,66.87301587301587,0,0.4594594594594595,0.0
U00579,Verbal Ability,24,12,12,0.5665164557672747,50.361111111111114,0,0.5,0.0
U00580,Data Interpretation,3,1,3,0.3333333333333333,81.66666666666667,0,0.3333333333333333,0.0
U00580,Logical Reasoning,3,2,3,0.6666666666666666,20.666666666666668,1,0.6666666666666666,0.3333333333333333
U00580,Quantitative Aptitude,5,5,5,1.0,40.6,0,1.0,0.0
U00580,Verbal Ability,5,5,3,1.0,38.166666666666664,0,1.0,0.0
U00581,Data Interpretation,12,6,6,0.5972650457158443,70.94444444444444,0,0.5,0.0
U00581,Logical Reasoning,20,7,11,0.3075798386925406,38.23636363636364,2,0.35,0.1
U00581,Quantitative Aptitude,32,16,17,0.41267175073878887,57.838235294117645,0,0.5,0.0
U00581,Verbal Ability,12,7,9,0.6557027937839868,73.94444444444444,0,0.5833333333333334,0.0
U00582,Data Interpretation,4,3,3,0.6666666666666666,75.66666666666667,0,0.75,0.0
U00582,Logical Reasoning,7,5,6,0.6666666666666666,51.583333333333336,0,0.7142857142857143,0.0
U00582,Quantitative Aptitude,6,2,6,0.3333333333333333,46.0,0,0.3333333333333333,0.0
U00582,Verbal Ability,8,6,6,0.751066415483827,30.166666666666668,1,0.75,0.125
U00583,Data Interpretation,6,4,5,0.6,25.7,0,0.6666666666666666,0.0
U00583,Logical Reasoning,12,8,10,0.7,60.45,0,0.6666666666666666,0.0
U00583,Quantitative Aptitude,9,4,7,0.5585601507646419,76.35714285714286,0,0.4444444444444444,0.0
U00583,Verbal Ability,14,12,8,0.873551049249691,38.78125,0,0.8571428571428571,0.0
U00584,Data Interpretation,16,12,7,0.8665871989980405,47.38095238095239,0,0.75,0.0
U00584,Logical Reasoning,14,7,10,0.5790216381266046,56.15,1,0.5,0.07142857142857142
U00584,Quantitative Aptitude,35,25,20,0.6542736978418257,36.225,1,0.7142857142857143,0.02857142857142857
U00584,Verbal Ability,14,11,8,0.6277549388956611,63.20833333333333,0,0.7857142857142857,0.0
U00585,Data Interpretation,6,1,6,0.16666666666666666,47.666666666666664,0,0.16666666666666666,0.0
U00585,Logical Reasoning,14,7,9,0.49871589008496403,30.370370370370367,1,0.5,0.07142857142857142
U00585,Quantitative Aptitude,21,13,14,0.6724860716979375,51.154761904761905,0,0.6190476190476191,0.0
U00585,Verbal Ability,16,10,9,0.6733984311323504,60.14814814814815,0,0.625,0.0
U00586,Data Interpretation,27,16,9,0.6401837226379261,40.870370370370374,0,0.5925925925925926,0.0
U00586,Logical Reasoning,48,32,15,0.6411129509734325,37.76777777777777,1,0.6666666666666666,0.020833333333333332
U00586,Quantitative Aptitude,66,34,24,0.54501092075087,51.54236111111111,0,0.5151515151515151,0.0
U00586,Verbal Ability,44,19,12,0.3001991471408369,55.40575396825397,2,0.4318181818181818,0.045454545454545456
U00587,Data Interpretation,24,16,8,0.7185774538346194,52.70446428571429,0,0.6666666666666666,0.0
U00587,Logical Reasoning,42,34,13,0.8126441795299869,25.392307692307693,1,0.8095238095238095,0.023809523809523808
U00587,Quantitative Aptitude,52,26,21,0.5531925856426686,55.5031746031746,0,0.5,0.0
U00587,Verbal Ability,45,24,11,0.5058273366069002,48.118686868686865,0,0.5333333333333333,0.0
U00588,Data Interpretation,61,25,9,0.42564353483992673,66.85171957671957,0,0.4098360655737705,0.0
U00588,Logical Reasoning,110,69,16,0.557751857488387,37.76891788766789,6,0.6272727272727273,0.05454545454545454
U00588,Quantitative Aptitude,159,121,24,0.7342694948176091,32.3349315036815,5,0.7610062893081762,0.031446540880503145
U00588,Verbal Ability,122,74,12,0.5938168747318288,57.904960317460315,0,0.6065573770491803,0.0
U00589,Data Interpretation,36,18,8,0.2952584248070648,64.53690476190476,0,0.5,0.0
U00589,Logical Reasoning,66,37,16,0.5392570798999053,69.99553571428571,1,0.5606060606060606,0.015151515151515152
U00589,Quantitative Aptitude,100,51,24,0.37555306389339843,77.95922619047619,1,0.51,0.01
U00589,Verbal Ability,60,39,12,0.6395420287653699,45.21279761904762,1,0.65,0.016666666666666666
U00590,Data Interpretation,11,9,4,0.7940385325899302,59.22916666666667,1,0.8181818181818182,0.09090909090909091
U00590,Logical Reasoning,31,15,15,0.49202091210118776,61.35555555555556,0,0.4838709677419355,0.0
U00590,Quantitative Aptitude,41,20,18,0.3671903584340727,65.0824074074074,0,0.4878048780487805,0.0
U00590,Verbal Ability,32,18,9,0.5767837386397386,29.23148148148148,2,0.5625,0.0625
U00591,Data Interpretation,3,1,2,0.5,51.0,0,0.3333333333333333,0.0
U00591,Logical Reasoning,4,3,4,0.75,44.5,0,0.75,0.0
U00591,Quantitative Aptitude,7,3,6,0.3674541147836721,36.333333333333336,0,0.42857142857142855,0.0
U00591,Verbal Ability,5,4,5,0.8,31.4,1,0.8,0.2
U00592,Data Interpretation,38,25,9,0.4581395353179881,49.62698412698413,0,0.6578947368421053,0.0
U00592,Logical Reasoning,85,33,16,0.21277717531449683,67.52189078282828,1,0.38823529411764707,0.011764705882352941
U00592,Quantitative Aptitude,106,45,24,0.5829213146072078,60.9110119047619,0,0.42452830188679247,0.0
U00592,Verbal Ability,71,32,12,0.3570813134275917,56.02150072150072,0,0.4507042253521127,0.0
U00593,Data Interpretation,23,11,8,0.5513968487369225,73.4,0,0.4782608695652174,0.0
U00593,Logical Reasoning,43,17,15,0.4621551346095691,66.51,0,0.3953488372093023,0.0
U00593,Quantitative Aptitude,45,28,20,0.6055689170421833,43.766666666666666,1,0.6222222222222222,0.022222222222222223
U00593,Verbal Ability,39,30,12,0.7866464609223112,26.040277777777778,1,0.7692307692307693,0.02564102564102564
U00594,Data Interpretation,20,12,8,0.7874005112084661,53.03125,0,0.6,0.0
U00594,Logical Reasoning,29,10,13,0.3374963136040823,80.98717948717947,0,0.3448275862068966,0.0
U00594,Quantitative Aptitude,39,32,19,0.7997577006706044,26.526315789473685,2,0.8205128205128205,0.05128205128205128
U00594,Verbal Ability,20,12,12,0.6980529965683989,36.861111111111114,0,0.6,0.0
U00595,Data Interpretation,34,25,8,0.7938545306883371,39.8125,0,0.7352941176470589,0.0
U00595,Logical Reasoning,48,19,16,0.3377203484107548,73.3125,0,0.3958333333333333,0.0
U00595,Quantitative Aptitude,70,39,21,0.48429348957254864,48.60952380952381,2,0.5571428571428572,0.02857142857142857
U00595,Verbal Ability,44,28,11,0.682172135834287,47.42424242424242,0,0.6363636363636364,0.0
U00596,Data Interpretation,19,8,8,0.301554272168679,43.75,0,0.42105263157894735,0.0
U00596,Logical Reasoning,29,14,16,0.47977374288420976,40.6875,1,0.4827586206896552,0.034482758620689655
U00596,Quantitative Aptitude,48,34,20,0.6699703910039406,42.77083333333333,1,0.7083333333333334,0.020833333333333332
U00596,Verbal Ability,30,10,11,0.2796682730080679,85.29545454545455,0,0.3333333333333333,0.0
U00597,Data Interpretation,8,0,6,0.0,98.83333333333333,0,0.0,0.0
U00597,Logical Reasoning,26,15,15,0.4724329436750602,52.511111111111106,1,0.5769230769230769,0.038461538461538464
U00597,Quantitative Aptitude,32,11,15,0.34317634726431706,60.483333333333334,0,0.34375,0.0
U00597,Verbal Ability,22,16,11,0.6977178809700735,44.48484848484849,0,0.7272727272727273,0.0
U00598,Data Interpretation,64,37,9,0.5670593570614669,48.02725268558602,0,0.578125,0.0
U00598,Logical Reasoning,115,63,16,0.5408807989743917,66.57194177350428,0,0.5478260869565217,0.0
U00598,Quantitative Aptitude,159,106,24,0.6689142542408861,42.70223214285715,1,0.6666666666666666,0.006289308176100629
U00598,Verbal Ability,112,73,12,0.6339186150448621,45.86689814814815,3,0.6517857142857143,0.026785714285714284
U00599,Data Interpretation,34,14,9,0.4329860671132148,56.9021164021164,1,0.4117647058823529,0.029411764705882353
U00599,Logical Reasoning,75,49,16,0.6578454634052618,52.52435515873016,5,0.6533333333333333,0.06666666666666667
U00599,Quantitative Aptitude,85,58,24,0.707981839328443,50.19421296296296,0,0.6823529411764706,0.0
U00599,Verbal Ability,63,44,12,0.728085119727833,41.59583333333333,3,0.6984126984126984,0.047619047619047616
U00600,Data Interpretation,40,26,9,0.7580638808261587,38.99021164021164,0,0.65,0.0
U00600,Logical Reasoning,76,53,16,0.6777700682303024,38.45491071428572,2,0.6973684210526315,0.02631578947368421
U00600,Quantitative Aptitude,94,42,23,0.3735835381898846,57.10326086956522,1,0.44680851063829785,0.010638297872340425
U00600,Verbal Ability,64,42,12,0.5959222168763625,45.36617063492063,2,0.65625,0.03125
