question_id,section,subtopic,difficulty_tag,exam_tags
Q00001,Logical Reasoning,Puzzles,Hard,General
Q00002,Quantitative Aptitude,Averages,Easy,Placements
Q00003,Quantitative Aptitude,Compound Interest,Hard,"CAT,TCS NQT,General"
Q00004,Quantitative Aptitude,Progressions (AP/GP),Hard,"CAT,General"
Q00005,Verbal Ability,Para Jumbles,Easy,Placements
Q00006,Quantitative Aptitude,Permutation & Combination,Medium,"CAT,TCS NQT,Placements"
Q00007,Logical Reasoning,Input-Output,Easy,Banking
Q00008,Quantitative Aptitude,Progressions (AP/GP),Medium,"CAT,Placements"
Q00009,Logical Reasoning,Input-Output,Medium,"SSC,Placements"
Q00010,Logical Reasoning,Series Completion,Easy,"CAT,General"
Q00011,Verbal Ability,Para Summary,Easy,SSC
Q00012,Verbal Ability,Fill in the Blanks,Medium,"SSC,CAT,Banking"
Q00013,Quantitative Aptitude,Probability,Medium,Banking
Q00014,Quantitative Aptitude,Profit & Loss,Medium,"SSC,TCS NQT,General"
Q00015,Logical Reasoning,Series Completion,Easy,"CAT,General,Placements"
Q00016,Quantitative Aptitude,Mixtures & Alligations,Easy,Placements
Q00017,Quantitative Aptitude,Simple Interest,Easy,"SSC,Banking"
Q00018,Verbal Ability,Cloze Test,Medium,"Placements,SSC"
Q00019,Quantitative Aptitude,Linear Equations,Medium,General
Q00020,Quantitative Aptitude,Averages,Hard,"General,CAT,Placements"
Q00021,Verbal Ability,Idioms & Phrases,Easy,"Placements,General,Banking"
Q00022,Verbal Ability,Para Summary,Easy,"General,TCS NQT"
Q00023,Logical Reasoning,Statement & Assumption,Easy,"SSC,CAT,Placements"
Q00024,Quantitative Aptitude,Percentages,Easy,"Banking,SSC"
Q00025,Quantitative Aptitude,Profit & Loss,Easy,TCS NQT
Q00026,Data Interpretation,Mixed DI Sets,Medium,General
Q00027,Quantitative Aptitude,Trigonometry,Medium,"General,Banking"
Q00028,Verbal Ability,Synonyms & Antonyms,Medium,"Placements,General"
Q00029,Logical Reasoning,Statement & Conclusion,Medium,"TCS NQT,Banking,General"
Q00030,Quantitative Aptitude,Linear Equations,Medium,Placements
Q00031,Data Interpretation,Venn-based DI,Easy,"CAT,General"
Q00032,Quantitative Aptitude,Simple Interest,Easy,General
Q00033,Quantitative Aptitude,Time & Work,Easy,"Banking,TCS NQT,CAT"
Q00034,Verbal Ability,Para Summary,Easy,"TCS NQT,Banking"
Q00035,Data Interpretation,Venn-based DI,Medium,"TCS NQT,CAT"
Q00036,Quantitative Aptitude,Surds & Indices,Medium,"CAT,TCS NQT,SSC"
Q00037,Verbal Ability,Cloze Test,Hard,"CAT,SSC"
Q00038,Logical Reasoning,Input-Output,Easy,Banking
Q00039,Quantitative Aptitude,Number System,Easy,"General,SSC,Placements"
Q00040,Logical Reasoning,Puzzles,Medium,"SSC,TCS NQT,Placements"
Q00041,Logical Reasoning,Direction Sense,Hard,"Placements,TCS NQT"
Q00042,Quantitative Aptitude,Permutation & Combination,Easy,TCS NQT
Q00043,Verbal Ability,Fill in the Blanks,Medium,"CAT,General"
Q00044,Quantitative Aptitude,Linear Equations,Medium,"Placements,CAT"
Q00045,Data Interpretation,Tables,Easy,"CAT,General,Banking"
Q00046,Quantitative Aptitude,Profit & Loss,Medium,"Placements,General,Banking"
Q00047,Logical Reasoning,Coding-Decoding,Medium,"TCS NQT,General"
Q00048,Quantitative Aptitude,Geometry,Hard,TCS NQT
Q00049,Quantitative Aptitude,Pipes & Cisterns,Easy,"Placements,SSC,Banking"
Q00050,Verbal Ability,Cloze Test,Easy,"SSC,Banking,TCS NQT"
Q00051,Logical Reasoning,Puzzles,Easy,Placements
Q00052,Verbal Ability,Para Jumbles,Medium,"CAT,TCS NQT"
Q00053,Data Interpretation,Venn-based DI,Easy,TCS NQT
Q00054,Data Interpretation,Tables,Hard,CAT
Q00055,Quantitative Aptitude,Partnership,Medium,"CAT,Placements,General"
Q00056,Logical Reasoning,Syllogisms,Easy,"CAT,TCS NQT"
Q00057,Quantitative Aptitude,Ratio & Proportion,Hard,"General,Banking"
Q00058,Quantitative Aptitude,"Time, Speed & Distance",Easy,"Placements,TCS NQT,Banking"
Q00059,Verbal Ability,Sentence Correction,Hard,"Banking,Placements"
Q00060,Verbal Ability,Para Jumbles,Easy,General
Q00061,Quantitative Aptitude,Geometry,Hard,"Banking,General"
Q00062,Quantitative Aptitude,Mensuration,Easy,"CAT,General,TCS NQT"
Q00063,Logical Reasoning,Ranking & Order,Medium,"SSC,CAT,Placements"
Q00064,Verbal Ability,Sentence Correction,Easy,TCS NQT
Q00065,Quantitative Aptitude,Mensuration,Medium,Banking
Q00066,Verbal Ability,Synonyms & Antonyms,Medium,"Banking,Placements"
Q00067,Quantitative Aptitude,Profit & Loss,Medium,"TCS NQT,CAT"
Q00068,Data Interpretation,Bar Graphs,Medium,"TCS NQT,CAT,General"
Q00069,Data Interpretation,Tables,Medium,Banking
Q00070,Logical Reasoning,Analogy,Medium,"Placements,Banking"
Q00071,Quantitative Aptitude,Percentages,Medium,Banking
Q00072,Data Interpretation,Bar Graphs,Hard,"SSC,Banking"
Q00073,Data Interpretation,Caselets,Medium,"General,TCS NQT"
Q00074,Data Interpretation,Radar/Spider Charts,Hard,Placements
Q00075,Quantitative Aptitude,Mixtures & Alligations,Medium,CAT
Q00076,Quantitative Aptitude,Progressions (AP/GP),Medium,"TCS NQT,CAT,SSC"
Q00077,Data Interpretation,Bar Graphs,Medium,TCS NQT
Q00078,Verbal Ability,Odd One Out,Hard,"TCS NQT,Placements,CAT"
Q00079,Quantitative Aptitude,Permutation & Combination,Medium,Placements
Q00080,Verbal Ability,Para Jumbles,Medium,"CAT,Placements,Banking"
Q00081,Logical Reasoning,Puzzles,Easy,"Placements,TCS NQT,CAT"
Q00082,Data Interpretation,Pie Charts,Hard,"General,TCS NQT"
Q00083,Logical Reasoning,Venn Diagrams,Medium,"Placements,SSC"
Q00084,Verbal Ability,Sentence Correction,Medium,"Banking,Placements"
Q00085,Data Interpretation,Caselets,Easy,"SSC,CAT"
Q00086,Logical Reasoning,Blood Relations,Easy,"TCS NQT,General"
Q00087,Logical Reasoning,Puzzles,Medium,TCS NQT
Q00088,Quantitative Aptitude,"Time, Speed & Distance",Easy,"SSC,Placements,General"
Q00089,Verbal Ability,Para Jumbles,Medium,SSC
Q00090,Verbal Ability,Critical Reasoning,Easy,Banking
Q00091,Verbal Ability,Idioms & Phrases,Easy,"SSC,TCS NQT,CAT"
Q00092,Logical Reasoning,Clocks & Calendars,Medium,"CAT,Placements,SSC"
Q00093,Verbal Ability,Para Jumbles,Hard,General
Q00094,Verbal Ability,Idioms & Phrases,Easy,SSC
Q00095,Logical Reasoning,Clocks & Calendars,Easy,"Placements,SSC,General"
Q00096,Logical Reasoning,Statement & Conclusion,Easy,"Banking,SSC,CAT"
Q00097,Quantitative Aptitude,Profit & Loss,Easy,"Banking,SSC,CAT"
Q00098,Verbal Ability,Reading Comprehension,Easy,"Placements,SSC"
Q00099,Data Interpretation,Line Graphs,Medium,"Banking,TCS NQT,General"
Q00100,Logical Reasoning,Blood Relations,Easy,CAT
Q00101,Logical Reasoning,Direction Sense,Medium,"CAT,SSC,Placements"
Q00102,Logical Reasoning,Input-Output,Easy,CAT
Q00103,Logical Reasoning,Clocks & Calendars,Medium,"CAT,SSC"
Q00104,Logical Reasoning,Series Completion,Medium,"Placements,CAT,SSC"
Q00105,Verbal Ability,Idioms & Phrases,Easy,"TCS NQT,Placements"
Q00106,Logical Reasoning,Statement & Assumption,Hard,Placements
Q00107,Verbal Ability,Para Summary,Easy,Placements
Q00108,Quantitative Aptitude,Pipes & Cisterns,Medium,"Banking,Placements"
Q00109,Data Interpretation,Caselets,Medium,General
Q00110,Logical Reasoning,Puzzles,Medium,"CAT,Banking"
Q00111,Data Interpretation,Tables,Medium,Banking
Q00112,Quantitative Aptitude,Linear Equations,Easy,"Placements,General"
Q00113,Verbal Ability,Reading Comprehension,Easy,"Placements,Banking,SSC"
Q00114,Quantitative Aptitude,Averages,Medium,SSC
Q00115,Verbal Ability,Fill in the Blanks,Hard,"TCS NQT,Banking,SSC"
Q00116,Quantitative Aptitude,Number System,Easy,SSC
Q00117,Verbal Ability,Synonyms & Antonyms,Hard,"SSC,CAT,TCS NQT"
Q00118,Logical Reasoning,Input-Output,Medium,"General,SSC"
Q00119,Quantitative Aptitude,Geometry,Hard,"TCS NQT,CAT,Banking"
Q00120,Verbal Ability,Verbal Analogies,Medium,SSC
Q00121,Quantitative Aptitude,Percentages,Hard,"Banking,CAT,Placements"
Q00122,Quantitative Aptitude,Linear Equations,Hard,"CAT,SSC"
Q00123,Logical Reasoning,Venn Diagrams,Easy,"CAT,SSC,TCS NQT"
Q00124,Data Interpretation,Data Sufficiency (DI),Medium,"Banking,SSC"
Q00125,Verbal Ability,Idioms & Phrases,Medium,Placements
Q00126,Verbal Ability,Para Summary,Medium,"Banking,Placements,SSC"
Q00127,Verbal Ability,Para Summary,Medium,"CAT,SSC,TCS NQT"
Q00128,Quantitative Aptitude,"Time, Speed & Distance",Medium,"TCS NQT,General"
Q00129,Logical Reasoning,Venn Diagrams,Hard,"Banking,General"
Q00130,Quantitative Aptitude,Surds & Indices,Medium,TCS NQT
Q00131,Verbal Ability,Odd One Out,Easy,"Placements,CAT,SSC"
Q00132,Quantitative Aptitude,Permutation & Combination,Hard,"General,TCS NQT,SSC"
Q00133,Verbal Ability,Para Jumbles,Easy,General
Q00134,Verbal Ability,Critical Reasoning,Hard,Placements
Q00135,Data Interpretation,Line Graphs,Medium,CAT
Q00136,Verbal Ability,Sentence Correction,Medium,"TCS NQT,CAT"
Q00137,Logical Reasoning,Cubes & Dice,Hard,"General,TCS NQT"
Q00138,Quantitative Aptitude,"Time, Speed & Distance",Medium,"General,Banking,TCS NQT"
Q00139,Quantitative Aptitude,Quadratic Equations,Easy,Placements
Q00140,Verbal Ability,Cloze Test,Medium,"CAT,General,Banking"
Q00141,Data Interpretation,Tables,Medium,General
Q00142,Quantitative Aptitude,Permutation & Combination,Hard,"CAT,TCS NQT"
Q00143,Quantitative Aptitude,Ratio & Proportion,Hard,Banking
Q00144,Quantitative Aptitude,Compound Interest,Medium,"General,TCS NQT"
Q00145,Data Interpretation,Venn-based DI,Medium,"SSC,Banking,TCS NQT"
Q00146,Logical Reasoning,Cubes & Dice,Medium,General
Q00147,Logical Reasoning,Analogy,Hard,"SSC,Placements"
Q00148,Quantitative Aptitude,Set Theory,Easy,"TCS NQT,Banking"
Q00149,Logical Reasoning,Statement & Assumption,Medium,"Banking,CAT"
Q00150,Data Interpretation,Caselets,Hard,SSC
Q00151,Verbal Ability,Fill in the Blanks,Medium,"TCS NQT,CAT"
Q00152,Verbal Ability,Synonyms & Antonyms,Easy,Placements
Q00153,Data Interpretation,Data Sufficiency (DI),Hard,"Placements,General,CAT"
Q00154,Data Interpretation,Data Sufficiency (DI),Hard,"SSC,TCS NQT"
Q00155,Quantitative Aptitude,Mensuration,Easy,"CAT,Placements"
Q00156,Data Interpretation,Data Sufficiency (DI),Easy,"TCS NQT,CAT"
Q00157,Logical Reasoning,Ranking & Order,Medium,"CAT,SSC"
Q00158,Logical Reasoning,Clocks & Calendars,Easy,"Banking,TCS NQT"
Q00159,Quantitative Aptitude,Pipes & Cisterns,Hard,"TCS NQT,General,Placements"
Q00160,Verbal Ability,Odd One Out,Hard,SSC
Q00161,Verbal Ability,Para Summary,Easy,"CAT,Banking"
Q00162,Data Interpretation,Mixed DI Sets,Medium,"General,Banking,Placements"
Q00163,Quantitative Aptitude,Mensuration,Medium,TCS NQT
Q00164,Quantitative Aptitude,Probability,Medium,Banking
Q00165,Logical Reasoning,Blood Relations,Medium,General
Q00166,Logical Reasoning,Input-Output,Medium,Banking
Q00167,Data Interpretation,Line Graphs,Medium,SSC
Q00168,Verbal Ability,Para Summary,Easy,"Placements,Banking"
Q00169,Quantitative Aptitude,Algebra,Easy,"Banking,SSC"
Q00170,Logical Reasoning,Input-Output,Medium,"CAT,Banking"
Q00171,Data Interpretation,Bar Graphs,Easy,"TCS NQT,CAT,SSC"
Q00172,Logical Reasoning,Statement & Assumption,Medium,"CAT,General,TCS NQT"
Q00173,Data Interpretation,Tables,Hard,CAT
Q00174,Logical Reasoning,Direction Sense,Hard,Placements
Q00175,Logical Reasoning,Analogy,Easy,"CAT,TCS NQT,Placements"
Q00176,Quantitative Aptitude,Mensuration,Easy,"SSC,General,Placements"
Q00177,Quantitative Aptitude,Logarithms,Easy,"General,CAT,Placements"
Q00178,Quantitative Aptitude,Mixtures & Alligations,Easy,TCS NQT
Q00179,Data Interpretation,Bar Graphs,Medium,"TCS NQT,Banking"
Q00180,Quantitative Aptitude,Quadratic Equations,Easy,"Placements,CAT,General"
Q00181,Quantitative Aptitude,Simple Interest,Easy,"SSC,TCS NQT,CAT"
Q00182,Quantitative Aptitude,Progressions (AP/GP),Medium,SSC
Q00183,Logical Reasoning,Input-Output,Medium,"SSC,CAT,General"
Q00184,Data Interpretation,Bar Graphs,Hard,"Banking,CAT"
Q00185,Quantitative Aptitude,Geometry,Easy,"General,Banking"
Q00186,Quantitative Aptitude,Partnership,Easy,Banking
Q00187,Logical Reasoning,Coding-Decoding,Medium,"TCS NQT,SSC,Banking"
Q00188,Logical Reasoning,Cubes & Dice,Medium,"General,TCS NQT"
Q00189,Quantitative Aptitude,Averages,Easy,"Placements,CAT"
Q00190,Logical Reasoning,Statement & Conclusion,Medium,"Placements,Banking"
Q00191,Quantitative Aptitude,Progressions (AP/GP),Medium,"General,Banking,SSC"
Q00192,Quantitative Aptitude,Number System,Medium,"SSC,Placements"
Q00193,Quantitative Aptitude,Trigonometry,Easy,SSC
Q00194,Quantitative Aptitude,Averages,Hard,"SSC,TCS NQT"
Q00195,Logical Reasoning,Statement & Conclusion,Medium,"CAT,TCS NQT,Placements"
Q00196,Quantitative Aptitude,Profit & Loss,Medium,General
Q00197,Logical Reasoning,Input-Output,Medium,"TCS NQT,Placements"
Q00198,Quantitative Aptitude,Partnership,Medium,"General,Banking"
Q00199,Verbal Ability,Odd One Out,Medium,CAT
Q00200,Quantitative Aptitude,Mixtures & Alligations,Easy,Banking
Q00201,Quantitative Aptitude,Partnership,Easy,SSC
Q00202,Quantitative Aptitude,Surds & Indices,Hard,"SSC,Banking,General"
Q00203,Quantitative Aptitude,Geometry,Medium,"TCS NQT,SSC,General"
Q00204,Quantitative Aptitude,Partnership,Medium,"SSC,General"
Q00205,Data Interpretation,Caselets,Hard,CAT
Q00206,Quantitative Aptitude,Pipes & Cisterns,Medium,SSC
Q00207,Data Interpretation,Pie Charts,Medium,"TCS NQT,Placements,General"
Q00208,Verbal Ability,Sentence Correction,Easy,"Banking,SSC,TCS NQT"
Q00209,Quantitative Aptitude,Simple Interest,Medium,SSC
Q00210,Quantitative Aptitude,Ratio & Proportion,Medium,"Placements,SSC"
Q00211,Quantitative Aptitude,Number System,Medium,"TCS NQT,Placements,SSC"
Q00212,Logical Reasoning,Syllogisms,Easy,TCS NQT
Q00213,Quantitative Aptitude,Mixtures & Alligations,Easy,"Placements,Banking,CAT"
Q00214,Quantitative Aptitude,Number System,Medium,"SSC,Banking,TCS NQT"
Q00215,Verbal Ability,Odd One Out,Medium,"Placements,CAT"
Q00216,Quantitative Aptitude,Averages,Hard,"CAT,General"
Q00217,Verbal Ability,Para Summary,Hard,"CAT,TCS NQT"
Q00218,Data Interpretation,Bar Graphs,Easy,Placements
Q00219,Quantitative Aptitude,Progressions (AP/GP),Medium,"CAT,Placements"
Q00220,Quantitative Aptitude,Simple Interest,Medium,"Banking,TCS NQT,Placements"
Q00221,Quantitative Aptitude,Permutation & Combination,Easy,"Banking,General"
Q00222,Verbal Ability,Critical Reasoning,Medium,"Banking,SSC,CAT"
Q00223,Logical Reasoning,Puzzles,Hard,General
Q00224,Logical Reasoning,Series Completion,Medium,"General,CAT"
Q00225,Logical Reasoning,Coding-Decoding,Easy,Placements
Q00226,Quantitative Aptitude,Probability,Hard,Placements
Q00227,Logical Reasoning,Blood Relations,Medium,"Banking,TCS NQT"
Q00228,Quantitative Aptitude,Trigonometry,Hard,"CAT,Placements"
Q00229,Verbal Ability,Critical Reasoning,Easy,"SSC,Banking,CAT"
Q00230,Verbal Ability,Cloze Test,Medium,SSC
Q00231,Data Interpretation,Tables,Medium,"CAT,TCS NQT"
Q00232,Quantitative Aptitude,Ratio & Proportion,Medium,"Placements,SSC,General"
Q00233,Quantitative Aptitude,Profit & Loss,Medium,Placements
Q00234,Quantitative Aptitude,Mixtures & Alligations,Hard,"General,TCS NQT,SSC"
Q00235,Quantitative Aptitude,Mensuration,Hard,Banking
Q00236,Verbal Ability,Error Spotting,Easy,"General,Banking"
Q00237,Quantitative Aptitude,Averages,Medium,"TCS NQT,Banking,General"
Q00238,Verbal Ability,Para Jumbles,Medium,"CAT,Banking,SSC"
Q00239,Quantitative Aptitude,Logarithms,Easy,"CAT,General"
Q00240,Logical Reasoning,Statement & Assumption,Hard,"TCS NQT,General,CAT"
Q00241,Quantitative Aptitude,Surds & Indices,Medium,"TCS NQT,CAT"
Q00242,Quantitative Aptitude,Time & Work,Hard,"TCS NQT,Banking"
Q00243,Data Interpretation,Caselets,Medium,TCS NQT
Q00244,Verbal Ability,Para Summary,Easy,"Banking,CAT,General"
Q00245,Logical Reasoning,Data Sufficiency,Medium,"SSC,General"
Q00246,Data Interpretation,Pie Charts,Hard,SSC
Q00247,Logical Reasoning,Input-Output,Easy,"Banking,SSC,General"
Q00248,Logical Reasoning,Syllogisms,Medium,"CAT,SSC"
Q00249,Quantitative Aptitude,Averages,Easy,"CAT,Banking"
Q00250,Logical Reasoning,Blood Relations,Hard,"TCS NQT,Banking,General"
Q00251,Quantitative Aptitude,Percentages,Easy,TCS NQT
Q00252,Quantitative Aptitude,Linear Equations,Medium,"Banking,General,CAT"
Q00253,Quantitative Aptitude,"Time, Speed & Distance",Easy,"TCS NQT,Placements"
Q00254,Data Interpretation,Caselets,Medium,"General,Banking"
Q00255,Logical Reasoning,Puzzles,Medium,General
Q00256,Quantitative Aptitude,Logarithms,Hard,General
Q00257,Logical Reasoning,Coding-Decoding,Medium,"TCS NQT,CAT"
Q00258,Quantitative Aptitude,Probability,Hard,"CAT,Placements"
Q00259,Quantitative Aptitude,Simple Interest,Easy,"CAT,Placements"
Q00260,Logical Reasoning,Analogy,Easy,"SSC,TCS NQT,General"
Q00261,Verbal Ability,Para Summary,Medium,"Banking,Placements"
Q00262,Logical Reasoning,Cubes & Dice,Medium,"Placements,Banking,General"
Q00263,Quantitative Aptitude,Logarithms,Easy,"General,Placements,CAT"
Q00264,Verbal Ability,Critical Reasoning,Medium,"SSC,TCS NQT"
Q00265,Quantitative Aptitude,Averages,Easy,SSC
Q00266,Quantitative Aptitude,Pipes & Cisterns,Easy,"TCS NQT,General"
Q00267,Quantitative Aptitude,Surds & Indices,Medium,"Placements,Banking"
Q00268,Verbal Ability,Idioms & Phrases,Easy,"SSC,General"
Q00269,Quantitative Aptitude,Probability,Easy,"Banking,General,SSC"
Q00270,Verbal Ability,Sentence Correction,Medium,"Placements,TCS NQT,Banking"
Q00271,Verbal Ability,Sentence Correction,Easy,"CAT,SSC"
Q00272,Quantitative Aptitude,Pipes & Cisterns,Easy,"General,Banking"
Q00273,Quantitative Aptitude,Quadratic Equations,Easy,"General,Placements,Banking"
Q00274,Logical Reasoning,Syllogisms,Hard,TCS NQT
Q00275,Verbal Ability,Verbal Analogies,Easy,"CAT,Banking"
Q00276,Logical Reasoning,Puzzles,Easy,"Banking,CAT,Placements"
Q00277,Verbal Ability,Para Summary,Medium,"Placements,CAT,Banking"
Q00278,Quantitative Aptitude,Averages,Hard,"TCS NQT,Banking"
Q00279,Verbal Ability,Cloze Test,Easy,SSC
Q00280,Data Interpretation,Venn-based DI,Medium,"SSC,Banking"
Q00281,Logical Reasoning,Syllogisms,Easy,"CAT,Placements,SSC"
Q00282,Verbal Ability,Sentence Correction,Easy,"CAT,Banking,General"
Q00283,Quantitative Aptitude,Set Theory,Hard,"CAT,Banking,Placements"
Q00284,Quantitative Aptitude,Partnership,Easy,"CAT,General"
Q00285,Quantitative Aptitude,Algebra,Hard,SSC
Q00286,Quantitative Aptitude,Linear Equations,Medium,"Banking,Placements"
Q00287,Verbal Ability,Sentence Correction,Hard,"Banking,TCS NQT,Placements"
Q00288,Verbal Ability,Synonyms & Antonyms,Medium,CAT
Q00289,Quantitative Aptitude,Logarithms,Hard,"TCS NQT,Placements"
Q00290,Logical Reasoning,Analogy,Easy,"Placements,General,Banking"
Q00291,Quantitative Aptitude,Set Theory,Medium,"Banking,SSC"
Q00292,Quantitative Aptitude,Surds & Indices,Medium,Banking
Q00293,Quantitative Aptitude,Mixtures & Alligations,Medium,"TCS NQT,Placements,CAT"
Q00294,Logical Reasoning,Cubes & Dice,Medium,"TCS NQT,SSC"
Q00295,Verbal Ability,Cloze Test,Hard,"General,SSC"
Q00296,Quantitative Aptitude,Mensuration,Easy,"Placements,Banking"
Q00297,Logical Reasoning,Analogy,Easy,Placements
Q00298,Quantitative Aptitude,Quadratic Equations,Medium,"SSC,TCS NQT,General"
Q00299,Quantitative Aptitude,Partnership,Easy,"CAT,Banking"
Q00300,Verbal Ability,Critical Reasoning,Medium,TCS NQT
Q00301,Quantitative Aptitude,Surds & Indices,Hard,"CAT,TCS NQT,Banking"
Q00302,Quantitative Aptitude,Mixtures & Alligations,Medium,TCS NQT
Q00303,Logical Reasoning,Data Sufficiency,Easy,General
Q00304,Quantitative Aptitude,"Time, Speed & Distance",Medium,"SSC,Placements,CAT"
Q00305,Data Interpretation,Bar Graphs,Medium,"Banking,CAT"
Q00306,Verbal Ability,Verbal Analogies,Hard,"General,Placements"
Q00307,Quantitative Aptitude,Profit & Loss,Medium,"SSC,Banking"
Q00308,Quantitative Aptitude,Time & Work,Medium,Placements
Q00309,Data Interpretation,Venn-based DI,Easy,"TCS NQT,General"
Q00310,Data Interpretation,Caselets,Hard,SSC
Q00311,Data Interpretation,Radar/Spider Charts,Medium,"General,SSC"
Q00312,Quantitative Aptitude,Simple Interest,Hard,"CAT,Placements"
Q00313,Quantitative Aptitude,Ratio & Proportion,Medium,"General,Banking,SSC"
Q00314,Quantitative Aptitude,Profit & Loss,Medium,"CAT,SSC"
Q00315,Quantitative Aptitude,Probability,Medium,Banking
Q00316,Logical Reasoning,Data Sufficiency,Medium,"General,SSC,Banking"
Q00317,Quantitative Aptitude,Set Theory,Medium,"CAT,Placements"
Q00318,Quantitative Aptitude,Trigonometry,Easy,TCS NQT
Q00319,Data Interpretation,Venn-based DI,Easy,"TCS NQT,Placements"
Q00320,Data Interpretation,Pie Charts,Medium,"Banking,SSC,General"
Q00321,Data Interpretation,Pie Charts,Medium,CAT
Q00322,Logical Reasoning,Syllogisms,Medium,"Banking,CAT"
Q00323,Data Interpretation,Pie Charts,Hard,TCS NQT
Q00324,Logical Reasoning,Direction Sense,Medium,"Banking,SSC"
Q00325,Quantitative Aptitude,Surds & Indices,Easy,"General,TCS NQT,Banking"
Q00326,Quantitative Aptitude,Progressions (AP/GP),Easy,"General,Placements,Banking"
Q00327,Quantitative Aptitude,Set Theory,Easy,Banking
Q00328,Logical Reasoning,Input-Output,Medium,"CAT,SSC"
Q00329,Quantitative Aptitude,"Time, Speed & Distance",Hard,"Banking,Placements"
Q00330,Data Interpretation,Mixed DI Sets,Medium,General
Q00331,Verbal Ability,Fill in the Blanks,Easy,"General,SSC,CAT"
Q00332,Verbal Ability,Para Summary,Medium,"Placements,CAT"
Q00333,Quantitative Aptitude,Mensuration,Easy,General
Q00334,Verbal Ability,Sentence Correction,Medium,"General,TCS NQT,CAT"
Q00335,Quantitative Aptitude,Percentages,Hard,"Placements,General"
Q00336,Verbal Ability,Verbal Analogies,Easy,CAT
Q00337,Verbal Ability,Idioms & Phrases,Easy,TCS NQT
Q00338,Logical Reasoning,Series Completion,Medium,SSC
Q00339,Quantitative Aptitude,Compound Interest,Hard,"CAT,SSC,Placements"
Q00340,Data Interpretation,Line Graphs,Hard,"SSC,Placements,CAT"
Q00341,Data Interpretation,Bar Graphs,Hard,CAT
Q00342,Quantitative Aptitude,Linear Equations,Medium,TCS NQT
Q00343,Logical Reasoning,Venn Diagrams,Easy,Placements
Q00344,Quantitative Aptitude,Averages,Easy,Placements
Q00345,Verbal Ability,Error Spotting,Easy,"TCS NQT,CAT"
Q00346,Logical Reasoning,Seating Arrangement,Medium,"Banking,SSC"
Q00347,Verbal Ability,Idioms & Phrases,Easy,"CAT,Banking,Placements"
Q00348,Quantitative Aptitude,Logarithms,Hard,General
Q00349,Verbal Ability,Cloze Test,Medium,"SSC,Banking,CAT"
Q00350,Verbal Ability,Reading Comprehension,Medium,"Banking,General"
Q00351,Verbal Ability,Cloze Test,Medium,Banking
Q00352,Quantitative Aptitude,Partnership,Medium,"CAT,General"
Q00353,Quantitative Aptitude,Algebra,Hard,"Placements,CAT,General"
Q00354,Quantitative Aptitude,Averages,Easy,"General,TCS NQT,SSC"
Q00355,Verbal Ability,Para Summary,Hard,"TCS NQT,SSC,Banking"
Q00356,Verbal Ability,Idioms & Phrases,Medium,"Banking,CAT,TCS NQT"
Q00357,Verbal Ability,Cloze Test,Easy,"TCS NQT,Placements,Banking"
Q00358,Data Interpretation,Radar/Spider Charts,Easy,Banking
Q00359,Verbal Ability,Fill in the Blanks,Hard,"Banking,General"
Q00360,Quantitative Aptitude,Pipes & Cisterns,Medium,SSC
Q00361,Quantitative Aptitude,Geometry,Medium,"General,SSC"
Q00362,Quantitative Aptitude,Linear Equations,Hard,General
Q00363,Data Interpretation,Radar/Spider Charts,Hard,CAT
Q00364,Verbal Ability,Para Jumbles,Easy,Banking
Q00365,Quantitative Aptitude,Simple Interest,Easy,"General,SSC,Placements"
Q00366,Verbal Ability,Idioms & Phrases,Medium,TCS NQT
Q00367,Quantitative Aptitude,Probability,Hard,"SSC,CAT,Banking"
Q00368,Quantitative Aptitude,Linear Equations,Medium,"Banking,CAT,SSC"
Q00369,Verbal Ability,Verbal Analogies,Easy,"SSC,CAT"
Q00370,Verbal Ability,Verbal Analogies,Easy,"Placements,General,Banking"
Q00371,Data Interpretation,Tables,Easy,SSC
Q00372,Logical Reasoning,Data Sufficiency,Medium,SSC
Q00373,Logical Reasoning,Statement & Assumption,Easy,"TCS NQT,General"
Q00374,Data Interpretation,Venn-based DI,Easy,TCS NQT
Q00375,Quantitative Aptitude,Surds & Indices,Easy,"SSC,CAT,Placements"
Q00376,Data Interpretation,Caselets,Medium,"SSC,General,TCS NQT"
Q00377,Data Interpretation,Bar Graphs,Easy,Placements
Q00378,Verbal Ability,Verbal Analogies,Hard,"Banking,CAT,Placements"
Q00379,Verbal Ability,Error Spotting,Medium,"CAT,General,Placements"
Q00380,Verbal Ability,Para Summary,Medium,"Banking,SSC"
Q00381,Quantitative Aptitude,Time & Work,Easy,"SSC,General"
Q00382,Quantitative Aptitude,Progressions (AP/GP),Medium,"CAT,General,Placements"
Q00383,Quantitative Aptitude,Time & Work,Medium,"CAT,General,SSC"
Q00384,Quantitative Aptitude,Mensuration,Medium,"Banking,General,TCS NQT"
Q00385,Quantitative Aptitude,Geometry,Easy,"Placements,TCS NQT"
Q00386,Verbal Ability,Para Jumbles,Easy,"Banking,CAT"
Q00387,Verbal Ability,Critical Reasoning,Hard,"General,TCS NQT,Banking"
Q00388,Quantitative Aptitude,Permutation & Combination,Hard,"SSC,CAT,Placements"
Q00389,Quantitative Aptitude,Quadratic Equations,Medium,"CAT,General,Placements"
Q00390,Logical Reasoning,Clocks & Calendars,Easy,Placements
Q00391,Quantitative Aptitude,Averages,Medium,"SSC,CAT"
Q00392,Quantitative Aptitude,Number System,Easy,"General,Banking"
Q00393,Logical Reasoning,Coding-Decoding,Easy,Banking
Q00394,Verbal Ability,Idioms & Phrases,Easy,"Placements,TCS NQT,SSC"
Q00395,Quantitative Aptitude,Profit & Loss,Easy,"General,CAT"
Q00396,Quantitative Aptitude,Geometry,Hard,Banking
Q00397,Quantitative Aptitude,Profit & Loss,Medium,"TCS NQT,Banking"
Q00398,Verbal Ability,Verbal Analogies,Hard,"General,Banking"
Q00399,Quantitative Aptitude,Mixtures & Alligations,Hard,Banking
Q00400,Logical Reasoning,Blood Relations,Medium,"Placements,TCS NQT"
Q00401,Logical Reasoning,Cubes & Dice,Medium,"SSC,CAT,Banking"
Q00402,Data Interpretation,Pie Charts,Easy,Banking
Q00403,Data Interpretation,Data Sufficiency (DI),Easy,"CAT,Banking,SSC"
Q00404,Verbal Ability,Error Spotting,Medium,"Placements,SSC"
Q00405,Logical Reasoning,Coding-Decoding,Medium,TCS NQT
Q00406,Quantitative Aptitude,Set Theory,Medium,TCS NQT
Q00407,Quantitative Aptitude,Permutation & Combination,Easy,SSC
Q00408,Data Interpretation,Mixed DI Sets,Medium,"General,Placements,TCS NQT"
Q00409,Verbal Ability,Para Jumbles,Medium,SSC
Q00410,Data Interpretation,Tables,Easy,TCS NQT
Q00411,Data Interpretation,Line Graphs,Medium,"CAT,Placements,Banking"
Q00412,Logical Reasoning,Cubes & Dice,Hard,"TCS NQT,Banking,SSC"
Q00413,Data Interpretation,Mixed DI Sets,Medium,Banking
Q00414,Data Interpretation,Pie Charts,Easy,"Banking,SSC"
Q00415,Verbal Ability,Critical Reasoning,Medium,"CAT,SSC,General"
Q00416,Verbal Ability,Critical Reasoning,Hard,"Banking,CAT"
Q00417,Quantitative Aptitude,Percentages,Easy,"SSC,CAT"
Q00418,Quantitative Aptitude,Set Theory,Hard,TCS NQT
Q00419,Logical Reasoning,Ranking & Order,Medium,"TCS NQT,General"
Q00420,Quantitative Aptitude,Pipes & Cisterns,Medium,Banking
Q00421,Data Interpretation,Tables,Easy,"TCS NQT,Banking"
Q00422,Verbal Ability,Idioms & Phrases,Easy,CAT
Q00423,Data Interpretation,Radar/Spider Charts,Medium,SSC
Q00424,Quantitative Aptitude,Partnership,Hard,TCS NQT
Q00425,Logical Reasoning,Coding-Decoding,Easy,Placements
Q00426,Quantitative Aptitude,Partnership,Easy,"Banking,TCS NQT"
Q00427,Quantitative Aptitude,Permutation & Combination,Medium,"Placements,SSC,TCS NQT"
Q00428,Verbal Ability,Critical Reasoning,Hard,"Banking,SSC"
Q00429,Logical Reasoning,Syllogisms,Hard,"General,SSC,CAT"
Q00430,Quantitative Aptitude,Algebra,Easy,TCS NQT
Q00431,Logical Reasoning,Ranking & Order,Hard,"SSC,TCS NQT"
Q00432,Quantitative Aptitude,Compound Interest,Medium,"CAT,TCS NQT"
Q00433,Quantitative Aptitude,Surds & Indices,Easy,SSC
Q00434,Logical Reasoning,Clocks & Calendars,Medium,"General,Banking,Placements"
Q00435,Logical Reasoning,Seating Arrangement,Medium,"TCS NQT,Banking"
Q00436,Quantitative Aptitude,Set Theory,Medium,"Placements,TCS NQT"
Q00437,Data Interpretation,Pie Charts,Easy,"General,Banking,SSC"
Q00438,Data Interpretation,Bar Graphs,Easy,"SSC,Placements"
Q00439,Verbal Ability,Sentence Correction,Hard,"Banking,Placements"
Q00440,Logical Reasoning,Statement & Assumption,Medium,Placements
Q00441,Data Interpretation,Pie Charts,Medium,"CAT,TCS NQT"
Q00442,Quantitative Aptitude,Probability,Medium,"TCS NQT,CAT,SSC"
Q00443,Logical Reasoning,Direction Sense,Medium,"Banking,Placements,TCS NQT"
Q00444,Data Interpretation,Line Graphs,Easy,"TCS NQT,Placements,Banking"
Q00445,Data Interpretation,Bar Graphs,Medium,"SSC,Placements"
Q00446,Logical Reasoning,Cubes & Dice,Medium,"SSC,Banking,Placements"
Q00447,Data Interpretation,Venn-based DI,Medium,SSC
Q00448,Verbal Ability,Odd One Out,Medium,SSC
Q00449,Verbal Ability,Cloze Test,Medium,"Banking,General,SSC"
Q00450,Logical Reasoning,Ranking & Order,Easy,"TCS NQT,Banking,Placements"
Q00451,Quantitative Aptitude,"Time, Speed & Distance",Medium,"Placements,SSC,CAT"
Q00452,Logical Reasoning,Analogy,Medium,"TCS NQT,CAT"
Q00453,Quantitative Aptitude,Partnership,Medium,"CAT,SSC,General"
Q00454,Verbal Ability,Synonyms & Antonyms,Medium,"Banking,TCS NQT"
Q00455,Logical Reasoning,Direction Sense,Hard,"CAT,Placements"
Q00456,Quantitative Aptitude,Mensuration,Easy,"CAT,Banking"
Q00457,Logical Reasoning,Syllogisms,Medium,"TCS NQT,SSC"
Q00458,Verbal Ability,Sentence Correction,Medium,"CAT,SSC"
Q00459,Verbal Ability,Sentence Correction,Medium,SSC
Q00460,Quantitative Aptitude,Simple Interest,Hard,"General,SSC,Placements"
Q00461,Quantitative Aptitude,Compound Interest,Hard,SSC
Q00462,Logical Reasoning,Analogy,Easy,"Placements,Banking,TCS NQT"
Q00463,Quantitative Aptitude,Logarithms,Easy,CAT
Q00464,Quantitative Aptitude,Number System,Medium,"Placements,General"
Q00465,Verbal Ability,Idioms & Phrases,Easy,"TCS NQT,General,Banking"
Q00466,Quantitative Aptitude,Simple Interest,Medium,"Placements,SSC"
Q00467,Quantitative Aptitude,Simple Interest,Medium,Placements
Q00468,Logical Reasoning,Input-Output,Easy,"TCS NQT,Banking,CAT"
Q00469,Data Interpretation,Pie Charts,Medium,"TCS NQT,General"
Q00470,Quantitative Aptitude,Number System,Medium,"TCS NQT,General,Placements"
Q00471,Data Interpretation,Line Graphs,Medium,"Banking,CAT"
Q00472,Quantitative Aptitude,Logarithms,Easy,"Placements,TCS NQT"
Q00473,Verbal Ability,Para Summary,Medium,General
Q00474,Verbal Ability,Cloze Test,Easy,TCS NQT
Q00475,Verbal Ability,Fill in the Blanks,Medium,TCS NQT
Q00476,Verbal Ability,Idioms & Phrases,Medium,"TCS NQT,General,CAT"
Q00477,Logical Reasoning,Ranking & Order,Easy,"CAT,Banking"
Q00478,Quantitative Aptitude,Linear Equations,Easy,"General,CAT"
Q00479,Quantitative Aptitude,Linear Equations,Medium,SSC
Q00480,Quantitative Aptitude,Ratio & Proportion,Medium,"General,CAT,SSC"
Q00481,Logical Reasoning,Direction Sense,Medium,SSC
Q00482,Logical Reasoning,Venn Diagrams,Medium,"Placements,Banking,TCS NQT"
Q00483,Verbal Ability,Cloze Test,Hard,Placements
Q00484,Quantitative Aptitude,Profit & Loss,Easy,"Banking,CAT,SSC"
Q00485,Quantitative Aptitude,"Time, Speed & Distance",Hard,Placements
Q00486,Quantitative Aptitude,Percentages,Medium,"SSC,TCS NQT"
Q00487,Quantitative Aptitude,Quadratic Equations,Medium,"Banking,SSC,CAT"
Q00488,Data Interpretation,Tables,Medium,"SSC,CAT"
Q00489,Logical Reasoning,Venn Diagrams,Easy,"CAT,SSC"
Q00490,Data Interpretation,Data Sufficiency (DI),Medium,"General,Banking"
Q00491,Logical Reasoning,Ranking & Order,Medium,"Placements,Banking"
Q00492,Logical Reasoning,Analogy,Hard,"TCS NQT,SSC"
Q00493,Quantitative Aptitude,Profit & Loss,Medium,"Banking,CAT,General"
Q00494,Quantitative Aptitude,Logarithms,Medium,TCS NQT
Q00495,Verbal Ability,Critical Reasoning,Easy,"CAT,General"
Q00496,Data Interpretation,Mixed DI Sets,Easy,"SSC,General,Banking"
Q00497,Logical Reasoning,Input-Output,Easy,General
Q00498,Logical Reasoning,Cubes & Dice,Medium,"Banking,CAT"
Q00499,Quantitative Aptitude,Pipes & Cisterns,Medium,"TCS NQT,Banking"
Q00500,Verbal Ability,Critical Reasoning,Medium,"CAT,General,Banking"
Q00501,Quantitative Aptitude,Linear Equations,Easy,"General,Placements,CAT"
Q00502,Quantitative Aptitude,Compound Interest,Hard,"General,Banking,CAT"
Q00503,Logical Reasoning,Direction Sense,Easy,Placements
Q00504,Verbal Ability,Cloze Test,Medium,"SSC,Banking"
Q00505,Data Interpretation,Bar Graphs,Medium,"Placements,Banking,SSC"
Q00506,Logical Reasoning,Data Sufficiency,Hard,"CAT,TCS NQT"
Q00507,Data Interpretation,Line Graphs,Hard,"SSC,Banking,General"
Q00508,Quantitative Aptitude,Set Theory,Medium,"Placements,CAT"
Q00509,Quantitative Aptitude,Number System,Medium,"Placements,Banking,TCS NQT"
Q00510,Verbal Ability,Idioms & Phrases,Hard,SSC
Q00511,Quantitative Aptitude,Averages,Hard,"Banking,Placements,SSC"
Q00512,Verbal Ability,Error Spotting,Medium,"Placements,CAT"
Q00513,Quantitative Aptitude,Compound Interest,Medium,Banking
Q00514,Logical Reasoning,Coding-Decoding,Easy,"Banking,CAT,SSC"
Q00515,Quantitative Aptitude,Surds & Indices,Easy,"General,CAT"
Q00516,Data Interpretation,Venn-based DI,Medium,"SSC,General,Placements"
Q00517,Quantitative Aptitude,Partnership,Medium,"General,Placements,SSC"
Q00518,Verbal Ability,Idioms & Phrases,Easy,CAT
Q00519,Verbal Ability,Sentence Correction,Medium,Placements
Q00520,Quantitative Aptitude,Trigonometry,Hard,SSC
Q00521,Quantitative Aptitude,Probability,Medium,"SSC,Banking,Placements"
Q00522,Verbal Ability,Verbal Analogies,Easy,CAT
Q00523,Logical Reasoning,Clocks & Calendars,Hard,"General,Banking"
Q00524,Quantitative Aptitude,Permutation & Combination,Medium,"Banking,TCS NQT"
Q00525,Logical Reasoning,Seating Arrangement,Medium,SSC
Q00526,Logical Reasoning,Seating Arrangement,Medium,"Banking,TCS NQT"
Q00527,Verbal Ability,Fill in the Blanks,Medium,TCS NQT
Q00528,Quantitative Aptitude,Set Theory,Easy,"Placements,General,Banking"
Q00529,Verbal Ability,Idioms & Phrases,Easy,CAT
Q00530,Quantitative Aptitude,Permutation & Combination,Easy,SSC
Q00531,Data Interpretation,Line Graphs,Hard,SSC
Q00532,Quantitative Aptitude,Partnership,Medium,SSC
Q00533,Logical Reasoning,Clocks & Calendars,Hard,SSC
Q00534,Quantitative Aptitude,"Time, Speed & Distance",Easy,"TCS NQT,SSC,Placements"
Q00535,Verbal Ability,Cloze Test,Medium,"TCS NQT,General"
Q00536,Logical Reasoning,Seating Arrangement,Medium,"General,Placements,TCS NQT"
Q00537,Data Interpretation,Line Graphs,Hard,"TCS NQT,General,SSC"
Q00538,Verbal Ability,Verbal Analogies,Medium,CAT
Q00539,Quantitative Aptitude,Profit & Loss,Hard,General
Q00540,Verbal Ability,Verbal Analogies,Hard,"General,Placements"
Q00541,Verbal Ability,Verbal Analogies,Medium,"TCS NQT,CAT"
Q00542,Quantitative Aptitude,Trigonometry,Medium,"TCS NQT,SSC,General"
Q00543,Logical Reasoning,Analogy,Medium,General
Q00544,Quantitative Aptitude,Quadratic Equations,Easy,"Banking,CAT"
Q00545,Data Interpretation,Bar Graphs,Medium,Banking
Q00546,Quantitative Aptitude,Geometry,Medium,"Banking,Placements"
Q00547,Verbal Ability,Fill in the Blanks,Easy,"Placements,SSC,TCS NQT"
Q00548,Quantitative Aptitude,Pipes & Cisterns,Easy,"Banking,Placements"
Q00549,Quantitative Aptitude,Linear Equations,Hard,"TCS NQT,CAT,SSC"
Q00550,Verbal Ability,Sentence Correction,Medium,"CAT,SSC"
Q00551,Quantitative Aptitude,Mensuration,Easy,Placements
Q00552,Verbal Ability,Para Jumbles,Medium,SSC
Q00553,Quantitative Aptitude,Quadratic Equations,Hard,"Banking,Placements,TCS NQT"
Q00554,Data Interpretation,Mixed DI Sets,Medium,"General,SSC,Placements"
Q00555,Logical Reasoning,Coding-Decoding,Medium,"TCS NQT,Banking"
Q00556,Quantitative Aptitude,Trigonometry,Easy,"Banking,CAT"
Q00557,Data Interpretation,Pie Charts,Easy,"TCS NQT,Banking"
Q00558,Logical Reasoning,Statement & Assumption,Medium,TCS NQT
Q00559,Data Interpretation,Mixed DI Sets,Easy,CAT
Q00560,Data Interpretation,Caselets,Medium,"TCS NQT,Banking"
Q00561,Quantitative Aptitude,Mixtures & Alligations,Hard,"CAT,General,Banking"
Q00562,Verbal Ability,Synonyms & Antonyms,Medium,"General,SSC"
Q00563,Verbal Ability,Para Summary,Medium,"CAT,Banking"
Q00564,Quantitative Aptitude,Percentages,Medium,"TCS NQT,Placements,SSC"
Q00565,Data Interpretation,Venn-based DI,Hard,"CAT,Banking"
Q00566,Verbal Ability,Idioms & Phrases,Easy,"TCS NQT,SSC"
Q00567,Logical Reasoning,Puzzles,Hard,CAT
Q00568,Logical Reasoning,Ranking & Order,Medium,"SSC,TCS NQT"
Q00569,Quantitative Aptitude,Linear Equations,Medium,Placements
Q00570,Verbal Ability,Verbal Analogies,Medium,"Banking,TCS NQT,CAT"
Q00571,Quantitative Aptitude,Percentages,Medium,Placements
Q00572,Verbal Ability,Error Spotting,Easy,"Banking,TCS NQT"
Q00573,Logical Reasoning,Cubes & Dice,Medium,TCS NQT
Q00574,Logical Reasoning,Direction Sense,Medium,"TCS NQT,SSC"
Q00575,Logical Reasoning,Coding-Decoding,Easy,"TCS NQT,SSC"
Q00576,Data Interpretation,Mixed DI Sets,Medium,"TCS NQT,General,Banking"
Q00577,Quantitative Aptitude,Partnership,Easy,"SSC,Banking,CAT"
Q00578,Data Interpretation,Mixed DI Sets,Medium,"General,CAT"
Q00579,Logical Reasoning,Input-Output,Medium,"SSC,CAT,Banking"
Q00580,Logical Reasoning,Statement & Conclusion,Medium,"TCS NQT,General,Placements"
Q00581,Verbal Ability,Error Spotting,Easy,TCS NQT
Q00582,Verbal Ability,Odd One Out,Easy,TCS NQT
Q00583,Logical Reasoning,Ranking & Order,Medium,General
Q00584,Logical Reasoning,Statement & Assumption,Medium,TCS NQT
Q00585,Logical Reasoning,Puzzles,Medium,CAT
Q00586,Quantitative Aptitude,Mensuration,Hard,"Banking,Placements"
Q00587,Logical Reasoning,Input-Output,Easy,"Placements,Banking,TCS NQT"
Q00588,Verbal Ability,Error Spotting,Medium,"CAT,Placements,TCS NQT"
Q00589,Verbal Ability,Idioms & Phrases,Medium,"General,Banking"
Q00590,Quantitative Aptitude,Permutation & Combination,Medium,"SSC,Placements"
Q00591,Quantitative Aptitude,Mensuration,Easy,"SSC,TCS NQT,General"
Q00592,Data Interpretation,Caselets,Hard,"Banking,Placements,TCS NQT"
Q00593,Verbal Ability,Critical Reasoning,Medium,"SSC,Placements,General"
Q00594,Quantitative Aptitude,Mixtures & Alligations,Medium,"Placements,Banking,SSC"
Q00595,Verbal Ability,Odd One Out,Medium,"TCS NQT,SSC"
Q00596,Quantitative Aptitude,Mixtures & Alligations,Medium,TCS NQT
Q00597,Quantitative Aptitude,Surds & Indices,Easy,"Banking,General,SSC"
Q00598,Quantitative Aptitude,Compound Interest,Hard,"CAT,SSC"
Q00599,Quantitative Aptitude,Partnership,Medium,SSC
Q00600,Logical Reasoning,Cubes & Dice,Medium,"SSC,Banking,Placements"
Q00601,Quantitative Aptitude,"Time, Speed & Distance",Easy,"SSC,TCS NQT,General"
Q00602,Logical Reasoning,Direction Sense,Medium,TCS NQT
Q00603,Verbal Ability,Error Spotting,Easy,"Placements,General,CAT"
Q00604,Verbal Ability,Cloze Test,Medium,"Placements,General,CAT"
Q00605,Data Interpretation,Pie Charts,Easy,"SSC,Banking"
Q00606,Quantitative Aptitude,Simple Interest,Easy,"Placements,CAT,General"
Q00607,Data Interpretation,Data Sufficiency (DI),Easy,"Banking,General,Placements"
Q00608,Logical Reasoning,Clocks & Calendars,Medium,"SSC,CAT"
Q00609,Quantitative Aptitude,Profit & Loss,Medium,"TCS NQT,Placements,CAT"
Q00610,Quantitative Aptitude,Time & Work,Hard,"Placements,CAT"
Q00611,Quantitative Aptitude,Quadratic Equations,Medium,"Placements,SSC"
Q00612,Data Interpretation,Bar Graphs,Easy,SSC
Q00613,Logical Reasoning,Puzzles,Easy,"SSC,Banking"
Q00614,Quantitative Aptitude,Set Theory,Medium,"TCS NQT,Banking,Placements"
Q00615,Logical Reasoning,Cubes & Dice,Hard,"Placements,CAT"
Q00616,Quantitative Aptitude,Algebra,Easy,General
Q00617,Quantitative Aptitude,Mensuration,Easy,"SSC,Placements,CAT"
Q00618,Logical Reasoning,Venn Diagrams,Easy,"TCS NQT,Placements"
Q00619,Data Interpretation,Line Graphs,Medium,"General,Banking,TCS NQT"
Q00620,Logical Reasoning,Venn Diagrams,Easy,Banking
Q00621,Logical Reasoning,Puzzles,Medium,Placements
Q00622,Logical Reasoning,Analogy,Medium,"Placements,CAT"
Q00623,Verbal Ability,Critical Reasoning,Medium,"Placements,Banking"
Q00624,Verbal Ability,Critical Reasoning,Medium,"SSC,TCS NQT"
Q00625,Quantitative Aptitude,Pipes & Cisterns,Medium,"CAT,SSC,TCS NQT"
Q00626,Quantitative Aptitude,Partnership,Easy,CAT
Q00627,Verbal Ability,Cloze Test,Medium,Banking
Q00628,Data Interpretation,Caselets,Hard,Banking
Q00629,Quantitative Aptitude,Surds & Indices,Medium,"General,SSC,CAT"
Q00630,Logical Reasoning,Clocks & Calendars,Medium,"TCS NQT,Placements"
Q00631,Quantitative Aptitude,Ratio & Proportion,Medium,Banking
Q00632,Verbal Ability,Synonyms & Antonyms,Hard,"General,TCS NQT"
Q00633,Quantitative Aptitude,Linear Equations,Medium,"General,TCS NQT"
Q00634,Logical Reasoning,Analogy,Medium,"General,Placements,TCS NQT"
Q00635,Verbal Ability,Cloze Test,Medium,"CAT,TCS NQT,Banking"
Q00636,Quantitative Aptitude,Permutation & Combination,Medium,"SSC,CAT,TCS NQT"
Q00637,Verbal Ability,Reading Comprehension,Easy,"TCS NQT,Placements,General"
Q00638,Quantitative Aptitude,Time & Work,Hard,"TCS NQT,Banking"
Q00639,Verbal Ability,Para Jumbles,Easy,"Placements,TCS NQT,Banking"
Q00640,Quantitative Aptitude,Profit & Loss,Hard,"Banking,CAT,General"
Q00641,Verbal Ability,Synonyms & Antonyms,Medium,"Banking,General,CAT"
Q00642,Data Interpretation,Venn-based DI,Medium,"General,SSC"
Q00643,Verbal Ability,Error Spotting,Easy,Banking
Q00644,Quantitative Aptitude,Averages,Easy,General
Q00645,Logical Reasoning,Series Completion,Medium,"CAT,General,Banking"
Q00646,Quantitative Aptitude,Linear Equations,Medium,"CAT,TCS NQT,General"
Q00647,Quantitative Aptitude,Profit & Loss,Hard,"CAT,SSC"
Q00648,Verbal Ability,Para Summary,Easy,Placements
Q00649,Logical Reasoning,Input-Output,Hard,"Banking,General"
Q00650,Logical Reasoning,Ranking & Order,Hard,"CAT,TCS NQT"
Q00651,Quantitative Aptitude,Compound Interest,Easy,"SSC,CAT,Placements"
Q00652,Quantitative Aptitude,Probability,Easy,"TCS NQT,Placements"
Q00653,Quantitative Aptitude,Pipes & Cisterns,Easy,CAT
Q00654,Verbal Ability,Reading Comprehension,Medium,"Banking,TCS NQT"
Q00655,Logical Reasoning,Input-Output,Hard,"Banking,Placements,TCS NQT"
Q00656,Verbal Ability,Odd One Out,Easy,"Placements,SSC"
Q00657,Verbal Ability,Sentence Correction,Easy,"CAT,General,Banking"
Q00658,Quantitative Aptitude,Logarithms,Hard,Placements
Q00659,Quantitative Aptitude,"Time, Speed & Distance",Hard,CAT
Q00660,Verbal Ability,Verbal Analogies,Medium,Banking
Q00661,Quantitative Aptitude,Logarithms,Easy,"General,CAT,Placements"
Q00662,Data Interpretation,Bar Graphs,Medium,"Banking,Placements"
Q00663,Verbal Ability,Idioms & Phrases,Medium,CAT
Q00664,Verbal Ability,Synonyms & Antonyms,Medium,"SSC,Placements,General"
Q00665,Quantitative Aptitude,Progressions (AP/GP),Medium,"General,SSC,Placements"
Q00666,Logical Reasoning,Clocks & Calendars,Medium,General
Q00667,Data Interpretation,Venn-based DI,Easy,Banking
Q00668,Verbal Ability,Critical Reasoning,Hard,"CAT,TCS NQT"
Q00669,Quantitative Aptitude,Progressions (AP/GP),Hard,"Placements,Banking,TCS NQT"
Q00670,Verbal Ability,Reading Comprehension,Hard,"General,Banking"
Q00671,Quantitative Aptitude,Permutation & Combination,Hard,"General,Banking"
Q00672,Verbal Ability,Para Summary,Easy,SSC
Q00673,Data Interpretation,Data Sufficiency (DI),Easy,TCS NQT
Q00674,Quantitative Aptitude,Trigonometry,Easy,Placements
Q00675,Quantitative Aptitude,Mixtures & Alligations,Medium,"Placements,Banking,CAT"
Q00676,Quantitative Aptitude,Probability,Easy,"Banking,TCS NQT"
Q00677,Verbal Ability,Idioms & Phrases,Easy,Banking
Q00678,Data Interpretation,Tables,Easy,"Placements,SSC"
Q00679,Quantitative Aptitude,Set Theory,Easy,Banking
Q00680,Quantitative Aptitude,Linear Equations,Hard,TCS NQT
Q00681,Logical Reasoning,Series Completion,Easy,SSC
Q00682,Data Interpretation,Data Sufficiency (DI),Medium,"TCS NQT,General,CAT"
Q00683,Logical Reasoning,Seating Arrangement,Medium,TCS NQT
Q00684,Verbal Ability,Error Spotting,Medium,"TCS NQT,Placements,Banking"
Q00685,Data Interpretation,Tables,Medium,"SSC,CAT"
Q00686,Logical Reasoning,Series Completion,Medium,General
Q00687,Quantitative Aptitude,Simple Interest,Medium,"Banking,Placements,TCS NQT"
Q00688,Logical Reasoning,Ranking & Order,Medium,TCS NQT
Q00689,Data Interpretation,Mixed DI Sets,Medium,"Banking,General"
Q00690,Verbal Ability,Idioms & Phrases,Easy,"SSC,General,TCS NQT"
Q00691,Quantitative Aptitude,Linear Equations,Medium,"Banking,General,CAT"
Q00692,Quantitative Aptitude,Pipes & Cisterns,Easy,"SSC,Placements"
Q00693,Data Interpretation,Mixed DI Sets,Easy,"Banking,CAT"
Q00694,Verbal Ability,Verbal Analogies,Easy,General
Q00695,Quantitative Aptitude,Compound Interest,Medium,SSC
Q00696,Verbal Ability,Idioms & Phrases,Medium,"TCS NQT,Banking,SSC"
Q00697,Logical Reasoning,Direction Sense,Easy,SSC
Q00698,Quantitative Aptitude,Ratio & Proportion,Medium,"TCS NQT,Placements"
Q00699,Quantitative Aptitude,Trigonometry,Easy,"General,SSC,TCS NQT"
Q00700,Logical Reasoning,Analogy,Medium,"General,Banking,TCS NQT"
Q00701,Data Interpretation,Line Graphs,Easy,"SSC,Placements,TCS NQT"
Q00702,Logical Reasoning,Analogy,Medium,TCS NQT
Q00703,Data Interpretation,Bar Graphs,Medium,"CAT,General,TCS NQT"
Q00704,Verbal Ability,Reading Comprehension,Hard,"Placements,General"
Q00705,Verbal Ability,Para Jumbles,Easy,"Placements,CAT,General"
Q00706,Quantitative Aptitude,Permutation & Combination,Easy,"SSC,CAT"
Q00707,Verbal Ability,Verbal Analogies,Medium,"General,TCS NQT,Banking"
Q00708,Logical Reasoning,Analogy,Medium,CAT
Q00709,Quantitative Aptitude,Probability,Medium,"Banking,CAT,TCS NQT"
Q00710,Quantitative Aptitude,Permutation & Combination,Medium,"SSC,TCS NQT,General"
Q00711,Data Interpretation,Bar Graphs,Medium,"General,Banking,Placements"
Q00712,Logical Reasoning,Puzzles,Easy,TCS NQT
Q00713,Verbal Ability,Synonyms & Antonyms,Hard,Placements
Q00714,Verbal Ability,Verbal Analogies,Easy,"SSC,General,TCS NQT"
Q00715,Data Interpretation,Data Sufficiency (DI),Easy,SSC
Q00716,Quantitative Aptitude,Quadratic Equations,Medium,"TCS NQT,Placements"
Q00717,Quantitative Aptitude,Partnership,Medium,SSC
Q00718,Quantitative Aptitude,Surds & Indices,Medium,General
Q00719,Quantitative Aptitude,Set Theory,Medium,CAT
Q00720,Verbal Ability,Para Summary,Medium,"Banking,TCS NQT"
Q00721,Verbal Ability,Odd One Out,Easy,General
Q00722,Logical Reasoning,Blood Relations,Medium,"Placements,CAT,Banking"
Q00723,Verbal Ability,Para Summary,Hard,"SSC,TCS NQT,CAT"
Q00724,Quantitative Aptitude,Permutation & Combination,Medium,Placements
Q00725,Logical Reasoning,Series Completion,Medium,"TCS NQT,Banking,SSC"
Q00726,Logical Reasoning,Syllogisms,Easy,General
Q00727,Logical Reasoning,Statement & Conclusion,Easy,"TCS NQT,CAT,Placements"
Q00728,Quantitative Aptitude,Algebra,Easy,Placements
Q00729,Verbal Ability,Verbal Analogies,Medium,General
Q00730,Logical Reasoning,Ranking & Order,Easy,SSC
Q00731,Verbal Ability,Synonyms & Antonyms,Medium,"Placements,TCS NQT,Banking"
Q00732,Data Interpretation,Venn-based DI,Medium,"Banking,Placements"
Q00733,Verbal Ability,Error Spotting,Easy,"CAT,TCS NQT,SSC"
Q00734,Logical Reasoning,Syllogisms,Hard,Banking
Q00735,Logical Reasoning,Statement & Assumption,Easy,SSC
Q00736,Quantitative Aptitude,Logarithms,Easy,"TCS NQT,Banking,SSC"
Q00737,Verbal Ability,Reading Comprehension,Medium,"SSC,Banking,TCS NQT"
Q00738,Quantitative Aptitude,Ratio & Proportion,Hard,"TCS NQT,Banking"
Q00739,Quantitative Aptitude,Geometry,Hard,General
Q00740,Data Interpretation,Data Sufficiency (DI),Easy,TCS NQT
Q00741,Data Interpretation,Caselets,Medium,General
Q00742,Logical Reasoning,Seating Arrangement,Easy,SSC
Q00743,Logical Reasoning,Direction Sense,Medium,"General,Placements"
Q00744,Logical Reasoning,Ranking & Order,Easy,"SSC,CAT"
Q00745,Quantitative Aptitude,Profit & Loss,Easy,SSC
Q00746,Quantitative Aptitude,Mensuration,Hard,"SSC,CAT"
Q00747,Logical Reasoning,Direction Sense,Easy,Placements
Q00748,Logical Reasoning,Input-Output,Medium,"TCS NQT,General"
Q00749,Logical Reasoning,Input-Output,Medium,CAT
Q00750,Verbal Ability,Para Jumbles,Easy,"TCS NQT,CAT"
Q00751,Logical Reasoning,Venn Diagrams,Easy,"CAT,SSC"
Q00752,Quantitative Aptitude,Geometry,Hard,"CAT,TCS NQT"
Q00753,Data Interpretation,Tables,Medium,"TCS NQT,Placements,Banking"
Q00754,Quantitative Aptitude,Time & Work,Medium,SSC
Q00755,Quantitative Aptitude,Mixtures & Alligations,Medium,"Banking,Placements"
Q00756,Data Interpretation,Pie Charts,Easy,Banking
Q00757,Logical Reasoning,Statement & Conclusion,Hard,"SSC,Banking"
Q00758,Logical Reasoning,Seating Arrangement,Medium,"SSC,Placements"
Q00759,Quantitative Aptitude,Pipes & Cisterns,Easy,"Banking,TCS NQT,Placements"
Q00760,Logical Reasoning,Cubes & Dice,Medium,Placements
Q00761,Logical Reasoning,Clocks & Calendars,Hard,Banking
Q00762,Verbal Ability,Fill in the Blanks,Medium,"Banking,SSC,General"
Q00763,Logical Reasoning,Venn Diagrams,Hard,"General,TCS NQT"
Q00764,Data Interpretation,Line Graphs,Medium,"SSC,TCS NQT"
Q00765,Verbal Ability,Error Spotting,Hard,Banking
Q00766,Verbal Ability,Fill in the Blanks,Hard,Banking
Q00767,Quantitative Aptitude,Algebra,Medium,"General,Banking"
Q00768,Verbal Ability,Verbal Analogies,Easy,SSC
Q00769,Quantitative Aptitude,Quadratic Equations,Medium,"Banking,SSC"
Q00770,Quantitative Aptitude,Simple Interest,Hard,"Placements,TCS NQT,General"
Q00771,Quantitative Aptitude,Surds & Indices,Hard,"CAT,Banking,Placements"
Q00772,Quantitative Aptitude,Mensuration,Easy,"General,CAT"
Q00773,Verbal Ability,Para Summary,Hard,"Banking,Placements,SSC"
Q00774,Verbal Ability,Sentence Correction,Medium,"General,Placements"
Q00775,Verbal Ability,Error Spotting,Medium,"Banking,CAT"
Q00776,Quantitative Aptitude,Mensuration,Medium,"Banking,TCS NQT,General"
Q00777,Quantitative Aptitude,Probability,Medium,"General,Banking,CAT"
Q00778,Quantitative Aptitude,Linear Equations,Easy,"TCS NQT,General,CAT"
Q00779,Verbal Ability,Para Jumbles,Hard,General
Q00780,Quantitative Aptitude,Surds & Indices,Medium,"Placements,TCS NQT"
Q00781,Verbal Ability,Reading Comprehension,Medium,"General,Banking,SSC"
Q00782,Quantitative Aptitude,Geometry,Easy,CAT
Q00783,Verbal Ability,Para Jumbles,Hard,"Placements,TCS NQT"
Q00784,Quantitative Aptitude,Pipes & Cisterns,Medium,"TCS NQT,General,Placements"
Q00785,Quantitative Aptitude,Mensuration,Medium,"Banking,General"
Q00786,Logical Reasoning,Direction Sense,Medium,"CAT,Banking"
Q00787,Quantitative Aptitude,Simple Interest,Hard,"Banking,CAT"
Q00788,Logical Reasoning,Puzzles,Medium,"Placements,SSC,TCS NQT"
Q00789,Quantitative Aptitude,Algebra,Medium,"Placements,TCS NQT"
Q00790,Verbal Ability,Odd One Out,Hard,"Banking,CAT"
Q00791,Logical Reasoning,Cubes & Dice,Medium,"General,Banking,SSC"
Q00792,Quantitative Aptitude,Profit & Loss,Medium,"CAT,General"
Q00793,Quantitative Aptitude,Number System,Easy,"General,CAT"
Q00794,Verbal Ability,Cloze Test,Easy,General
Q00795,Quantitative Aptitude,Ratio & Proportion,Medium,"Placements,TCS NQT,General"
Q00796,Verbal Ability,Fill in the Blanks,Easy,"Banking,General,Placements"
Q00797,Quantitative Aptitude,Quadratic Equations,Medium,"Placements,General,Banking"
Q00798,Logical Reasoning,Ranking & Order,Easy,General
Q00799,Verbal Ability,Verbal Analogies,Easy,Banking
Q00800,Logical Reasoning,Input-Output,Hard,"CAT,Placements"
Q00801,Logical Reasoning,Series Completion,Hard,"General,CAT"
Q00802,Logical Reasoning,Puzzles,Medium,"Placements,SSC,TCS NQT"
Q00803,Verbal Ability,Sentence Correction,Medium,"CAT,SSC"
Q00804,Data Interpretation,Radar/Spider Charts,Medium,"General,SSC,Banking"
Q00805,Data Interpretation,Data Sufficiency (DI),Medium,"CAT,SSC,TCS NQT"
Q00806,Verbal Ability,Odd One Out,Medium,"Placements,SSC,CAT"
Q00807,Quantitative Aptitude,Surds & Indices,Medium,SSC
Q00808,Logical Reasoning,Puzzles,Medium,SSC
Q00809,Quantitative Aptitude,Simple Interest,Medium,SSC
Q00810,Verbal Ability,Error Spotting,Medium,TCS NQT
Q00811,Verbal Ability,Para Summary,Hard,"TCS NQT,Placements"
Q00812,Logical Reasoning,Ranking & Order,Hard,"Placements,Banking"
Q00813,Quantitative Aptitude,Set Theory,Medium,"General,Placements,TCS NQT"
Q00814,Quantitative Aptitude,Trigonometry,Medium,"Placements,General"
Q00815,Verbal Ability,Fill in the Blanks,Easy,"TCS NQT,CAT"
Q00816,Verbal Ability,Fill in the Blanks,Easy,Banking
Q00817,Data Interpretation,Line Graphs,Easy,Banking
Q00818,Quantitative Aptitude,Probability,Medium,"General,Banking,TCS NQT"
Q00819,Quantitative Aptitude,Surds & Indices,Hard,"Banking,General"
Q00820,Logical Reasoning,Analogy,Medium,CAT
Q00821,Logical Reasoning,Blood Relations,Medium,SSC
Q00822,Data Interpretation,Bar Graphs,Medium,"Placements,TCS NQT"
Q00823,Verbal Ability,Critical Reasoning,Easy,Banking
Q00824,Logical Reasoning,Analogy,Hard,"TCS NQT,CAT,General"
Q00825,Quantitative Aptitude,Averages,Easy,"SSC,TCS NQT,CAT"
Q00826,Quantitative Aptitude,Pipes & Cisterns,Easy,"TCS NQT,Placements"
Q00827,Quantitative Aptitude,Geometry,Easy,General
Q00828,Quantitative Aptitude,Set Theory,Medium,SSC
Q00829,Quantitative Aptitude,Percentages,Easy,"SSC,General"
Q00830,Verbal Ability,Para Jumbles,Easy,"CAT,Placements"
Q00831,Data Interpretation,Tables,Medium,"TCS NQT,SSC,Banking"
Q00832,Logical Reasoning,Coding-Decoding,Easy,"Placements,General,TCS NQT"
Q00833,Quantitative Aptitude,Percentages,Easy,"SSC,TCS NQT,General"
Q00834,Verbal Ability,Verbal Analogies,Medium,"Placements,SSC,TCS NQT"
Q00835,Quantitative Aptitude,Mixtures & Alligations,Hard,"SSC,TCS NQT,CAT"
Q00836,Data Interpretation,Line Graphs,Easy,"CAT,SSC"
Q00837,Logical Reasoning,Direction Sense,Easy,"Placements,General,TCS NQT"
Q00838,Verbal Ability,Error Spotting,Medium,"Placements,Banking"
Q00839,Logical Reasoning,Analogy,Easy,TCS NQT
Q00840,Logical Reasoning,Statement & Conclusion,Medium,"Banking,General,TCS NQT"
Q00841,Quantitative Aptitude,Profit & Loss,Easy,"CAT,Banking,SSC"
Q00842,Logical Reasoning,Data Sufficiency,Hard,"Banking,SSC"
Q00843,Verbal Ability,Verbal Analogies,Easy,General
Q00844,Quantitative Aptitude,Profit & Loss,Hard,"Banking,SSC,CAT"
Q00845,Logical Reasoning,Ranking & Order,Easy,Banking
Q00846,Quantitative Aptitude,"Time, Speed & Distance",Easy,"SSC,General"
Q00847,Verbal Ability,Critical Reasoning,Medium,"TCS NQT,General"
Q00848,Quantitative Aptitude,Compound Interest,Easy,"Banking,SSC,CAT"
Q00849,Logical Reasoning,Syllogisms,Easy,General
Q00850,Data Interpretation,Radar/Spider Charts,Easy,CAT
Q00851,Data Interpretation,Line Graphs,Hard,"Banking,CAT"
Q00852,Logical Reasoning,Input-Output,Medium,General
Q00853,Quantitative Aptitude,Compound Interest,Medium,"SSC,Placements,General"
Q00854,Verbal Ability,Para Jumbles,Easy,"SSC,General,CAT"
Q00855,Logical Reasoning,Data Sufficiency,Medium,"General,Placements,CAT"
Q00856,Verbal Ability,Para Summary,Easy,"SSC,Placements,Banking"
Q00857,Logical Reasoning,Seating Arrangement,Medium,"CAT,General,Placements"
Q00858,Quantitative Aptitude,Trigonometry,Medium,Placements
Q00859,Data Interpretation,Tables,Easy,"General,Banking,CAT"
Q00860,Quantitative Aptitude,Number System,Hard,"SSC,CAT,Banking"
Q00861,Verbal Ability,Error Spotting,Easy,Banking
Q00862,Logical Reasoning,Seating Arrangement,Medium,Banking
Q00863,Quantitative Aptitude,Profit & Loss,Easy,"CAT,General,SSC"
Q00864,Data Interpretation,Mixed DI Sets,Easy,"Placements,Banking"
Q00865,Verbal Ability,Synonyms & Antonyms,Medium,"General,Placements,CAT"
Q00866,Data Interpretation,Venn-based DI,Hard,"CAT,TCS NQT,Placements"
Q00867,Logical Reasoning,Cubes & Dice,Medium,"General,Placements"
Q00868,Logical Reasoning,Direction Sense,Medium,"TCS NQT,Banking"
Q00869,Verbal Ability,Sentence Correction,Easy,CAT
Q00870,Quantitative Aptitude,Compound Interest,Easy,TCS NQT
Q00871,Quantitative Aptitude,Pipes & Cisterns,Easy,"SSC,Banking"
Q00872,Data Interpretation,Mixed DI Sets,Medium,Placements
Q00873,Logical Reasoning,Statement & Conclusion,Medium,"CAT,Placements,SSC"
Q00874,Quantitative Aptitude,Partnership,Medium,General
Q00875,Data Interpretation,Caselets,Hard,TCS NQT
Q00876,Verbal Ability,Verbal Analogies,Medium,"Placements,Banking,SSC"
Q00877,Logical Reasoning,Syllogisms,Easy,Banking
Q00878,Quantitative Aptitude,Quadratic Equations,Hard,Placements
Q00879,Quantitative Aptitude,Trigonometry,Easy,"TCS NQT,CAT,General"
Q00880,Verbal Ability,Fill in the Blanks,Hard,"Placements,Banking"
Q00881,Quantitative Aptitude,Progressions (AP/GP),Medium,"SSC,TCS NQT"
Q00882,Quantitative Aptitude,Surds & Indices,Hard,Banking
Q00883,Logical Reasoning,Seating Arrangement,Easy,TCS NQT
Q00884,Quantitative Aptitude,Profit & Loss,Medium,SSC
Q00885,Quantitative Aptitude,"Time, Speed & Distance",Medium,CAT
Q00886,Data Interpretation,Data Sufficiency (DI),Easy,"SSC,TCS NQT,Banking"
Q00887,Quantitative Aptitude,Geometry,Easy,"Banking,CAT,Placements"
Q00888,Verbal Ability,Critical Reasoning,Hard,SSC
Q00889,Logical Reasoning,Seating Arrangement,Easy,"Placements,General,SSC"
Q00890,Verbal Ability,Para Summary,Easy,"General,CAT,SSC"
Q00891,Logical Reasoning,Input-Output,Hard,"Placements,CAT,General"
Q00892,Logical Reasoning,Seating Arrangement,Medium,"CAT,Banking"
Q00893,Quantitative Aptitude,Logarithms,Medium,"CAT,SSC,Placements"
Q00894,Verbal Ability,Para Jumbles,Medium,General
Q00895,Data Interpretation,Line Graphs,Easy,"CAT,Placements,Banking"
Q00896,Quantitative Aptitude,Linear Equations,Medium,"TCS NQT,SSC,Placements"
Q00897,Verbal Ability,Fill in the Blanks,Easy,General
Q00898,Logical Reasoning,Statement & Conclusion,Hard,"CAT,General,SSC"
Q00899,Verbal Ability,Para Summary,Medium,"TCS NQT,CAT"
Q00900,Data Interpretation,Caselets,Medium,"TCS NQT,CAT,Banking"
Q00901,Verbal Ability,Odd One Out,Hard,"SSC,CAT,Banking"
Q00902,Quantitative Aptitude,Progressions (AP/GP),Easy,SSC
Q00903,Quantitative Aptitude,Time & Work,Hard,"CAT,TCS NQT"
Q00904,Verbal Ability,Cloze Test,Medium,"CAT,Placements,General"
Q00905,Data Interpretation,Bar Graphs,Medium,Placements
Q00906,Verbal Ability,Reading Comprehension,Medium,"SSC,Banking"
Q00907,Logical Reasoning,Direction Sense,Easy,CAT
Q00908,Verbal Ability,Idioms & Phrases,Hard,"General,Banking,Placements"
Q00909,Logical Reasoning,Venn Diagrams,Hard,Banking
Q00910,Verbal Ability,Error Spotting,Hard,"SSC,CAT"
Q00911,Quantitative Aptitude,Progressions (AP/GP),Hard,"CAT,TCS NQT"
Q00912,Quantitative Aptitude,Surds & Indices,Hard,Placements
Q00913,Quantitative Aptitude,Ratio & Proportion,Easy,"CAT,Banking,General"
Q00914,Verbal Ability,Odd One Out,Medium,"SSC,General"
Q00915,Quantitative Aptitude,Profit & Loss,Medium,"Banking,CAT,SSC"
Q00916,Data Interpretation,Tables,Easy,"TCS NQT,SSC"
Q00917,Verbal Ability,Error Spotting,Easy,"Placements,Banking,SSC"
Q00918,Quantitative Aptitude,Progressions (AP/GP),Medium,"Placements,TCS NQT"
Q00919,Verbal Ability,Sentence Correction,Easy,CAT
Q00920,Quantitative Aptitude,Geometry,Medium,Placements
Q00921,Quantitative Aptitude,Probability,Medium,"General,CAT"
Q00922,Quantitative Aptitude,Algebra,Medium,General
Q00923,Data Interpretation,Data Sufficiency (DI),Medium,"General,SSC,CAT"
Q00924,Quantitative Aptitude,"Time, Speed & Distance",Medium,"Placements,Banking,TCS NQT"
Q00925,Verbal Ability,Reading Comprehension,Easy,General
Q00926,Logical Reasoning,Statement & Conclusion,Hard,CAT
Q00927,Quantitative Aptitude,Ratio & Proportion,Medium,"Banking,SSC,General"
Q00928,Verbal Ability,Error Spotting,Medium,TCS NQT
Q00929,Logical Reasoning,Puzzles,Easy,"Placements,Banking,CAT"
Q00930,Quantitative Aptitude,Progressions (AP/GP),Medium,"CAT,Banking,Placements"
Q00931,Quantitative Aptitude,Ratio & Proportion,Easy,"SSC,General"
Q00932,Verbal Ability,Para Summary,Easy,"General,SSC,TCS NQT"
Q00933,Quantitative Aptitude,Mensuration,Hard,"Placements,CAT"
Q00934,Logical Reasoning,Series Completion,Medium,TCS NQT
Q00935,Verbal Ability,Para Jumbles,Easy,CAT
Q00936,Verbal Ability,Synonyms & Antonyms,Medium,"Banking,SSC"
Q00937,Quantitative Aptitude,Geometry,Easy,TCS NQT
Q00938,Data Interpretation,Mixed DI Sets,Easy,Banking
Q00939,Quantitative Aptitude,Mixtures & Alligations,Hard,"SSC,CAT"
Q00940,Quantitative Aptitude,Profit & Loss,Medium,General
Q00941,Verbal Ability,Critical Reasoning,Medium,"General,TCS NQT,CAT"
Q00942,Logical Reasoning,Series Completion,Easy,"Placements,CAT"
Q00943,Logical Reasoning,Statement & Assumption,Hard,"Banking,TCS NQT"
Q00944,Quantitative Aptitude,Percentages,Medium,"SSC,General,Placements"
Q00945,Data Interpretation,Bar Graphs,Easy,"Banking,TCS NQT"
Q00946,Quantitative Aptitude,Pipes & Cisterns,Medium,"Placements,CAT,Banking"
Q00947,Data Interpretation,Pie Charts,Medium,CAT
Q00948,Verbal Ability,Reading Comprehension,Easy,Placements
Q00949,Logical Reasoning,Direction Sense,Medium,Banking
Q00950,Verbal Ability,Fill in the Blanks,Easy,"General,CAT,SSC"
Q00951,Quantitative Aptitude,Profit & Loss,Hard,CAT
Q00952,Quantitative Aptitude,"Time, Speed & Distance",Easy,"Banking,Placements,CAT"
Q00953,Quantitative Aptitude,Algebra,Medium,CAT
Q00954,Verbal Ability,Odd One Out,Easy,Placements
Q00955,Data Interpretation,Data Sufficiency (DI),Hard,"Banking,General,CAT"
Q00956,Data Interpretation,Data Sufficiency (DI),Medium,"Banking,Placements,SSC"
Q00957,Quantitative Aptitude,"Time, Speed & Distance",Medium,SSC
Q00958,Logical Reasoning,Statement & Conclusion,Easy,"Placements,CAT"
Q00959,Logical Reasoning,Statement & Assumption,Hard,"SSC,Banking,TCS NQT"
Q00960,Quantitative Aptitude,Probability,Medium,"CAT,General"
Q00961,Data Interpretation,Caselets,Medium,"Placements,Banking"
Q00962,Verbal Ability,Sentence Correction,Easy,"TCS NQT,Placements,CAT"
Q00963,Verbal Ability,Para Summary,Medium,"SSC,Banking,TCS NQT"
Q00964,Data Interpretation,Mixed DI Sets,Easy,"TCS NQT,SSC,Banking"
Q00965,Verbal Ability,Critical Reasoning,Easy,CAT
Q00966,Quantitative Aptitude,Algebra,Medium,"Placements,CAT,SSC"
Q00967,Quantitative Aptitude,Percentages,Medium,"TCS NQT,SSC"
Q00968,Verbal Ability,Verbal Analogies,Easy,Placements
Q00969,Quantitative Aptitude,Simple Interest,Easy,General
Q00970,Verbal Ability,Sentence Correction,Medium,"TCS NQT,CAT"
Q00971,Quantitative Aptitude,Ratio & Proportion,Easy,"Banking,SSC,Placements"
Q00972,Logical Reasoning,Coding-Decoding,Medium,TCS NQT
Q00973,Logical Reasoning,Venn Diagrams,Medium,"General,SSC,CAT"
Q00974,Quantitative Aptitude,Partnership,Hard,"SSC,TCS NQT,Placements"
Q00975,Data Interpretation,Tables,Easy,"TCS NQT,SSC"
Q00976,Data Interpretation,Line Graphs,Hard,"CAT,General"
Q00977,Quantitative Aptitude,Percentages,Medium,TCS NQT
Q00978,Quantitative Aptitude,Ratio & Proportion,Hard,TCS NQT
Q00979,Verbal Ability,Odd One Out,Hard,SSC
Q00980,Logical Reasoning,Series Completion,Medium,SSC
Q00981,Quantitative Aptitude,Partnership,Medium,SSC
Q00982,Quantitative Aptitude,Percentages,Easy,Placements
Q00983,Quantitative Aptitude,Progressions (AP/GP),Easy,"Placements,CAT,SSC"
Q00984,Logical Reasoning,Seating Arrangement,Easy,"General,Banking"
Q00985,Quantitative Aptitude,Progressions (AP/GP),Easy,SSC
Q00986,Quantitative Aptitude,Mixtures & Alligations,Easy,"Placements,General"
Q00987,Logical Reasoning,Input-Output,Medium,"Banking,SSC,Placements"
Q00988,Quantitative Aptitude,Partnership,Hard,"General,TCS NQT,SSC"
Q00989,Verbal Ability,Sentence Correction,Medium,"TCS NQT,Placements,Banking"
Q00990,Logical Reasoning,Clocks & Calendars,Medium,"General,SSC,Placements"
Q00991,Verbal Ability,Synonyms & Antonyms,Easy,"CAT,TCS NQT,Banking"
Q00992,Data Interpretation,Bar Graphs,Medium,TCS NQT
Q00993,Logical Reasoning,Venn Diagrams,Easy,"Placements,TCS NQT,CAT"
Q00994,Quantitative Aptitude,Trigonometry,Easy,SSC
Q00995,Verbal Ability,Error Spotting,Easy,Placements
Q00996,Quantitative Aptitude,Linear Equations,Medium,"Placements,CAT"
Q00997,Logical Reasoning,Venn Diagrams,Easy,"CAT,SSC"
Q00998,Verbal Ability,Sentence Correction,Medium,General
Q00999,Quantitative Aptitude,Profit & Loss,Easy,"SSC,CAT"
Q01000,Verbal Ability,Error Spotting,Hard,CAT
Q01001,Verbal Ability,Para Summary,Medium,"General,Banking"
Q01002,Logical Reasoning,Coding-Decoding,Easy,"Banking,General"
Q01003,Data Interpretation,Mixed DI Sets,Hard,"Banking,CAT,General"
Q01004,Logical Reasoning,Statement & Assumption,Hard,Banking
Q01005,Data Interpretation,Pie Charts,Easy,SSC
Q01006,Data Interpretation,Bar Graphs,Easy,"SSC,CAT"
Q01007,Verbal Ability,Para Jumbles,Easy,"Placements,Banking"
Q01008,Logical Reasoning,Coding-Decoding,Hard,"CAT,TCS NQT,General"
Q01009,Logical Reasoning,Venn Diagrams,Easy,"TCS NQT,Banking,CAT"
Q01010,Logical Reasoning,Input-Output,Easy,"Placements,TCS NQT,Banking"
Q01011,Logical Reasoning,Coding-Decoding,Medium,CAT
Q01012,Verbal Ability,Fill in the Blanks,Easy,Placements
Q01013,Quantitative Aptitude,Geometry,Medium,"TCS NQT,General,SSC"
Q01014,Verbal Ability,Cloze Test,Medium,"SSC,Placements"
Q01015,Logical Reasoning,Puzzles,Easy,Banking
Q01016,Verbal Ability,Verbal Analogies,Medium,"Banking,Placements,CAT"
Q01017,Verbal Ability,Fill in the Blanks,Medium,Banking
Q01018,Verbal Ability,Para Jumbles,Medium,"General,TCS NQT"
Q01019,Quantitative Aptitude,Trigonometry,Easy,CAT
Q01020,Data Interpretation,Bar Graphs,Medium,Placements
Q01021,Logical Reasoning,Clocks & Calendars,Medium,Banking
Q01022,Verbal Ability,Para Jumbles,Easy,"Banking,General"
Q01023,Logical Reasoning,Analogy,Medium,"SSC,CAT,Banking"
Q01024,Quantitative Aptitude,Time & Work,Easy,"Banking,SSC"
Q01025,Quantitative Aptitude,Time & Work,Medium,"CAT,SSC"
Q01026,Quantitative Aptitude,Mensuration,Easy,"SSC,Placements"
Q01027,Verbal Ability,Critical Reasoning,Medium,"CAT,Placements,General"
Q01028,Verbal Ability,Para Jumbles,Easy,"SSC,TCS NQT,Banking"
Q01029,Verbal Ability,Verbal Analogies,Easy,TCS NQT
Q01030,Quantitative Aptitude,Percentages,Easy,"TCS NQT,Banking"
Q01031,Quantitative Aptitude,Probability,Medium,"Banking,TCS NQT,Placements"
Q01032,Quantitative Aptitude,Trigonometry,Medium,"CAT,Banking"
Q01033,Verbal Ability,Error Spotting,Medium,TCS NQT
Q01034,Quantitative Aptitude,Progressions (AP/GP),Medium,"TCS NQT,General,Placements"
Q01035,Logical Reasoning,Puzzles,Medium,"Placements,General"
Q01036,Quantitative Aptitude,"Time, Speed & Distance",Medium,Placements
Q01037,Quantitative Aptitude,Percentages,Hard,"CAT,Banking"
Q01038,Data Interpretation,Tables,Hard,"Placements,TCS NQT,SSC"
Q01039,Verbal Ability,Fill in the Blanks,Hard,"CAT,General,Banking"
Q01040,Quantitative Aptitude,Probability,Easy,"TCS NQT,SSC"
Q01041,Data Interpretation,Caselets,Easy,"Banking,CAT,General"
Q01042,Data Interpretation,Pie Charts,Hard,"Placements,General"
Q01043,Quantitative Aptitude,Progressions (AP/GP),Easy,"TCS NQT,CAT,General"
Q01044,Quantitative Aptitude,Progressions (AP/GP),Medium,SSC
Q01045,Verbal Ability,Idioms & Phrases,Medium,"Banking,SSC"
Q01046,Quantitative Aptitude,Quadratic Equations,Easy,"Banking,TCS NQT,General"
Q01047,Verbal Ability,Reading Comprehension,Medium,SSC
Q01048,Logical Reasoning,Ranking & Order,Medium,TCS NQT
Q01049,Data Interpretation,Data Sufficiency (DI),Medium,Banking
Q01050,Verbal Ability,Fill in the Blanks,Medium,"Placements,CAT,Banking"
Q01051,Verbal Ability,Critical Reasoning,Medium,"CAT,SSC"
Q01052,Data Interpretation,Caselets,Hard,"SSC,Banking"
Q01053,Quantitative Aptitude,Partnership,Medium,"CAT,Placements,TCS NQT"
Q01054,Logical Reasoning,Clocks & Calendars,Easy,"Banking,SSC,TCS NQT"
Q01055,Logical Reasoning,Input-Output,Medium,"General,CAT,Placements"
Q01056,Data Interpretation,Radar/Spider Charts,Easy,Banking
Q01057,Logical Reasoning,Analogy,Medium,"SSC,CAT,Placements"
Q01058,Quantitative Aptitude,Profit & Loss,Easy,"General,TCS NQT"
Q01059,Verbal Ability,Para Summary,Medium,TCS NQT
Q01060,Logical Reasoning,Blood Relations,Medium,Placements
Q01061,Verbal Ability,Sentence Correction,Easy,Placements
Q01062,Verbal Ability,Reading Comprehension,Hard,"CAT,SSC"
Q01063,Data Interpretation,Tables,Medium,"SSC,Banking"
Q01064,Quantitative Aptitude,Permutation & Combination,Medium,"General,CAT"
Q01065,Quantitative Aptitude,Surds & Indices,Hard,Placements
Q01066,Logical Reasoning,Data Sufficiency,Easy,"TCS NQT,Banking"
Q01067,Quantitative Aptitude,Time & Work,Medium,"TCS NQT,General"
Q01068,Data Interpretation,Mixed DI Sets,Hard,"Placements,SSC"
Q01069,Verbal Ability,Error Spotting,Easy,"CAT,SSC,General"
Q01070,Quantitative Aptitude,Quadratic Equations,Hard,Placements
Q01071,Data Interpretation,Tables,Easy,General
Q01072,Data Interpretation,Tables,Medium,"Placements,SSC,Banking"
Q01073,Verbal Ability,Idioms & Phrases,Easy,General
Q01074,Data Interpretation,Bar Graphs,Hard,"Placements,General"
Q01075,Data Interpretation,Bar Graphs,Hard,SSC
Q01076,Quantitative Aptitude,Logarithms,Easy,"General,SSC"
Q01077,Quantitative Aptitude,Geometry,Medium,"SSC,Banking"
Q01078,Quantitative Aptitude,Averages,Easy,Banking
Q01079,Data Interpretation,Caselets,Medium,"TCS NQT,General,Banking"
Q01080,Quantitative Aptitude,Progressions (AP/GP),Medium,CAT
Q01081,Quantitative Aptitude,Permutation & Combination,Easy,"SSC,TCS NQT,General"
Q01082,Quantitative Aptitude,Mixtures & Alligations,Medium,"CAT,Banking,General"
Q01083,Verbal Ability,Fill in the Blanks,Easy,"General,SSC"
Q01084,Quantitative Aptitude,Averages,Easy,"General,SSC"
Q01085,Data Interpretation,Tables,Easy,TCS NQT
Q01086,Quantitative Aptitude,Ratio & Proportion,Medium,TCS NQT
Q01087,Verbal Ability,Para Summary,Easy,"SSC,Placements,CAT"
Q01088,Quantitative Aptitude,Set Theory,Medium,"SSC,General"
Q01089,Quantitative Aptitude,Geometry,Medium,"Banking,CAT"
Q01090,Quantitative Aptitude,Progressions (AP/GP),Hard,"TCS NQT,Placements,SSC"
Q01091,Quantitative Aptitude,Pipes & Cisterns,Medium,"Placements,TCS NQT,Banking"
Q01092,Logical Reasoning,Data Sufficiency,Medium,"SSC,Placements,TCS NQT"
Q01093,Verbal Ability,Critical Reasoning,Hard,Banking
Q01094,Verbal Ability,Synonyms & Antonyms,Hard,"SSC,TCS NQT,Placements"
Q01095,Data Interpretation,Mixed DI Sets,Medium,"CAT,Placements,SSC"
Q01096,Verbal Ability,Sentence Correction,Medium,"SSC,Banking,General"
Q01097,Logical Reasoning,Data Sufficiency,Hard,"TCS NQT,SSC"
Q01098,Logical Reasoning,Cubes & Dice,Easy,Banking
Q01099,Logical Reasoning,Syllogisms,Medium,"TCS NQT,General,CAT"
Q01100,Data Interpretation,Radar/Spider Charts,Easy,TCS NQT
Q01101,Logical Reasoning,Puzzles,Medium,"Banking,TCS NQT,SSC"
Q01102,Quantitative Aptitude,Geometry,Medium,Placements
Q01103,Logical Reasoning,Direction Sense,Medium,SSC
Q01104,Quantitative Aptitude,Geometry,Easy,"Banking,Placements,SSC"
Q01105,Quantitative Aptitude,Partnership,Easy,CAT
Q01106,Data Interpretation,Radar/Spider Charts,Hard,"General,Placements"
Q01107,Logical Reasoning,Venn Diagrams,Easy,"CAT,General,Banking"
Q01108,Logical Reasoning,Statement & Conclusion,Easy,Placements
Q01109,Logical Reasoning,Coding-Decoding,Hard,"CAT,Placements"
Q01110,Verbal Ability,Verbal Analogies,Easy,"General,Banking"
Q01111,Quantitative Aptitude,Quadratic Equations,Hard,"Banking,General"
Q01112,Quantitative Aptitude,Number System,Hard,TCS NQT
Q01113,Verbal Ability,Sentence Correction,Medium,"SSC,CAT,General"
Q01114,Logical Reasoning,Series Completion,Medium,General
Q01115,Quantitative Aptitude,Number System,Medium,"General,Placements,TCS NQT"
Q01116,Quantitative Aptitude,Partnership,Hard,"SSC,Placements"
Q01117,Logical Reasoning,Puzzles,Medium,"TCS NQT,General"
Q01118,Logical Reasoning,Clocks & Calendars,Medium,CAT
Q01119,Logical Reasoning,Syllogisms,Hard,"SSC,Banking"
Q01120,Verbal Ability,Error Spotting,Easy,"TCS NQT,General,SSC"
Q01121,Quantitative Aptitude,Geometry,Easy,"Placements,SSC,Banking"
Q01122,Verbal Ability,Fill in the Blanks,Hard,Placements
Q01123,Logical Reasoning,Ranking & Order,Medium,Placements
Q01124,Verbal Ability,Sentence Correction,Easy,"Placements,General,CAT"
Q01125,Quantitative Aptitude,Progressions (AP/GP),Medium,"Placements,CAT,SSC"
Q01126,Verbal Ability,Error Spotting,Easy,"CAT,Banking,SSC"
Q01127,Quantitative Aptitude,Probability,Medium,"CAT,TCS NQT,General"
Q01128,Verbal Ability,Cloze Test,Easy,General
Q01129,Verbal Ability,Reading Comprehension,Easy,General
Q01130,Data Interpretation,Pie Charts,Medium,"Banking,General"
Q01131,Quantitative Aptitude,Simple Interest,Easy,"SSC,Banking,Placements"
Q01132,Verbal Ability,Sentence Correction,Easy,"General,CAT,SSC"
Q01133,Quantitative Aptitude,Geometry,Easy,"CAT,TCS NQT,SSC"
Q01134,Data Interpretation,Line Graphs,Easy,"CAT,TCS NQT"
Q01135,Verbal Ability,Error Spotting,Medium,"CAT,SSC,General"
Q01136,Data Interpretation,Pie Charts,Hard,"Placements,TCS NQT"
Q01137,Verbal Ability,Sentence Correction,Easy,"TCS NQT,Placements"
Q01138,Data Interpretation,Mixed DI Sets,Easy,"Banking,SSC,Placements"
Q01139,Quantitative Aptitude,Percentages,Easy,"Banking,Placements,General"
Q01140,Quantitative Aptitude,Algebra,Hard,CAT
Q01141,Data Interpretation,Bar Graphs,Easy,"CAT,General,Banking"
Q01142,Quantitative Aptitude,Compound Interest,Easy,TCS NQT
Q01143,Quantitative Aptitude,Profit & Loss,Medium,"General,CAT,SSC"
Q01144,Quantitative Aptitude,Set Theory,Medium,Banking
Q01145,Verbal Ability,Critical Reasoning,Medium,"Banking,CAT"
Q01146,Data Interpretation,Pie Charts,Hard,CAT
Q01147,Verbal Ability,Critical Reasoning,Easy,"General,SSC"
Q01148,Logical Reasoning,Input-Output,Hard,"CAT,General,TCS NQT"
Q01149,Data Interpretation,Bar Graphs,Hard,General
Q01150,Quantitative Aptitude,Set Theory,Easy,SSC
Q01151,Quantitative Aptitude,Linear Equations,Easy,"TCS NQT,SSC"
Q01152,Quantitative Aptitude,Pipes & Cisterns,Medium,SSC
Q01153,Logical Reasoning,Venn Diagrams,Easy,CAT
Q01154,Logical Reasoning,Ranking & Order,Medium,"Banking,SSC"
Q01155,Quantitative Aptitude,Quadratic Equations,Easy,"Banking,General,Placements"
Q01156,Quantitative Aptitude,Simple Interest,Medium,General
Q01157,Verbal Ability,Error Spotting,Hard,Placements
Q01158,Verbal Ability,Para Jumbles,Hard,"TCS NQT,Banking"
Q01159,Logical Reasoning,Cubes & Dice,Easy,TCS NQT
Q01160,Logical Reasoning,Ranking & Order,Medium,"TCS NQT,CAT"
Q01161,Quantitative Aptitude,Surds & Indices,Hard,"Placements,Banking,TCS NQT"
Q01162,Quantitative Aptitude,Simple Interest,Medium,"Banking,CAT"
Q01163,Logical Reasoning,Seating Arrangement,Easy,"General,SSC"
Q01164,Quantitative Aptitude,Number System,Hard,"General,TCS NQT,Placements"
Q01165,Verbal Ability,Cloze Test,Hard,"TCS NQT,General"
Q01166,Quantitative Aptitude,Partnership,Easy,"TCS NQT,CAT,Banking"
Q01167,Verbal Ability,Cloze Test,Medium,"Placements,Banking,SSC"
Q01168,Quantitative Aptitude,Surds & Indices,Medium,"General,Banking,Placements"
Q01169,Logical Reasoning,Syllogisms,Hard,General
Q01170,Logical Reasoning,Coding-Decoding,Medium,"Banking,General,Placements"
Q01171,Verbal Ability,Para Jumbles,Easy,"SSC,Placements"
Q01172,Verbal Ability,Fill in the Blanks,Easy,"CAT,TCS NQT"
Q01173,Logical Reasoning,Statement & Assumption,Hard,"General,Banking,TCS NQT"
Q01174,Logical Reasoning,Statement & Assumption,Easy,Banking
Q01175,Data Interpretation,Radar/Spider Charts,Easy,"Banking,CAT,General"
Q01176,Logical Reasoning,Cubes & Dice,Easy,"CAT,Banking"
Q01177,Logical Reasoning,Blood Relations,Medium,Banking
Q01178,Data Interpretation,Data Sufficiency (DI),Medium,TCS NQT
Q01179,Verbal Ability,Idioms & Phrases,Easy,CAT
Q01180,Verbal Ability,Verbal Analogies,Hard,"General,SSC,Placements"
Q01181,Verbal Ability,Cloze Test,Easy,"Banking,SSC,TCS NQT"
Q01182,Logical Reasoning,Syllogisms,Hard,Banking
Q01183,Verbal Ability,Fill in the Blanks,Medium,"TCS NQT,General,Banking"
Q01184,Quantitative Aptitude,Partnership,Medium,"SSC,Banking,CAT"
Q01185,Logical Reasoning,Puzzles,Medium,"Placements,CAT,SSC"
Q01186,Logical Reasoning,Data Sufficiency,Easy,"SSC,TCS NQT,General"
Q01187,Quantitative Aptitude,Partnership,Hard,CAT
Q01188,Quantitative Aptitude,Time & Work,Hard,"Placements,Banking"
Q01189,Logical Reasoning,Puzzles,Easy,"TCS NQT,Placements"
Q01190,Data Interpretation,Tables,Easy,Banking
Q01191,Data Interpretation,Tables,Hard,"Placements,SSC"
Q01192,Verbal Ability,Para Jumbles,Medium,"CAT,TCS NQT"
Q01193,Verbal Ability,Para Jumbles,Medium,"Banking,TCS NQT"
Q01194,Verbal Ability,Idioms & Phrases,Hard,Banking
Q01195,Quantitative Aptitude,Number System,Hard,"General,CAT,Banking"
Q01196,Logical Reasoning,Analogy,Medium,"Placements,TCS NQT,General"
Q01197,Data Interpretation,Line Graphs,Easy,Banking
Q01198,Logical Reasoning,Venn Diagrams,Easy,"Banking,General,Placements"
Q01199,Logical Reasoning,Statement & Conclusion,Easy,"SSC,General"
Q01200,Verbal Ability,Odd One Out,Easy,Placements
Q01201,Verbal Ability,Para Summary,Hard,"General,TCS NQT,SSC"
Q01202,Verbal Ability,Error Spotting,Easy,"SSC,TCS NQT,Placements"
Q01203,Data Interpretation,Tables,Easy,TCS NQT
Q01204,Verbal Ability,Error Spotting,Easy,"General,SSC"
Q01205,Data Interpretation,Line Graphs,Easy,"General,Placements,SSC"
Q01206,Quantitative Aptitude,Partnership,Medium,SSC
Q01207,Logical Reasoning,Analogy,Easy,"TCS NQT,Banking,SSC"
Q01208,Verbal Ability,Para Summary,Hard,TCS NQT
Q01209,Quantitative Aptitude,Simple Interest,Medium,Banking
Q01210,Quantitative Aptitude,Compound Interest,Easy,General
Q01211,Quantitative Aptitude,Percentages,Hard,SSC
Q01212,Data Interpretation,Line Graphs,Medium,"General,SSC"
Q01213,Quantitative Aptitude,Compound Interest,Easy,General
Q01214,Quantitative Aptitude,Mixtures & Alligations,Medium,TCS NQT
Q01215,Quantitative Aptitude,Percentages,Medium,"Banking,CAT"
Q01216,Logical Reasoning,Statement & Assumption,Medium,"General,TCS NQT,Banking"
Q01217,Data Interpretation,Tables,Medium,"General,SSC,CAT"
Q01218,Quantitative Aptitude,Quadratic Equations,Hard,"Banking,SSC"
Q01219,Logical Reasoning,Syllogisms,Medium,General
Q01220,Verbal Ability,Critical Reasoning,Hard,TCS NQT
Q01221,Quantitative Aptitude,Mensuration,Easy,General
Q01222,Quantitative Aptitude,Partnership,Hard,"General,SSC,Placements"
Q01223,Quantitative Aptitude,Pipes & Cisterns,Easy,SSC
Q01224,Quantitative Aptitude,Mensuration,Medium,General
Q01225,Logical Reasoning,Seating Arrangement,Easy,Placements
Q01226,Verbal Ability,Error Spotting,Easy,"CAT,Banking,General"
Q01227,Quantitative Aptitude,Geometry,Easy,"TCS NQT,SSC"
Q01228,Verbal Ability,Synonyms & Antonyms,Easy,TCS NQT
Q01229,Quantitative Aptitude,Averages,Medium,SSC
Q01230,Verbal Ability,Odd One Out,Easy,"Placements,CAT,General"
Q01231,Data Interpretation,Mixed DI Sets,Hard,"CAT,TCS NQT,SSC"
Q01232,Logical Reasoning,Analogy,Easy,"TCS NQT,SSC,CAT"
Q01233,Verbal Ability,Error Spotting,Hard,"TCS NQT,Placements"
Q01234,Logical Reasoning,Coding-Decoding,Easy,"CAT,TCS NQT,Placements"
Q01235,Verbal Ability,Para Summary,Medium,"TCS NQT,Banking,CAT"
Q01236,Quantitative Aptitude,Linear Equations,Hard,Placements
Q01237,Quantitative Aptitude,Surds & Indices,Hard,"SSC,General"
Q01238,Data Interpretation,Caselets,Easy,TCS NQT
Q01239,Logical Reasoning,Analogy,Medium,"General,CAT,TCS NQT"
Q01240,Quantitative Aptitude,Surds & Indices,Medium,"Banking,Placements"
Q01241,Data Interpretation,Tables,Easy,General
Q01242,Verbal Ability,Fill in the Blanks,Medium,"CAT,Banking"
Q01243,Verbal Ability,Critical Reasoning,Easy,"General,SSC,CAT"
Q01244,Verbal Ability,Idioms & Phrases,Easy,"TCS NQT,General"
Q01245,Data Interpretation,Radar/Spider Charts,Easy,"CAT,SSC"
Q01246,Quantitative Aptitude,Set Theory,Medium,SSC
Q01247,Logical Reasoning,Seating Arrangement,Medium,Placements
Q01248,Logical Reasoning,Blood Relations,Easy,"CAT,Placements,TCS NQT"
Q01249,Verbal Ability,Cloze Test,Easy,"CAT,Placements"
Q01250,Verbal Ability,Idioms & Phrases,Medium,"General,Banking,CAT"
Q01251,Quantitative Aptitude,Pipes & Cisterns,Easy,"Placements,CAT,Banking"
Q01252,Verbal Ability,Error Spotting,Easy,"CAT,General"
Q01253,Verbal Ability,Para Jumbles,Easy,Placements
Q01254,Quantitative Aptitude,Averages,Medium,"CAT,TCS NQT,Placements"
Q01255,Quantitative Aptitude,Averages,Easy,"Banking,General"
Q01256,Logical Reasoning,Ranking & Order,Easy,"SSC,CAT"
Q01257,Quantitative Aptitude,Quadratic Equations,Medium,"CAT,TCS NQT,General"
Q01258,Logical Reasoning,Seating Arrangement,Medium,"TCS NQT,CAT,General"
Q01259,Quantitative Aptitude,Linear Equations,Easy,"CAT,SSC,TCS NQT"
Q01260,Data Interpretation,Pie Charts,Medium,"Banking,General"
Q01261,Quantitative Aptitude,Quadratic Equations,Medium,"CAT,Banking,Placements"
Q01262,Verbal Ability,Idioms & Phrases,Hard,Placements
Q01263,Verbal Ability,Error Spotting,Medium,"TCS NQT,SSC"
Q01264,Quantitative Aptitude,Set Theory,Easy,SSC
Q01265,Quantitative Aptitude,Surds & Indices,Easy,"General,SSC,CAT"
Q01266,Logical Reasoning,Direction Sense,Easy,CAT
Q01267,Verbal Ability,Reading Comprehension,Easy,"TCS NQT,Banking,CAT"
Q01268,Quantitative Aptitude,Mixtures & Alligations,Easy,General
Q01269,Quantitative Aptitude,Pipes & Cisterns,Hard,"SSC,Placements,Banking"
Q01270,Quantitative Aptitude,Set Theory,Medium,"Placements,General,TCS NQT"
Q01271,Verbal Ability,Sentence Correction,Medium,"SSC,Placements,CAT"
Q01272,Quantitative Aptitude,Time & Work,Easy,"TCS NQT,CAT,Banking"
Q01273,Logical Reasoning,Seating Arrangement,Hard,"General,CAT"
Q01274,Logical Reasoning,Statement & Conclusion,Easy,Placements
Q01275,Logical Reasoning,Analogy,Medium,"SSC,Placements"
Q01276,Quantitative Aptitude,Surds & Indices,Easy,"Placements,CAT,SSC"
Q01277,Quantitative Aptitude,Logarithms,Easy,Placements
Q01278,Data Interpretation,Mixed DI Sets,Hard,"Banking,SSC"
Q01279,Logical Reasoning,Clocks & Calendars,Hard,"TCS NQT,Placements,SSC"
Q01280,Logical Reasoning,Venn Diagrams,Medium,"Placements,CAT"
Q01281,Verbal Ability,Fill in the Blanks,Easy,Placements
Q01282,Quantitative Aptitude,Partnership,Medium,"General,Banking,SSC"
Q01283,Verbal Ability,Fill in the Blanks,Medium,General
Q01284,Logical Reasoning,Venn Diagrams,Medium,"Banking,General"
Q01285,Verbal Ability,Fill in the Blanks,Easy,"Banking,TCS NQT"
Q01286,Verbal Ability,Para Jumbles,Easy,General
Q01287,Quantitative Aptitude,Logarithms,Hard,SSC
Q01288,Logical Reasoning,Direction Sense,Medium,"Placements,SSC,CAT"
Q01289,Quantitative Aptitude,Pipes & Cisterns,Easy,CAT
Q01290,Logical Reasoning,Blood Relations,Easy,"TCS NQT,Banking,Placements"
Q01291,Verbal Ability,Reading Comprehension,Hard,"SSC,TCS NQT,Banking"
Q01292,Verbal Ability,Cloze Test,Easy,SSC
Q01293,Quantitative Aptitude,Quadratic Equations,Medium,TCS NQT
Q01294,Logical Reasoning,Clocks & Calendars,Medium,Banking
Q01295,Logical Reasoning,Seating Arrangement,Easy,"SSC,TCS NQT"
Q01296,Logical Reasoning,Blood Relations,Hard,"Placements,TCS NQT,General"
Q01297,Quantitative Aptitude,Permutation & Combination,Easy,Banking
Q01298,Verbal Ability,Synonyms & Antonyms,Medium,TCS NQT
Q01299,Verbal Ability,Verbal Analogies,Medium,"Placements,Banking,SSC"
Q01300,Quantitative Aptitude,Percentages,Easy,Banking
Q01301,Logical Reasoning,Statement & Assumption,Hard,SSC
Q01302,Quantitative Aptitude,Linear Equations,Medium,CAT
Q01303,Quantitative Aptitude,Surds & Indices,Medium,TCS NQT
Q01304,Quantitative Aptitude,Linear Equations,Hard,"Banking,General"
Q01305,Logical Reasoning,Syllogisms,Medium,General
Q01306,Verbal Ability,Fill in the Blanks,Easy,General
Q01307,Verbal Ability,Idioms & Phrases,Hard,"SSC,General,Placements"
Q01308,Quantitative Aptitude,Quadratic Equations,Medium,"Banking,SSC,CAT"
Q01309,Verbal Ability,Idioms & Phrases,Medium,"Banking,Placements"
Q01310,Quantitative Aptitude,Permutation & Combination,Medium,"SSC,General"
Q01311,Quantitative Aptitude,Trigonometry,Medium,"TCS NQT,CAT"
Q01312,Data Interpretation,Venn-based DI,Medium,Banking
Q01313,Quantitative Aptitude,Time & Work,Hard,CAT
Q01314,Logical Reasoning,Statement & Conclusion,Hard,Placements
Q01315,Logical Reasoning,Coding-Decoding,Easy,SSC
Q01316,Logical Reasoning,Puzzles,Medium,"Placements,Banking,SSC"
Q01317,Quantitative Aptitude,Pipes & Cisterns,Hard,Banking
Q01318,Verbal Ability,Cloze Test,Easy,"Banking,Placements"
Q01319,Logical Reasoning,Coding-Decoding,Medium,"Banking,CAT,Placements"
Q01320,Quantitative Aptitude,Percentages,Hard,TCS NQT
Q01321,Quantitative Aptitude,Progressions (AP/GP),Hard,Placements
Q01322,Logical Reasoning,Syllogisms,Hard,"Placements,CAT,General"
Q01323,Verbal Ability,Critical Reasoning,Medium,TCS NQT
Q01324,Logical Reasoning,Ranking & Order,Medium,"TCS NQT,CAT,SSC"
Q01325,Logical Reasoning,Seating Arrangement,Easy,Banking
Q01326,Logical Reasoning,Analogy,Easy,"Placements,General"
Q01327,Logical Reasoning,Input-Output,Easy,"Placements,TCS NQT,General"
Q01328,Logical Reasoning,Statement & Conclusion,Medium,General
Q01329,Verbal Ability,Cloze Test,Medium,"Banking,TCS NQT"
Q01330,Verbal Ability,Verbal Analogies,Medium,Placements
Q01331,Logical Reasoning,Ranking & Order,Hard,"Placements,CAT"
Q01332,Quantitative Aptitude,Number System,Medium,TCS NQT
Q01333,Logical Reasoning,Input-Output,Easy,TCS NQT
Q01334,Verbal Ability,Para Jumbles,Medium,Banking
Q01335,Quantitative Aptitude,Logarithms,Medium,"CAT,TCS NQT,General"
Q01336,Quantitative Aptitude,Profit & Loss,Easy,"General,Placements"
Q01337,Quantitative Aptitude,Logarithms,Medium,"CAT,Banking,TCS NQT"
Q01338,Logical Reasoning,Data Sufficiency,Medium,General
Q01339,Logical Reasoning,Input-Output,Hard,Banking
Q01340,Quantitative Aptitude,Quadratic Equations,Easy,"TCS NQT,General"
Q01341,Logical Reasoning,Puzzles,Medium,"Placements,SSC"
Q01342,Data Interpretation,Radar/Spider Charts,Easy,CAT
Q01343,Quantitative Aptitude,Mixtures & Alligations,Easy,"TCS NQT,Banking,SSC"
Q01344,Verbal Ability,Sentence Correction,Easy,General
Q01345,Data Interpretation,Bar Graphs,Hard,"TCS NQT,CAT,General"
Q01346,Quantitative Aptitude,Quadratic Equations,Easy,"Placements,SSC,Banking"
Q01347,Quantitative Aptitude,Linear Equations,Medium,Placements
Q01348,Data Interpretation,Data Sufficiency (DI),Medium,"TCS NQT,SSC,General"
Q01349,Data Interpretation,Venn-based DI,Easy,"TCS NQT,SSC"
Q01350,Quantitative Aptitude,Logarithms,Easy,"General,Banking"
Q01351,Verbal Ability,Sentence Correction,Medium,"TCS NQT,General"
Q01352,Logical Reasoning,Analogy,Easy,SSC
Q01353,Quantitative Aptitude,Probability,Easy,"Banking,SSC,TCS NQT"
Q01354,Quantitative Aptitude,Progressions (AP/GP),Medium,"General,Banking"
Q01355,Quantitative Aptitude,Pipes & Cisterns,Easy,General
Q01356,Verbal Ability,Para Jumbles,Medium,"Placements,Banking,General"
Q01357,Logical Reasoning,Puzzles,Hard,TCS NQT
Q01358,Quantitative Aptitude,Quadratic Equations,Medium,"TCS NQT,General"
Q01359,Data Interpretation,Bar Graphs,Easy,Banking
Q01360,Quantitative Aptitude,Set Theory,Medium,CAT
Q01361,Logical Reasoning,Direction Sense,Hard,"TCS NQT,Banking"
Q01362,Quantitative Aptitude,Profit & Loss,Medium,SSC
Q01363,Logical Reasoning,Statement & Assumption,Medium,"CAT,TCS NQT"
Q01364,Data Interpretation,Bar Graphs,Easy,"Banking,General,SSC"
Q01365,Verbal Ability,Error Spotting,Easy,"CAT,Placements,Banking"
Q01366,Logical Reasoning,Cubes & Dice,Medium,Placements
Q01367,Data Interpretation,Venn-based DI,Easy,"Placements,CAT"
Q01368,Quantitative Aptitude,Logarithms,Easy,"TCS NQT,Placements,General"
Q01369,Data Interpretation,Bar Graphs,Hard,"Placements,CAT"
Q01370,Verbal Ability,Synonyms & Antonyms,Medium,SSC
Q01371,Logical Reasoning,Ranking & Order,Medium,"General,Banking"
Q01372,Quantitative Aptitude,Quadratic Equations,Medium,"Placements,TCS NQT,CAT"
Q01373,Logical Reasoning,Seating Arrangement,Medium,TCS NQT
Q01374,Quantitative Aptitude,Mixtures & Alligations,Medium,"TCS NQT,General,SSC"
Q01375,Verbal Ability,Fill in the Blanks,Medium,"Placements,TCS NQT"
Q01376,Logical Reasoning,Series Completion,Medium,"Banking,TCS NQT"
Q01377,Verbal Ability,Reading Comprehension,Medium,"Placements,Banking"
Q01378,Quantitative Aptitude,Permutation & Combination,Medium,TCS NQT
Q01379,Logical Reasoning,Seating Arrangement,Medium,"SSC,General,CAT"
Q01380,Verbal Ability,Idioms & Phrases,Easy,"TCS NQT,General"
Q01381,Logical Reasoning,Statement & Conclusion,Hard,"Banking,General,TCS NQT"
Q01382,Quantitative Aptitude,Ratio & Proportion,Medium,"Banking,General"
Q01383,Logical Reasoning,Blood Relations,Medium,"CAT,SSC"
Q01384,Quantitative Aptitude,Profit & Loss,Easy,"General,Placements"
Q01385,Data Interpretation,Tables,Medium,"Banking,SSC"
Q01386,Verbal Ability,Idioms & Phrases,Medium,"CAT,SSC,Placements"
Q01387,Verbal Ability,Critical Reasoning,Hard,Banking
Q01388,Quantitative Aptitude,Surds & Indices,Easy,"SSC,CAT,Placements"
Q01389,Quantitative Aptitude,Trigonometry,Easy,"SSC,Placements"
Q01390,Logical Reasoning,Statement & Conclusion,Medium,General
Q01391,Quantitative Aptitude,Surds & Indices,Easy,Banking
Q01392,Quantitative Aptitude,Pipes & Cisterns,Easy,Placements
Q01393,Logical Reasoning,Statement & Assumption,Hard,"Placements,General"
Q01394,Data Interpretation,Tables,Easy,TCS NQT
Q01395,Quantitative Aptitude,Linear Equations,Hard,CAT
Q01396,Verbal Ability,Para Jumbles,Medium,General
Q01397,Data Interpretation,Radar/Spider Charts,Hard,"CAT,TCS NQT,General"
Q01398,Data Interpretation,Radar/Spider Charts,Easy,"TCS NQT,SSC"
Q01399,Quantitative Aptitude,Trigonometry,Hard,"SSC,Banking,Placements"
Q01400,Quantitative Aptitude,Permutation & Combination,Hard,"Banking,Placements"
Q01401,Logical Reasoning,Direction Sense,Medium,TCS NQT
Q01402,Verbal Ability,Para Summary,Easy,"TCS NQT,CAT"
Q01403,Logical Reasoning,Data Sufficiency,Easy,"General,Placements"
Q01404,Data Interpretation,Radar/Spider Charts,Easy,General
Q01405,Verbal Ability,Idioms & Phrases,Medium,"SSC,CAT"
Q01406,Verbal Ability,Reading Comprehension,Medium,"Placements,Banking,CAT"
Q01407,Logical Reasoning,Venn Diagrams,Easy,"TCS NQT,SSC"
Q01408,Logical Reasoning,Coding-Decoding,Medium,"SSC,Placements,General"
Q01409,Verbal Ability,Odd One Out,Easy,"SSC,General,Placements"
Q01410,Quantitative Aptitude,Trigonometry,Medium,"Placements,Banking"
Q01411,Data Interpretation,Mixed DI Sets,Medium,"Banking,SSC"
Q01412,Verbal Ability,Odd One Out,Easy,TCS NQT
Q01413,Data Interpretation,Line Graphs,Medium,"General,Placements,CAT"
Q01414,Logical Reasoning,Statement & Conclusion,Easy,TCS NQT
Q01415,Quantitative Aptitude,Geometry,Easy,"Placements,General"
Q01416,Quantitative Aptitude,Pipes & Cisterns,Hard,Banking
Q01417,Data Interpretation,Bar Graphs,Medium,Banking
Q01418,Data Interpretation,Radar/Spider Charts,Medium,General
Q01419,Quantitative Aptitude,Permutation & Combination,Medium,"General,SSC,Banking"
Q01420,Quantitative Aptitude,Mixtures & Alligations,Easy,"TCS NQT,General"
Q01421,Verbal Ability,Reading Comprehension,Hard,"CAT,Placements"
Q01422,Verbal Ability,Reading Comprehension,Hard,SSC
Q01423,Data Interpretation,Radar/Spider Charts,Easy,"CAT,Banking,SSC"
Q01424,Verbal Ability,Critical Reasoning,Easy,"SSC,TCS NQT"
Q01425,Data Interpretation,Venn-based DI,Easy,"SSC,CAT"
Q01426,Logical Reasoning,Input-Output,Hard,SSC
Q01427,Logical Reasoning,Series Completion,Easy,"TCS NQT,General,Placements"
Q01428,Quantitative Aptitude,Mixtures & Alligations,Medium,"SSC,TCS NQT"
Q01429,Logical Reasoning,Analogy,Medium,"Banking,CAT,General"
Q01430,Verbal Ability,Verbal Analogies,Medium,"Banking,Placements"
Q01431,Quantitative Aptitude,Time & Work,Hard,"SSC,Banking,TCS NQT"
Q01432,Logical Reasoning,Seating Arrangement,Hard,Placements
Q01433,Verbal Ability,Fill in the Blanks,Easy,SSC
Q01434,Quantitative Aptitude,Algebra,Hard,"SSC,General,Banking"
Q01435,Verbal Ability,Critical Reasoning,Medium,"SSC,TCS NQT"
Q01436,Data Interpretation,Venn-based DI,Easy,"Banking,Placements"
Q01437,Verbal Ability,Synonyms & Antonyms,Medium,Placements
Q01438,Logical Reasoning,Statement & Assumption,Medium,"SSC,CAT,Placements"
Q01439,Quantitative Aptitude,Time & Work,Medium,"CAT,General"
Q01440,Logical Reasoning,Seating Arrangement,Medium,"TCS NQT,CAT"
Q01441,Quantitative Aptitude,Number System,Hard,"TCS NQT,CAT"
Q01442,Verbal Ability,Para Jumbles,Medium,"TCS NQT,Placements"
Q01443,Logical Reasoning,Seating Arrangement,Medium,"Banking,SSC,Placements"
Q01444,Verbal Ability,Sentence Correction,Medium,"SSC,Banking,Placements"
Q01445,Logical Reasoning,Direction Sense,Medium,"Placements,CAT,TCS NQT"
Q01446,Logical Reasoning,Data Sufficiency,Easy,"Banking,General"
Q01447,Logical Reasoning,Statement & Conclusion,Hard,"Banking,Placements,TCS NQT"
Q01448,Quantitative Aptitude,Progressions (AP/GP),Easy,"Banking,TCS NQT,General"
Q01449,Quantitative Aptitude,Permutation & Combination,Medium,"General,TCS NQT,SSC"
Q01450,Quantitative Aptitude,Linear Equations,Easy,"TCS NQT,Placements"
Q01451,Verbal Ability,Para Jumbles,Hard,"SSC,General"
Q01452,Logical Reasoning,Input-Output,Easy,"Placements,SSC"
Q01453,Logical Reasoning,Blood Relations,Medium,TCS NQT
Q01454,Quantitative Aptitude,Compound Interest,Hard,"SSC,Banking"
Q01455,Quantitative Aptitude,Probability,Easy,General
Q01456,Quantitative Aptitude,Trigonometry,Medium,"SSC,CAT"
Q01457,Verbal Ability,Para Summary,Medium,"TCS NQT,Placements"
Q01458,Logical Reasoning,Blood Relations,Hard,"SSC,Placements,Banking"
Q01459,Verbal Ability,Idioms & Phrases,Easy,"Banking,Placements"
Q01460,Data Interpretation,Line Graphs,Easy,"General,Banking,TCS NQT"
Q01461,Verbal Ability,Sentence Correction,Easy,"CAT,Banking"
Q01462,Quantitative Aptitude,Set Theory,Hard,TCS NQT
Q01463,Quantitative Aptitude,Logarithms,Easy,"General,SSC,TCS NQT"
Q01464,Quantitative Aptitude,Set Theory,Easy,"TCS NQT,SSC,Banking"
Q01465,Logical Reasoning,Series Completion,Easy,Placements
Q01466,Data Interpretation,Line Graphs,Hard,"CAT,Banking"
Q01467,Logical Reasoning,Cubes & Dice,Easy,"General,TCS NQT"
Q01468,Quantitative Aptitude,Trigonometry,Easy,SSC
Q01469,Quantitative Aptitude,Number System,Medium,CAT
Q01470,Quantitative Aptitude,Probability,Easy,Placements
Q01471,Data Interpretation,Pie Charts,Easy,"SSC,Placements"
Q01472,Quantitative Aptitude,Partnership,Hard,"General,CAT"
Q01473,Quantitative Aptitude,Ratio & Proportion,Hard,Placements
Q01474,Quantitative Aptitude,Number System,Medium,"Placements,SSC"
Q01475,Verbal Ability,Para Summary,Hard,"Banking,SSC"
Q01476,Quantitative Aptitude,Mensuration,Easy,"CAT,SSC,General"
Q01477,Logical Reasoning,Direction Sense,Medium,SSC
Q01478,Verbal Ability,Para Summary,Easy,TCS NQT
Q01479,Quantitative Aptitude,Trigonometry,Medium,Placements
Q01480,Verbal Ability,Critical Reasoning,Easy,"CAT,General"
Q01481,Logical Reasoning,Statement & Assumption,Easy,"Banking,Placements"
Q01482,Quantitative Aptitude,Pipes & Cisterns,Easy,Placements
Q01483,Data Interpretation,Radar/Spider Charts,Hard,"CAT,TCS NQT,Placements"
Q01484,Quantitative Aptitude,Trigonometry,Medium,"General,SSC"
Q01485,Data Interpretation,Mixed DI Sets,Easy,General
Q01486,Data Interpretation,Bar Graphs,Medium,"TCS NQT,General,CAT"
Q01487,Verbal Ability,Critical Reasoning,Easy,"General,SSC"
Q01488,Quantitative Aptitude,"Time, Speed & Distance",Hard,"CAT,Placements"
Q01489,Data Interpretation,Pie Charts,Hard,General
Q01490,Quantitative Aptitude,Geometry,Easy,"CAT,Placements"
Q01491,Quantitative Aptitude,Averages,Medium,"CAT,Banking,Placements"
Q01492,Logical Reasoning,Blood Relations,Hard,TCS NQT
Q01493,Logical Reasoning,Analogy,Easy,"TCS NQT,Placements,SSC"
Q01494,Quantitative Aptitude,Profit & Loss,Medium,Placements
Q01495,Verbal Ability,Odd One Out,Medium,General
Q01496,Quantitative Aptitude,Logarithms,Medium,"General,CAT"
Q01497,Verbal Ability,Reading Comprehension,Easy,"General,Placements"
Q01498,Quantitative Aptitude,Partnership,Medium,"CAT,Placements,Banking"
Q01499,Quantitative Aptitude,Ratio & Proportion,Easy,"TCS NQT,SSC"
Q01500,Logical Reasoning,Cubes & Dice,Easy,"Placements,CAT,Banking"
Q01501,Quantitative Aptitude,Linear Equations,Easy,"Placements,SSC,CAT"
Q01502,Quantitative Aptitude,Trigonometry,Easy,"Banking,TCS NQT,SSC"
Q01503,Data Interpretation,Venn-based DI,Easy,"Banking,Placements,TCS NQT"
Q01504,Data Interpretation,Venn-based DI,Medium,"SSC,Banking"
Q01505,Logical Reasoning,Statement & Conclusion,Easy,"TCS NQT,Placements,CAT"
Q01506,Verbal Ability,Idioms & Phrases,Easy,Banking
Q01507,Data Interpretation,Caselets,Medium,"TCS NQT,SSC"
Q01508,Quantitative Aptitude,Mensuration,Easy,General
Q01509,Logical Reasoning,Ranking & Order,Easy,"Placements,CAT,SSC"
Q01510,Logical Reasoning,Statement & Assumption,Easy,"General,CAT"
Q01511,Data Interpretation,Venn-based DI,Medium,"Placements,TCS NQT"
Q01512,Data Interpretation,Radar/Spider Charts,Medium,"Placements,TCS NQT,SSC"
Q01513,Verbal Ability,Fill in the Blanks,Hard,"General,SSC"
Q01514,Verbal Ability,Para Jumbles,Medium,TCS NQT
Q01515,Verbal Ability,Cloze Test,Hard,CAT
Q01516,Verbal Ability,Synonyms & Antonyms,Hard,CAT
Q01517,Logical Reasoning,Series Completion,Easy,Banking
Q01518,Logical Reasoning,Series Completion,Medium,CAT
Q01519,Logical Reasoning,Ranking & Order,Medium,"Banking,TCS NQT,SSC"
Q01520,Logical Reasoning,Syllogisms,Easy,"Placements,TCS NQT"
Q01521,Quantitative Aptitude,Partnership,Medium,CAT
Q01522,Data Interpretation,Tables,Medium,"Banking,CAT,General"
Q01523,Data Interpretation,Bar Graphs,Medium,"TCS NQT,Banking"
Q01524,Logical Reasoning,Data Sufficiency,Medium,"CAT,TCS NQT,SSC"
Q01525,Quantitative Aptitude,Permutation & Combination,Medium,General
Q01526,Quantitative Aptitude,Profit & Loss,Easy,"CAT,Placements"
Q01527,Data Interpretation,Venn-based DI,Easy,CAT
Q01528,Logical Reasoning,Statement & Assumption,Easy,"Banking,Placements,TCS NQT"
Q01529,Verbal Ability,Idioms & Phrases,Medium,"Placements,TCS NQT,General"
Q01530,Data Interpretation,Venn-based DI,Medium,"TCS NQT,Banking,CAT"
Q01531,Quantitative Aptitude,Set Theory,Medium,"SSC,Banking,TCS NQT"
Q01532,Verbal Ability,Para Jumbles,Medium,Placements
Q01533,Logical Reasoning,Ranking & Order,Medium,"SSC,Placements,Banking"
Q01534,Data Interpretation,Mixed DI Sets,Easy,"TCS NQT,SSC"
Q01535,Verbal Ability,Fill in the Blanks,Hard,"General,Banking"
Q01536,Quantitative Aptitude,Pipes & Cisterns,Medium,"TCS NQT,Placements"
Q01537,Logical Reasoning,Series Completion,Medium,"TCS NQT,SSC"
Q01538,Quantitative Aptitude,Linear Equations,Easy,"Banking,General"
Q01539,Logical Reasoning,Blood Relations,Hard,"CAT,SSC,General"
Q01540,Data Interpretation,Venn-based DI,Medium,SSC
Q01541,Data Interpretation,Bar Graphs,Medium,"Placements,General"
Q01542,Quantitative Aptitude,Algebra,Medium,General
Q01543,Logical Reasoning,Statement & Conclusion,Medium,"TCS NQT,General,Placements"
Q01544,Verbal Ability,Para Jumbles,Hard,Banking
Q01545,Verbal Ability,Fill in the Blanks,Hard,Placements
Q01546,Quantitative Aptitude,Averages,Medium,"TCS NQT,Placements"
Q01547,Verbal Ability,Sentence Correction,Medium,"SSC,CAT"
Q01548,Quantitative Aptitude,Progressions (AP/GP),Medium,"TCS NQT,Placements"
Q01549,Quantitative Aptitude,Pipes & Cisterns,Hard,General
Q01550,Logical Reasoning,Venn Diagrams,Easy,"Placements,Banking"
Q01551,Logical Reasoning,Puzzles,Easy,"General,SSC,CAT"
Q01552,Verbal Ability,Error Spotting,Easy,"Banking,CAT,TCS NQT"
Q01553,Logical Reasoning,Venn Diagrams,Easy,"Banking,General"
Q01554,Logical Reasoning,Puzzles,Easy,General
Q01555,Data Interpretation,Bar Graphs,Medium,"General,Banking,CAT"
Q01556,Logical Reasoning,Clocks & Calendars,Medium,"CAT,SSC,Placements"
Q01557,Quantitative Aptitude,Algebra,Easy,"General,Placements,TCS NQT"
Q01558,Quantitative Aptitude,Percentages,Medium,"General,Banking,TCS NQT"
Q01559,Verbal Ability,Verbal Analogies,Easy,"TCS NQT,CAT,Placements"
Q01560,Quantitative Aptitude,Geometry,Easy,"Banking,Placements"
Q01561,Verbal Ability,Synonyms & Antonyms,Easy,"CAT,Banking"
Q01562,Verbal Ability,Verbal Analogies,Easy,"CAT,TCS NQT,Banking"
Q01563,Logical Reasoning,Statement & Conclusion,Easy,Banking
Q01564,Logical Reasoning,Input-Output,Easy,"Placements,General,Banking"
Q01565,Quantitative Aptitude,Probability,Easy,Banking
Q01566,Verbal Ability,Para Summary,Hard,"TCS NQT,Placements,General"
Q01567,Data Interpretation,Tables,Hard,SSC
Q01568,Quantitative Aptitude,Geometry,Medium,"General,TCS NQT"
Q01569,Logical Reasoning,Seating Arrangement,Medium,General
Q01570,Quantitative Aptitude,Geometry,Hard,"SSC,General"
Q01571,Quantitative Aptitude,"Time, Speed & Distance",Medium,"SSC,TCS NQT"
Q01572,Logical Reasoning,Blood Relations,Easy,"Placements,SSC"
Q01573,Quantitative Aptitude,Logarithms,Hard,"TCS NQT,Placements"
Q01574,Quantitative Aptitude,Mensuration,Easy,Placements
Q01575,Data Interpretation,Tables,Medium,"SSC,Placements,CAT"
Q01576,Verbal Ability,Para Jumbles,Hard,"CAT,Placements,TCS NQT"
Q01577,Logical Reasoning,Clocks & Calendars,Easy,SSC
Q01578,Logical Reasoning,Puzzles,Hard,"Banking,General"
Q01579,Verbal Ability,Reading Comprehension,Hard,"Placements,TCS NQT"
Q01580,Quantitative Aptitude,"Time, Speed & Distance",Easy,TCS NQT
Q01581,Data Interpretation,Venn-based DI,Medium,"TCS NQT,Banking"
Q01582,Quantitative Aptitude,Logarithms,Medium,"Placements,CAT,Banking"
Q01583,Logical Reasoning,Syllogisms,Easy,"Placements,CAT"
Q01584,Quantitative Aptitude,Mixtures & Alligations,Medium,General
Q01585,Quantitative Aptitude,Logarithms,Hard,"CAT,Banking"
Q01586,Quantitative Aptitude,Set Theory,Medium,CAT
Q01587,Logical Reasoning,Ranking & Order,Medium,"SSC,General,CAT"
Q01588,Data Interpretation,Bar Graphs,Easy,"General,Banking"
Q01589,Logical Reasoning,Statement & Assumption,Hard,"TCS NQT,CAT"
Q01590,Quantitative Aptitude,Algebra,Hard,"TCS NQT,General"
Q01591,Verbal Ability,Para Jumbles,Hard,Placements
Q01592,Data Interpretation,Venn-based DI,Easy,"TCS NQT,CAT"
Q01593,Quantitative Aptitude,Percentages,Medium,TCS NQT
Q01594,Verbal Ability,Critical Reasoning,Easy,"Banking,General"
Q01595,Logical Reasoning,Coding-Decoding,Easy,SSC
Q01596,Data Interpretation,Mixed DI Sets,Medium,"General,SSC"
Q01597,Verbal Ability,Sentence Correction,Medium,"SSC,CAT,General"
Q01598,Data Interpretation,Data Sufficiency (DI),Easy,TCS NQT
Q01599,Quantitative Aptitude,Averages,Medium,Placements
Q01600,Logical Reasoning,Venn Diagrams,Medium,"General,Placements"
Q01601,Quantitative Aptitude,Profit & Loss,Easy,"Banking,TCS NQT,Placements"
Q01602,Quantitative Aptitude,Geometry,Medium,TCS NQT
Q01603,Logical Reasoning,Direction Sense,Easy,"SSC,TCS NQT"
Q01604,Quantitative Aptitude,Algebra,Medium,"TCS NQT,Placements"
Q01605,Verbal Ability,Sentence Correction,Medium,"Placements,TCS NQT,General"
Q01606,Logical Reasoning,Direction Sense,Easy,"General,TCS NQT"
Q01607,Verbal Ability,Synonyms & Antonyms,Medium,"Placements,TCS NQT"
Q01608,Data Interpretation,Line Graphs,Medium,"CAT,TCS NQT"
Q01609,Logical Reasoning,Puzzles,Hard,SSC
Q01610,Verbal Ability,Synonyms & Antonyms,Hard,"CAT,SSC,Banking"
Q01611,Logical Reasoning,Input-Output,Medium,"Banking,SSC"
Q01612,Verbal Ability,Synonyms & Antonyms,Easy,CAT
Q01613,Data Interpretation,Line Graphs,Medium,CAT
Q01614,Logical Reasoning,Statement & Conclusion,Hard,"TCS NQT,General,Placements"
Q01615,Quantitative Aptitude,Logarithms,Hard,Placements
Q01616,Data Interpretation,Bar Graphs,Medium,"CAT,Banking"
Q01617,Quantitative Aptitude,Compound Interest,Medium,"TCS NQT,Banking,SSC"
Q01618,Quantitative Aptitude,Time & Work,Easy,"Banking,General"
Q01619,Quantitative Aptitude,Compound Interest,Medium,Placements
Q01620,Quantitative Aptitude,Ratio & Proportion,Easy,Banking
Q01621,Data Interpretation,Bar Graphs,Easy,"Banking,Placements"
Q01622,Quantitative Aptitude,Pipes & Cisterns,Hard,"Placements,General,CAT"
Q01623,Logical Reasoning,Coding-Decoding,Medium,"TCS NQT,Banking"
Q01624,Quantitative Aptitude,Partnership,Easy,"Banking,Placements"
Q01625,Quantitative Aptitude,Geometry,Easy,"CAT,TCS NQT"
Q01626,Logical Reasoning,Ranking & Order,Medium,"SSC,Banking,CAT"
Q01627,Logical Reasoning,Puzzles,Easy,"Banking,CAT"
Q01628,Logical Reasoning,Statement & Assumption,Medium,"TCS NQT,Banking,CAT"
Q01629,Logical Reasoning,Ranking & Order,Medium,"General,CAT,Placements"
Q01630,Data Interpretation,Caselets,Hard,"Banking,SSC"
Q01631,Logical Reasoning,Clocks & Calendars,Medium,"Placements,Banking"
Q01632,Quantitative Aptitude,Mixtures & Alligations,Easy,"CAT,TCS NQT,Placements"
Q01633,Logical Reasoning,Cubes & Dice,Hard,"Banking,CAT,TCS NQT"
Q01634,Quantitative Aptitude,Time & Work,Easy,"General,TCS NQT,Placements"
Q01635,Logical Reasoning,Ranking & Order,Medium,"SSC,Banking"
Q01636,Quantitative Aptitude,Number System,Easy,Banking
Q01637,Data Interpretation,Tables,Hard,"CAT,SSC"
Q01638,Data Interpretation,Mixed DI Sets,Easy,"General,Placements,CAT"
Q01639,Verbal Ability,Para Jumbles,Hard,General
Q01640,Quantitative Aptitude,Mensuration,Easy,"SSC,CAT,Banking"
Q01641,Logical Reasoning,Coding-Decoding,Medium,"TCS NQT,Banking"
Q01642,Logical Reasoning,Syllogisms,Medium,SSC
Q01643,Quantitative Aptitude,Progressions (AP/GP),Hard,"Placements,General,TCS NQT"
Q01644,Verbal Ability,Synonyms & Antonyms,Easy,"CAT,Banking,SSC"
Q01645,Logical Reasoning,Clocks & Calendars,Medium,"Banking,SSC,Placements"
Q01646,Verbal Ability,Para Jumbles,Medium,Placements
Q01647,Verbal Ability,Reading Comprehension,Easy,"SSC,CAT,Banking"
Q01648,Logical Reasoning,Analogy,Medium,"TCS NQT,CAT"
Q01649,Logical Reasoning,Analogy,Medium,Placements
Q01650,Verbal Ability,Verbal Analogies,Easy,"Banking,General,TCS NQT"
Q01651,Quantitative Aptitude,Mensuration,Medium,TCS NQT
Q01652,Logical Reasoning,Blood Relations,Hard,TCS NQT
Q01653,Logical Reasoning,Statement & Conclusion,Hard,"General,TCS NQT,Placements"
Q01654,Data Interpretation,Bar Graphs,Medium,Placements
Q01655,Verbal Ability,Reading Comprehension,Medium,"SSC,CAT,Placements"
Q01656,Logical Reasoning,Syllogisms,Hard,"TCS NQT,General,SSC"
Q01657,Quantitative Aptitude,Algebra,Hard,CAT
Q01658,Data Interpretation,Pie Charts,Medium,"Placements,General"
Q01659,Quantitative Aptitude,Surds & Indices,Medium,"TCS NQT,General"
Q01660,Verbal Ability,Verbal Analogies,Easy,"Placements,Banking,SSC"
Q01661,Quantitative Aptitude,Percentages,Medium,SSC
Q01662,Logical Reasoning,Venn Diagrams,Easy,"Banking,CAT"
Q01663,Quantitative Aptitude,Geometry,Easy,"CAT,SSC,Banking"
Q01664,Logical Reasoning,Direction Sense,Medium,General
Q01665,Data Interpretation,Caselets,Easy,"TCS NQT,Banking"
Q01666,Verbal Ability,Idioms & Phrases,Easy,General
Q01667,Verbal Ability,Sentence Correction,Easy,"CAT,General,TCS NQT"
Q01668,Quantitative Aptitude,Trigonometry,Hard,"General,TCS NQT,SSC"
Q01669,Quantitative Aptitude,Geometry,Hard,"SSC,General,TCS NQT"
Q01670,Quantitative Aptitude,Compound Interest,Hard,"TCS NQT,Banking,General"
Q01671,Quantitative Aptitude,Trigonometry,Easy,TCS NQT
Q01672,Logical Reasoning,Statement & Assumption,Easy,"SSC,Placements,CAT"
Q01673,Quantitative Aptitude,Simple Interest,Easy,Banking
Q01674,Verbal Ability,Cloze Test,Easy,General
Q01675,Logical Reasoning,Series Completion,Medium,"Banking,General,CAT"
Q01676,Quantitative Aptitude,Algebra,Easy,"TCS NQT,Placements"
Q01677,Quantitative Aptitude,Number System,Medium,"Placements,SSC,TCS NQT"
Q01678,Verbal Ability,Para Jumbles,Medium,"SSC,TCS NQT"
Q01679,Verbal Ability,Idioms & Phrases,Easy,"CAT,General"
Q01680,Quantitative Aptitude,Surds & Indices,Medium,"SSC,Banking"
Q01681,Quantitative Aptitude,Pipes & Cisterns,Medium,"TCS NQT,CAT,Placements"
Q01682,Verbal Ability,Sentence Correction,Easy,"SSC,Banking"
Q01683,Logical Reasoning,Analogy,Medium,General
Q01684,Verbal Ability,Synonyms & Antonyms,Hard,"Placements,Banking"
Q01685,Quantitative Aptitude,Probability,Medium,"Banking,General"
Q01686,Logical Reasoning,Syllogisms,Easy,"SSC,TCS NQT,General"
Q01687,Logical Reasoning,Blood Relations,Hard,TCS NQT
Q01688,Logical Reasoning,Venn Diagrams,Easy,"CAT,Placements"
Q01689,Quantitative Aptitude,Averages,Medium,SSC
Q01690,Logical Reasoning,Ranking & Order,Easy,"TCS NQT,Placements,Banking"
Q01691,Quantitative Aptitude,Time & Work,Medium,"CAT,SSC,TCS NQT"
Q01692,Quantitative Aptitude,Partnership,Medium,SSC
Q01693,Verbal Ability,Para Summary,Medium,Banking
Q01694,Verbal Ability,Sentence Correction,Medium,"Banking,SSC"
Q01695,Verbal Ability,Sentence Correction,Medium,"SSC,Placements,CAT"
Q01696,Verbal Ability,Fill in the Blanks,Easy,Placements
Q01697,Logical Reasoning,Seating Arrangement,Easy,"TCS NQT,CAT"
Q01698,Verbal Ability,Odd One Out,Medium,"Placements,General,SSC"
Q01699,Quantitative Aptitude,Trigonometry,Easy,"TCS NQT,SSC,General"
Q01700,Quantitative Aptitude,Compound Interest,Medium,TCS NQT
Q01701,Data Interpretation,Line Graphs,Hard,General
Q01702,Quantitative Aptitude,Percentages,Easy,"Banking,TCS NQT"
Q01703,Quantitative Aptitude,Simple Interest,Easy,SSC
Q01704,Data Interpretation,Bar Graphs,Medium,"TCS NQT,CAT,SSC"
Q01705,Verbal Ability,Odd One Out,Medium,CAT
Q01706,Quantitative Aptitude,Permutation & Combination,Medium,"General,SSC,CAT"
Q01707,Quantitative Aptitude,Progressions (AP/GP),Hard,"General,Placements"
Q01708,Data Interpretation,Mixed DI Sets,Easy,Placements
Q01709,Verbal Ability,Critical Reasoning,Medium,"TCS NQT,SSC"
Q01710,Verbal Ability,Odd One Out,Easy,"CAT,SSC,Placements"
Q01711,Verbal Ability,Synonyms & Antonyms,Hard,"CAT,General"
Q01712,Quantitative Aptitude,Logarithms,Medium,"TCS NQT,CAT,Placements"
Q01713,Verbal Ability,Idioms & Phrases,Medium,"TCS NQT,SSC"
Q01714,Logical Reasoning,Statement & Conclusion,Medium,General
Q01715,Data Interpretation,Caselets,Medium,"Placements,General,CAT"
Q01716,Quantitative Aptitude,Mixtures & Alligations,Hard,"SSC,TCS NQT,Banking"
Q01717,Logical Reasoning,Syllogisms,Medium,CAT
Q01718,Verbal Ability,Odd One Out,Medium,"CAT,General,Banking"
Q01719,Quantitative Aptitude,Percentages,Easy,Banking
Q01720,Quantitative Aptitude,Quadratic Equations,Medium,General
Q01721,Data Interpretation,Radar/Spider Charts,Hard,"SSC,General,TCS NQT"
Q01722,Quantitative Aptitude,"Time, Speed & Distance",Medium,"General,TCS NQT,CAT"
Q01723,Verbal Ability,Odd One Out,Easy,"Placements,CAT,Banking"
Q01724,Data Interpretation,Pie Charts,Easy,"SSC,Banking"
Q01725,Logical Reasoning,Analogy,Easy,Placements
Q01726,Quantitative Aptitude,Compound Interest,Hard,"SSC,General,Banking"
Q01727,Logical Reasoning,Coding-Decoding,Easy,"General,SSC,TCS NQT"
Q01728,Verbal Ability,Odd One Out,Medium,"CAT,General"
Q01729,Quantitative Aptitude,Trigonometry,Easy,SSC
Q01730,Quantitative Aptitude,Trigonometry,Easy,"Placements,SSC"
Q01731,Logical Reasoning,Data Sufficiency,Hard,"TCS NQT,Placements,CAT"
Q01732,Logical Reasoning,Ranking & Order,Easy,"CAT,SSC,General"
Q01733,Quantitative Aptitude,Mixtures & Alligations,Medium,"Banking,General,TCS NQT"
Q01734,Verbal Ability,Sentence Correction,Medium,"Placements,TCS NQT,General"
Q01735,Quantitative Aptitude,Trigonometry,Medium,"CAT,SSC"
Q01736,Data Interpretation,Tables,Medium,"TCS NQT,Banking,General"
Q01737,Quantitative Aptitude,Progressions (AP/GP),Easy,"TCS NQT,Placements"
Q01738,Verbal Ability,Synonyms & Antonyms,Medium,"General,CAT,Banking"
Q01739,Verbal Ability,Para Jumbles,Hard,"TCS NQT,Banking,SSC"
Q01740,Verbal Ability,Idioms & Phrases,Easy,Banking
Q01741,Data Interpretation,Line Graphs,Easy,"Banking,CAT"
Q01742,Verbal Ability,Verbal Analogies,Easy,General
Q01743,Quantitative Aptitude,Logarithms,Medium,"SSC,Banking"
Q01744,Logical Reasoning,Syllogisms,Hard,Placements
Q01745,Quantitative Aptitude,Compound Interest,Medium,"General,CAT,Placements"
Q01746,Verbal Ability,Cloze Test,Medium,Banking
Q01747,Verbal Ability,Idioms & Phrases,Easy,"Banking,TCS NQT"
Q01748,Data Interpretation,Radar/Spider Charts,Easy,Placements
Q01749,Quantitative Aptitude,Surds & Indices,Medium,"SSC,TCS NQT"
Q01750,Data Interpretation,Caselets,Easy,"General,SSC"
Q01751,Data Interpretation,Pie Charts,Easy,"CAT,TCS NQT,Banking"
Q01752,Quantitative Aptitude,Compound Interest,Hard,"CAT,SSC"
Q01753,Logical Reasoning,Syllogisms,Hard,General
Q01754,Quantitative Aptitude,Probability,Easy,"CAT,SSC"
Q01755,Quantitative Aptitude,Number System,Easy,Banking
Q01756,Verbal Ability,Error Spotting,Easy,"Banking,SSC,General"
Q01757,Quantitative Aptitude,Quadratic Equations,Medium,"Banking,TCS NQT"
Q01758,Verbal Ability,Sentence Correction,Medium,"Placements,Banking,General"
Q01759,Verbal Ability,Sentence Correction,Medium,"Banking,SSC,General"
Q01760,Quantitative Aptitude,Compound Interest,Medium,"General,Placements"
Q01761,Data Interpretation,Line Graphs,Medium,CAT
Q01762,Verbal Ability,Cloze Test,Hard,Placements
Q01763,Data Interpretation,Radar/Spider Charts,Medium,"Banking,Placements,CAT"
Q01764,Quantitative Aptitude,Compound Interest,Medium,"Banking,General,TCS NQT"
Q01765,Data Interpretation,Line Graphs,Medium,"TCS NQT,Banking"
Q01766,Logical Reasoning,Cubes & Dice,Easy,"SSC,Placements"
Q01767,Verbal Ability,Synonyms & Antonyms,Hard,"TCS NQT,CAT"
Q01768,Quantitative Aptitude,Progressions (AP/GP),Easy,"General,Placements"
Q01769,Quantitative Aptitude,Partnership,Hard,"SSC,Banking,General"
Q01770,Quantitative Aptitude,Percentages,Medium,TCS NQT
Q01771,Quantitative Aptitude,Trigonometry,Medium,"SSC,CAT,Banking"
Q01772,Verbal Ability,Error Spotting,Easy,Placements
Q01773,Verbal Ability,Error Spotting,Medium,"TCS NQT,SSC,Banking"
Q01774,Quantitative Aptitude,Permutation & Combination,Hard,TCS NQT
Q01775,Quantitative Aptitude,Logarithms,Hard,Placements
Q01776,Data Interpretation,Radar/Spider Charts,Hard,"General,CAT,SSC"
Q01777,Logical Reasoning,Syllogisms,Medium,"TCS NQT,CAT"
Q01778,Quantitative Aptitude,Trigonometry,Hard,"TCS NQT,Banking"
Q01779,Logical Reasoning,Venn Diagrams,Easy,"SSC,General"
Q01780,Quantitative Aptitude,Mixtures & Alligations,Hard,CAT
Q01781,Verbal Ability,Error Spotting,Easy,"General,SSC,TCS NQT"
Q01782,Data Interpretation,Bar Graphs,Medium,"Banking,TCS NQT,Placements"
Q01783,Verbal Ability,Verbal Analogies,Medium,General
Q01784,Quantitative Aptitude,Mixtures & Alligations,Medium,"TCS NQT,CAT,SSC"
Q01785,Verbal Ability,Odd One Out,Easy,Placements
Q01786,Data Interpretation,Venn-based DI,Medium,SSC
Q01787,Verbal Ability,Critical Reasoning,Medium,TCS NQT
Q01788,Data Interpretation,Caselets,Medium,"SSC,CAT"
Q01789,Verbal Ability,Error Spotting,Medium,TCS NQT
Q01790,Quantitative Aptitude,Time & Work,Easy,"General,Placements,Banking"
Q01791,Data Interpretation,Mixed DI Sets,Easy,SSC
Q01792,Quantitative Aptitude,Partnership,Medium,Banking
Q01793,Quantitative Aptitude,Time & Work,Hard,"CAT,SSC,General"
Q01794,Quantitative Aptitude,Compound Interest,Easy,"Placements,Banking,TCS NQT"
Q01795,Quantitative Aptitude,Quadratic Equations,Medium,General
Q01796,Quantitative Aptitude,Mensuration,Medium,"General,Placements,TCS NQT"
Q01797,Verbal Ability,Verbal Analogies,Medium,"SSC,CAT,General"
Q01798,Verbal Ability,Para Jumbles,Medium,Placements
Q01799,Quantitative Aptitude,Mensuration,Easy,"Banking,SSC"
Q01800,Logical Reasoning,Analogy,Easy,"TCS NQT,Placements,Banking"
Q01801,Data Interpretation,Data Sufficiency (DI),Medium,"SSC,Placements"
Q01802,Quantitative Aptitude,Permutation & Combination,Medium,"CAT,SSC"
Q01803,Logical Reasoning,Cubes & Dice,Hard,"General,SSC"
Q01804,Logical Reasoning,Syllogisms,Hard,TCS NQT
Q01805,Verbal Ability,Cloze Test,Medium,"Banking,TCS NQT"
Q01806,Logical Reasoning,Statement & Conclusion,Easy,"SSC,General"
Q01807,Logical Reasoning,Puzzles,Easy,"General,TCS NQT"
Q01808,Data Interpretation,Data Sufficiency (DI),Medium,"General,Placements"
Q01809,Verbal Ability,Error Spotting,Medium,"TCS NQT,Placements,SSC"
Q01810,Quantitative Aptitude,Surds & Indices,Medium,"Placements,SSC,CAT"
Q01811,Logical Reasoning,Blood Relations,Medium,CAT
Q01812,Logical Reasoning,Input-Output,Hard,TCS NQT
Q01813,Verbal Ability,Para Jumbles,Medium,"Banking,SSC,Placements"
Q01814,Data Interpretation,Caselets,Medium,"Placements,CAT"
Q01815,Quantitative Aptitude,Number System,Medium,"CAT,General,Placements"
Q01816,Quantitative Aptitude,Logarithms,Medium,"CAT,General,TCS NQT"
Q01817,Verbal Ability,Verbal Analogies,Medium,Banking
Q01818,Quantitative Aptitude,Surds & Indices,Easy,"TCS NQT,Placements,CAT"
Q01819,Quantitative Aptitude,Partnership,Hard,SSC
Q01820,Verbal Ability,Critical Reasoning,Easy,"General,CAT"
Q01821,Quantitative Aptitude,Set Theory,Easy,"SSC,Banking"
Q01822,Quantitative Aptitude,Partnership,Hard,"SSC,General,Placements"
Q01823,Data Interpretation,Pie Charts,Easy,"CAT,Banking"
Q01824,Quantitative Aptitude,Quadratic Equations,Easy,"CAT,SSC"
Q01825,Verbal Ability,Critical Reasoning,Medium,Banking
Q01826,Quantitative Aptitude,Profit & Loss,Medium,"Placements,TCS NQT"
Q01827,Verbal Ability,Para Summary,Hard,General
Q01828,Logical Reasoning,Analogy,Medium,Placements
Q01829,Logical Reasoning,Input-Output,Hard,TCS NQT
Q01830,Verbal Ability,Cloze Test,Hard,Banking
Q01831,Quantitative Aptitude,Partnership,Hard,"CAT,General"
Q01832,Verbal Ability,Para Jumbles,Easy,TCS NQT
Q01833,Data Interpretation,Caselets,Easy,"CAT,Banking"
Q01834,Verbal Ability,Synonyms & Antonyms,Hard,"General,CAT,TCS NQT"
Q01835,Quantitative Aptitude,Surds & Indices,Medium,"SSC,Placements"
Q01836,Quantitative Aptitude,Partnership,Medium,"Banking,TCS NQT"
Q01837,Logical Reasoning,Blood Relations,Medium,"General,Banking,TCS NQT"
Q01838,Verbal Ability,Para Summary,Easy,"General,CAT"
Q01839,Data Interpretation,Venn-based DI,Medium,CAT
Q01840,Verbal Ability,Para Summary,Easy,"Banking,CAT,SSC"
Q01841,Verbal Ability,Fill in the Blanks,Hard,"SSC,Banking,CAT"
Q01842,Logical Reasoning,Seating Arrangement,Medium,"TCS NQT,SSC"
Q01843,Quantitative Aptitude,Profit & Loss,Medium,"SSC,Placements"
Q01844,Logical Reasoning,Coding-Decoding,Hard,"CAT,Banking,Placements"
Q01845,Data Interpretation,Caselets,Easy,"Banking,CAT,SSC"
Q01846,Data Interpretation,Radar/Spider Charts,Easy,General
Q01847,Verbal Ability,Odd One Out,Easy,"Placements,General,CAT"
Q01848,Verbal Ability,Sentence Correction,Easy,General
Q01849,Verbal Ability,Verbal Analogies,Easy,Banking
Q01850,Quantitative Aptitude,Quadratic Equations,Hard,TCS NQT
Q01851,Logical Reasoning,Clocks & Calendars,Easy,"TCS NQT,Banking"
Q01852,Verbal Ability,Reading Comprehension,Medium,SSC
Q01853,Quantitative Aptitude,Percentages,Medium,"General,CAT"
Q01854,Logical Reasoning,Ranking & Order,Medium,Placements
Q01855,Verbal Ability,Cloze Test,Medium,"TCS NQT,Banking,Placements"
Q01856,Verbal Ability,Error Spotting,Hard,"Placements,CAT,TCS NQT"
Q01857,Logical Reasoning,Direction Sense,Easy,"General,CAT"
Q01858,Quantitative Aptitude,Trigonometry,Medium,"CAT,Placements,TCS NQT"
Q01859,Logical Reasoning,Blood Relations,Easy,General
Q01860,Data Interpretation,Bar Graphs,Easy,"CAT,Banking"
Q01861,Quantitative Aptitude,Logarithms,Medium,TCS NQT
Q01862,Logical Reasoning,Seating Arrangement,Medium,CAT
Q01863,Logical Reasoning,Analogy,Hard,"TCS NQT,Placements,CAT"
Q01864,Quantitative Aptitude,"Time, Speed & Distance",Medium,"SSC,Banking"
Q01865,Verbal Ability,Fill in the Blanks,Easy,General
Q01866,Quantitative Aptitude,Progressions (AP/GP),Medium,"Placements,SSC,General"
Q01867,Quantitative Aptitude,Percentages,Medium,"Placements,SSC,CAT"
Q01868,Logical Reasoning,Puzzles,Medium,"Placements,Banking"
Q01869,Quantitative Aptitude,Time & Work,Hard,"SSC,TCS NQT,Placements"
Q01870,Logical Reasoning,Cubes & Dice,Easy,TCS NQT
Q01871,Quantitative Aptitude,Percentages,Hard,CAT
Q01872,Data Interpretation,Data Sufficiency (DI),Medium,CAT
Q01873,Quantitative Aptitude,Trigonometry,Medium,CAT
Q01874,Quantitative Aptitude,Number System,Easy,CAT
Q01875,Quantitative Aptitude,Partnership,Hard,"TCS NQT,SSC,Banking"
Q01876,Logical Reasoning,Analogy,Easy,"Placements,General,TCS NQT"
Q01877,Quantitative Aptitude,Set Theory,Easy,"TCS NQT,Banking"
Q01878,Logical Reasoning,Input-Output,Easy,Placements
Q01879,Quantitative Aptitude,Logarithms,Easy,"CAT,TCS NQT,Placements"
Q01880,Verbal Ability,Error Spotting,Hard,"TCS NQT,CAT"
Q01881,Logical Reasoning,Clocks & Calendars,Medium,"Banking,CAT"
Q01882,Logical Reasoning,Statement & Assumption,Medium,CAT
Q01883,Verbal Ability,Idioms & Phrases,Hard,TCS NQT
Q01884,Quantitative Aptitude,Linear Equations,Easy,"TCS NQT,Placements,Banking"
Q01885,Quantitative Aptitude,Set Theory,Easy,"Placements,SSC,CAT"
Q01886,Quantitative Aptitude,"Time, Speed & Distance",Hard,Placements
Q01887,Quantitative Aptitude,Surds & Indices,Easy,"Banking,Placements"
Q01888,Quantitative Aptitude,Time & Work,Medium,"CAT,General,SSC"
Q01889,Logical Reasoning,Clocks & Calendars,Hard,Banking
Q01890,Quantitative Aptitude,Averages,Hard,"TCS NQT,Banking"
Q01891,Logical Reasoning,Syllogisms,Medium,General
Q01892,Quantitative Aptitude,Percentages,Easy,"Placements,General,CAT"
Q01893,Logical Reasoning,Analogy,Easy,"CAT,General,Placements"
Q01894,Quantitative Aptitude,Pipes & Cisterns,Easy,"TCS NQT,General"
Q01895,Verbal Ability,Fill in the Blanks,Medium,"Placements,SSC"
Q01896,Quantitative Aptitude,Ratio & Proportion,Hard,SSC
Q01897,Quantitative Aptitude,Ratio & Proportion,Easy,Placements
Q01898,Data Interpretation,Data Sufficiency (DI),Medium,Banking
Q01899,Quantitative Aptitude,Ratio & Proportion,Hard,Banking
Q01900,Logical Reasoning,Analogy,Easy,Banking
Q01901,Logical Reasoning,Direction Sense,Easy,TCS NQT
Q01902,Verbal Ability,Odd One Out,Hard,Banking
Q01903,Quantitative Aptitude,Linear Equations,Medium,Banking
Q01904,Verbal Ability,Error Spotting,Medium,General
Q01905,Quantitative Aptitude,Linear Equations,Medium,"Placements,SSC"
Q01906,Quantitative Aptitude,Compound Interest,Hard,General
Q01907,Verbal Ability,Verbal Analogies,Medium,SSC
Q01908,Logical Reasoning,Direction Sense,Easy,Banking
Q01909,Logical Reasoning,Cubes & Dice,Hard,"Placements,SSC"
Q01910,Data Interpretation,Tables,Hard,"TCS NQT,Placements"
Q01911,Data Interpretation,Line Graphs,Easy,"TCS NQT,Placements,CAT"
Q01912,Verbal Ability,Para Summary,Medium,"Banking,Placements,General"
Q01913,Quantitative Aptitude,Mensuration,Medium,"CAT,Banking"
Q01914,Logical Reasoning,Statement & Assumption,Easy,SSC
Q01915,Quantitative Aptitude,Geometry,Easy,"Placements,TCS NQT,General"
Q01916,Verbal Ability,Verbal Analogies,Medium,Banking
Q01917,Verbal Ability,Reading Comprehension,Easy,Banking
Q01918,Data Interpretation,Venn-based DI,Easy,Banking
Q01919,Quantitative Aptitude,Permutation & Combination,Medium,"Banking,CAT"
Q01920,Quantitative Aptitude,Mensuration,Medium,"Placements,CAT"
Q01921,Logical Reasoning,Blood Relations,Medium,"General,Banking,Placements"
Q01922,Verbal Ability,Synonyms & Antonyms,Easy,"SSC,Placements"
Q01923,Verbal Ability,Cloze Test,Medium,CAT
Q01924,Quantitative Aptitude,Trigonometry,Medium,"SSC,Placements,Banking"
Q01925,Data Interpretation,Bar Graphs,Medium,"Banking,Placements"
Q01926,Quantitative Aptitude,Partnership,Medium,"Placements,SSC"
Q01927,Data Interpretation,Radar/Spider Charts,Easy,"General,CAT,TCS NQT"
Q01928,Verbal Ability,Para Summary,Easy,"SSC,TCS NQT,CAT"
Q01929,Verbal Ability,Critical Reasoning,Medium,"SSC,TCS NQT"
Q01930,Logical Reasoning,Series Completion,Medium,"CAT,TCS NQT,SSC"
Q01931,Logical Reasoning,Syllogisms,Medium,"General,SSC,CAT"
Q01932,Logical Reasoning,Puzzles,Medium,"SSC,Banking"
Q01933,Verbal Ability,Verbal Analogies,Easy,SSC
Q01934,Verbal Ability,Fill in the Blanks,Medium,General
Q01935,Verbal Ability,Idioms & Phrases,Easy,"CAT,TCS NQT,Placements"
Q01936,Logical Reasoning,Direction Sense,Medium,"Placements,TCS NQT"
Q01937,Quantitative Aptitude,Simple Interest,Easy,"Banking,TCS NQT,Placements"
Q01938,Logical Reasoning,Statement & Assumption,Easy,"SSC,General"
Q01939,Quantitative Aptitude,Permutation & Combination,Medium,"Banking,SSC,CAT"
Q01940,Quantitative Aptitude,Profit & Loss,Medium,"SSC,Banking"
Q01941,Quantitative Aptitude,Trigonometry,Easy,"TCS NQT,CAT,Banking"
Q01942,Quantitative Aptitude,Partnership,Medium,"General,TCS NQT,SSC"
Q01943,Verbal Ability,Odd One Out,Hard,"SSC,CAT,Placements"
Q01944,Quantitative Aptitude,Mensuration,Hard,CAT
Q01945,Logical Reasoning,Ranking & Order,Medium,SSC
Q01946,Quantitative Aptitude,Profit & Loss,Medium,Placements
Q01947,Data Interpretation,Caselets,Hard,General
Q01948,Data Interpretation,Line Graphs,Medium,"Placements,General"
Q01949,Quantitative Aptitude,Permutation & Combination,Medium,"CAT,SSC,Banking"
Q01950,Logical Reasoning,Direction Sense,Medium,"SSC,Banking"
Q01951,Logical Reasoning,Cubes & Dice,Easy,"General,CAT,SSC"
Q01952,Verbal Ability,Sentence Correction,Easy,CAT
Q01953,Data Interpretation,Tables,Hard,"General,SSC,Banking"
Q01954,Data Interpretation,Mixed DI Sets,Hard,"General,SSC,Banking"
Q01955,Verbal Ability,Verbal Analogies,Medium,"General,TCS NQT,Banking"
Q01956,Logical Reasoning,Cubes & Dice,Medium,"TCS NQT,Placements"
Q01957,Quantitative Aptitude,Mixtures & Alligations,Medium,SSC
Q01958,Verbal Ability,Sentence Correction,Medium,"SSC,General"
Q01959,Data Interpretation,Bar Graphs,Easy,SSC
Q01960,Logical Reasoning,Clocks & Calendars,Hard,"Placements,TCS NQT"
Q01961,Verbal Ability,Synonyms & Antonyms,Hard,"TCS NQT,SSC,Placements"
Q01962,Quantitative Aptitude,Time & Work,Hard,"General,Placements,TCS NQT"
Q01963,Quantitative Aptitude,Ratio & Proportion,Easy,CAT
Q01964,Quantitative Aptitude,Algebra,Medium,"Placements,Banking,SSC"
Q01965,Data Interpretation,Mixed DI Sets,Medium,Placements
Q01966,Logical Reasoning,Syllogisms,Hard,"SSC,General,Placements"
Q01967,Verbal Ability,Fill in the Blanks,Medium,"TCS NQT,Placements"
Q01968,Quantitative Aptitude,Probability,Easy,"CAT,General"
Q01969,Logical Reasoning,Ranking & Order,Easy,"Placements,Banking"
Q01970,Verbal Ability,Fill in the Blanks,Hard,CAT
Q01971,Data Interpretation,Venn-based DI,Medium,"SSC,General,Banking"
Q01972,Logical Reasoning,Clocks & Calendars,Easy,"General,Placements,Banking"
Q01973,Quantitative Aptitude,Algebra,Medium,"CAT,Banking,General"
Q01974,Data Interpretation,Line Graphs,Medium,"TCS NQT,CAT,SSC"
Q01975,Quantitative Aptitude,Number System,Medium,"TCS NQT,Placements"
Q01976,Data Interpretation,Radar/Spider Charts,Easy,"CAT,SSC"
Q01977,Verbal Ability,Reading Comprehension,Medium,"General,Placements,TCS NQT"
Q01978,Quantitative Aptitude,Averages,Medium,CAT
Q01979,Data Interpretation,Pie Charts,Easy,"Banking,CAT,General"
Q01980,Data Interpretation,Tables,Medium,"SSC,TCS NQT"
Q01981,Verbal Ability,Verbal Analogies,Hard,"CAT,SSC,Banking"
Q01982,Verbal Ability,Synonyms & Antonyms,Hard,"Banking,SSC,General"
Q01983,Logical Reasoning,Data Sufficiency,Easy,SSC
Q01984,Logical Reasoning,Data Sufficiency,Medium,"SSC,Banking"
Q01985,Verbal Ability,Idioms & Phrases,Easy,Placements
Q01986,Data Interpretation,Radar/Spider Charts,Medium,"Banking,General,SSC"
Q01987,Logical Reasoning,Coding-Decoding,Medium,"Banking,General,Placements"
Q01988,Logical Reasoning,Seating Arrangement,Easy,Placements
Q01989,Data Interpretation,Caselets,Easy,"TCS NQT,SSC"
Q01990,Quantitative Aptitude,Profit & Loss,Medium,"Banking,CAT,TCS NQT"
Q01991,Quantitative Aptitude,Geometry,Easy,"SSC,Banking,Placements"
Q01992,Quantitative Aptitude,Probability,Hard,"General,TCS NQT"
Q01993,Verbal Ability,Synonyms & Antonyms,Hard,Placements
Q01994,Quantitative Aptitude,Quadratic Equations,Medium,"TCS NQT,Banking"
Q01995,Verbal Ability,Reading Comprehension,Medium,"TCS NQT,SSC"
Q01996,Verbal Ability,Odd One Out,Medium,"General,Banking,Placements"
Q01997,Data Interpretation,Bar Graphs,Easy,Placements
Q01998,Verbal Ability,Critical Reasoning,Easy,"General,Banking"
Q01999,Quantitative Aptitude,Simple Interest,Hard,"General,SSC,Banking"
Q02000,Logical Reasoning,Coding-Decoding,Hard,"General,Placements"
Q02001,Data Interpretation,Bar Graphs,Easy,SSC
Q02002,Verbal Ability,Odd One Out,Hard,TCS NQT
Q02003,Logical Reasoning,Data Sufficiency,Medium,"Banking,TCS NQT,General"
Q02004,Data Interpretation,Caselets,Easy,"General,Banking,CAT"
Q02005,Logical Reasoning,Data Sufficiency,Easy,"General,TCS NQT,CAT"
Q02006,Quantitative Aptitude,Averages,Medium,TCS NQT
Q02007,Quantitative Aptitude,Percentages,Medium,SSC
Q02008,Verbal Ability,Odd One Out,Medium,"Placements,SSC,General"
Q02009,Logical Reasoning,Syllogisms,Easy,"SSC,Banking"
Q02010,Quantitative Aptitude,Set Theory,Medium,"CAT,SSC"
Q02011,Quantitative Aptitude,Mixtures & Alligations,Medium,"General,CAT,Placements"
Q02012,Logical Reasoning,Coding-Decoding,Medium,TCS NQT
Q02013,Logical Reasoning,Coding-Decoding,Easy,"SSC,General,TCS NQT"
Q02014,Data Interpretation,Caselets,Easy,"General,SSC,CAT"
Q02015,Logical Reasoning,Data Sufficiency,Medium,CAT
Q02016,Verbal Ability,Synonyms & Antonyms,Medium,"SSC,General,Banking"
Q02017,Logical Reasoning,Input-Output,Easy,"Placements,CAT"
Q02018,Logical Reasoning,Series Completion,Easy,TCS NQT
Q02019,Logical Reasoning,Statement & Assumption,Hard,TCS NQT
Q02020,Quantitative Aptitude,Logarithms,Easy,"TCS NQT,General,CAT"
Q02021,Data Interpretation,Data Sufficiency (DI),Medium,"CAT,General"
Q02022,Logical Reasoning,Direction Sense,Hard,Banking
Q02023,Logical Reasoning,Data Sufficiency,Easy,"General,SSC"
Q02024,Data Interpretation,Line Graphs,Easy,"TCS NQT,General"
Q02025,Data Interpretation,Mixed DI Sets,Medium,General
Q02026,Quantitative Aptitude,Mixtures & Alligations,Medium,General
Q02027,Logical Reasoning,Puzzles,Medium,Placements
Q02028,Logical Reasoning,Direction Sense,Medium,"Placements,SSC,General"
Q02029,Verbal Ability,Sentence Correction,Easy,CAT
Q02030,Logical Reasoning,Input-Output,Medium,"CAT,General,TCS NQT"
Q02031,Logical Reasoning,Analogy,Easy,"CAT,Placements"
Q02032,Verbal Ability,Para Jumbles,Easy,General
Q02033,Data Interpretation,Venn-based DI,Medium,"CAT,Banking,General"
Q02034,Verbal Ability,Critical Reasoning,Medium,CAT
Q02035,Logical Reasoning,Clocks & Calendars,Hard,"CAT,General,TCS NQT"
Q02036,Data Interpretation,Tables,Hard,"Placements,General,SSC"
Q02037,Verbal Ability,Reading Comprehension,Hard,Placements
Q02038,Quantitative Aptitude,Pipes & Cisterns,Medium,"TCS NQT,SSC"
Q02039,Quantitative Aptitude,Linear Equations,Easy,TCS NQT
Q02040,Logical Reasoning,Statement & Assumption,Medium,"TCS NQT,CAT,General"
Q02041,Quantitative Aptitude,Progressions (AP/GP),Medium,TCS NQT
Q02042,Quantitative Aptitude,"Time, Speed & Distance",Medium,"Placements,SSC,General"
Q02043,Quantitative Aptitude,Probability,Easy,General
Q02044,Quantitative Aptitude,Simple Interest,Easy,TCS NQT
Q02045,Quantitative Aptitude,Partnership,Hard,"SSC,TCS NQT"
Q02046,Logical Reasoning,Coding-Decoding,Medium,"General,CAT"
Q02047,Verbal Ability,Synonyms & Antonyms,Easy,"Banking,General"
Q02048,Verbal Ability,Sentence Correction,Easy,"Placements,Banking,CAT"
Q02049,Logical Reasoning,Venn Diagrams,Medium,Banking
Q02050,Verbal Ability,Para Jumbles,Easy,"Placements,Banking,SSC"
Q02051,Verbal Ability,Error Spotting,Hard,"TCS NQT,CAT"
Q02052,Verbal Ability,Para Jumbles,Medium,"Banking,CAT"
Q02053,Verbal Ability,Para Summary,Easy,"Banking,TCS NQT"
Q02054,Logical Reasoning,Clocks & Calendars,Easy,"Banking,Placements,General"
Q02055,Logical Reasoning,Clocks & Calendars,Hard,"Placements,CAT"
Q02056,Verbal Ability,Odd One Out,Hard,"SSC,Placements,CAT"
Q02057,Quantitative Aptitude,Surds & Indices,Easy,"General,CAT"
Q02058,Data Interpretation,Data Sufficiency (DI),Medium,"TCS NQT,CAT"
Q02059,Quantitative Aptitude,Simple Interest,Medium,Banking
Q02060,Verbal Ability,Para Summary,Easy,"TCS NQT,CAT,Placements"
Q02061,Verbal Ability,Para Jumbles,Medium,"Placements,SSC"
Q02062,Quantitative Aptitude,"Time, Speed & Distance",Easy,"Banking,CAT,Placements"
Q02063,Data Interpretation,Data Sufficiency (DI),Hard,"Banking,SSC,TCS NQT"
Q02064,Data Interpretation,Data Sufficiency (DI),Easy,"Banking,TCS NQT"
Q02065,Quantitative Aptitude,Quadratic Equations,Medium,"TCS NQT,SSC"
Q02066,Logical Reasoning,Direction Sense,Hard,"CAT,General"
Q02067,Verbal Ability,Critical Reasoning,Easy,"Banking,Placements"
Q02068,Quantitative Aptitude,Set Theory,Easy,CAT
Q02069,Quantitative Aptitude,Simple Interest,Medium,"CAT,General,Banking"
Q02070,Data Interpretation,Bar Graphs,Easy,Banking
Q02071,Quantitative Aptitude,Logarithms,Easy,"SSC,Placements,General"
Q02072,Verbal Ability,Verbal Analogies,Hard,"CAT,General,Banking"
Q02073,Data Interpretation,Radar/Spider Charts,Easy,SSC
Q02074,Quantitative Aptitude,Surds & Indices,Hard,"Banking,TCS NQT"
Q02075,Verbal Ability,Critical Reasoning,Easy,"SSC,TCS NQT,CAT"
Q02076,Verbal Ability,Reading Comprehension,Medium,"CAT,Banking"
Q02077,Data Interpretation,Radar/Spider Charts,Easy,"Banking,General"
Q02078,Logical Reasoning,Cubes & Dice,Easy,CAT
Q02079,Verbal Ability,Synonyms & Antonyms,Hard,"General,SSC,Placements"
Q02080,Verbal Ability,Odd One Out,Easy,"Placements,SSC"
Q02081,Logical Reasoning,Ranking & Order,Easy,"CAT,TCS NQT"
Q02082,Data Interpretation,Radar/Spider Charts,Easy,"TCS NQT,General,Banking"
Q02083,Quantitative Aptitude,Trigonometry,Medium,"Placements,TCS NQT,CAT"
Q02084,Logical Reasoning,Ranking & Order,Medium,"Banking,TCS NQT"
Q02085,Verbal Ability,Para Summary,Medium,"General,SSC,TCS NQT"
Q02086,Verbal Ability,Fill in the Blanks,Easy,CAT
Q02087,Quantitative Aptitude,Progressions (AP/GP),Medium,Placements
Q02088,Quantitative Aptitude,Linear Equations,Hard,"General,TCS NQT"
Q02089,Data Interpretation,Bar Graphs,Medium,"SSC,Banking,CAT"
Q02090,Data Interpretation,Data Sufficiency (DI),Hard,"SSC,Banking"
Q02091,Quantitative Aptitude,Linear Equations,Hard,General
Q02092,Verbal Ability,Sentence Correction,Medium,Placements
Q02093,Data Interpretation,Caselets,Easy,"CAT,General,SSC"
Q02094,Data Interpretation,Pie Charts,Easy,"Placements,CAT"
Q02095,Logical Reasoning,Venn Diagrams,Medium,Banking
Q02096,Logical Reasoning,Input-Output,Easy,"TCS NQT,Banking,SSC"
Q02097,Quantitative Aptitude,Number System,Hard,"Banking,TCS NQT,CAT"
Q02098,Quantitative Aptitude,Algebra,Easy,"TCS NQT,Banking"
Q02099,Verbal Ability,Fill in the Blanks,Easy,"CAT,Banking,General"
Q02100,Quantitative Aptitude,Partnership,Hard,"Placements,SSC,Banking"
Q02101,Data Interpretation,Venn-based DI,Easy,"SSC,Placements,General"
Q02102,Logical Reasoning,Data Sufficiency,Easy,"Placements,Banking"
Q02103,Logical Reasoning,Seating Arrangement,Hard,"Placements,SSC,TCS NQT"
Q02104,Verbal Ability,Reading Comprehension,Easy,"TCS NQT,Banking"
Q02105,Data Interpretation,Tables,Medium,"General,CAT,TCS NQT"
Q02106,Verbal Ability,Verbal Analogies,Easy,"SSC,CAT"
Q02107,Verbal Ability,Verbal Analogies,Easy,"Banking,General,Placements"
Q02108,Data Interpretation,Mixed DI Sets,Hard,General
Q02109,Quantitative Aptitude,Mixtures & Alligations,Medium,"SSC,Banking,General"
Q02110,Logical Reasoning,Series Completion,Hard,"Banking,SSC"
Q02111,Data Interpretation,Venn-based DI,Medium,"General,TCS NQT"
Q02112,Verbal Ability,Synonyms & Antonyms,Easy,General
Q02113,Quantitative Aptitude,Partnership,Medium,"Placements,TCS NQT,Banking"
Q02114,Quantitative Aptitude,"Time, Speed & Distance",Medium,"General,Banking,SSC"
Q02115,Quantitative Aptitude,Set Theory,Easy,"TCS NQT,Banking,CAT"
Q02116,Data Interpretation,Venn-based DI,Medium,SSC
Q02117,Logical Reasoning,Cubes & Dice,Hard,Placements
Q02118,Quantitative Aptitude,Compound Interest,Easy,"General,SSC,Banking"
Q02119,Logical Reasoning,Input-Output,Hard,"CAT,Placements"
Q02120,Data Interpretation,Data Sufficiency (DI),Easy,"SSC,Placements"
Q02121,Quantitative Aptitude,Averages,Medium,"TCS NQT,Placements,Banking"
Q02122,Logical Reasoning,Statement & Assumption,Medium,Placements
Q02123,Verbal Ability,Sentence Correction,Medium,Placements
Q02124,Logical Reasoning,Clocks & Calendars,Easy,"Banking,TCS NQT"
Q02125,Data Interpretation,Data Sufficiency (DI),Medium,"General,CAT"
Q02126,Logical Reasoning,Series Completion,Easy,SSC
Q02127,Verbal Ability,Synonyms & Antonyms,Hard,SSC
Q02128,Logical Reasoning,Statement & Conclusion,Medium,"TCS NQT,Placements,CAT"
Q02129,Quantitative Aptitude,Pipes & Cisterns,Easy,"CAT,General"
Q02130,Logical Reasoning,Seating Arrangement,Easy,"TCS NQT,SSC"
Q02131,Verbal Ability,Para Jumbles,Medium,"SSC,CAT"
Q02132,Verbal Ability,Para Summary,Hard,"Placements,General,CAT"
Q02133,Logical Reasoning,Puzzles,Medium,"General,TCS NQT,SSC"
Q02134,Quantitative Aptitude,Trigonometry,Easy,Placements
Q02135,Verbal Ability,Verbal Analogies,Medium,SSC
Q02136,Quantitative Aptitude,Algebra,Medium,"General,Banking,Placements"
Q02137,Quantitative Aptitude,Geometry,Medium,Placements
Q02138,Verbal Ability,Para Jumbles,Hard,Placements
Q02139,Verbal Ability,Critical Reasoning,Easy,"Banking,SSC"
Q02140,Data Interpretation,Bar Graphs,Hard,"TCS NQT,SSC"
Q02141,Verbal Ability,Error Spotting,Easy,SSC
Q02142,Quantitative Aptitude,Probability,Easy,"Banking,Placements"
Q02143,Data Interpretation,Caselets,Easy,SSC
Q02144,Data Interpretation,Radar/Spider Charts,Medium,"SSC,General,CAT"
Q02145,Verbal Ability,Cloze Test,Hard,"CAT,General,Placements"
Q02146,Quantitative Aptitude,Averages,Easy,"Banking,SSC,TCS NQT"
Q02147,Verbal Ability,Cloze Test,Medium,TCS NQT
Q02148,Logical Reasoning,Statement & Assumption,Easy,"Banking,CAT"
Q02149,Quantitative Aptitude,Quadratic Equations,Easy,"SSC,CAT"
Q02150,Quantitative Aptitude,Ratio & Proportion,Easy,"Placements,General"
Q02151,Logical Reasoning,Cubes & Dice,Hard,"SSC,Banking,CAT"
Q02152,Logical Reasoning,Statement & Conclusion,Medium,Banking
Q02153,Logical Reasoning,Analogy,Hard,"Banking,SSC,General"
Q02154,Quantitative Aptitude,Simple Interest,Hard,General
Q02155,Logical Reasoning,Statement & Conclusion,Easy,"CAT,SSC,Banking"
Q02156,Logical Reasoning,Venn Diagrams,Medium,"General,CAT"
Q02157,Logical Reasoning,Syllogisms,Hard,"General,Placements,Banking"
Q02158,Logical Reasoning,Direction Sense,Medium,Banking
Q02159,Verbal Ability,Sentence Correction,Medium,"SSC,General,CAT"
Q02160,Data Interpretation,Pie Charts,Medium,Placements
Q02161,Verbal Ability,Idioms & Phrases,Easy,"General,Placements,Banking"
Q02162,Data Interpretation,Mixed DI Sets,Medium,"Banking,Placements"
Q02163,Data Interpretation,Caselets,Medium,General
Q02164,Verbal Ability,Verbal Analogies,Easy,"SSC,Placements"
Q02165,Data Interpretation,Pie Charts,Hard,"SSC,Placements"
Q02166,Verbal Ability,Para Summary,Medium,"TCS NQT,Placements"
Q02167,Quantitative Aptitude,Number System,Medium,TCS NQT
Q02168,Quantitative Aptitude,Set Theory,Easy,"General,Placements,CAT"
Q02169,Logical Reasoning,Cubes & Dice,Medium,SSC
Q02170,Logical Reasoning,Coding-Decoding,Easy,Banking
Q02171,Logical Reasoning,Input-Output,Medium,"SSC,Placements,CAT"
Q02172,Quantitative Aptitude,Linear Equations,Medium,TCS NQT
Q02173,Logical Reasoning,Puzzles,Medium,General
Q02174,Quantitative Aptitude,Permutation & Combination,Easy,"Banking,General"
Q02175,Quantitative Aptitude,Simple Interest,Hard,General
Q02176,Logical Reasoning,Series Completion,Medium,SSC
Q02177,Verbal Ability,Critical Reasoning,Easy,"Banking,General,Placements"
Q02178,Quantitative Aptitude,Geometry,Easy,TCS NQT
Q02179,Data Interpretation,Tables,Medium,"General,Placements"
Q02180,Quantitative Aptitude,Geometry,Easy,Banking
Q02181,Data Interpretation,Line Graphs,Medium,SSC
Q02182,Logical Reasoning,Statement & Conclusion,Easy,TCS NQT
Q02183,Logical Reasoning,Cubes & Dice,Hard,SSC
Q02184,Data Interpretation,Radar/Spider Charts,Easy,CAT
Q02185,Logical Reasoning,Analogy,Hard,SSC
Q02186,Quantitative Aptitude,Partnership,Easy,"General,Placements"
Q02187,Quantitative Aptitude,Partnership,Hard,"General,Banking"
Q02188,Verbal Ability,Error Spotting,Easy,"SSC,CAT,TCS NQT"
Q02189,Logical Reasoning,Syllogisms,Medium,SSC
Q02190,Verbal Ability,Sentence Correction,Easy,"SSC,TCS NQT"
Q02191,Data Interpretation,Bar Graphs,Easy,SSC
Q02192,Data Interpretation,Venn-based DI,Medium,"Banking,SSC,General"
Q02193,Verbal Ability,Cloze Test,Easy,"Placements,TCS NQT"
Q02194,Verbal Ability,Reading Comprehension,Easy,"Placements,SSC,General"
Q02195,Data Interpretation,Venn-based DI,Hard,"SSC,Banking"
Q02196,Logical Reasoning,Direction Sense,Medium,SSC
Q02197,Quantitative Aptitude,Partnership,Medium,"Banking,Placements,SSC"
Q02198,Verbal Ability,Para Jumbles,Medium,"CAT,Placements"
Q02199,Verbal Ability,Odd One Out,Easy,"General,SSC"
Q02200,Quantitative Aptitude,Geometry,Easy,"SSC,TCS NQT"
Q02201,Logical Reasoning,Statement & Conclusion,Hard,"SSC,Banking,Placements"
Q02202,Quantitative Aptitude,Algebra,Medium,"Banking,Placements,General"
Q02203,Data Interpretation,Bar Graphs,Medium,Placements
Q02204,Quantitative Aptitude,Percentages,Medium,Placements
Q02205,Verbal Ability,Reading Comprehension,Medium,"SSC,Placements"
Q02206,Logical Reasoning,Cubes & Dice,Medium,"CAT,Banking"
Q02207,Logical Reasoning,Syllogisms,Medium,"SSC,TCS NQT"
Q02208,Verbal Ability,Odd One Out,Medium,"Banking,CAT"
Q02209,Quantitative Aptitude,Pipes & Cisterns,Medium,CAT
Q02210,Logical Reasoning,Data Sufficiency,Easy,Placements
Q02211,Data Interpretation,Caselets,Easy,Placements
Q02212,Logical Reasoning,Statement & Conclusion,Medium,"General,TCS NQT,Placements"
Q02213,Logical Reasoning,Blood Relations,Easy,"TCS NQT,Placements,Banking"
Q02214,Quantitative Aptitude,Profit & Loss,Medium,Banking
Q02215,Logical Reasoning,Puzzles,Medium,"CAT,SSC"
Q02216,Data Interpretation,Pie Charts,Hard,"SSC,TCS NQT"
Q02217,Data Interpretation,Pie Charts,Easy,"Placements,CAT"
Q02218,Quantitative Aptitude,Profit & Loss,Medium,"General,Banking"
Q02219,Quantitative Aptitude,Mensuration,Medium,"SSC,TCS NQT,CAT"
Q02220,Verbal Ability,Fill in the Blanks,Hard,General
Q02221,Verbal Ability,Verbal Analogies,Medium,"SSC,TCS NQT"
Q02222,Quantitative Aptitude,Compound Interest,Easy,CAT
Q02223,Verbal Ability,Cloze Test,Hard,"SSC,CAT"
Q02224,Data Interpretation,Pie Charts,Hard,"TCS NQT,Banking,CAT"
Q02225,Quantitative Aptitude,Quadratic Equations,Hard,"Placements,General"
Q02226,Quantitative Aptitude,Quadratic Equations,Easy,CAT
Q02227,Verbal Ability,Sentence Correction,Medium,Banking
Q02228,Verbal Ability,Para Summary,Easy,"General,Placements"
Q02229,Verbal Ability,Para Jumbles,Easy,"Banking,General"
Q02230,Logical Reasoning,Clocks & Calendars,Medium,"TCS NQT,Placements,SSC"
Q02231,Quantitative Aptitude,Surds & Indices,Hard,SSC
Q02232,Logical Reasoning,Series Completion,Hard,"Banking,General"
Q02233,Quantitative Aptitude,Trigonometry,Easy,"TCS NQT,General"
Q02234,Logical Reasoning,Input-Output,Easy,Banking
Q02235,Quantitative Aptitude,Linear Equations,Medium,"Placements,Banking,TCS NQT"
Q02236,Logical Reasoning,Seating Arrangement,Easy,TCS NQT
Q02237,Data Interpretation,Mixed DI Sets,Hard,"General,Placements"
Q02238,Quantitative Aptitude,Set Theory,Medium,"General,Placements,Banking"
Q02239,Quantitative Aptitude,Permutation & Combination,Hard,"General,TCS NQT,CAT"
Q02240,Logical Reasoning,Clocks & Calendars,Medium,"Banking,CAT"
Q02241,Quantitative Aptitude,Trigonometry,Medium,"Placements,General"
Q02242,Quantitative Aptitude,Surds & Indices,Hard,"Placements,TCS NQT"
Q02243,Verbal Ability,Para Summary,Easy,"TCS NQT,CAT"
Q02244,Quantitative Aptitude,Probability,Medium,CAT
Q02245,Quantitative Aptitude,Permutation & Combination,Hard,TCS NQT
Q02246,Logical Reasoning,Input-Output,Hard,"CAT,Banking"
Q02247,Quantitative Aptitude,Surds & Indices,Medium,"TCS NQT,SSC,General"
Q02248,Quantitative Aptitude,Averages,Easy,"CAT,TCS NQT,General"
Q02249,Quantitative Aptitude,Simple Interest,Medium,"General,Banking,Placements"
Q02250,Quantitative Aptitude,Time & Work,Hard,"CAT,General"
Q02251,Data Interpretation,Data Sufficiency (DI),Medium,"SSC,General,Banking"
Q02252,Quantitative Aptitude,Surds & Indices,Easy,"TCS NQT,SSC"
Q02253,Verbal Ability,Fill in the Blanks,Medium,Placements
Q02254,Verbal Ability,Synonyms & Antonyms,Medium,General
Q02255,Logical Reasoning,Statement & Conclusion,Easy,"CAT,Banking,General"
Q02256,Verbal Ability,Reading Comprehension,Hard,"CAT,General"
Q02257,Quantitative Aptitude,Time & Work,Easy,"Banking,General,TCS NQT"
Q02258,Quantitative Aptitude,Surds & Indices,Medium,"TCS NQT,Banking,SSC"
Q02259,Data Interpretation,Mixed DI Sets,Hard,"General,Banking,SSC"
Q02260,Verbal Ability,Para Jumbles,Medium,Placements
Q02261,Logical Reasoning,Blood Relations,Hard,CAT
Q02262,Logical Reasoning,Blood Relations,Medium,"Placements,CAT,General"
Q02263,Quantitative Aptitude,Trigonometry,Hard,"Placements,General,Banking"
Q02264,Quantitative Aptitude,Set Theory,Medium,"Placements,CAT,SSC"
Q02265,Quantitative Aptitude,Mensuration,Easy,Banking
Q02266,Logical Reasoning,Input-Output,Easy,CAT
Q02267,Logical Reasoning,Coding-Decoding,Easy,General
Q02268,Verbal Ability,Error Spotting,Easy,"Banking,General"
Q02269,Quantitative Aptitude,Number System,Hard,"TCS NQT,Placements"
Q02270,Verbal Ability,Sentence Correction,Easy,"TCS NQT,Banking"
Q02271,Verbal Ability,Reading Comprehension,Medium,"CAT,General"
Q02272,Quantitative Aptitude,Set Theory,Hard,"Banking,General,TCS NQT"
Q02273,Verbal Ability,Error Spotting,Easy,"TCS NQT,General,SSC"
Q02274,Logical Reasoning,Syllogisms,Medium,"Banking,General"
Q02275,Logical Reasoning,Analogy,Easy,General
Q02276,Logical Reasoning,Syllogisms,Medium,"CAT,Banking,SSC"
Q02277,Quantitative Aptitude,Probability,Hard,SSC
Q02278,Quantitative Aptitude,Set Theory,Easy,"Banking,CAT"
Q02279,Quantitative Aptitude,Trigonometry,Medium,"General,SSC,Banking"
Q02280,Logical Reasoning,Input-Output,Medium,Placements
Q02281,Logical Reasoning,Clocks & Calendars,Medium,"Placements,Banking,SSC"
Q02282,Verbal Ability,Odd One Out,Medium,TCS NQT
Q02283,Quantitative Aptitude,Ratio & Proportion,Medium,"General,SSC,Banking"
Q02284,Quantitative Aptitude,Compound Interest,Hard,"General,Banking"
Q02285,Quantitative Aptitude,Geometry,Easy,"General,SSC,Banking"
Q02286,Verbal Ability,Synonyms & Antonyms,Easy,"Placements,SSC,CAT"
Q02287,Quantitative Aptitude,Surds & Indices,Medium,"Placements,General"
Q02288,Logical Reasoning,Series Completion,Easy,TCS NQT
Q02289,Verbal Ability,Odd One Out,Easy,Banking
Q02290,Quantitative Aptitude,Trigonometry,Medium,"Placements,General"
Q02291,Data Interpretation,Venn-based DI,Hard,CAT
Q02292,Quantitative Aptitude,Linear Equations,Easy,"SSC,Placements"
Q02293,Logical Reasoning,Coding-Decoding,Medium,"CAT,General,SSC"
Q02294,Logical Reasoning,Input-Output,Medium,TCS NQT
Q02295,Verbal Ability,Sentence Correction,Medium,TCS NQT
Q02296,Verbal Ability,Sentence Correction,Easy,"SSC,General"
Q02297,Data Interpretation,Mixed DI Sets,Medium,TCS NQT
Q02298,Verbal Ability,Critical Reasoning,Easy,General
Q02299,Data Interpretation,Venn-based DI,Medium,"General,CAT,TCS NQT"
Q02300,Logical Reasoning,Cubes & Dice,Medium,"CAT,General"
Q02301,Logical Reasoning,Puzzles,Medium,"CAT,TCS NQT,General"
Q02302,Logical Reasoning,Coding-Decoding,Hard,"CAT,Placements,SSC"
Q02303,Quantitative Aptitude,Time & Work,Medium,"SSC,Banking,TCS NQT"
Q02304,Data Interpretation,Pie Charts,Easy,General
Q02305,Quantitative Aptitude,Linear Equations,Hard,"Placements,CAT"
Q02306,Logical Reasoning,Series Completion,Hard,"Banking,CAT"
Q02307,Quantitative Aptitude,Ratio & Proportion,Easy,"SSC,General"
Q02308,Logical Reasoning,Coding-Decoding,Easy,SSC
Q02309,Verbal Ability,Fill in the Blanks,Hard,"Banking,SSC,Placements"
Q02310,Quantitative Aptitude,Compound Interest,Easy,"Banking,Placements,TCS NQT"
Q02311,Verbal Ability,Para Summary,Easy,"Banking,General"
Q02312,Logical Reasoning,Data Sufficiency,Medium,Banking
Q02313,Logical Reasoning,Direction Sense,Medium,General
Q02314,Verbal Ability,Idioms & Phrases,Easy,CAT
Q02315,Quantitative Aptitude,Algebra,Easy,"Banking,Placements"
Q02316,Verbal Ability,Para Summary,Medium,Banking
Q02317,Verbal Ability,Reading Comprehension,Medium,"General,Placements,CAT"
Q02318,Quantitative Aptitude,Set Theory,Easy,"General,TCS NQT,SSC"
Q02319,Logical Reasoning,Input-Output,Hard,"General,TCS NQT"
Q02320,Verbal Ability,Critical Reasoning,Medium,"General,SSC,TCS NQT"
Q02321,Data Interpretation,Bar Graphs,Medium,"TCS NQT,General"
Q02322,Verbal Ability,Synonyms & Antonyms,Medium,"Banking,General,Placements"
Q02323,Quantitative Aptitude,Probability,Medium,"TCS NQT,Banking,SSC"
Q02324,Verbal Ability,Cloze Test,Medium,"Placements,SSC"
Q02325,Quantitative Aptitude,Profit & Loss,Medium,TCS NQT
Q02326,Data Interpretation,Mixed DI Sets,Easy,"General,Placements"
Q02327,Verbal Ability,Idioms & Phrases,Easy,"SSC,Placements,CAT"
Q02328,Quantitative Aptitude,Permutation & Combination,Medium,"SSC,TCS NQT,General"
Q02329,Quantitative Aptitude,Set Theory,Easy,CAT
Q02330,Data Interpretation,Bar Graphs,Medium,"TCS NQT,SSC,Placements"
Q02331,Verbal Ability,Critical Reasoning,Medium,"Banking,TCS NQT,CAT"
Q02332,Logical Reasoning,Syllogisms,Medium,"SSC,TCS NQT"
Q02333,Logical Reasoning,Data Sufficiency,Easy,CAT
Q02334,Verbal Ability,Cloze Test,Hard,Banking
Q02335,Quantitative Aptitude,Mixtures & Alligations,Hard,"General,CAT,Banking"
Q02336,Logical Reasoning,Venn Diagrams,Hard,General
Q02337,Quantitative Aptitude,Progressions (AP/GP),Medium,"General,TCS NQT,Placements"
Q02338,Quantitative Aptitude,Linear Equations,Easy,"SSC,TCS NQT"
Q02339,Quantitative Aptitude,Surds & Indices,Easy,General
Q02340,Quantitative Aptitude,Quadratic Equations,Medium,"General,Placements,CAT"
Q02341,Quantitative Aptitude,Algebra,Medium,"TCS NQT,Placements,SSC"
Q02342,Data Interpretation,Radar/Spider Charts,Medium,Placements
Q02343,Quantitative Aptitude,Partnership,Medium,"Banking,CAT"
Q02344,Data Interpretation,Pie Charts,Medium,Banking
Q02345,Data Interpretation,Line Graphs,Medium,"Placements,Banking"
Q02346,Quantitative Aptitude,Profit & Loss,Hard,"General,TCS NQT"
Q02347,Verbal Ability,Para Summary,Easy,"TCS NQT,General,Banking"
Q02348,Quantitative Aptitude,Averages,Easy,"Banking,General,TCS NQT"
Q02349,Logical Reasoning,Analogy,Easy,"Banking,Placements,TCS NQT"
Q02350,Quantitative Aptitude,Permutation & Combination,Medium,Banking
Q02351,Logical Reasoning,Cubes & Dice,Easy,General
Q02352,Quantitative Aptitude,Permutation & Combination,Easy,"CAT,Placements,Banking"
Q02353,Quantitative Aptitude,Trigonometry,Hard,General
Q02354,Verbal Ability,Synonyms & Antonyms,Medium,"SSC,CAT,Banking"
Q02355,Logical Reasoning,Puzzles,Medium,SSC
Q02356,Verbal Ability,Verbal Analogies,Medium,"CAT,TCS NQT"
Q02357,Logical Reasoning,Direction Sense,Easy,SSC
Q02358,Data Interpretation,Caselets,Easy,"SSC,General"
Q02359,Verbal Ability,Odd One Out,Medium,Placements
Q02360,Logical Reasoning,Direction Sense,Medium,"Banking,CAT,SSC"
Q02361,Verbal Ability,Critical Reasoning,Hard,Placements
Q02362,Verbal Ability,Error Spotting,Medium,"CAT,General"
Q02363,Quantitative Aptitude,Probability,Medium,"CAT,General"
Q02364,Quantitative Aptitude,Geometry,Hard,"TCS NQT,SSC"
Q02365,Quantitative Aptitude,Progressions (AP/GP),Hard,"SSC,Banking"
Q02366,Data Interpretation,Radar/Spider Charts,Medium,"TCS NQT,Placements,General"
Q02367,Logical Reasoning,Cubes & Dice,Medium,"General,Banking"
Q02368,Data Interpretation,Line Graphs,Medium,"SSC,CAT,Banking"
Q02369,Verbal Ability,Para Summary,Medium,Banking
Q02370,Logical Reasoning,Venn Diagrams,Hard,"CAT,Banking,SSC"
Q02371,Quantitative Aptitude,Set Theory,Medium,Placements
Q02372,Quantitative Aptitude,Partnership,Hard,TCS NQT
Q02373,Quantitative Aptitude,Set Theory,Hard,"SSC,TCS NQT,CAT"
Q02374,Logical Reasoning,Seating Arrangement,Hard,TCS NQT
Q02375,Quantitative Aptitude,Probability,Medium,"CAT,TCS NQT,Placements"
Q02376,Data Interpretation,Radar/Spider Charts,Medium,"CAT,General,Placements"
Q02377,Logical Reasoning,Blood Relations,Easy,"Placements,General"
Q02378,Data Interpretation,Radar/Spider Charts,Easy,TCS NQT
Q02379,Verbal Ability,Verbal Analogies,Easy,"Banking,TCS NQT"
Q02380,Verbal Ability,Reading Comprehension,Easy,"CAT,SSC"
Q02381,Logical Reasoning,Input-Output,Medium,Banking
Q02382,Quantitative Aptitude,Number System,Medium,"SSC,Banking,General"
Q02383,Quantitative Aptitude,Profit & Loss,Medium,CAT
Q02384,Quantitative Aptitude,Probability,Medium,SSC
Q02385,Quantitative Aptitude,Compound Interest,Hard,SSC
Q02386,Verbal Ability,Para Jumbles,Easy,SSC
Q02387,Logical Reasoning,Input-Output,Medium,"Placements,CAT,SSC"
Q02388,Quantitative Aptitude,Time & Work,Medium,General
Q02389,Quantitative Aptitude,Percentages,Medium,"Banking,CAT"
Q02390,Quantitative Aptitude,Algebra,Easy,Banking
Q02391,Quantitative Aptitude,Algebra,Easy,"Banking,CAT"
Q02392,Data Interpretation,Bar Graphs,Medium,Placements
Q02393,Logical Reasoning,Statement & Assumption,Easy,"TCS NQT,General"
Q02394,Quantitative Aptitude,Quadratic Equations,Hard,SSC
Q02395,Quantitative Aptitude,Percentages,Medium,"Banking,TCS NQT"
Q02396,Logical Reasoning,Input-Output,Medium,Banking
Q02397,Verbal Ability,Reading Comprehension,Easy,"General,Placements"
Q02398,Quantitative Aptitude,Number System,Easy,"TCS NQT,General"
Q02399,Data Interpretation,Pie Charts,Easy,TCS NQT
Q02400,Quantitative Aptitude,Set Theory,Easy,SSC
Q02401,Quantitative Aptitude,Progressions (AP/GP),Easy,"Banking,CAT"
Q02402,Quantitative Aptitude,Set Theory,Medium,"Placements,General,SSC"
Q02403,Quantitative Aptitude,Probability,Hard,Placements
Q02404,Logical Reasoning,Input-Output,Medium,"Banking,CAT,TCS NQT"
Q02405,Logical Reasoning,Cubes & Dice,Medium,"SSC,Placements,CAT"
Q02406,Data Interpretation,Bar Graphs,Easy,"SSC,TCS NQT"
Q02407,Logical Reasoning,Statement & Conclusion,Easy,"Banking,SSC,Placements"
Q02408,Quantitative Aptitude,Progressions (AP/GP),Hard,"SSC,CAT,Placements"
Q02409,Quantitative Aptitude,Pipes & Cisterns,Medium,"TCS NQT,CAT,SSC"
Q02410,Logical Reasoning,Seating Arrangement,Hard,"General,CAT"
Q02411,Logical Reasoning,Direction Sense,Medium,"TCS NQT,SSC,Banking"
Q02412,Verbal Ability,Sentence Correction,Medium,"TCS NQT,SSC,General"
Q02413,Verbal Ability,Cloze Test,Medium,"General,Banking"
Q02414,Verbal Ability,Critical Reasoning,Easy,General
Q02415,Logical Reasoning,Venn Diagrams,Medium,"Placements,Banking"
Q02416,Quantitative Aptitude,Logarithms,Easy,"CAT,Placements"
Q02417,Quantitative Aptitude,Set Theory,Easy,TCS NQT
Q02418,Logical Reasoning,Analogy,Easy,CAT
Q02419,Verbal Ability,Cloze Test,Easy,Banking
Q02420,Verbal Ability,Idioms & Phrases,Medium,"General,Banking,TCS NQT"
Q02421,Verbal Ability,Idioms & Phrases,Easy,General
Q02422,Logical Reasoning,Seating Arrangement,Hard,"CAT,Banking,General"
Q02423,Quantitative Aptitude,Linear Equations,Hard,"TCS NQT,SSC"
Q02424,Quantitative Aptitude,Quadratic Equations,Medium,General
Q02425,Quantitative Aptitude,Number System,Medium,Banking
Q02426,Logical Reasoning,Data Sufficiency,Hard,Banking
Q02427,Verbal Ability,Reading Comprehension,Medium,General
Q02428,Logical Reasoning,Blood Relations,Easy,"General,SSC"
Q02429,Quantitative Aptitude,"Time, Speed & Distance",Hard,TCS NQT
Q02430,Logical Reasoning,Clocks & Calendars,Medium,"Placements,General,Banking"
Q02431,Data Interpretation,Mixed DI Sets,Medium,SSC
Q02432,Quantitative Aptitude,Trigonometry,Easy,"General,TCS NQT,Placements"
Q02433,Verbal Ability,Reading Comprehension,Easy,General
Q02434,Verbal Ability,Para Summary,Medium,SSC
Q02435,Quantitative Aptitude,Progressions (AP/GP),Easy,"Banking,Placements,TCS NQT"
Q02436,Verbal Ability,Cloze Test,Medium,"TCS NQT,General,Placements"
Q02437,Logical Reasoning,Seating Arrangement,Easy,"Placements,CAT,General"
Q02438,Logical Reasoning,Statement & Conclusion,Medium,"Placements,TCS NQT,SSC"
Q02439,Logical Reasoning,Series Completion,Medium,"CAT,TCS NQT,SSC"
Q02440,Data Interpretation,Venn-based DI,Easy,"CAT,Banking"
Q02441,Logical Reasoning,Syllogisms,Easy,"Banking,General"
Q02442,Data Interpretation,Caselets,Easy,General
Q02443,Data Interpretation,Venn-based DI,Easy,"Banking,SSC"
Q02444,Data Interpretation,Venn-based DI,Medium,General
Q02445,Verbal Ability,Sentence Correction,Hard,SSC
Q02446,Quantitative Aptitude,Geometry,Medium,"Banking,SSC,CAT"
Q02447,Logical Reasoning,Ranking & Order,Easy,SSC
Q02448,Data Interpretation,Pie Charts,Medium,"CAT,Placements,Banking"
Q02449,Quantitative Aptitude,Profit & Loss,Hard,Placements
Q02450,Data Interpretation,Line Graphs,Medium,"SSC,CAT"
Q02451,Verbal Ability,Cloze Test,Medium,"CAT,General,Banking"
Q02452,Verbal Ability,Para Summary,Easy,TCS NQT
Q02453,Logical Reasoning,Venn Diagrams,Medium,"Placements,CAT"
Q02454,Verbal Ability,Odd One Out,Hard,SSC
Q02455,Verbal Ability,Reading Comprehension,Easy,"TCS NQT,Placements"
Q02456,Quantitative Aptitude,Profit & Loss,Easy,"TCS NQT,Banking,CAT"
Q02457,Quantitative Aptitude,Set Theory,Medium,"TCS NQT,CAT"
Q02458,Quantitative Aptitude,Profit & Loss,Hard,CAT
Q02459,Logical Reasoning,Ranking & Order,Medium,"General,CAT"
Q02460,Verbal Ability,Synonyms & Antonyms,Easy,Banking
Q02461,Verbal Ability,Reading Comprehension,Medium,"TCS NQT,Banking"
Q02462,Verbal Ability,Para Jumbles,Medium,General
Q02463,Logical Reasoning,Syllogisms,Medium,"CAT,SSC,Banking"
Q02464,Logical Reasoning,Ranking & Order,Hard,TCS NQT
Q02465,Verbal Ability,Para Summary,Medium,TCS NQT
Q02466,Verbal Ability,Cloze Test,Easy,"CAT,Banking,TCS NQT"
Q02467,Logical Reasoning,Cubes & Dice,Hard,"TCS NQT,General"
Q02468,Quantitative Aptitude,Simple Interest,Easy,"General,CAT"
Q02469,Verbal Ability,Odd One Out,Easy,"SSC,TCS NQT,Placements"
Q02470,Quantitative Aptitude,Simple Interest,Hard,CAT
Q02471,Data Interpretation,Pie Charts,Easy,"Placements,TCS NQT,General"
Q02472,Verbal Ability,Cloze Test,Easy,"SSC,General,Banking"
Q02473,Data Interpretation,Radar/Spider Charts,Easy,"TCS NQT,Banking,Placements"
Q02474,Data Interpretation,Tables,Medium,CAT
Q02475,Verbal Ability,Reading Comprehension,Medium,SSC
Q02476,Logical Reasoning,Input-Output,Medium,"General,SSC,TCS NQT"
Q02477,Verbal Ability,Verbal Analogies,Easy,"Placements,General,Banking"
Q02478,Logical Reasoning,Clocks & Calendars,Medium,"SSC,General,TCS NQT"
Q02479,Logical Reasoning,Blood Relations,Medium,"TCS NQT,Placements,CAT"
Q02480,Verbal Ability,Sentence Correction,Easy,"TCS NQT,CAT,Banking"
Q02481,Verbal Ability,Fill in the Blanks,Medium,Placements
Q02482,Quantitative Aptitude,Set Theory,Easy,CAT
Q02483,Quantitative Aptitude,Algebra,Easy,General
Q02484,Data Interpretation,Radar/Spider Charts,Medium,"General,Banking,SSC"
Q02485,Quantitative Aptitude,Progressions (AP/GP),Hard,"SSC,TCS NQT,General"
Q02486,Logical Reasoning,Input-Output,Hard,"Placements,CAT"
Q02487,Logical Reasoning,Cubes & Dice,Hard,Banking
Q02488,Verbal Ability,Sentence Correction,Hard,General
Q02489,Logical Reasoning,Statement & Assumption,Easy,"Placements,Banking,General"
Q02490,Quantitative Aptitude,Ratio & Proportion,Medium,"General,SSC"
Q02491,Verbal Ability,Error Spotting,Medium,"Placements,Banking"
Q02492,Data Interpretation,Line Graphs,Medium,SSC
Q02493,Logical Reasoning,Blood Relations,Easy,SSC
Q02494,Quantitative Aptitude,Number System,Medium,"CAT,Placements,SSC"
Q02495,Quantitative Aptitude,Mensuration,Medium,General
Q02496,Quantitative Aptitude,Progressions (AP/GP),Easy,"CAT,General"
Q02497,Quantitative Aptitude,"Time, Speed & Distance",Hard,SSC
Q02498,Verbal Ability,Synonyms & Antonyms,Medium,SSC
Q02499,Data Interpretation,Line Graphs,Medium,"TCS NQT,Placements"
Q02500,Logical Reasoning,Coding-Decoding,Hard,CAT
Q02501,Logical Reasoning,Coding-Decoding,Easy,"CAT,General"
Q02502,Verbal Ability,Cloze Test,Medium,Banking
Q02503,Data Interpretation,Pie Charts,Easy,"Placements,SSC"
Q02504,Quantitative Aptitude,Mensuration,Easy,SSC
Q02505,Logical Reasoning,Data Sufficiency,Hard,"Placements,TCS NQT,Banking"
Q02506,Verbal Ability,Error Spotting,Medium,CAT
Q02507,Logical Reasoning,Direction Sense,Medium,Placements
Q02508,Logical Reasoning,Series Completion,Medium,"Banking,SSC,TCS NQT"
Q02509,Quantitative Aptitude,Logarithms,Medium,"General,Placements"
Q02510,Verbal Ability,Reading Comprehension,Hard,"TCS NQT,Placements,SSC"
Q02511,Logical Reasoning,Direction Sense,Easy,"Placements,CAT"
Q02512,Quantitative Aptitude,Set Theory,Medium,"Placements,TCS NQT"
Q02513,Quantitative Aptitude,Progressions (AP/GP),Easy,"Placements,CAT"
Q02514,Quantitative Aptitude,Trigonometry,Hard,"TCS NQT,CAT,Placements"
Q02515,Logical Reasoning,Ranking & Order,Medium,"TCS NQT,SSC,Banking"
Q02516,Quantitative Aptitude,Permutation & Combination,Easy,"Placements,SSC"
Q02517,Logical Reasoning,Data Sufficiency,Easy,"General,Banking,TCS NQT"
Q02518,Logical Reasoning,Analogy,Easy,"TCS NQT,Banking"
Q02519,Quantitative Aptitude,Set Theory,Medium,"General,CAT,Placements"
Q02520,Verbal Ability,Sentence Correction,Easy,Banking
Q02521,Quantitative Aptitude,Ratio & Proportion,Easy,"Placements,SSC"
Q02522,Quantitative Aptitude,Geometry,Medium,"TCS NQT,Placements"
Q02523,Quantitative Aptitude,Linear Equations,Medium,"TCS NQT,CAT"
Q02524,Logical Reasoning,Direction Sense,Easy,SSC
Q02525,Quantitative Aptitude,Mensuration,Medium,"SSC,Placements,CAT"
Q02526,Quantitative Aptitude,Mensuration,Hard,"TCS NQT,SSC,Banking"
Q02527,Quantitative Aptitude,Mensuration,Medium,"Banking,General"
Q02528,Logical Reasoning,Data Sufficiency,Medium,"SSC,General"
Q02529,Quantitative Aptitude,Quadratic Equations,Medium,Placements
Q02530,Quantitative Aptitude,Mensuration,Medium,SSC
Q02531,Verbal Ability,Cloze Test,Medium,SSC
Q02532,Verbal Ability,Para Jumbles,Medium,"TCS NQT,General"
Q02533,Quantitative Aptitude,Probability,Medium,"CAT,SSC,Placements"
Q02534,Quantitative Aptitude,Simple Interest,Medium,CAT
Q02535,Data Interpretation,Mixed DI Sets,Medium,TCS NQT
Q02536,Quantitative Aptitude,"Time, Speed & Distance",Hard,"Placements,SSC"
Q02537,Verbal Ability,Critical Reasoning,Medium,"General,SSC"
Q02538,Verbal Ability,Sentence Correction,Medium,"TCS NQT,Placements,SSC"
Q02539,Quantitative Aptitude,Number System,Easy,"SSC,General"
Q02540,Logical Reasoning,Ranking & Order,Medium,"TCS NQT,CAT"
Q02541,Logical Reasoning,Analogy,Medium,"TCS NQT,Placements,Banking"
Q02542,Quantitative Aptitude,Ratio & Proportion,Hard,General
Q02543,Data Interpretation,Tables,Easy,"Placements,TCS NQT"
Q02544,Logical Reasoning,Cubes & Dice,Easy,"Banking,SSC,CAT"
Q02545,Quantitative Aptitude,Algebra,Medium,Banking
Q02546,Verbal Ability,Error Spotting,Medium,"Placements,Banking"
Q02547,Quantitative Aptitude,Mensuration,Hard,"CAT,SSC,Placements"
Q02548,Verbal Ability,Verbal Analogies,Easy,SSC
Q02549,Quantitative Aptitude,Pipes & Cisterns,Easy,Banking
Q02550,Logical Reasoning,Data Sufficiency,Medium,"Placements,Banking"
Q02551,Logical Reasoning,Input-Output,Easy,"Banking,TCS NQT,SSC"
Q02552,Logical Reasoning,Venn Diagrams,Easy,"CAT,TCS NQT,General"
Q02553,Data Interpretation,Line Graphs,Medium,SSC
Q02554,Quantitative Aptitude,Progressions (AP/GP),Medium,"TCS NQT,General,Banking"
Q02555,Quantitative Aptitude,Quadratic Equations,Medium,Banking
Q02556,Verbal Ability,Para Jumbles,Medium,"Banking,Placements,General"
Q02557,Verbal Ability,Para Jumbles,Medium,"TCS NQT,Banking"
Q02558,Data Interpretation,Caselets,Medium,Placements
Q02559,Logical Reasoning,Puzzles,Medium,"TCS NQT,Placements,CAT"
Q02560,Quantitative Aptitude,Partnership,Medium,"Banking,CAT,Placements"
Q02561,Data Interpretation,Tables,Medium,Banking
Q02562,Verbal Ability,Critical Reasoning,Easy,Placements
Q02563,Data Interpretation,Caselets,Medium,"TCS NQT,CAT,Banking"
Q02564,Quantitative Aptitude,Percentages,Medium,"TCS NQT,CAT"
Q02565,Quantitative Aptitude,Time & Work,Easy,"Banking,General"
Q02566,Quantitative Aptitude,Time & Work,Medium,Placements
Q02567,Logical Reasoning,Input-Output,Medium,"General,CAT"
Q02568,Verbal Ability,Para Summary,Easy,Placements
Q02569,Quantitative Aptitude,"Time, Speed & Distance",Medium,"Banking,General"
Q02570,Logical Reasoning,Coding-Decoding,Medium,"TCS NQT,SSC,Placements"
Q02571,Quantitative Aptitude,Permutation & Combination,Easy,"General,Banking,SSC"
Q02572,Logical Reasoning,Series Completion,Easy,Placements
Q02573,Verbal Ability,Odd One Out,Hard,Banking
Q02574,Data Interpretation,Tables,Easy,"SSC,TCS NQT,Banking"
Q02575,Logical Reasoning,Cubes & Dice,Easy,"TCS NQT,CAT"
Q02576,Data Interpretation,Pie Charts,Medium,"General,Banking"
Q02577,Verbal Ability,Fill in the Blanks,Medium,"General,SSC,Banking"
Q02578,Data Interpretation,Line Graphs,Hard,"Placements,General"
Q02579,Logical Reasoning,Input-Output,Hard,"Banking,Placements"
Q02580,Logical Reasoning,Puzzles,Easy,"General,CAT"
Q02581,Quantitative Aptitude,Ratio & Proportion,Easy,SSC
Q02582,Logical Reasoning,Clocks & Calendars,Hard,"CAT,Placements,Banking"
Q02583,Logical Reasoning,Input-Output,Medium,"CAT,SSC,General"
Q02584,Verbal Ability,Para Jumbles,Easy,"SSC,Banking,TCS NQT"
Q02585,Logical Reasoning,Coding-Decoding,Easy,"Placements,TCS NQT"
Q02586,Quantitative Aptitude,Percentages,Hard,"CAT,General"
Q02587,Quantitative Aptitude,Set Theory,Easy,"General,Banking,TCS NQT"
Q02588,Quantitative Aptitude,Algebra,Hard,"Banking,Placements,General"
Q02589,Data Interpretation,Bar Graphs,Easy,SSC
Q02590,Verbal Ability,Para Jumbles,Medium,"Placements,SSC,Banking"
Q02591,Quantitative Aptitude,Trigonometry,Easy,"CAT,General"
Q02592,Quantitative Aptitude,Probability,Medium,"Placements,Banking,General"
Q02593,Logical Reasoning,Analogy,Hard,"Placements,General"
Q02594,Verbal Ability,Reading Comprehension,Easy,"CAT,Placements,SSC"
Q02595,Verbal Ability,Para Jumbles,Medium,"General,Banking,Placements"
Q02596,Data Interpretation,Pie Charts,Easy,"CAT,SSC,Placements"
Q02597,Data Interpretation,Radar/Spider Charts,Hard,"Placements,General"
Q02598,Data Interpretation,Bar Graphs,Easy,"TCS NQT,Placements,Banking"
Q02599,Logical Reasoning,Syllogisms,Medium,"TCS NQT,CAT,Banking"
Q02600,Logical Reasoning,Clocks & Calendars,Easy,"CAT,TCS NQT"
Q02601,Data Interpretation,Bar Graphs,Medium,Banking
Q02602,Verbal Ability,Sentence Correction,Hard,SSC
Q02603,Quantitative Aptitude,Ratio & Proportion,Easy,CAT
Q02604,Quantitative Aptitude,Number System,Medium,"CAT,General"
Q02605,Quantitative Aptitude,Algebra,Easy,General
Q02606,Logical Reasoning,Seating Arrangement,Hard,CAT
Q02607,Quantitative Aptitude,Surds & Indices,Hard,General
Q02608,Quantitative Aptitude,Time & Work,Easy,Banking
Q02609,Logical Reasoning,Puzzles,Easy,"SSC,TCS NQT"
Q02610,Quantitative Aptitude,Set Theory,Medium,TCS NQT
Q02611,Data Interpretation,Tables,Easy,"Banking,General,CAT"
Q02612,Verbal Ability,Sentence Correction,Medium,CAT
Q02613,Quantitative Aptitude,Linear Equations,Easy,"Placements,CAT"
Q02614,Logical Reasoning,Ranking & Order,Medium,"SSC,CAT,Banking"
Q02615,Quantitative Aptitude,"Time, Speed & Distance",Medium,"Placements,CAT"
Q02616,Logical Reasoning,Statement & Conclusion,Medium,"TCS NQT,SSC,CAT"
Q02617,Verbal Ability,Para Jumbles,Medium,Banking
Q02618,Logical Reasoning,Clocks & Calendars,Easy,"Banking,CAT,Placements"
Q02619,Quantitative Aptitude,Averages,Hard,TCS NQT
Q02620,Logical Reasoning,Venn Diagrams,Medium,"General,Banking,Placements"
Q02621,Verbal Ability,Fill in the Blanks,Medium,General
Q02622,Verbal Ability,Error Spotting,Medium,"General,Banking"
Q02623,Logical Reasoning,Seating Arrangement,Easy,"CAT,TCS NQT"
Q02624,Logical Reasoning,Cubes & Dice,Medium,"TCS NQT,Placements"
Q02625,Quantitative Aptitude,Permutation & Combination,Medium,"General,CAT,Placements"
Q02626,Quantitative Aptitude,Number System,Hard,"CAT,SSC,Placements"
Q02627,Verbal Ability,Error Spotting,Hard,"Placements,TCS NQT"
Q02628,Data Interpretation,Pie Charts,Hard,Placements
Q02629,Logical Reasoning,Data Sufficiency,Easy,"SSC,Placements"
Q02630,Quantitative Aptitude,Compound Interest,Easy,"Placements,CAT"
Q02631,Data Interpretation,Tables,Easy,"TCS NQT,Banking,SSC"
Q02632,Quantitative Aptitude,Compound Interest,Easy,"SSC,CAT"
Q02633,Quantitative Aptitude,Permutation & Combination,Medium,"General,SSC"
Q02634,Logical Reasoning,Blood Relations,Medium,General
Q02635,Data Interpretation,Mixed DI Sets,Medium,"Placements,General"
Q02636,Verbal Ability,Idioms & Phrases,Easy,General
Q02637,Logical Reasoning,Statement & Assumption,Hard,"General,Placements,Banking"
Q02638,Logical Reasoning,Venn Diagrams,Easy,Banking
Q02639,Logical Reasoning,Blood Relations,Medium,Banking
Q02640,Data Interpretation,Pie Charts,Easy,CAT
Q02641,Logical Reasoning,Direction Sense,Medium,Placements
Q02642,Verbal Ability,Para Jumbles,Hard,TCS NQT
Q02643,Logical Reasoning,Series Completion,Hard,TCS NQT
Q02644,Quantitative Aptitude,Profit & Loss,Medium,"General,Banking"
Q02645,Quantitative Aptitude,Mixtures & Alligations,Hard,General
Q02646,Verbal Ability,Sentence Correction,Easy,Banking
Q02647,Quantitative Aptitude,Time & Work,Medium,"Placements,SSC,TCS NQT"
Q02648,Verbal Ability,Verbal Analogies,Medium,"General,Placements"
Q02649,Verbal Ability,Critical Reasoning,Medium,"CAT,SSC"
Q02650,Quantitative Aptitude,Quadratic Equations,Easy,"Placements,Banking"
Q02651,Logical Reasoning,Cubes & Dice,Medium,"TCS NQT,General"
Q02652,Verbal Ability,Error Spotting,Easy,"Placements,Banking"
Q02653,Quantitative Aptitude,Number System,Medium,"Banking,CAT"
Q02654,Logical Reasoning,Clocks & Calendars,Medium,"TCS NQT,Placements,General"
Q02655,Logical Reasoning,Statement & Conclusion,Easy,"Banking,SSC"
Q02656,Quantitative Aptitude,Mensuration,Medium,"Banking,TCS NQT"
Q02657,Logical Reasoning,Analogy,Medium,SSC
Q02658,Quantitative Aptitude,Compound Interest,Hard,"Banking,Placements,TCS NQT"
Q02659,Data Interpretation,Tables,Easy,CAT
Q02660,Quantitative Aptitude,Permutation & Combination,Easy,"General,SSC,Banking"
Q02661,Quantitative Aptitude,Quadratic Equations,Medium,"Banking,SSC"
Q02662,Quantitative Aptitude,Quadratic Equations,Hard,"SSC,TCS NQT"
Q02663,Quantitative Aptitude,Profit & Loss,Medium,"CAT,General"
Q02664,Quantitative Aptitude,Quadratic Equations,Easy,"Placements,General,Banking"
Q02665,Quantitative Aptitude,Averages,Easy,"SSC,TCS NQT,Banking"
Q02666,Quantitative Aptitude,Set Theory,Easy,"SSC,CAT,Banking"
Q02667,Logical Reasoning,Input-Output,Medium,"Placements,General,Banking"
Q02668,Logical Reasoning,Syllogisms,Medium,"General,CAT"
Q02669,Data Interpretation,Line Graphs,Hard,"TCS NQT,Banking"
Q02670,Quantitative Aptitude,Surds & Indices,Medium,SSC
Q02671,Verbal Ability,Sentence Correction,Medium,"TCS NQT,Placements,CAT"
Q02672,Verbal Ability,Para Jumbles,Easy,General
Q02673,Verbal Ability,Error Spotting,Medium,"Banking,TCS NQT"
Q02674,Data Interpretation,Pie Charts,Medium,"Placements,Banking,General"
Q02675,Quantitative Aptitude,Geometry,Medium,"General,SSC"
Q02676,Data Interpretation,Venn-based DI,Medium,"General,Banking,SSC"
Q02677,Logical Reasoning,Input-Output,Easy,"CAT,General,SSC"
Q02678,Quantitative Aptitude,Compound Interest,Medium,"General,Placements"
Q02679,Quantitative Aptitude,Pipes & Cisterns,Medium,"General,SSC"
Q02680,Logical Reasoning,Blood Relations,Easy,Banking
Q02681,Quantitative Aptitude,Number System,Medium,CAT
Q02682,Logical Reasoning,Input-Output,Easy,"Banking,SSC,General"
Q02683,Logical Reasoning,Coding-Decoding,Medium,SSC
Q02684,Quantitative Aptitude,Time & Work,Easy,"Placements,General,Banking"
Q02685,Data Interpretation,Line Graphs,Hard,"CAT,Banking,Placements"
Q02686,Quantitative Aptitude,Time & Work,Medium,CAT
Q02687,Quantitative Aptitude,Pipes & Cisterns,Medium,Placements
Q02688,Quantitative Aptitude,Averages,Hard,"Banking,TCS NQT"
Q02689,Verbal Ability,Para Jumbles,Easy,"Placements,CAT,SSC"
Q02690,Quantitative Aptitude,Profit & Loss,Easy,"CAT,SSC"
Q02691,Logical Reasoning,Seating Arrangement,Medium,"CAT,TCS NQT"
Q02692,Quantitative Aptitude,Ratio & Proportion,Hard,"Banking,CAT"
Q02693,Quantitative Aptitude,Number System,Medium,SSC
Q02694,Logical Reasoning,Blood Relations,Medium,"TCS NQT,CAT,General"
Q02695,Quantitative Aptitude,"Time, Speed & Distance",Medium,"CAT,Banking,SSC"
Q02696,Logical Reasoning,Analogy,Medium,"SSC,TCS NQT"
Q02697,Quantitative Aptitude,Geometry,Medium,"SSC,General"
Q02698,Verbal Ability,Fill in the Blanks,Easy,SSC
Q02699,Logical Reasoning,Ranking & Order,Hard,"TCS NQT,CAT"
Q02700,Logical Reasoning,Data Sufficiency,Medium,"CAT,General"
Q02701,Quantitative Aptitude,Mensuration,Easy,"Banking,Placements,CAT"
Q02702,Verbal Ability,Verbal Analogies,Easy,TCS NQT
Q02703,Verbal Ability,Critical Reasoning,Medium,"Placements,SSC,Banking"
Q02704,Logical Reasoning,Analogy,Easy,"Banking,Placements,CAT"
Q02705,Quantitative Aptitude,Set Theory,Hard,"CAT,SSC"
Q02706,Verbal Ability,Reading Comprehension,Easy,"SSC,Banking,Placements"
Q02707,Logical Reasoning,Analogy,Easy,"General,TCS NQT"
Q02708,Verbal Ability,Para Jumbles,Medium,"Banking,General"
Q02709,Data Interpretation,Pie Charts,Easy,"Banking,SSC,Placements"
Q02710,Data Interpretation,Line Graphs,Easy,"TCS NQT,General,CAT"
Q02711,Logical Reasoning,Direction Sense,Hard,"CAT,SSC"
Q02712,Quantitative Aptitude,Surds & Indices,Medium,"Banking,Placements,General"
Q02713,Data Interpretation,Pie Charts,Medium,"General,TCS NQT"
Q02714,Data Interpretation,Tables,Medium,Placements
Q02715,Quantitative Aptitude,Time & Work,Medium,"General,CAT,TCS NQT"
Q02716,Quantitative Aptitude,Geometry,Easy,"CAT,Placements,SSC"
Q02717,Logical Reasoning,Ranking & Order,Medium,"Placements,SSC"
Q02718,Data Interpretation,Radar/Spider Charts,Medium,"CAT,Placements,Banking"
Q02719,Quantitative Aptitude,Profit & Loss,Medium,"SSC,Placements,CAT"
Q02720,Verbal Ability,Cloze Test,Medium,"Banking,General"
Q02721,Data Interpretation,Venn-based DI,Easy,"Placements,General"
Q02722,Logical Reasoning,Statement & Conclusion,Easy,SSC
Q02723,Logical Reasoning,Seating Arrangement,Medium,CAT
Q02724,Verbal Ability,Fill in the Blanks,Medium,"TCS NQT,Placements,CAT"
Q02725,Verbal Ability,Verbal Analogies,Medium,"Placements,SSC"
Q02726,Quantitative Aptitude,Quadratic Equations,Hard,"General,CAT,SSC"
Q02727,Data Interpretation,Bar Graphs,Medium,"TCS NQT,Placements,Banking"
Q02728,Quantitative Aptitude,Geometry,Hard,"SSC,Placements"
Q02729,Logical Reasoning,Statement & Assumption,Hard,Banking
Q02730,Verbal Ability,Reading Comprehension,Medium,"Banking,SSC,Placements"
Q02731,Verbal Ability,Critical Reasoning,Medium,Banking
Q02732,Verbal Ability,Cloze Test,Medium,"Placements,TCS NQT"
Q02733,Data Interpretation,Caselets,Easy,General
Q02734,Logical Reasoning,Syllogisms,Hard,"SSC,General,CAT"
Q02735,Logical Reasoning,Statement & Conclusion,Medium,"TCS NQT,Banking,Placements"
Q02736,Verbal Ability,Odd One Out,Hard,"General,Banking"
Q02737,Quantitative Aptitude,Percentages,Medium,"Placements,General"
Q02738,Quantitative Aptitude,Pipes & Cisterns,Hard,General
Q02739,Logical Reasoning,Syllogisms,Easy,Banking
Q02740,Verbal Ability,Error Spotting,Medium,"SSC,Placements"
Q02741,Quantitative Aptitude,Number System,Hard,"Banking,SSC,General"
Q02742,Logical Reasoning,Analogy,Medium,"Banking,General"
Q02743,Data Interpretation,Pie Charts,Hard,"General,SSC,TCS NQT"
Q02744,Verbal Ability,Error Spotting,Hard,General
Q02745,Quantitative Aptitude,Probability,Medium,"CAT,Placements"
Q02746,Quantitative Aptitude,Algebra,Medium,"CAT,SSC,Banking"
Q02747,Quantitative Aptitude,Set Theory,Easy,TCS NQT
Q02748,Verbal Ability,Synonyms & Antonyms,Hard,"General,Banking"
Q02749,Quantitative Aptitude,Mixtures & Alligations,Medium,Placements
Q02750,Logical Reasoning,Series Completion,Medium,"Placements,CAT,SSC"
Q02751,Logical Reasoning,Puzzles,Medium,"Placements,Banking,TCS NQT"
Q02752,Quantitative Aptitude,Surds & Indices,Medium,CAT
Q02753,Quantitative Aptitude,Simple Interest,Easy,"Banking,Placements"
Q02754,Quantitative Aptitude,Percentages,Medium,TCS NQT
Q02755,Verbal Ability,Cloze Test,Easy,"TCS NQT,Banking"
Q02756,Verbal Ability,Synonyms & Antonyms,Medium,"General,Banking,Placements"
Q02757,Quantitative Aptitude,Percentages,Medium,Placements
Q02758,Verbal Ability,Para Summary,Medium,"SSC,TCS NQT"
Q02759,Quantitative Aptitude,Time & Work,Easy,"General,Banking,CAT"
Q02760,Quantitative Aptitude,Mensuration,Medium,"Banking,SSC,General"
Q02761,Quantitative Aptitude,Linear Equations,Hard,CAT
Q02762,Verbal Ability,Para Jumbles,Medium,CAT
Q02763,Verbal Ability,Odd One Out,Easy,"General,TCS NQT,Placements"
Q02764,Logical Reasoning,Blood Relations,Medium,"TCS NQT,General,Banking"
Q02765,Quantitative Aptitude,Averages,Medium,"General,CAT,Placements"
Q02766,Quantitative Aptitude,Quadratic Equations,Hard,"General,Banking"
Q02767,Quantitative Aptitude,Mixtures & Alligations,Medium,"Placements,CAT,SSC"
Q02768,Logical Reasoning,Seating Arrangement,Easy,"TCS NQT,Placements,Banking"
Q02769,Logical Reasoning,Blood Relations,Medium,"TCS NQT,General"
Q02770,Data Interpretation,Venn-based DI,Medium,"CAT,TCS NQT"
Q02771,Quantitative Aptitude,Progressions (AP/GP),Medium,"General,CAT,Placements"
Q02772,Logical Reasoning,Puzzles,Medium,TCS NQT
Q02773,Quantitative Aptitude,Partnership,Hard,CAT
Q02774,Quantitative Aptitude,Probability,Easy,"SSC,CAT"
Q02775,Data Interpretation,Bar Graphs,Easy,TCS NQT
Q02776,Logical Reasoning,Series Completion,Medium,"Placements,CAT,SSC"
Q02777,Data Interpretation,Bar Graphs,Medium,CAT
Q02778,Quantitative Aptitude,Permutation & Combination,Easy,"SSC,TCS NQT"
Q02779,Logical Reasoning,Coding-Decoding,Hard,"General,CAT"
Q02780,Quantitative Aptitude,Ratio & Proportion,Easy,"CAT,TCS NQT"
Q02781,Data Interpretation,Caselets,Hard,"TCS NQT,Banking,Placements"
Q02782,Logical Reasoning,Analogy,Medium,"SSC,TCS NQT,General"
Q02783,Quantitative Aptitude,Logarithms,Medium,"TCS NQT,Placements,CAT"
Q02784,Logical Reasoning,Syllogisms,Medium,CAT
Q02785,Logical Reasoning,Series Completion,Medium,SSC
Q02786,Verbal Ability,Sentence Correction,Easy,TCS NQT
Q02787,Quantitative Aptitude,Probability,Medium,TCS NQT
Q02788,Quantitative Aptitude,Linear Equations,Easy,"Placements,TCS NQT"
Q02789,Logical Reasoning,Input-Output,Hard,TCS NQT
Q02790,Logical Reasoning,Statement & Conclusion,Easy,"Banking,Placements"
Q02791,Logical Reasoning,Ranking & Order,Medium,"CAT,SSC"
Q02792,Quantitative Aptitude,Surds & Indices,Easy,"General,Placements"
Q02793,Data Interpretation,Venn-based DI,Medium,CAT
Q02794,Quantitative Aptitude,Set Theory,Medium,"SSC,Placements,General"
Q02795,Quantitative Aptitude,Progressions (AP/GP),Easy,"General,TCS NQT,Placements"
Q02796,Quantitative Aptitude,Geometry,Medium,SSC
Q02797,Data Interpretation,Data Sufficiency (DI),Medium,"CAT,TCS NQT"
Q02798,Quantitative Aptitude,Ratio & Proportion,Medium,SSC
Q02799,Verbal Ability,Para Jumbles,Hard,"CAT,TCS NQT,Banking"
Q02800,Verbal Ability,Para Jumbles,Hard,"General,CAT"
Q02801,Logical Reasoning,Data Sufficiency,Hard,"SSC,Placements"
Q02802,Verbal Ability,Sentence Correction,Hard,"CAT,General"
Q02803,Quantitative Aptitude,Quadratic Equations,Medium,Banking
Q02804,Verbal Ability,Para Jumbles,Medium,Placements
Q02805,Verbal Ability,Idioms & Phrases,Easy,"SSC,TCS NQT,Banking"
Q02806,Logical Reasoning,Puzzles,Easy,"SSC,TCS NQT,General"
Q02807,Data Interpretation,Venn-based DI,Medium,"TCS NQT,CAT"
Q02808,Logical Reasoning,Syllogisms,Medium,SSC
Q02809,Logical Reasoning,Ranking & Order,Medium,SSC
Q02810,Quantitative Aptitude,Pipes & Cisterns,Medium,"TCS NQT,General,Banking"
Q02811,Quantitative Aptitude,Trigonometry,Easy,"Placements,SSC,CAT"
Q02812,Verbal Ability,Cloze Test,Medium,"General,Placements,TCS NQT"
Q02813,Data Interpretation,Line Graphs,Medium,"TCS NQT,SSC"
Q02814,Data Interpretation,Bar Graphs,Hard,"General,SSC,Placements"
Q02815,Data Interpretation,Data Sufficiency (DI),Easy,"Banking,Placements,General"
Q02816,Quantitative Aptitude,Linear Equations,Hard,"TCS NQT,SSC"
Q02817,Quantitative Aptitude,Averages,Easy,"TCS NQT,Placements"
Q02818,Quantitative Aptitude,Mixtures & Alligations,Medium,"CAT,SSC,Banking"
Q02819,Logical Reasoning,Venn Diagrams,Easy,General
Q02820,Quantitative Aptitude,Profit & Loss,Medium,General
Q02821,Verbal Ability,Sentence Correction,Medium,Placements
Q02822,Data Interpretation,Bar Graphs,Medium,General
Q02823,Logical Reasoning,Clocks & Calendars,Medium,"Banking,CAT,General"
Q02824,Verbal Ability,Cloze Test,Medium,"General,Placements,Banking"
Q02825,Data Interpretation,Radar/Spider Charts,Hard,"General,TCS NQT,CAT"
Q02826,Quantitative Aptitude,Quadratic Equations,Easy,TCS NQT
Q02827,Logical Reasoning,Series Completion,Hard,"CAT,Banking,SSC"
Q02828,Logical Reasoning,Statement & Assumption,Easy,"General,TCS NQT,CAT"
Q02829,Data Interpretation,Radar/Spider Charts,Hard,General
Q02830,Logical Reasoning,Statement & Assumption,Medium,CAT
Q02831,Logical Reasoning,Data Sufficiency,Easy,TCS NQT
Q02832,Verbal Ability,Fill in the Blanks,Medium,Banking
Q02833,Quantitative Aptitude,Trigonometry,Easy,"Placements,SSC"
Q02834,Quantitative Aptitude,Simple Interest,Medium,"General,Placements"
Q02835,Verbal Ability,Idioms & Phrases,Medium,SSC
Q02836,Logical Reasoning,Clocks & Calendars,Medium,"SSC,General"
Q02837,Quantitative Aptitude,"Time, Speed & Distance",Easy,General
Q02838,Quantitative Aptitude,Set Theory,Easy,"Banking,Placements,SSC"
Q02839,Verbal Ability,Cloze Test,Easy,"CAT,Banking,TCS NQT"
Q02840,Verbal Ability,Reading Comprehension,Easy,"CAT,TCS NQT"
Q02841,Logical Reasoning,Cubes & Dice,Medium,"SSC,General"
Q02842,Verbal Ability,Para Jumbles,Easy,SSC
Q02843,Quantitative Aptitude,Pipes & Cisterns,Easy,Banking
Q02844,Quantitative Aptitude,Linear Equations,Medium,CAT
Q02845,Verbal Ability,Para Summary,Medium,"Placements,CAT"
Q02846,Quantitative Aptitude,Permutation & Combination,Medium,"Placements,Banking,CAT"
Q02847,Quantitative Aptitude,Trigonometry,Easy,Placements
Q02848,Verbal Ability,Cloze Test,Easy,"Placements,Banking"
Q02849,Verbal Ability,Para Summary,Medium,"SSC,General"
Q02850,Logical Reasoning,Input-Output,Easy,TCS NQT
Q02851,Logical Reasoning,Statement & Conclusion,Medium,Banking
Q02852,Data Interpretation,Radar/Spider Charts,Hard,Placements
Q02853,Data Interpretation,Mixed DI Sets,Hard,"Banking,CAT,SSC"
Q02854,Verbal Ability,Error Spotting,Medium,CAT
Q02855,Verbal Ability,Sentence Correction,Easy,"CAT,Placements"
Q02856,Quantitative Aptitude,Quadratic Equations,Medium,"General,SSC"
Q02857,Quantitative Aptitude,Percentages,Easy,General
Q02858,Logical Reasoning,Series Completion,Easy,"General,SSC"
Q02859,Verbal Ability,Para Jumbles,Medium,"Banking,TCS NQT"
Q02860,Quantitative Aptitude,Trigonometry,Hard,"General,Placements,SSC"
Q02861,Verbal Ability,Para Summary,Medium,"General,Banking,Placements"
Q02862,Quantitative Aptitude,Simple Interest,Hard,CAT
Q02863,Verbal Ability,Synonyms & Antonyms,Medium,SSC
Q02864,Logical Reasoning,Blood Relations,Easy,"Placements,CAT,SSC"
Q02865,Verbal Ability,Para Summary,Hard,"General,CAT,Banking"
Q02866,Verbal Ability,Odd One Out,Medium,"SSC,Banking"
Q02867,Verbal Ability,Para Jumbles,Medium,"Placements,TCS NQT"
Q02868,Verbal Ability,Synonyms & Antonyms,Hard,"TCS NQT,Placements,General"
Q02869,Quantitative Aptitude,Averages,Easy,SSC
Q02870,Quantitative Aptitude,Partnership,Medium,General
Q02871,Verbal Ability,Para Summary,Easy,Banking
Q02872,Logical Reasoning,Puzzles,Hard,"General,TCS NQT,Placements"
Q02873,Logical Reasoning,Series Completion,Easy,"General,Placements,TCS NQT"
Q02874,Logical Reasoning,Puzzles,Hard,Banking
Q02875,Verbal Ability,Reading Comprehension,Medium,"Placements,General"
Q02876,Quantitative Aptitude,Geometry,Hard,TCS NQT
Q02877,Quantitative Aptitude,"Time, Speed & Distance",Easy,CAT
Q02878,Data Interpretation,Data Sufficiency (DI),Easy,"TCS NQT,SSC"
Q02879,Quantitative Aptitude,Partnership,Easy,"Placements,General,SSC"
Q02880,Logical Reasoning,Input-Output,Hard,"CAT,TCS NQT"
Q02881,Data Interpretation,Data Sufficiency (DI),Easy,"CAT,SSC,General"
Q02882,Data Interpretation,Caselets,Hard,"SSC,General"
Q02883,Quantitative Aptitude,Partnership,Medium,"Placements,SSC"
Q02884,Logical Reasoning,Syllogisms,Easy,CAT
Q02885,Verbal Ability,Reading Comprehension,Easy,General
Q02886,Quantitative Aptitude,Pipes & Cisterns,Medium,"Placements,SSC"
Q02887,Quantitative Aptitude,Trigonometry,Medium,"TCS NQT,CAT"
Q02888,Quantitative Aptitude,Geometry,Medium,SSC
Q02889,Verbal Ability,Odd One Out,Easy,"SSC,General"
Q02890,Logical Reasoning,Puzzles,Easy,General
Q02891,Logical Reasoning,Blood Relations,Medium,"TCS NQT,Placements,SSC"
Q02892,Logical Reasoning,Data Sufficiency,Medium,"SSC,TCS NQT,General"
Q02893,Data Interpretation,Tables,Medium,"SSC,Placements,Banking"
Q02894,Logical Reasoning,Seating Arrangement,Hard,Placements
Q02895,Verbal Ability,Cloze Test,Easy,"TCS NQT,CAT,General"
Q02896,Quantitative Aptitude,Progressions (AP/GP),Easy,"Placements,General,Banking"
Q02897,Verbal Ability,Para Jumbles,Easy,TCS NQT
Q02898,Logical Reasoning,Venn Diagrams,Easy,"General,Banking"
Q02899,Data Interpretation,Tables,Medium,"General,Placements,CAT"
Q02900,Logical Reasoning,Direction Sense,Medium,Banking
Q02901,Quantitative Aptitude,Probability,Easy,"SSC,TCS NQT,General"
Q02902,Logical Reasoning,Data Sufficiency,Hard,"General,CAT"
Q02903,Verbal Ability,Para Summary,Easy,Banking
Q02904,Verbal Ability,Para Summary,Hard,"TCS NQT,CAT,Placements"
Q02905,Data Interpretation,Caselets,Hard,"Placements,SSC,CAT"
Q02906,Logical Reasoning,Syllogisms,Medium,"Placements,Banking,TCS NQT"
Q02907,Data Interpretation,Venn-based DI,Easy,"CAT,Placements,Banking"
Q02908,Quantitative Aptitude,Permutation & Combination,Easy,"TCS NQT,Banking"
Q02909,Verbal Ability,Para Summary,Hard,"SSC,Placements,TCS NQT"
Q02910,Quantitative Aptitude,Number System,Easy,TCS NQT
Q02911,Quantitative Aptitude,"Time, Speed & Distance",Medium,"General,CAT,Banking"
Q02912,Quantitative Aptitude,Permutation & Combination,Easy,"General,TCS NQT,SSC"
Q02913,Verbal Ability,Critical Reasoning,Medium,SSC
Q02914,Data Interpretation,Caselets,Easy,"CAT,Placements,TCS NQT"
Q02915,Logical Reasoning,Syllogisms,Medium,"Placements,SSC,CAT"
Q02916,Logical Reasoning,Direction Sense,Medium,"Placements,SSC"
Q02917,Quantitative Aptitude,Percentages,Medium,"Placements,General,CAT"
Q02918,Logical Reasoning,Blood Relations,Medium,"SSC,TCS NQT,General"
Q02919,Quantitative Aptitude,Algebra,Medium,General
Q02920,Logical Reasoning,Statement & Conclusion,Medium,"Placements,Banking,SSC"
Q02921,Logical Reasoning,Venn Diagrams,Medium,General
Q02922,Data Interpretation,Bar Graphs,Medium,"Placements,SSC"
Q02923,Quantitative Aptitude,Time & Work,Medium,"CAT,TCS NQT"
Q02924,Logical Reasoning,Puzzles,Medium,"General,Banking,SSC"
Q02925,Verbal Ability,Cloze Test,Medium,"TCS NQT,General,Placements"
Q02926,Quantitative Aptitude,Mensuration,Easy,SSC
Q02927,Quantitative Aptitude,Averages,Medium,TCS NQT
Q02928,Quantitative Aptitude,Set Theory,Easy,"Placements,Banking"
Q02929,Logical Reasoning,Statement & Assumption,Hard,"General,Banking,SSC"
Q02930,Verbal Ability,Synonyms & Antonyms,Hard,"CAT,Banking"
Q02931,Quantitative Aptitude,Time & Work,Medium,"Placements,General"
Q02932,Verbal Ability,Sentence Correction,Easy,"Banking,Placements,SSC"
Q02933,Verbal Ability,Reading Comprehension,Medium,"Placements,General"
Q02934,Verbal Ability,Para Summary,Hard,"TCS NQT,Placements,CAT"
Q02935,Logical Reasoning,Direction Sense,Hard,Banking
Q02936,Quantitative Aptitude,Ratio & Proportion,Easy,"General,Banking"
Q02937,Logical Reasoning,Puzzles,Easy,"TCS NQT,Placements,CAT"
Q02938,Quantitative Aptitude,Logarithms,Easy,Banking
Q02939,Quantitative Aptitude,Quadratic Equations,Medium,CAT
Q02940,Logical Reasoning,Blood Relations,Medium,"CAT,Placements,TCS NQT"
Q02941,Logical Reasoning,Seating Arrangement,Easy,"Placements,TCS NQT"
Q02942,Quantitative Aptitude,Number System,Medium,CAT
Q02943,Logical Reasoning,Venn Diagrams,Easy,"CAT,Placements,TCS NQT"
Q02944,Quantitative Aptitude,Trigonometry,Medium,"Banking,Placements,SSC"
Q02945,Quantitative Aptitude,Algebra,Easy,"Placements,General"
Q02946,Verbal Ability,Reading Comprehension,Medium,"General,SSC,CAT"
Q02947,Quantitative Aptitude,Number System,Medium,CAT
Q02948,Data Interpretation,Venn-based DI,Easy,"CAT,TCS NQT"
Q02949,Data Interpretation,Data Sufficiency (DI),Hard,CAT
Q02950,Verbal Ability,Sentence Correction,Easy,Placements
Q02951,Logical Reasoning,Input-Output,Easy,"Placements,SSC"
Q02952,Logical Reasoning,Clocks & Calendars,Easy,General
Q02953,Logical Reasoning,Ranking & Order,Hard,"General,CAT,Banking"
Q02954,Quantitative Aptitude,Time & Work,Medium,Placements
Q02955,Quantitative Aptitude,Simple Interest,Medium,"SSC,CAT"
Q02956,Data Interpretation,Mixed DI Sets,Easy,SSC
Q02957,Logical Reasoning,Seating Arrangement,Easy,TCS NQT
Q02958,Quantitative Aptitude,Compound Interest,Easy,Banking
Q02959,Logical Reasoning,Venn Diagrams,Medium,"Placements,Banking,General"
Q02960,Logical Reasoning,Clocks & Calendars,Easy,"SSC,General,CAT"
Q02961,Quantitative Aptitude,Averages,Easy,"General,SSC"
Q02962,Logical Reasoning,Statement & Conclusion,Medium,"CAT,General,Placements"
Q02963,Data Interpretation,Line Graphs,Easy,"Placements,Banking"
Q02964,Logical Reasoning,Cubes & Dice,Easy,"Banking,CAT,TCS NQT"
Q02965,Quantitative Aptitude,Progressions (AP/GP),Easy,"General,SSC"
Q02966,Quantitative Aptitude,Compound Interest,Easy,SSC
Q02967,Verbal Ability,Synonyms & Antonyms,Medium,Banking
Q02968,Logical Reasoning,Data Sufficiency,Easy,"Banking,General"
Q02969,Logical Reasoning,Analogy,Medium,"Banking,TCS NQT,SSC"
Q02970,Logical Reasoning,Direction Sense,Easy,"Placements,Banking,TCS NQT"
Q02971,Quantitative Aptitude,Probability,Hard,"TCS NQT,General"
Q02972,Quantitative Aptitude,Trigonometry,Easy,"TCS NQT,Placements,Banking"
Q02973,Logical Reasoning,Seating Arrangement,Hard,"General,Banking,Placements"
Q02974,Logical Reasoning,Seating Arrangement,Hard,SSC
Q02975,Logical Reasoning,Blood Relations,Medium,CAT
Q02976,Logical Reasoning,Data Sufficiency,Hard,"Banking,Placements,CAT"
Q02977,Verbal Ability,Reading Comprehension,Easy,"SSC,Placements"
Q02978,Quantitative Aptitude,Mixtures & Alligations,Easy,"Placements,TCS NQT"
Q02979,Quantitative Aptitude,Geometry,Medium,Placements
Q02980,Quantitative Aptitude,Ratio & Proportion,Hard,General
Q02981,Quantitative Aptitude,Compound Interest,Easy,General
Q02982,Quantitative Aptitude,Partnership,Easy,Banking
Q02983,Quantitative Aptitude,Pipes & Cisterns,Medium,General
Q02984,Verbal Ability,Para Summary,Medium,"CAT,General"
Q02985,Quantitative Aptitude,Surds & Indices,Hard,"CAT,Banking,Placements"
Q02986,Quantitative Aptitude,Number System,Easy,SSC
Q02987,Quantitative Aptitude,Compound Interest,Medium,Placements
Q02988,Verbal Ability,Para Jumbles,Medium,TCS NQT
Q02989,Verbal Ability,Para Summary,Easy,Placements
Q02990,Quantitative Aptitude,Trigonometry,Easy,"Placements,TCS NQT,SSC"
Q02991,Data Interpretation,Radar/Spider Charts,Medium,"General,SSC"
Q02992,Verbal Ability,Odd One Out,Easy,"General,CAT,SSC"
Q02993,Quantitative Aptitude,Simple Interest,Hard,CAT
Q02994,Logical Reasoning,Syllogisms,Medium,"Placements,TCS NQT,General"
Q02995,Quantitative Aptitude,Number System,Easy,"Banking,General"
Q02996,Data Interpretation,Venn-based DI,Easy,"SSC,TCS NQT,General"
Q02997,Data Interpretation,Tables,Hard,"Placements,SSC"
Q02998,Verbal Ability,Para Jumbles,Medium,"Banking,Placements,TCS NQT"
Q02999,Data Interpretation,Data Sufficiency (DI),Easy,"CAT,Placements,Banking"
Q03000,Quantitative Aptitude,Time & Work,Medium,"TCS NQT,General,CAT"
Q03001,Verbal Ability,Error Spotting,Medium,"Banking,SSC"
Q03002,Logical Reasoning,Ranking & Order,Medium,"Placements,CAT"
Q03003,Logical Reasoning,Data Sufficiency,Medium,"Banking,Placements,SSC"
Q03004,Logical Reasoning,Puzzles,Medium,CAT
Q03005,Quantitative Aptitude,Linear Equations,Easy,"SSC,CAT,Placements"
Q03006,Quantitative Aptitude,Mixtures & Alligations,Medium,TCS NQT
Q03007,Quantitative Aptitude,Simple Interest,Easy,Placements
Q03008,Data Interpretation,Bar Graphs,Medium,"Placements,TCS NQT"
Q03009,Logical Reasoning,Series Completion,Hard,"CAT,Placements,SSC"
Q03010,Quantitative Aptitude,Profit & Loss,Medium,"TCS NQT,CAT,Banking"
Q03011,Logical Reasoning,Syllogisms,Medium,SSC
Q03012,Data Interpretation,Pie Charts,Medium,"CAT,SSC"
Q03013,Quantitative Aptitude,Mixtures & Alligations,Hard,"TCS NQT,Placements"
Q03014,Data Interpretation,Mixed DI Sets,Medium,"General,SSC"
Q03015,Logical Reasoning,Direction Sense,Medium,"General,CAT,SSC"
Q03016,Verbal Ability,Para Summary,Medium,"TCS NQT,CAT,Placements"
Q03017,Verbal Ability,Reading Comprehension,Easy,"Banking,General,CAT"
Q03018,Logical Reasoning,Clocks & Calendars,Medium,Placements
Q03019,Verbal Ability,Cloze Test,Medium,"CAT,General"
Q03020,Quantitative Aptitude,Partnership,Hard,Placements
Q03021,Quantitative Aptitude,Surds & Indices,Easy,"Placements,General,SSC"
Q03022,Verbal Ability,Odd One Out,Hard,SSC
Q03023,Data Interpretation,Caselets,Hard,"TCS NQT,Banking"
Q03024,Quantitative Aptitude,Percentages,Medium,"General,Banking,Placements"
Q03025,Verbal Ability,Sentence Correction,Medium,"TCS NQT,CAT,Placements"
Q03026,Verbal Ability,Verbal Analogies,Hard,"Banking,CAT,TCS NQT"
Q03027,Quantitative Aptitude,Compound Interest,Medium,"TCS NQT,CAT"
Q03028,Quantitative Aptitude,Trigonometry,Medium,Banking
Q03029,Quantitative Aptitude,Algebra,Easy,SSC
Q03030,Data Interpretation,Line Graphs,Hard,SSC
Q03031,Verbal Ability,Verbal Analogies,Easy,"SSC,CAT"
Q03032,Data Interpretation,Pie Charts,Easy,General
Q03033,Quantitative Aptitude,Mensuration,Medium,"Banking,SSC"
Q03034,Logical Reasoning,Cubes & Dice,Easy,"Placements,CAT,Banking"
Q03035,Quantitative Aptitude,Percentages,Medium,"SSC,Banking"
Q03036,Logical Reasoning,Input-Output,Medium,"General,Placements,Banking"
Q03037,Logical Reasoning,Data Sufficiency,Hard,"TCS NQT,SSC,General"
Q03038,Data Interpretation,Pie Charts,Hard,"Banking,TCS NQT,General"
Q03039,Quantitative Aptitude,Averages,Easy,"CAT,TCS NQT,General"
Q03040,Verbal Ability,Error Spotting,Medium,General
Q03041,Verbal Ability,Idioms & Phrases,Easy,Placements
Q03042,Verbal Ability,Para Jumbles,Easy,"Banking,Placements"
Q03043,Quantitative Aptitude,Progressions (AP/GP),Medium,"CAT,Placements"
Q03044,Data Interpretation,Data Sufficiency (DI),Medium,"General,CAT"
Q03045,Verbal Ability,Fill in the Blanks,Easy,"Banking,TCS NQT"
Q03046,Quantitative Aptitude,Mensuration,Medium,CAT
Q03047,Logical Reasoning,Coding-Decoding,Hard,"CAT,Banking,TCS NQT"
Q03048,Quantitative Aptitude,"Time, Speed & Distance",Medium,"SSC,CAT"
Q03049,Quantitative Aptitude,Algebra,Hard,"TCS NQT,Banking"
Q03050,Logical Reasoning,Series Completion,Easy,"General,Banking,CAT"
Q03051,Logical Reasoning,Statement & Conclusion,Hard,"CAT,TCS NQT"
Q03052,Logical Reasoning,Direction Sense,Medium,"Placements,General"
Q03053,Data Interpretation,Mixed DI Sets,Medium,"CAT,TCS NQT,Banking"
Q03054,Quantitative Aptitude,Percentages,Easy,"Banking,General"
Q03055,Logical Reasoning,Series Completion,Medium,Placements
Q03056,Logical Reasoning,Blood Relations,Easy,"Banking,SSC,TCS NQT"
Q03057,Quantitative Aptitude,Set Theory,Easy,CAT
Q03058,Verbal Ability,Synonyms & Antonyms,Easy,SSC
Q03059,Logical Reasoning,Ranking & Order,Medium,SSC
Q03060,Logical Reasoning,Cubes & Dice,Medium,"TCS NQT,Placements"
Q03061,Verbal Ability,Cloze Test,Easy,"Placements,CAT"
Q03062,Quantitative Aptitude,Profit & Loss,Hard,"SSC,General"
Q03063,Data Interpretation,Line Graphs,Easy,SSC
Q03064,Logical Reasoning,Input-Output,Hard,"Banking,TCS NQT"
Q03065,Data Interpretation,Line Graphs,Medium,"Banking,SSC,General"
Q03066,Quantitative Aptitude,Number System,Hard,"TCS NQT,Placements,CAT"
Q03067,Data Interpretation,Line Graphs,Medium,"General,SSC"
Q03068,Quantitative Aptitude,Number System,Hard,Banking
Q03069,Logical Reasoning,Direction Sense,Easy,"SSC,CAT"
Q03070,Quantitative Aptitude,Surds & Indices,Hard,"SSC,TCS NQT"
Q03071,Data Interpretation,Bar Graphs,Hard,"Placements,Banking"
Q03072,Logical Reasoning,Puzzles,Easy,Placements
Q03073,Quantitative Aptitude,Pipes & Cisterns,Medium,Banking
Q03074,Quantitative Aptitude,Partnership,Medium,"Placements,TCS NQT,Banking"
Q03075,Verbal Ability,Sentence Correction,Medium,"Placements,General"
Q03076,Data Interpretation,Bar Graphs,Easy,"SSC,CAT"
Q03077,Logical Reasoning,Clocks & Calendars,Easy,"TCS NQT,CAT"
Q03078,Quantitative Aptitude,Partnership,Easy,"General,Banking"
Q03079,Data Interpretation,Data Sufficiency (DI),Easy,"SSC,General"
Q03080,Data Interpretation,Venn-based DI,Hard,"TCS NQT,SSC"
Q03081,Verbal Ability,Para Jumbles,Medium,Banking
Q03082,Data Interpretation,Data Sufficiency (DI),Easy,"Placements,TCS NQT"
Q03083,Logical Reasoning,Coding-Decoding,Easy,"Banking,General,SSC"
Q03084,Verbal Ability,Cloze Test,Medium,"General,Banking,SSC"
Q03085,Quantitative Aptitude,Partnership,Easy,"CAT,General,TCS NQT"
Q03086,Data Interpretation,Pie Charts,Medium,"CAT,TCS NQT,Banking"
Q03087,Logical Reasoning,Puzzles,Medium,"General,TCS NQT"
Q03088,Logical Reasoning,Puzzles,Easy,"Banking,TCS NQT,CAT"
Q03089,Quantitative Aptitude,Surds & Indices,Easy,"Banking,Placements"
Q03090,Quantitative Aptitude,Ratio & Proportion,Medium,"TCS NQT,Banking"
Q03091,Verbal Ability,Para Jumbles,Medium,Banking
Q03092,Data Interpretation,Pie Charts,Hard,"Banking,General"
Q03093,Verbal Ability,Cloze Test,Easy,"General,Banking,CAT"
Q03094,Quantitative Aptitude,Linear Equations,Hard,TCS NQT
Q03095,Logical Reasoning,Clocks & Calendars,Medium,"General,SSC"
Q03096,Quantitative Aptitude,Mixtures & Alligations,Medium,"General,Placements"
Q03097,Verbal Ability,Reading Comprehension,Medium,"CAT,General"
Q03098,Quantitative Aptitude,Number System,Easy,SSC
Q03099,Logical Reasoning,Venn Diagrams,Hard,"Placements,TCS NQT"
Q03100,Logical Reasoning,Input-Output,Medium,TCS NQT
Q03101,Quantitative Aptitude,Quadratic Equations,Easy,TCS NQT
Q03102,Data Interpretation,Data Sufficiency (DI),Easy,TCS NQT
Q03103,Verbal Ability,Para Summary,Easy,General
Q03104,Quantitative Aptitude,Quadratic Equations,Easy,"Placements,Banking,SSC"
Q03105,Quantitative Aptitude,Permutation & Combination,Easy,Banking
Q03106,Quantitative Aptitude,Ratio & Proportion,Easy,General
Q03107,Quantitative Aptitude,Compound Interest,Medium,"CAT,TCS NQT,Banking"
Q03108,Quantitative Aptitude,Set Theory,Easy,"TCS NQT,Placements"
Q03109,Data Interpretation,Mixed DI Sets,Medium,CAT
Q03110,Verbal Ability,Para Jumbles,Medium,Banking
Q03111,Data Interpretation,Bar Graphs,Easy,"TCS NQT,Placements,CAT"
Q03112,Quantitative Aptitude,Logarithms,Easy,"TCS NQT,CAT,Banking"
Q03113,Quantitative Aptitude,Number System,Medium,"General,Placements,Banking"
Q03114,Quantitative Aptitude,Set Theory,Medium,"SSC,Placements,TCS NQT"
Q03115,Data Interpretation,Tables,Medium,"Placements,TCS NQT"
Q03116,Verbal Ability,Sentence Correction,Medium,"Banking,SSC,CAT"
Q03117,Data Interpretation,Caselets,Medium,Placements
Q03118,Quantitative Aptitude,Set Theory,Easy,General
Q03119,Verbal Ability,Verbal Analogies,Medium,CAT
Q03120,Data Interpretation,Radar/Spider Charts,Hard,"CAT,General,Placements"
Q03121,Logical Reasoning,Clocks & Calendars,Medium,"Placements,CAT"
Q03122,Data Interpretation,Pie Charts,Easy,"SSC,Placements"
Q03123,Logical Reasoning,Ranking & Order,Easy,Banking
Q03124,Logical Reasoning,Blood Relations,Easy,"CAT,Banking"
Q03125,Logical Reasoning,Seating Arrangement,Easy,General
Q03126,Verbal Ability,Para Summary,Medium,"SSC,Banking"
Q03127,Verbal Ability,Synonyms & Antonyms,Medium,SSC
Q03128,Verbal Ability,Reading Comprehension,Medium,General
Q03129,Verbal Ability,Verbal Analogies,Hard,"TCS NQT,CAT,General"
Q03130,Verbal Ability,Fill in the Blanks,Easy,"Banking,TCS NQT"
Q03131,Quantitative Aptitude,Logarithms,Hard,"CAT,Placements,SSC"
Q03132,Quantitative Aptitude,Simple Interest,Easy,TCS NQT
Q03133,Logical Reasoning,Blood Relations,Easy,"CAT,TCS NQT,Placements"
Q03134,Quantitative Aptitude,"Time, Speed & Distance",Easy,"CAT,Placements"
Q03135,Verbal Ability,Reading Comprehension,Easy,"Placements,General"
Q03136,Data Interpretation,Pie Charts,Easy,"General,Placements,SSC"
Q03137,Quantitative Aptitude,Averages,Medium,"Placements,CAT"
Q03138,Verbal Ability,Fill in the Blanks,Easy,"TCS NQT,SSC,Banking"
Q03139,Logical Reasoning,Analogy,Easy,"TCS NQT,Banking"
Q03140,Data Interpretation,Tables,Easy,"Placements,General"
Q03141,Quantitative Aptitude,Surds & Indices,Medium,"SSC,Banking,CAT"
Q03142,Quantitative Aptitude,Progressions (AP/GP),Easy,"SSC,Placements,TCS NQT"
Q03143,Logical Reasoning,Analogy,Easy,"Banking,General"
Q03144,Verbal Ability,Verbal Analogies,Medium,"SSC,General,CAT"
Q03145,Verbal Ability,Verbal Analogies,Easy,"Banking,Placements"
Q03146,Logical Reasoning,Data Sufficiency,Easy,"General,CAT"
Q03147,Logical Reasoning,Cubes & Dice,Easy,CAT
Q03148,Data Interpretation,Venn-based DI,Easy,"TCS NQT,Banking"
Q03149,Verbal Ability,Critical Reasoning,Easy,"General,TCS NQT,SSC"
Q03150,Data Interpretation,Data Sufficiency (DI),Easy,CAT
Q03151,Logical Reasoning,Coding-Decoding,Medium,"Banking,Placements"
Q03152,Verbal Ability,Fill in the Blanks,Hard,CAT
Q03153,Verbal Ability,Sentence Correction,Easy,"SSC,General,Placements"
Q03154,Quantitative Aptitude,Algebra,Medium,CAT
Q03155,Logical Reasoning,Venn Diagrams,Medium,"CAT,SSC,Placements"
Q03156,Verbal Ability,Odd One Out,Hard,"SSC,Placements,CAT"
Q03157,Logical Reasoning,Ranking & Order,Medium,"TCS NQT,Placements"
Q03158,Data Interpretation,Venn-based DI,Hard,CAT
Q03159,Quantitative Aptitude,Probability,Easy,"General,TCS NQT"
Q03160,Verbal Ability,Cloze Test,Easy,TCS NQT
Q03161,Logical Reasoning,Input-Output,Easy,"Banking,SSC,TCS NQT"
Q03162,Logical Reasoning,Series Completion,Hard,CAT
Q03163,Data Interpretation,Radar/Spider Charts,Medium,"CAT,SSC"
Q03164,Data Interpretation,Data Sufficiency (DI),Easy,CAT
Q03165,Data Interpretation,Radar/Spider Charts,Easy,TCS NQT
Q03166,Logical Reasoning,Venn Diagrams,Easy,"Banking,Placements,CAT"
Q03167,Verbal Ability,Critical Reasoning,Easy,General
Q03168,Data Interpretation,Bar Graphs,Easy,"SSC,Placements"
Q03169,Quantitative Aptitude,Quadratic Equations,Easy,TCS NQT
Q03170,Logical Reasoning,Syllogisms,Hard,"General,CAT"
Q03171,Verbal Ability,Para Jumbles,Medium,"CAT,Banking"
Q03172,Quantitative Aptitude,Pipes & Cisterns,Medium,"SSC,General"
Q03173,Quantitative Aptitude,Linear Equations,Medium,"CAT,TCS NQT"
Q03174,Quantitative Aptitude,Algebra,Medium,"TCS NQT,CAT"
Q03175,Quantitative Aptitude,Quadratic Equations,Medium,"General,Banking"
Q03176,Logical Reasoning,Analogy,Hard,"CAT,SSC,General"
Q03177,Logical Reasoning,Blood Relations,Medium,CAT
Q03178,Quantitative Aptitude,Number System,Hard,CAT
Q03179,Logical Reasoning,Venn Diagrams,Easy,"General,Banking,Placements"
Q03180,Quantitative Aptitude,Time & Work,Medium,Placements
Q03181,Data Interpretation,Mixed DI Sets,Hard,"CAT,General,SSC"
Q03182,Verbal Ability,Reading Comprehension,Medium,CAT
Q03183,Logical Reasoning,Clocks & Calendars,Hard,SSC
Q03184,Data Interpretation,Mixed DI Sets,Medium,"TCS NQT,Banking,SSC"
Q03185,Quantitative Aptitude,Partnership,Medium,Placements
Q03186,Verbal Ability,Verbal Analogies,Medium,"CAT,Placements"
Q03187,Quantitative Aptitude,Algebra,Hard,TCS NQT
Q03188,Quantitative Aptitude,Geometry,Hard,"Banking,CAT,Placements"
Q03189,Data Interpretation,Radar/Spider Charts,Hard,"Banking,SSC,TCS NQT"
Q03190,Verbal Ability,Error Spotting,Medium,"Placements,CAT"
Q03191,Quantitative Aptitude,Averages,Medium,"General,CAT"
Q03192,Logical Reasoning,Data Sufficiency,Medium,"Placements,General,CAT"
Q03193,Quantitative Aptitude,Profit & Loss,Easy,"CAT,Placements"
Q03194,Data Interpretation,Bar Graphs,Easy,"Placements,Banking,TCS NQT"
Q03195,Quantitative Aptitude,"Time, Speed & Distance",Medium,"CAT,SSC"
Q03196,Verbal Ability,Sentence Correction,Medium,"TCS NQT,General,SSC"
Q03197,Quantitative Aptitude,Mixtures & Alligations,Easy,"Banking,Placements,CAT"
Q03198,Logical Reasoning,Direction Sense,Medium,SSC
Q03199,Quantitative Aptitude,Quadratic Equations,Medium,"TCS NQT,General"
Q03200,Verbal Ability,Sentence Correction,Hard,"Placements,CAT"
Q03201,Quantitative Aptitude,Averages,Hard,"Placements,SSC"
Q03202,Data Interpretation,Pie Charts,Medium,Banking
Q03203,Quantitative Aptitude,Simple Interest,Medium,"CAT,Placements,General"
Q03204,Verbal Ability,Odd One Out,Medium,SSC
Q03205,Data Interpretation,Bar Graphs,Hard,"General,TCS NQT"
Q03206,Logical Reasoning,Cubes & Dice,Medium,"SSC,CAT"
Q03207,Logical Reasoning,Seating Arrangement,Hard,"Banking,Placements"
Q03208,Quantitative Aptitude,Compound Interest,Medium,"TCS NQT,Banking"
Q03209,Quantitative Aptitude,Permutation & Combination,Medium,"CAT,Banking"
Q03210,Data Interpretation,Caselets,Hard,"CAT,General"
Q03211,Quantitative Aptitude,Set Theory,Medium,"General,Banking"
Q03212,Verbal Ability,Sentence Correction,Medium,"Placements,Banking"
Q03213,Logical Reasoning,Coding-Decoding,Hard,"SSC,TCS NQT,Banking"
Q03214,Verbal Ability,Idioms & Phrases,Medium,"CAT,General"
Q03215,Quantitative Aptitude,Set Theory,Easy,CAT
Q03216,Quantitative Aptitude,Ratio & Proportion,Medium,CAT
Q03217,Verbal Ability,Reading Comprehension,Easy,"SSC,Placements,CAT"
Q03218,Quantitative Aptitude,Probability,Easy,SSC
Q03219,Quantitative Aptitude,Ratio & Proportion,Easy,"General,Banking,TCS NQT"
Q03220,Logical Reasoning,Ranking & Order,Medium,Placements
Q03221,Quantitative Aptitude,Pipes & Cisterns,Easy,"SSC,Banking,Placements"
Q03222,Verbal Ability,Synonyms & Antonyms,Medium,SSC
Q03223,Logical Reasoning,Clocks & Calendars,Medium,"TCS NQT,SSC,CAT"
Q03224,Quantitative Aptitude,Simple Interest,Medium,TCS NQT
Q03225,Quantitative Aptitude,Partnership,Medium,"Banking,SSC,Placements"
Q03226,Verbal Ability,Synonyms & Antonyms,Medium,"General,CAT"
Q03227,Verbal Ability,Synonyms & Antonyms,Medium,SSC
Q03228,Data Interpretation,Radar/Spider Charts,Medium,CAT
Q03229,Logical Reasoning,Analogy,Medium,"SSC,CAT"
Q03230,Data Interpretation,Line Graphs,Easy,"CAT,Placements"
Q03231,Verbal Ability,Cloze Test,Medium,TCS NQT
Q03232,Quantitative Aptitude,Linear Equations,Easy,"TCS NQT,CAT"
Q03233,Logical Reasoning,Analogy,Medium,Banking
Q03234,Verbal Ability,Para Jumbles,Medium,CAT
Q03235,Data Interpretation,Caselets,Medium,TCS NQT
Q03236,Logical Reasoning,Coding-Decoding,Medium,CAT
Q03237,Logical Reasoning,Puzzles,Medium,"General,SSC"
Q03238,Quantitative Aptitude,Mensuration,Hard,"General,SSC"
Q03239,Quantitative Aptitude,Probability,Hard,"General,Banking"
Q03240,Quantitative Aptitude,Averages,Medium,"Banking,CAT"
Q03241,Data Interpretation,Mixed DI Sets,Medium,"General,SSC"
Q03242,Verbal Ability,Idioms & Phrases,Hard,"TCS NQT,Banking,CAT"
Q03243,Quantitative Aptitude,Averages,Medium,"TCS NQT,CAT,Placements"
Q03244,Logical Reasoning,Input-Output,Hard,General
Q03245,Logical Reasoning,Direction Sense,Medium,"Banking,CAT"
Q03246,Quantitative Aptitude,Ratio & Proportion,Hard,"General,Banking,SSC"
Q03247,Verbal Ability,Sentence Correction,Easy,"CAT,Placements,Banking"
Q03248,Logical Reasoning,Puzzles,Easy,"General,TCS NQT"
Q03249,Data Interpretation,Radar/Spider Charts,Medium,"Placements,SSC,TCS NQT"
Q03250,Quantitative Aptitude,Algebra,Medium,"TCS NQT,Banking"
Q03251,Quantitative Aptitude,Averages,Easy,"Placements,CAT"
Q03252,Logical Reasoning,Venn Diagrams,Easy,"CAT,Banking,TCS NQT"
Q03253,Verbal Ability,Verbal Analogies,Hard,"SSC,CAT"
Q03254,Logical Reasoning,Blood Relations,Medium,"General,Placements"
Q03255,Quantitative Aptitude,Mensuration,Easy,"Placements,TCS NQT,SSC"
Q03256,Data Interpretation,Venn-based DI,Hard,"Placements,SSC,Banking"
Q03257,Quantitative Aptitude,Mixtures & Alligations,Easy,SSC
Q03258,Verbal Ability,Reading Comprehension,Hard,"CAT,Placements"
Q03259,Data Interpretation,Caselets,Medium,"CAT,General,Banking"
Q03260,Quantitative Aptitude,Mixtures & Alligations,Medium,Banking
Q03261,Logical Reasoning,Data Sufficiency,Medium,"CAT,General,SSC"
Q03262,Logical Reasoning,Direction Sense,Hard,"SSC,TCS NQT"
Q03263,Logical Reasoning,Direction Sense,Medium,General
Q03264,Logical Reasoning,Statement & Conclusion,Hard,General
Q03265,Logical Reasoning,Series Completion,Hard,"TCS NQT,CAT"
Q03266,Logical Reasoning,Clocks & Calendars,Hard,CAT
Q03267,Logical Reasoning,Analogy,Medium,"Placements,Banking"
Q03268,Logical Reasoning,Input-Output,Easy,"CAT,SSC"
Q03269,Data Interpretation,Caselets,Medium,"SSC,Placements,Banking"
Q03270,Quantitative Aptitude,Surds & Indices,Easy,"TCS NQT,Placements"
Q03271,Verbal Ability,Cloze Test,Easy,SSC
Q03272,Quantitative Aptitude,Compound Interest,Easy,"TCS NQT,Placements"
Q03273,Quantitative Aptitude,Mixtures & Alligations,Medium,"CAT,SSC"
Q03274,Quantitative Aptitude,Progressions (AP/GP),Easy,"Banking,TCS NQT,Placements"
Q03275,Logical Reasoning,Ranking & Order,Hard,"CAT,Placements"
Q03276,Logical Reasoning,Cubes & Dice,Easy,"SSC,TCS NQT,General"
Q03277,Logical Reasoning,Cubes & Dice,Easy,"Banking,General"
Q03278,Verbal Ability,Para Summary,Easy,"Banking,CAT"
Q03279,Data Interpretation,Venn-based DI,Easy,Banking
Q03280,Data Interpretation,Pie Charts,Medium,TCS NQT
Q03281,Verbal Ability,Critical Reasoning,Medium,TCS NQT
Q03282,Quantitative Aptitude,Permutation & Combination,Hard,"Placements,TCS NQT"
Q03283,Quantitative Aptitude,Probability,Medium,"SSC,CAT,Banking"
Q03284,Verbal Ability,Synonyms & Antonyms,Easy,"General,CAT"
Q03285,Logical Reasoning,Cubes & Dice,Easy,"Banking,CAT,TCS NQT"
Q03286,Quantitative Aptitude,Percentages,Easy,"General,CAT"
Q03287,Verbal Ability,Fill in the Blanks,Easy,"CAT,SSC,Banking"
Q03288,Verbal Ability,Error Spotting,Medium,"CAT,General"
Q03289,Logical Reasoning,Syllogisms,Medium,"Placements,TCS NQT,General"
Q03290,Logical Reasoning,Analogy,Hard,Placements
Q03291,Verbal Ability,Cloze Test,Medium,"Placements,SSC,TCS NQT"
Q03292,Verbal Ability,Error Spotting,Medium,Banking
Q03293,Quantitative Aptitude,Logarithms,Easy,"Placements,CAT,TCS NQT"
Q03294,Quantitative Aptitude,Number System,Medium,TCS NQT
Q03295,Logical Reasoning,Puzzles,Medium,"CAT,Placements,TCS NQT"
Q03296,Logical Reasoning,Puzzles,Medium,"CAT,TCS NQT"
Q03297,Logical Reasoning,Cubes & Dice,Medium,"CAT,General"
Q03298,Quantitative Aptitude,Mixtures & Alligations,Medium,"Banking,Placements"
Q03299,Quantitative Aptitude,Ratio & Proportion,Medium,"SSC,TCS NQT,Banking"
Q03300,Verbal Ability,Cloze Test,Easy,"CAT,Banking,Placements"
Q03301,Verbal Ability,Cloze Test,Medium,Placements
Q03302,Logical Reasoning,Direction Sense,Medium,"General,Placements,TCS NQT"
Q03303,Logical Reasoning,Series Completion,Medium,"Banking,SSC"
Q03304,Quantitative Aptitude,Mixtures & Alligations,Easy,"CAT,TCS NQT,Banking"
Q03305,Quantitative Aptitude,Linear Equations,Medium,"SSC,Banking,TCS NQT"
Q03306,Data Interpretation,Pie Charts,Medium,"Banking,General"
Q03307,Data Interpretation,Line Graphs,Medium,SSC
Q03308,Quantitative Aptitude,Mensuration,Easy,TCS NQT
Q03309,Verbal Ability,Para Summary,Easy,TCS NQT
Q03310,Verbal Ability,Critical Reasoning,Easy,General
Q03311,Quantitative Aptitude,Set Theory,Easy,"TCS NQT,Banking,CAT"
Q03312,Verbal Ability,Fill in the Blanks,Easy,Banking
Q03313,Logical Reasoning,Cubes & Dice,Hard,"CAT,Placements"
Q03314,Verbal Ability,Fill in the Blanks,Medium,"TCS NQT,Placements,SSC"
Q03315,Verbal Ability,Error Spotting,Medium,"Banking,TCS NQT,CAT"
Q03316,Data Interpretation,Line Graphs,Medium,"Placements,SSC,TCS NQT"
Q03317,Quantitative Aptitude,Mensuration,Medium,"Placements,SSC,TCS NQT"
Q03318,Data Interpretation,Data Sufficiency (DI),Easy,General
Q03319,Verbal Ability,Odd One Out,Medium,"Banking,TCS NQT"
Q03320,Quantitative Aptitude,Surds & Indices,Easy,TCS NQT
Q03321,Logical Reasoning,Statement & Conclusion,Easy,General
Q03322,Logical Reasoning,Venn Diagrams,Hard,"TCS NQT,SSC,Banking"
Q03323,Verbal Ability,Para Jumbles,Medium,CAT
Q03324,Data Interpretation,Line Graphs,Easy,CAT
Q03325,Quantitative Aptitude,Surds & Indices,Hard,Banking
Q03326,Data Interpretation,Radar/Spider Charts,Easy,"Placements,General"
Q03327,Logical Reasoning,Puzzles,Medium,General
Q03328,Quantitative Aptitude,Quadratic Equations,Medium,"CAT,General"
Q03329,Verbal Ability,Verbal Analogies,Easy,"CAT,General"
Q03330,Data Interpretation,Pie Charts,Easy,"SSC,TCS NQT"
Q03331,Quantitative Aptitude,Set Theory,Medium,Placements
Q03332,Quantitative Aptitude,Algebra,Medium,General
Q03333,Logical Reasoning,Cubes & Dice,Easy,"Placements,TCS NQT"
Q03334,Logical Reasoning,Series Completion,Medium,SSC
Q03335,Quantitative Aptitude,Trigonometry,Hard,"General,SSC"
Q03336,Logical Reasoning,Statement & Assumption,Medium,General
Q03337,Logical Reasoning,Coding-Decoding,Medium,"TCS NQT,Placements"
Q03338,Verbal Ability,Para Jumbles,Easy,"CAT,General,Placements"
Q03339,Data Interpretation,Bar Graphs,Easy,CAT
Q03340,Verbal Ability,Fill in the Blanks,Easy,"TCS NQT,General"
Q03341,Quantitative Aptitude,Profit & Loss,Easy,"Placements,TCS NQT"
Q03342,Logical Reasoning,Analogy,Medium,Placements
Q03343,Verbal Ability,Verbal Analogies,Medium,"TCS NQT,SSC"
Q03344,Logical Reasoning,Data Sufficiency,Medium,"TCS NQT,Placements,CAT"
Q03345,Verbal Ability,Odd One Out,Easy,"General,Banking"
Q03346,Data Interpretation,Pie Charts,Easy,"CAT,Placements,SSC"
Q03347,Quantitative Aptitude,Simple Interest,Medium,Banking
Q03348,Verbal Ability,Sentence Correction,Medium,TCS NQT
Q03349,Quantitative Aptitude,Probability,Easy,"CAT,Placements"
Q03350,Verbal Ability,Critical Reasoning,Medium,"Banking,SSC"
Q03351,Logical Reasoning,Seating Arrangement,Hard,SSC
Q03352,Quantitative Aptitude,Profit & Loss,Medium,"TCS NQT,Placements,SSC"
Q03353,Logical Reasoning,Ranking & Order,Easy,"CAT,TCS NQT,General"
Q03354,Quantitative Aptitude,Progressions (AP/GP),Easy,"SSC,CAT"
Q03355,Quantitative Aptitude,Percentages,Medium,"Banking,SSC"
Q03356,Quantitative Aptitude,"Time, Speed & Distance",Easy,"CAT,Placements"
Q03357,Data Interpretation,Tables,Hard,"General,SSC,CAT"
Q03358,Logical Reasoning,Statement & Assumption,Hard,"CAT,TCS NQT"
Q03359,Quantitative Aptitude,Logarithms,Medium,"CAT,SSC,General"
Q03360,Data Interpretation,Data Sufficiency (DI),Easy,"General,TCS NQT,CAT"
Q03361,Quantitative Aptitude,Probability,Medium,"Placements,SSC"
Q03362,Logical Reasoning,Syllogisms,Hard,CAT
Q03363,Quantitative Aptitude,Trigonometry,Medium,"Placements,SSC,Banking"
Q03364,Data Interpretation,Radar/Spider Charts,Medium,"Placements,CAT"
Q03365,Logical Reasoning,Syllogisms,Medium,Placements
Q03366,Data Interpretation,Venn-based DI,Medium,"Banking,CAT,General"
Q03367,Quantitative Aptitude,Percentages,Easy,"Banking,Placements"
Q03368,Verbal Ability,Para Summary,Medium,"Banking,TCS NQT,Placements"
Q03369,Verbal Ability,Para Jumbles,Medium,"CAT,TCS NQT"
Q03370,Data Interpretation,Mixed DI Sets,Medium,"Placements,SSC"
Q03371,Quantitative Aptitude,Geometry,Medium,Placements
Q03372,Logical Reasoning,Statement & Assumption,Easy,TCS NQT
Q03373,Quantitative Aptitude,Number System,Hard,Banking
Q03374,Verbal Ability,Error Spotting,Medium,"TCS NQT,CAT,General"
Q03375,Logical Reasoning,Statement & Assumption,Medium,CAT
Q03376,Logical Reasoning,Syllogisms,Hard,Banking
Q03377,Verbal Ability,Synonyms & Antonyms,Easy,"CAT,SSC"
Q03378,Logical Reasoning,Data Sufficiency,Medium,"General,Placements,SSC"
Q03379,Quantitative Aptitude,Compound Interest,Medium,"Banking,General,CAT"
Q03380,Verbal Ability,Cloze Test,Hard,CAT
Q03381,Verbal Ability,Critical Reasoning,Easy,"Placements,Banking,SSC"
Q03382,Data Interpretation,Tables,Medium,"General,SSC"
Q03383,Logical Reasoning,Data Sufficiency,Medium,"SSC,Placements,General"
Q03384,Logical Reasoning,Venn Diagrams,Easy,"TCS NQT,General,CAT"
Q03385,Quantitative Aptitude,Percentages,Easy,"Banking,TCS NQT"
Q03386,Data Interpretation,Radar/Spider Charts,Easy,"CAT,Placements"
Q03387,Logical Reasoning,Direction Sense,Hard,"Placements,SSC,General"
Q03388,Verbal Ability,Para Jumbles,Easy,"General,Placements"
Q03389,Data Interpretation,Bar Graphs,Hard,General
Q03390,Logical Reasoning,Cubes & Dice,Medium,"Banking,CAT,TCS NQT"
Q03391,Quantitative Aptitude,Trigonometry,Hard,SSC
Q03392,Quantitative Aptitude,Averages,Medium,"Banking,SSC,CAT"
Q03393,Logical Reasoning,Syllogisms,Easy,"TCS NQT,Banking"
Q03394,Data Interpretation,Radar/Spider Charts,Easy,Banking
Q03395,Logical Reasoning,Ranking & Order,Medium,"CAT,Placements"
Q03396,Data Interpretation,Tables,Medium,"Placements,Banking"
Q03397,Logical Reasoning,Syllogisms,Medium,"SSC,CAT,General"
Q03398,Logical Reasoning,Blood Relations,Easy,"SSC,General,Placements"
Q03399,Verbal Ability,Reading Comprehension,Hard,"General,TCS NQT"
Q03400,Verbal Ability,Para Summary,Medium,"General,CAT"
Q03401,Verbal Ability,Para Jumbles,Easy,"Banking,SSC,General"
Q03402,Quantitative Aptitude,Geometry,Medium,"General,TCS NQT,SSC"
Q03403,Verbal Ability,Synonyms & Antonyms,Easy,"Banking,Placements"
Q03404,Logical Reasoning,Direction Sense,Hard,SSC
Q03405,Data Interpretation,Caselets,Medium,Placements
Q03406,Verbal Ability,Idioms & Phrases,Easy,"SSC,TCS NQT"
Q03407,Logical Reasoning,Ranking & Order,Medium,TCS NQT
Q03408,Logical Reasoning,Statement & Conclusion,Hard,"SSC,General"
Q03409,Verbal Ability,Cloze Test,Easy,"CAT,General,SSC"
Q03410,Logical Reasoning,Venn Diagrams,Easy,"Placements,Banking"
Q03411,Quantitative Aptitude,Mensuration,Hard,Banking
Q03412,Quantitative Aptitude,Number System,Medium,"CAT,SSC"
Q03413,Logical Reasoning,Analogy,Easy,"TCS NQT,Placements,Banking"
Q03414,Logical Reasoning,Syllogisms,Medium,"CAT,SSC,TCS NQT"
Q03415,Verbal Ability,Para Jumbles,Easy,"Placements,SSC"
Q03416,Quantitative Aptitude,Averages,Easy,"Banking,Placements"
Q03417,Verbal Ability,Sentence Correction,Medium,"Placements,General,CAT"
Q03418,Quantitative Aptitude,Ratio & Proportion,Easy,General
Q03419,Logical Reasoning,Syllogisms,Easy,General
Q03420,Data Interpretation,Venn-based DI,Medium,"TCS NQT,SSC"
Q03421,Data Interpretation,Bar Graphs,Medium,"General,Placements,CAT"
Q03422,Verbal Ability,Error Spotting,Easy,"SSC,CAT"
Q03423,Verbal Ability,Cloze Test,Hard,"TCS NQT,CAT"
Q03424,Verbal Ability,Verbal Analogies,Hard,SSC
Q03425,Quantitative Aptitude,Simple Interest,Medium,TCS NQT
Q03426,Verbal Ability,Odd One Out,Easy,TCS NQT
Q03427,Quantitative Aptitude,Profit & Loss,Medium,Placements
Q03428,Verbal Ability,Fill in the Blanks,Easy,"SSC,Banking,CAT"
Q03429,Logical Reasoning,Input-Output,Hard,"Placements,CAT"
Q03430,Verbal Ability,Fill in the Blanks,Medium,"SSC,General,Banking"
Q03431,Data Interpretation,Mixed DI Sets,Hard,"SSC,TCS NQT"
Q03432,Quantitative Aptitude,Number System,Medium,SSC
Q03433,Quantitative Aptitude,Percentages,Medium,"Placements,TCS NQT"
Q03434,Verbal Ability,Reading Comprehension,Easy,TCS NQT
Q03435,Logical Reasoning,Series Completion,Medium,"TCS NQT,General"
Q03436,Quantitative Aptitude,Progressions (AP/GP),Medium,"SSC,Placements,Banking"
Q03437,Verbal Ability,Verbal Analogies,Hard,General
Q03438,Verbal Ability,Error Spotting,Hard,Banking
Q03439,Quantitative Aptitude,Set Theory,Medium,CAT
Q03440,Quantitative Aptitude,Ratio & Proportion,Medium,"TCS NQT,General,Banking"
Q03441,Quantitative Aptitude,Probability,Medium,"CAT,TCS NQT,General"
Q03442,Logical Reasoning,Analogy,Easy,"TCS NQT,General,Banking"
Q03443,Quantitative Aptitude,Algebra,Hard,"Placements,TCS NQT"
Q03444,Quantitative Aptitude,Mixtures & Alligations,Medium,SSC
Q03445,Logical Reasoning,Statement & Assumption,Medium,"Placements,Banking"
Q03446,Logical Reasoning,Venn Diagrams,Medium,"CAT,Placements,Banking"
Q03447,Data Interpretation,Data Sufficiency (DI),Hard,"CAT,SSC"
Q03448,Quantitative Aptitude,Probability,Medium,"CAT,SSC,Banking"
Q03449,Data Interpretation,Tables,Easy,"Banking,Placements"
Q03450,Verbal Ability,Verbal Analogies,Medium,TCS NQT
Q03451,Verbal Ability,Sentence Correction,Hard,"General,TCS NQT"
Q03452,Data Interpretation,Line Graphs,Easy,"SSC,General,TCS NQT"
Q03453,Quantitative Aptitude,Algebra,Easy,CAT
Q03454,Quantitative Aptitude,Geometry,Easy,"TCS NQT,Placements"
Q03455,Quantitative Aptitude,Progressions (AP/GP),Medium,"General,Placements"
Q03456,Quantitative Aptitude,Time & Work,Easy,"CAT,Placements"
Q03457,Data Interpretation,Pie Charts,Easy,"SSC,TCS NQT"
Q03458,Data Interpretation,Radar/Spider Charts,Easy,"CAT,Placements,General"
Q03459,Logical Reasoning,Input-Output,Medium,General
Q03460,Logical Reasoning,Coding-Decoding,Medium,Placements
Q03461,Quantitative Aptitude,Permutation & Combination,Easy,"Banking,General,SSC"
Q03462,Verbal Ability,Synonyms & Antonyms,Easy,"General,TCS NQT"
Q03463,Logical Reasoning,Statement & Assumption,Easy,"SSC,CAT,General"
Q03464,Quantitative Aptitude,Algebra,Easy,"TCS NQT,General,CAT"
Q03465,Data Interpretation,Bar Graphs,Easy,General
Q03466,Quantitative Aptitude,Linear Equations,Medium,"Banking,General"
Q03467,Logical Reasoning,Input-Output,Hard,"Banking,Placements"
Q03468,Logical Reasoning,Coding-Decoding,Hard,"TCS NQT,General,CAT"
Q03469,Verbal Ability,Synonyms & Antonyms,Medium,TCS NQT
Q03470,Logical Reasoning,Data Sufficiency,Easy,"General,Banking,TCS NQT"
Q03471,Verbal Ability,Fill in the Blanks,Easy,"Placements,TCS NQT"
Q03472,Data Interpretation,Caselets,Medium,Placements
Q03473,Quantitative Aptitude,Mixtures & Alligations,Medium,"SSC,CAT"
Q03474,Data Interpretation,Venn-based DI,Medium,"TCS NQT,General,Banking"
Q03475,Logical Reasoning,Clocks & Calendars,Easy,"Banking,SSC"
Q03476,Logical Reasoning,Coding-Decoding,Hard,CAT
Q03477,Data Interpretation,Tables,Easy,"TCS NQT,SSC"
Q03478,Logical Reasoning,Venn Diagrams,Easy,SSC
Q03479,Quantitative Aptitude,Mixtures & Alligations,Medium,CAT
Q03480,Quantitative Aptitude,Mixtures & Alligations,Hard,"Banking,General"
Q03481,Verbal Ability,Sentence Correction,Medium,SSC
Q03482,Verbal Ability,Critical Reasoning,Medium,"CAT,Placements,SSC"
Q03483,Quantitative Aptitude,Compound Interest,Medium,Placements
Q03484,Quantitative Aptitude,Probability,Hard,"Placements,CAT,TCS NQT"
Q03485,Data Interpretation,Venn-based DI,Easy,"Placements,CAT,Banking"
Q03486,Data Interpretation,Bar Graphs,Medium,"Placements,SSC"
Q03487,Verbal Ability,Verbal Analogies,Medium,"General,Banking"
Q03488,Logical Reasoning,Direction Sense,Medium,"SSC,CAT"
Q03489,Verbal Ability,Error Spotting,Medium,"CAT,Banking,TCS NQT"
Q03490,Quantitative Aptitude,Trigonometry,Hard,"CAT,Placements"
Q03491,Data Interpretation,Caselets,Medium,"General,CAT,SSC"
Q03492,Verbal Ability,Para Jumbles,Easy,"Placements,CAT,SSC"
Q03493,Verbal Ability,Synonyms & Antonyms,Medium,"SSC,General,Banking"
Q03494,Quantitative Aptitude,Set Theory,Medium,"TCS NQT,CAT,SSC"
Q03495,Data Interpretation,Bar Graphs,Medium,"CAT,TCS NQT"
Q03496,Quantitative Aptitude,Algebra,Medium,TCS NQT
Q03497,Logical Reasoning,Syllogisms,Medium,"General,CAT,Placements"
Q03498,Quantitative Aptitude,Compound Interest,Easy,"Banking,Placements,TCS NQT"
Q03499,Logical Reasoning,Statement & Conclusion,Easy,"Placements,Banking"
Q03500,Verbal Ability,Synonyms & Antonyms,Medium,"Banking,SSC,Placements"
Q03501,Verbal Ability,Sentence Correction,Easy,"CAT,TCS NQT,Placements"
Q03502,Verbal Ability,Reading Comprehension,Medium,"CAT,Banking"
Q03503,Quantitative Aptitude,Probability,Medium,"Placements,General,CAT"
Q03504,Quantitative Aptitude,Geometry,Medium,"SSC,TCS NQT,Banking"
Q03505,Data Interpretation,Tables,Medium,"SSC,Banking,Placements"
Q03506,Logical Reasoning,Clocks & Calendars,Hard,SSC
Q03507,Data Interpretation,Radar/Spider Charts,Medium,"General,Banking"
Q03508,Quantitative Aptitude,Logarithms,Medium,"TCS NQT,Banking"
Q03509,Logical Reasoning,Clocks & Calendars,Hard,Placements
Q03510,Quantitative Aptitude,Simple Interest,Hard,"Banking,General"
Q03511,Quantitative Aptitude,Algebra,Medium,General
Q03512,Data Interpretation,Data Sufficiency (DI),Easy,Placements
Q03513,Logical Reasoning,Cubes & Dice,Easy,"General,CAT"
Q03514,Verbal Ability,Fill in the Blanks,Easy,"Banking,Placements,General"
Q03515,Verbal Ability,Odd One Out,Easy,"Banking,Placements,CAT"
Q03516,Quantitative Aptitude,Mixtures & Alligations,Hard,"TCS NQT,Placements"
Q03517,Quantitative Aptitude,Geometry,Easy,TCS NQT
Q03518,Verbal Ability,Fill in the Blanks,Medium,"General,SSC"
Q03519,Quantitative Aptitude,Geometry,Hard,"Banking,General"
Q03520,Logical Reasoning,Ranking & Order,Medium,"CAT,SSC"
Q03521,Quantitative Aptitude,Trigonometry,Medium,"Placements,SSC,CAT"
Q03522,Verbal Ability,Critical Reasoning,Medium,"Banking,Placements"
Q03523,Data Interpretation,Line Graphs,Easy,"Placements,CAT,SSC"
Q03524,Logical Reasoning,Direction Sense,Medium,"TCS NQT,CAT,General"
Q03525,Quantitative Aptitude,Quadratic Equations,Medium,General
Q03526,Verbal Ability,Fill in the Blanks,Easy,"TCS NQT,CAT"
Q03527,Logical Reasoning,Syllogisms,Hard,"Placements,SSC,General"
Q03528,Quantitative Aptitude,Time & Work,Medium,"Banking,Placements,SSC"
Q03529,Data Interpretation,Line Graphs,Medium,"SSC,Banking"
Q03530,Logical Reasoning,Series Completion,Easy,"General,Placements,CAT"
Q03531,Verbal Ability,Reading Comprehension,Hard,TCS NQT
Q03532,Quantitative Aptitude,Simple Interest,Hard,"Banking,General,CAT"
Q03533,Logical Reasoning,Coding-Decoding,Medium,"SSC,CAT"
Q03534,Data Interpretation,Tables,Medium,"General,Placements,CAT"
Q03535,Logical Reasoning,Statement & Conclusion,Medium,"CAT,Banking,TCS NQT"
Q03536,Logical Reasoning,Direction Sense,Medium,"SSC,CAT,TCS NQT"
Q03537,Logical Reasoning,Seating Arrangement,Hard,"General,Banking,CAT"
Q03538,Quantitative Aptitude,Number System,Medium,"TCS NQT,General,Placements"
Q03539,Verbal Ability,Para Jumbles,Medium,"TCS NQT,Banking,Placements"
Q03540,Data Interpretation,Caselets,Hard,"Banking,TCS NQT"
Q03541,Quantitative Aptitude,Pipes & Cisterns,Hard,SSC
Q03542,Data Interpretation,Caselets,Medium,"Placements,CAT"
Q03543,Verbal Ability,Critical Reasoning,Easy,"TCS NQT,Banking,General"
Q03544,Quantitative Aptitude,Mixtures & Alligations,Medium,"CAT,Placements"
Q03545,Quantitative Aptitude,Geometry,Medium,"SSC,Banking,General"
Q03546,Verbal Ability,Error Spotting,Easy,"TCS NQT,Placements,Banking"
Q03547,Verbal Ability,Reading Comprehension,Hard,"General,Banking"
Q03548,Quantitative Aptitude,Linear Equations,Easy,"General,CAT,Banking"
Q03549,Data Interpretation,Tables,Medium,"CAT,Banking,Placements"
Q03550,Logical Reasoning,Cubes & Dice,Easy,"Banking,TCS NQT"
Q03551,Verbal Ability,Para Jumbles,Medium,"SSC,General,Placements"
Q03552,Quantitative Aptitude,Set Theory,Easy,CAT
Q03553,Data Interpretation,Venn-based DI,Medium,Placements
Q03554,Quantitative Aptitude,Trigonometry,Medium,"Placements,CAT,General"
Q03555,Logical Reasoning,Ranking & Order,Hard,"Banking,TCS NQT,Placements"
Q03556,Logical Reasoning,Syllogisms,Easy,"SSC,Banking"
Q03557,Quantitative Aptitude,Mixtures & Alligations,Medium,"SSC,Placements,CAT"
Q03558,Quantitative Aptitude,Algebra,Hard,"TCS NQT,General,Banking"
Q03559,Quantitative Aptitude,Number System,Medium,"General,Placements"
Q03560,Data Interpretation,Venn-based DI,Easy,"TCS NQT,Banking"
Q03561,Logical Reasoning,Venn Diagrams,Easy,"Placements,SSC,Banking"
Q03562,Quantitative Aptitude,Partnership,Medium,"TCS NQT,General"
Q03563,Data Interpretation,Pie Charts,Hard,Banking
Q03564,Quantitative Aptitude,Partnership,Medium,Banking
Q03565,Verbal Ability,Synonyms & Antonyms,Medium,Placements
Q03566,Data Interpretation,Venn-based DI,Hard,"CAT,Placements,TCS NQT"
Q03567,Logical Reasoning,Cubes & Dice,Medium,CAT
Q03568,Logical Reasoning,Input-Output,Medium,"Placements,TCS NQT"
Q03569,Quantitative Aptitude,Trigonometry,Hard,General
Q03570,Quantitative Aptitude,Probability,Easy,"Banking,CAT"
Q03571,Data Interpretation,Caselets,Medium,Banking
Q03572,Data Interpretation,Caselets,Hard,"General,SSC,TCS NQT"
Q03573,Verbal Ability,Verbal Analogies,Medium,"TCS NQT,Placements"
Q03574,Logical Reasoning,Direction Sense,Hard,"TCS NQT,Placements"
Q03575,Verbal Ability,Verbal Analogies,Easy,"SSC,TCS NQT,General"
Q03576,Quantitative Aptitude,Trigonometry,Hard,"Placements,SSC"
Q03577,Quantitative Aptitude,Pipes & Cisterns,Easy,"Placements,General,Banking"
Q03578,Logical Reasoning,Blood Relations,Easy,"Banking,Placements"
Q03579,Quantitative Aptitude,Compound Interest,Easy,"CAT,General"
Q03580,Data Interpretation,Caselets,Medium,"Placements,General,CAT"
Q03581,Quantitative Aptitude,Probability,Medium,"SSC,CAT"
Q03582,Quantitative Aptitude,Percentages,Medium,"Banking,TCS NQT,Placements"
Q03583,Verbal Ability,Para Jumbles,Hard,"General,TCS NQT"
Q03584,Logical Reasoning,Statement & Assumption,Hard,"General,CAT"
Q03585,Data Interpretation,Tables,Easy,"SSC,Banking"
Q03586,Quantitative Aptitude,Progressions (AP/GP),Easy,"SSC,General,Banking"
Q03587,Quantitative Aptitude,Averages,Medium,"TCS NQT,Placements,CAT"
Q03588,Data Interpretation,Line Graphs,Easy,General
Q03589,Verbal Ability,Sentence Correction,Medium,"Placements,SSC"
Q03590,Quantitative Aptitude,Progressions (AP/GP),Medium,Placements
Q03591,Quantitative Aptitude,Permutation & Combination,Easy,"General,Banking,SSC"
Q03592,Logical Reasoning,Statement & Conclusion,Medium,"TCS NQT,Banking,Placements"
Q03593,Quantitative Aptitude,Time & Work,Medium,Placements
Q03594,Quantitative Aptitude,"Time, Speed & Distance",Medium,TCS NQT
Q03595,Logical Reasoning,Direction Sense,Medium,Placements
Q03596,Verbal Ability,Odd One Out,Easy,SSC
Q03597,Quantitative Aptitude,Profit & Loss,Medium,Placements
Q03598,Quantitative Aptitude,Permutation & Combination,Easy,"Banking,General"
Q03599,Quantitative Aptitude,Algebra,Easy,"TCS NQT,CAT"
Q03600,Verbal Ability,Sentence Correction,Easy,"Banking,General,TCS NQT"
Q03601,Logical Reasoning,Analogy,Medium,"SSC,TCS NQT"
Q03602,Data Interpretation,Mixed DI Sets,Medium,"CAT,TCS NQT,Placements"
Q03603,Verbal Ability,Synonyms & Antonyms,Easy,"SSC,Placements,Banking"
Q03604,Logical Reasoning,Cubes & Dice,Medium,"General,SSC"
Q03605,Quantitative Aptitude,Surds & Indices,Easy,TCS NQT
Q03606,Data Interpretation,Data Sufficiency (DI),Easy,"SSC,Placements,CAT"
Q03607,Quantitative Aptitude,Linear Equations,Medium,"General,SSC"
Q03608,Quantitative Aptitude,Pipes & Cisterns,Medium,"Placements,TCS NQT"
Q03609,Verbal Ability,Idioms & Phrases,Medium,Banking
Q03610,Data Interpretation,Mixed DI Sets,Medium,General
Q03611,Logical Reasoning,Blood Relations,Medium,Banking
Q03612,Quantitative Aptitude,Linear Equations,Medium,"Placements,CAT,SSC"
Q03613,Quantitative Aptitude,Algebra,Medium,SSC
Q03614,Logical Reasoning,Statement & Conclusion,Hard,"CAT,TCS NQT,SSC"
Q03615,Data Interpretation,Bar Graphs,Easy,"SSC,Banking,TCS NQT"
Q03616,Quantitative Aptitude,Percentages,Medium,"General,SSC,TCS NQT"
Q03617,Logical Reasoning,Syllogisms,Easy,"CAT,Banking,TCS NQT"
Q03618,Data Interpretation,Radar/Spider Charts,Medium,Banking
Q03619,Logical Reasoning,Puzzles,Medium,SSC
Q03620,Quantitative Aptitude,Number System,Hard,"General,Placements,TCS NQT"
Q03621,Quantitative Aptitude,Compound Interest,Easy,Banking
Q03622,Verbal Ability,Para Jumbles,Hard,Banking
Q03623,Logical Reasoning,Syllogisms,Easy,"CAT,TCS NQT"
Q03624,Quantitative Aptitude,Averages,Easy,General
Q03625,Quantitative Aptitude,Logarithms,Medium,"CAT,SSC,TCS NQT"
Q03626,Data Interpretation,Line Graphs,Easy,"General,SSC,CAT"
Q03627,Data Interpretation,Data Sufficiency (DI),Hard,"General,CAT"
Q03628,Data Interpretation,Pie Charts,Medium,TCS NQT
Q03629,Logical Reasoning,Direction Sense,Easy,"SSC,CAT,Placements"
Q03630,Verbal Ability,Odd One Out,Medium,SSC
Q03631,Data Interpretation,Tables,Easy,"TCS NQT,Banking,Placements"
Q03632,Quantitative Aptitude,Set Theory,Easy,"CAT,SSC,TCS NQT"
Q03633,Verbal Ability,Idioms & Phrases,Medium,"CAT,SSC"
Q03634,Quantitative Aptitude,Mensuration,Medium,"General,CAT,Banking"
Q03635,Verbal Ability,Para Jumbles,Hard,CAT
Q03636,Verbal Ability,Synonyms & Antonyms,Hard,"CAT,Placements,SSC"
Q03637,Logical Reasoning,Blood Relations,Easy,CAT
Q03638,Quantitative Aptitude,"Time, Speed & Distance",Easy,"SSC,Banking,CAT"
Q03639,Logical Reasoning,Statement & Assumption,Medium,"General,Placements"
Q03640,Quantitative Aptitude,Pipes & Cisterns,Medium,"Placements,SSC,CAT"
Q03641,Quantitative Aptitude,Quadratic Equations,Easy,"SSC,Placements,General"
Q03642,Quantitative Aptitude,Compound Interest,Hard,"SSC,Banking,Placements"
Q03643,Verbal Ability,Sentence Correction,Medium,"Placements,General"
Q03644,Verbal Ability,Critical Reasoning,Medium,"General,Banking"
Q03645,Logical Reasoning,Statement & Conclusion,Easy,Banking
Q03646,Quantitative Aptitude,Linear Equations,Hard,"SSC,General,Banking"
Q03647,Data Interpretation,Line Graphs,Hard,TCS NQT
Q03648,Verbal Ability,Para Summary,Easy,TCS NQT
Q03649,Quantitative Aptitude,Progressions (AP/GP),Hard,General
Q03650,Quantitative Aptitude,Geometry,Easy,"General,SSC"
Q03651,Logical Reasoning,Series Completion,Easy,"General,TCS NQT"
Q03652,Quantitative Aptitude,Probability,Easy,"SSC,CAT,Placements"
Q03653,Logical Reasoning,Statement & Conclusion,Easy,Banking
Q03654,Quantitative Aptitude,Averages,Medium,CAT
Q03655,Quantitative Aptitude,Permutation & Combination,Easy,"General,Placements,Banking"
Q03656,Data Interpretation,Line Graphs,Hard,"TCS NQT,SSC"
Q03657,Quantitative Aptitude,Linear Equations,Easy,"Banking,TCS NQT,CAT"
Q03658,Data Interpretation,Mixed DI Sets,Easy,"CAT,SSC,General"
Q03659,Quantitative Aptitude,Time & Work,Medium,"Banking,SSC"
Q03660,Verbal Ability,Fill in the Blanks,Hard,"CAT,Placements,SSC"
Q03661,Logical Reasoning,Clocks & Calendars,Hard,Banking
Q03662,Logical Reasoning,Coding-Decoding,Medium,Banking
Q03663,Data Interpretation,Radar/Spider Charts,Easy,"TCS NQT,Banking,General"
Q03664,Quantitative Aptitude,Trigonometry,Easy,SSC
Q03665,Logical Reasoning,Data Sufficiency,Medium,"SSC,Banking,TCS NQT"
Q03666,Logical Reasoning,Clocks & Calendars,Hard,Placements
Q03667,Logical Reasoning,Puzzles,Easy,"Banking,SSC"
Q03668,Logical Reasoning,Ranking & Order,Medium,"CAT,Placements,TCS NQT"
Q03669,Quantitative Aptitude,Mixtures & Alligations,Easy,"General,TCS NQT,Placements"
Q03670,Data Interpretation,Line Graphs,Easy,General
Q03671,Verbal Ability,Fill in the Blanks,Easy,CAT
Q03672,Logical Reasoning,Clocks & Calendars,Hard,SSC
Q03673,Logical Reasoning,Cubes & Dice,Hard,"Placements,Banking"
Q03674,Data Interpretation,Bar Graphs,Easy,"Placements,General,TCS NQT"
Q03675,Data Interpretation,Caselets,Hard,"CAT,Placements"
Q03676,Quantitative Aptitude,Ratio & Proportion,Hard,Banking
Q03677,Quantitative Aptitude,Profit & Loss,Easy,"Placements,General,SSC"
Q03678,Data Interpretation,Bar Graphs,Hard,"Placements,SSC"
Q03679,Logical Reasoning,Puzzles,Easy,"TCS NQT,Banking"
Q03680,Logical Reasoning,Series Completion,Easy,"General,Banking"
Q03681,Logical Reasoning,Cubes & Dice,Easy,"Placements,CAT,Banking"
Q03682,Data Interpretation,Line Graphs,Medium,"Placements,Banking"
Q03683,Quantitative Aptitude,Algebra,Hard,"General,Banking"
Q03684,Verbal Ability,Verbal Analogies,Medium,"TCS NQT,CAT"
Q03685,Verbal Ability,Fill in the Blanks,Medium,"General,TCS NQT"
Q03686,Logical Reasoning,Blood Relations,Hard,TCS NQT
Q03687,Verbal Ability,Synonyms & Antonyms,Easy,SSC
Q03688,Verbal Ability,Fill in the Blanks,Medium,"TCS NQT,CAT"
Q03689,Verbal Ability,Verbal Analogies,Medium,"Banking,CAT,Placements"
Q03690,Quantitative Aptitude,Compound Interest,Medium,"Placements,CAT"
Q03691,Data Interpretation,Tables,Medium,"Banking,CAT"
Q03692,Data Interpretation,Mixed DI Sets,Medium,"General,Placements"
Q03693,Quantitative Aptitude,Geometry,Hard,SSC
Q03694,Logical Reasoning,Clocks & Calendars,Medium,"General,Banking"
Q03695,Quantitative Aptitude,Percentages,Hard,"Banking,Placements"
Q03696,Quantitative Aptitude,Time & Work,Medium,"General,TCS NQT"
Q03697,Quantitative Aptitude,Simple Interest,Medium,"CAT,SSC"
Q03698,Quantitative Aptitude,Surds & Indices,Easy,"CAT,Banking,General"
Q03699,Quantitative Aptitude,Time & Work,Easy,"Placements,TCS NQT"
Q03700,Verbal Ability,Idioms & Phrases,Medium,"General,Banking"
Q03701,Quantitative Aptitude,Number System,Easy,"General,Banking"
Q03702,Quantitative Aptitude,Geometry,Hard,SSC
Q03703,Verbal Ability,Para Summary,Medium,"General,CAT"
Q03704,Data Interpretation,Radar/Spider Charts,Medium,"SSC,Banking,General"
Q03705,Quantitative Aptitude,Probability,Hard,"CAT,Placements"
Q03706,Logical Reasoning,Input-Output,Easy,"Banking,CAT,Placements"
Q03707,Quantitative Aptitude,Number System,Medium,"General,TCS NQT"
Q03708,Data Interpretation,Caselets,Easy,TCS NQT
Q03709,Logical Reasoning,Cubes & Dice,Hard,"CAT,Banking"
Q03710,Quantitative Aptitude,Mixtures & Alligations,Medium,CAT
Q03711,Logical Reasoning,Analogy,Hard,"SSC,CAT"
Q03712,Quantitative Aptitude,Logarithms,Hard,"SSC,General,Banking"
Q03713,Verbal Ability,Fill in the Blanks,Medium,"SSC,CAT,General"
Q03714,Quantitative Aptitude,Time & Work,Easy,"SSC,Banking"
Q03715,Quantitative Aptitude,Number System,Easy,"SSC,General"
Q03716,Quantitative Aptitude,Set Theory,Hard,TCS NQT
Q03717,Verbal Ability,Para Jumbles,Hard,"General,CAT"
Q03718,Logical Reasoning,Ranking & Order,Medium,Placements
Q03719,Quantitative Aptitude,Profit & Loss,Easy,"CAT,Placements,TCS NQT"
Q03720,Logical Reasoning,Analogy,Medium,"SSC,General"
Q03721,Quantitative Aptitude,Mensuration,Medium,"TCS NQT,Placements,Banking"
Q03722,Quantitative Aptitude,Percentages,Easy,SSC
Q03723,Logical Reasoning,Data Sufficiency,Easy,Placements
Q03724,Logical Reasoning,Puzzles,Easy,"TCS NQT,CAT"
Q03725,Quantitative Aptitude,Algebra,Medium,"General,SSC,Banking"
Q03726,Logical Reasoning,Ranking & Order,Medium,Placements
Q03727,Logical Reasoning,Statement & Conclusion,Hard,"General,CAT,Banking"
Q03728,Quantitative Aptitude,Simple Interest,Medium,TCS NQT
Q03729,Logical Reasoning,Statement & Conclusion,Easy,"TCS NQT,General"
Q03730,Logical Reasoning,Statement & Assumption,Medium,"CAT,SSC,Banking"
Q03731,Quantitative Aptitude,"Time, Speed & Distance",Medium,"SSC,Placements"
Q03732,Logical Reasoning,Statement & Conclusion,Medium,"General,CAT,Banking"
Q03733,Logical Reasoning,Coding-Decoding,Easy,"SSC,General,CAT"
Q03734,Quantitative Aptitude,Geometry,Medium,CAT
Q03735,Verbal Ability,Para Summary,Easy,"Placements,SSC,TCS NQT"
Q03736,Quantitative Aptitude,Mensuration,Medium,"General,SSC,CAT"
Q03737,Quantitative Aptitude,Ratio & Proportion,Medium,CAT
Q03738,Logical Reasoning,Venn Diagrams,Easy,CAT
Q03739,Verbal Ability,Verbal Analogies,Medium,"General,TCS NQT"
Q03740,Logical Reasoning,Cubes & Dice,Medium,"Banking,TCS NQT,SSC"
Q03741,Quantitative Aptitude,Probability,Easy,"Banking,TCS NQT"
Q03742,Verbal Ability,Reading Comprehension,Medium,"SSC,General"
Q03743,Quantitative Aptitude,Linear Equations,Easy,"Placements,Banking"
Q03744,Verbal Ability,Error Spotting,Hard,"Placements,TCS NQT"
Q03745,Quantitative Aptitude,Partnership,Easy,General
Q03746,Verbal Ability,Para Summary,Hard,"Banking,CAT"
Q03747,Quantitative Aptitude,Surds & Indices,Hard,"CAT,Banking,SSC"
Q03748,Verbal Ability,Para Jumbles,Medium,General
Q03749,Verbal Ability,Idioms & Phrases,Medium,"SSC,General"
Q03750,Logical Reasoning,Venn Diagrams,Hard,"General,Banking"
Q03751,Data Interpretation,Bar Graphs,Medium,TCS NQT
Q03752,Verbal Ability,Verbal Analogies,Medium,TCS NQT
Q03753,Quantitative Aptitude,Linear Equations,Medium,"Banking,General,CAT"
Q03754,Data Interpretation,Caselets,Easy,"General,Banking,Placements"
Q03755,Data Interpretation,Data Sufficiency (DI),Medium,"Placements,Banking,CAT"
Q03756,Verbal Ability,Para Jumbles,Medium,"Placements,General"
Q03757,Verbal Ability,Para Jumbles,Medium,"SSC,Placements,TCS NQT"
Q03758,Quantitative Aptitude,Pipes & Cisterns,Medium,"TCS NQT,Banking"
Q03759,Quantitative Aptitude,Linear Equations,Medium,Banking
Q03760,Quantitative Aptitude,Logarithms,Easy,"SSC,General"
Q03761,Logical Reasoning,Puzzles,Medium,"General,SSC,Banking"
Q03762,Quantitative Aptitude,Ratio & Proportion,Hard,"Banking,General"
Q03763,Logical Reasoning,Clocks & Calendars,Medium,"Placements,General"
Q03764,Data Interpretation,Data Sufficiency (DI),Medium,"CAT,TCS NQT"
Q03765,Quantitative Aptitude,Algebra,Medium,"General,Placements"
Q03766,Logical Reasoning,Puzzles,Hard,"TCS NQT,Banking"
Q03767,Quantitative Aptitude,Geometry,Medium,"Placements,CAT"
Q03768,Logical Reasoning,Statement & Assumption,Easy,TCS NQT
Q03769,Verbal Ability,Verbal Analogies,Easy,"CAT,TCS NQT,Banking"
Q03770,Quantitative Aptitude,Number System,Hard,"TCS NQT,Placements"
Q03771,Logical Reasoning,Coding-Decoding,Hard,"General,Banking,CAT"
Q03772,Quantitative Aptitude,Linear Equations,Medium,General
Q03773,Verbal Ability,Verbal Analogies,Easy,"Banking,TCS NQT,Placements"
Q03774,Data Interpretation,Line Graphs,Hard,"SSC,Placements"
Q03775,Quantitative Aptitude,Time & Work,Easy,"General,Placements"
Q03776,Verbal Ability,Fill in the Blanks,Easy,SSC
Q03777,Verbal Ability,Para Jumbles,Easy,Placements
Q03778,Logical Reasoning,Cubes & Dice,Hard,"Placements,TCS NQT"
Q03779,Quantitative Aptitude,Mensuration,Medium,Placements
Q03780,Quantitative Aptitude,Mensuration,Easy,"General,CAT,SSC"
Q03781,Logical Reasoning,Coding-Decoding,Easy,Banking
Q03782,Quantitative Aptitude,Pipes & Cisterns,Medium,CAT
Q03783,Verbal Ability,Error Spotting,Easy,General
Q03784,Verbal Ability,Cloze Test,Easy,"TCS NQT,Banking"
Q03785,Verbal Ability,Para Summary,Medium,Banking
Q03786,Quantitative Aptitude,Averages,Medium,"TCS NQT,CAT,General"
Q03787,Logical Reasoning,Cubes & Dice,Easy,"General,CAT"
Q03788,Quantitative Aptitude,Mixtures & Alligations,Medium,"General,CAT"
Q03789,Logical Reasoning,Data Sufficiency,Hard,"General,TCS NQT"
Q03790,Logical Reasoning,Cubes & Dice,Medium,"CAT,General"
Q03791,Logical Reasoning,Direction Sense,Easy,"TCS NQT,CAT"
Q03792,Data Interpretation,Line Graphs,Easy,"Banking,SSC"
Q03793,Verbal Ability,Synonyms & Antonyms,Hard,Banking
Q03794,Verbal Ability,Sentence Correction,Medium,"CAT,SSC"
Q03795,Verbal Ability,Cloze Test,Easy,"CAT,Banking,TCS NQT"
Q03796,Verbal Ability,Sentence Correction,Medium,"SSC,General"
Q03797,Logical Reasoning,Cubes & Dice,Easy,"Banking,SSC"
Q03798,Quantitative Aptitude,Progressions (AP/GP),Hard,"TCS NQT,CAT"
Q03799,Quantitative Aptitude,Compound Interest,Easy,TCS NQT
Q03800,Verbal Ability,Critical Reasoning,Medium,Placements
Q03801,Data Interpretation,Mixed DI Sets,Medium,"SSC,General,TCS NQT"
Q03802,Verbal Ability,Error Spotting,Hard,TCS NQT
Q03803,Logical Reasoning,Clocks & Calendars,Medium,"General,Banking"
Q03804,Data Interpretation,Caselets,Easy,General
Q03805,Data Interpretation,Line Graphs,Medium,TCS NQT
Q03806,Quantitative Aptitude,Mixtures & Alligations,Easy,"SSC,Placements"
Q03807,Verbal Ability,Reading Comprehension,Medium,TCS NQT
Q03808,Quantitative Aptitude,Mixtures & Alligations,Easy,TCS NQT
Q03809,Logical Reasoning,Blood Relations,Hard,"SSC,TCS NQT"
Q03810,Data Interpretation,Venn-based DI,Medium,"Banking,TCS NQT"
Q03811,Quantitative Aptitude,Time & Work,Hard,"General,Placements"
Q03812,Quantitative Aptitude,Progressions (AP/GP),Medium,"SSC,TCS NQT,General"
Q03813,Logical Reasoning,Ranking & Order,Easy,"General,Placements"
Q03814,Data Interpretation,Venn-based DI,Medium,"Placements,Banking"
Q03815,Quantitative Aptitude,Quadratic Equations,Easy,General
Q03816,Logical Reasoning,Seating Arrangement,Medium,"Placements,SSC"
Q03817,Verbal Ability,Sentence Correction,Medium,Placements
Q03818,Verbal Ability,Critical Reasoning,Easy,"General,CAT,Placements"
Q03819,Quantitative Aptitude,Linear Equations,Medium,"Banking,TCS NQT"
Q03820,Verbal Ability,Cloze Test,Hard,General
Q03821,Quantitative Aptitude,Permutation & Combination,Easy,General
Q03822,Logical Reasoning,Series Completion,Easy,"General,CAT"
Q03823,Quantitative Aptitude,Quadratic Equations,Medium,"CAT,SSC,General"
Q03824,Quantitative Aptitude,Averages,Easy,"TCS NQT,General,CAT"
Q03825,Quantitative Aptitude,Percentages,Hard,"TCS NQT,General"
Q03826,Verbal Ability,Sentence Correction,Hard,SSC
Q03827,Verbal Ability,Error Spotting,Easy,General
Q03828,Logical Reasoning,Statement & Assumption,Hard,General
Q03829,Verbal Ability,Error Spotting,Hard,"Placements,CAT"
Q03830,Quantitative Aptitude,Logarithms,Hard,"TCS NQT,SSC"
Q03831,Quantitative Aptitude,Profit & Loss,Medium,"Placements,CAT,General"
Q03832,Logical Reasoning,Clocks & Calendars,Hard,Placements
Q03833,Logical Reasoning,Statement & Assumption,Medium,TCS NQT
Q03834,Quantitative Aptitude,Progressions (AP/GP),Medium,"Banking,CAT"
Q03835,Quantitative Aptitude,Probability,Easy,SSC
Q03836,Quantitative Aptitude,Set Theory,Medium,Placements
Q03837,Quantitative Aptitude,Trigonometry,Easy,Banking
Q03838,Verbal Ability,Para Jumbles,Medium,"Placements,CAT"
Q03839,Quantitative Aptitude,Probability,Easy,"Placements,TCS NQT,Banking"
Q03840,Data Interpretation,Caselets,Easy,"CAT,TCS NQT,Banking"
Q03841,Quantitative Aptitude,Simple Interest,Easy,"Banking,Placements,General"
Q03842,Verbal Ability,Reading Comprehension,Hard,"Banking,TCS NQT"
Q03843,Logical Reasoning,Statement & Conclusion,Easy,"General,Placements"
Q03844,Verbal Ability,Fill in the Blanks,Medium,"Banking,TCS NQT,SSC"
Q03845,Verbal Ability,Cloze Test,Medium,"SSC,TCS NQT"
Q03846,Verbal Ability,Sentence Correction,Easy,"SSC,TCS NQT"
Q03847,Verbal Ability,Idioms & Phrases,Hard,"General,Banking"
Q03848,Verbal Ability,Para Jumbles,Easy,Banking
Q03849,Logical Reasoning,Blood Relations,Easy,"TCS NQT,Banking"
Q03850,Quantitative Aptitude,Trigonometry,Medium,Placements
Q03851,Logical Reasoning,Seating Arrangement,Easy,"General,SSC"
Q03852,Quantitative Aptitude,Simple Interest,Easy,"SSC,TCS NQT"
Q03853,Quantitative Aptitude,Time & Work,Medium,CAT
Q03854,Data Interpretation,Tables,Medium,SSC
Q03855,Logical Reasoning,Clocks & Calendars,Medium,"TCS NQT,Banking"
Q03856,Logical Reasoning,Puzzles,Medium,"SSC,TCS NQT,Placements"
Q03857,Quantitative Aptitude,Progressions (AP/GP),Medium,"Placements,SSC,General"
Q03858,Verbal Ability,Sentence Correction,Medium,"Placements,General"
Q03859,Verbal Ability,Verbal Analogies,Hard,"Placements,SSC,Banking"
Q03860,Data Interpretation,Data Sufficiency (DI),Medium,"SSC,Placements,General"
Q03861,Quantitative Aptitude,Trigonometry,Easy,"SSC,Placements"
Q03862,Verbal Ability,Critical Reasoning,Hard,"General,SSC"
Q03863,Data Interpretation,Mixed DI Sets,Easy,"SSC,Banking"
Q03864,Logical Reasoning,Ranking & Order,Hard,"CAT,Banking"
Q03865,Logical Reasoning,Syllogisms,Medium,"SSC,Placements"
Q03866,Quantitative Aptitude,Mensuration,Medium,"CAT,Placements"
Q03867,Verbal Ability,Sentence Correction,Easy,"General,SSC,TCS NQT"
Q03868,Logical Reasoning,Data Sufficiency,Medium,SSC
Q03869,Logical Reasoning,Input-Output,Medium,"SSC,TCS NQT"
Q03870,Quantitative Aptitude,Probability,Easy,"Placements,General,Banking"
Q03871,Verbal Ability,Critical Reasoning,Hard,CAT
Q03872,Quantitative Aptitude,Ratio & Proportion,Medium,SSC
Q03873,Quantitative Aptitude,Pipes & Cisterns,Easy,"General,TCS NQT"
Q03874,Quantitative Aptitude,Trigonometry,Medium,General
Q03875,Verbal Ability,Para Summary,Medium,"General,Banking,Placements"
Q03876,Verbal Ability,Critical Reasoning,Medium,"TCS NQT,Banking,CAT"
Q03877,Quantitative Aptitude,Simple Interest,Easy,General
Q03878,Quantitative Aptitude,Algebra,Medium,"TCS NQT,SSC"
Q03879,Quantitative Aptitude,Mensuration,Medium,"CAT,Banking"
Q03880,Verbal Ability,Synonyms & Antonyms,Medium,"CAT,SSC,Banking"
Q03881,Logical Reasoning,Direction Sense,Easy,TCS NQT
Q03882,Verbal Ability,Critical Reasoning,Easy,"Placements,TCS NQT,CAT"
Q03883,Verbal Ability,Odd One Out,Medium,SSC
Q03884,Logical Reasoning,Statement & Conclusion,Hard,"TCS NQT,SSC,CAT"
Q03885,Verbal Ability,Synonyms & Antonyms,Medium,General
Q03886,Data Interpretation,Mixed DI Sets,Easy,"Banking,Placements"
Q03887,Logical Reasoning,Coding-Decoding,Easy,"Banking,Placements"
Q03888,Quantitative Aptitude,Mensuration,Hard,"SSC,Placements"
Q03889,Quantitative Aptitude,Surds & Indices,Medium,"SSC,General,CAT"
Q03890,Quantitative Aptitude,Compound Interest,Easy,General
Q03891,Verbal Ability,Para Summary,Medium,"Banking,General"
Q03892,Verbal Ability,Reading Comprehension,Easy,"CAT,TCS NQT,SSC"
Q03893,Logical Reasoning,Blood Relations,Easy,"Banking,CAT,SSC"
Q03894,Verbal Ability,Idioms & Phrases,Hard,"SSC,TCS NQT"
Q03895,Logical Reasoning,Venn Diagrams,Easy,"CAT,General,TCS NQT"
Q03896,Verbal Ability,Idioms & Phrases,Easy,TCS NQT
Q03897,Quantitative Aptitude,Time & Work,Medium,"CAT,TCS NQT,Banking"
Q03898,Data Interpretation,Tables,Medium,General
Q03899,Verbal Ability,Para Summary,Medium,"Banking,General"
Q03900,Data Interpretation,Line Graphs,Easy,"SSC,CAT,Placements"
Q03901,Quantitative Aptitude,Set Theory,Medium,"SSC,Banking,TCS NQT"
Q03902,Quantitative Aptitude,Number System,Easy,"TCS NQT,SSC"
Q03903,Quantitative Aptitude,Number System,Easy,"Banking,CAT,TCS NQT"
Q03904,Logical Reasoning,Statement & Assumption,Hard,"Banking,Placements"
Q03905,Quantitative Aptitude,Averages,Easy,TCS NQT
Q03906,Logical Reasoning,Venn Diagrams,Medium,"Banking,Placements,SSC"
Q03907,Verbal Ability,Error Spotting,Medium,"Placements,General,TCS NQT"
Q03908,Quantitative Aptitude,"Time, Speed & Distance",Medium,"Placements,CAT"
Q03909,Verbal Ability,Reading Comprehension,Medium,"TCS NQT,CAT,Placements"
Q03910,Logical Reasoning,Data Sufficiency,Medium,SSC
Q03911,Quantitative Aptitude,Algebra,Hard,General
Q03912,Verbal Ability,Sentence Correction,Hard,SSC
Q03913,Quantitative Aptitude,Time & Work,Easy,"SSC,Placements"
Q03914,Quantitative Aptitude,"Time, Speed & Distance",Hard,"CAT,Placements"
Q03915,Logical Reasoning,Cubes & Dice,Medium,Banking
Q03916,Verbal Ability,Reading Comprehension,Hard,"General,Placements"
Q03917,Logical Reasoning,Ranking & Order,Hard,Banking
Q03918,Verbal Ability,Odd One Out,Medium,"Placements,General"
Q03919,Logical Reasoning,Ranking & Order,Easy,"CAT,General,Placements"
Q03920,Verbal Ability,Idioms & Phrases,Hard,"General,TCS NQT,CAT"
Q03921,Quantitative Aptitude,Time & Work,Easy,CAT
Q03922,Quantitative Aptitude,Trigonometry,Medium,"TCS NQT,SSC,General"
Q03923,Quantitative Aptitude,Geometry,Easy,Placements
Q03924,Quantitative Aptitude,Profit & Loss,Medium,"SSC,Banking,General"
Q03925,Quantitative Aptitude,Permutation & Combination,Medium,Banking
Q03926,Logical Reasoning,Blood Relations,Easy,Banking
Q03927,Logical Reasoning,Input-Output,Medium,"CAT,SSC"
Q03928,Data Interpretation,Mixed DI Sets,Medium,"CAT,Banking"
Q03929,Quantitative Aptitude,Set Theory,Easy,"Placements,CAT"
Q03930,Logical Reasoning,Ranking & Order,Easy,"CAT,SSC"
Q03931,Logical Reasoning,Venn Diagrams,Easy,Placements
Q03932,Quantitative Aptitude,Ratio & Proportion,Medium,TCS NQT
Q03933,Data Interpretation,Bar Graphs,Medium,TCS NQT
Q03934,Verbal Ability,Synonyms & Antonyms,Medium,General
Q03935,Logical Reasoning,Analogy,Easy,CAT
Q03936,Logical Reasoning,Series Completion,Medium,"General,SSC,TCS NQT"
Q03937,Logical Reasoning,Input-Output,Medium,Banking
Q03938,Logical Reasoning,Coding-Decoding,Medium,TCS NQT
Q03939,Verbal Ability,Synonyms & Antonyms,Hard,"General,Placements,SSC"
Q03940,Data Interpretation,Pie Charts,Medium,CAT
Q03941,Verbal Ability,Odd One Out,Medium,SSC
Q03942,Verbal Ability,Para Summary,Hard,"SSC,General,TCS NQT"
Q03943,Logical Reasoning,Blood Relations,Medium,SSC
Q03944,Data Interpretation,Bar Graphs,Medium,"CAT,Placements"
Q03945,Verbal Ability,Para Summary,Medium,TCS NQT
Q03946,Logical Reasoning,Ranking & Order,Hard,"General,TCS NQT,Placements"
Q03947,Data Interpretation,Line Graphs,Easy,CAT
Q03948,Quantitative Aptitude,Linear Equations,Hard,CAT
Q03949,Data Interpretation,Data Sufficiency (DI),Medium,CAT
Q03950,Verbal Ability,Odd One Out,Hard,"Banking,TCS NQT"
Q03951,Logical Reasoning,Cubes & Dice,Hard,TCS NQT
Q03952,Logical Reasoning,Blood Relations,Medium,"Banking,General"
Q03953,Quantitative Aptitude,Averages,Medium,SSC
Q03954,Logical Reasoning,Data Sufficiency,Hard,"General,CAT,Banking"
Q03955,Logical Reasoning,Analogy,Medium,"TCS NQT,Placements,General"
Q03956,Verbal Ability,Sentence Correction,Hard,"Placements,General,TCS NQT"
Q03957,Logical Reasoning,Seating Arrangement,Hard,"CAT,Banking,SSC"
Q03958,Verbal Ability,Verbal Analogies,Medium,Placements
Q03959,Logical Reasoning,Statement & Assumption,Easy,"Placements,SSC"
Q03960,Quantitative Aptitude,Algebra,Medium,"Banking,TCS NQT,SSC"
Q03961,Quantitative Aptitude,Compound Interest,Medium,"Banking,SSC"
Q03962,Logical Reasoning,Direction Sense,Easy,"General,CAT,Banking"
Q03963,Data Interpretation,Bar Graphs,Easy,Placements
Q03964,Verbal Ability,Reading Comprehension,Easy,General
Q03965,Logical Reasoning,Syllogisms,Medium,Placements
Q03966,Quantitative Aptitude,Quadratic Equations,Easy,"CAT,TCS NQT"
Q03967,Logical Reasoning,Analogy,Medium,"SSC,Placements"
Q03968,Logical Reasoning,Ranking & Order,Hard,"Placements,Banking"
Q03969,Verbal Ability,Verbal Analogies,Easy,"TCS NQT,Banking"
Q03970,Quantitative Aptitude,Simple Interest,Medium,"SSC,TCS NQT,General"
Q03971,Quantitative Aptitude,Algebra,Hard,SSC
Q03972,Data Interpretation,Mixed DI Sets,Easy,"TCS NQT,Banking"
Q03973,Logical Reasoning,Puzzles,Easy,"SSC,TCS NQT,General"
Q03974,Quantitative Aptitude,Profit & Loss,Easy,"Banking,CAT"
Q03975,Logical Reasoning,Direction Sense,Hard,Placements
Q03976,Logical Reasoning,Cubes & Dice,Easy,CAT
Q03977,Data Interpretation,Venn-based DI,Easy,"SSC,Placements,General"
Q03978,Quantitative Aptitude,Mixtures & Alligations,Medium,"Banking,TCS NQT"
Q03979,Data Interpretation,Pie Charts,Hard,"Placements,Banking,General"
Q03980,Logical Reasoning,Direction Sense,Medium,"Placements,CAT,General"
Q03981,Verbal Ability,Error Spotting,Easy,"SSC,TCS NQT,Placements"
Q03982,Verbal Ability,Verbal Analogies,Medium,"TCS NQT,CAT,SSC"
Q03983,Logical Reasoning,Statement & Assumption,Hard,"TCS NQT,Placements,SSC"
Q03984,Data Interpretation,Line Graphs,Medium,General
Q03985,Logical Reasoning,Coding-Decoding,Easy,"General,TCS NQT,Placements"
Q03986,Quantitative Aptitude,Partnership,Medium,TCS NQT
Q03987,Logical Reasoning,Input-Output,Easy,SSC
Q03988,Logical Reasoning,Syllogisms,Medium,"SSC,Banking"
Q03989,Verbal Ability,Idioms & Phrases,Hard,"Banking,General"
Q03990,Data Interpretation,Mixed DI Sets,Hard,General
Q03991,Logical Reasoning,Clocks & Calendars,Medium,CAT
Q03992,Data Interpretation,Caselets,Medium,"TCS NQT,SSC,Placements"
Q03993,Data Interpretation,Pie Charts,Medium,Banking
Q03994,Quantitative Aptitude,Compound Interest,Easy,Banking
Q03995,Verbal Ability,Synonyms & Antonyms,Easy,Banking
Q03996,Quantitative Aptitude,Time & Work,Hard,"Banking,General,Placements"
Q03997,Logical Reasoning,Statement & Assumption,Medium,"CAT,Placements"
Q03998,Data Interpretation,Caselets,Medium,Banking
Q03999,Logical Reasoning,Puzzles,Hard,"General,TCS NQT,Placements"
Q04000,Data Interpretation,Tables,Medium,"Placements,SSC"
Q04001,Verbal Ability,Fill in the Blanks,Medium,General
Q04002,Logical Reasoning,Puzzles,Medium,"SSC,TCS NQT,CAT"
Q04003,Quantitative Aptitude,Set Theory,Easy,"Banking,Placements,General"
Q04004,Verbal Ability,Critical Reasoning,Medium,TCS NQT
Q04005,Quantitative Aptitude,Pipes & Cisterns,Medium,"Banking,Placements,CAT"
Q04006,Quantitative Aptitude,Pipes & Cisterns,Easy,"SSC,CAT"
Q04007,Quantitative Aptitude,Quadratic Equations,Medium,"CAT,Banking"
Q04008,Logical Reasoning,Input-Output,Hard,"Placements,Banking,SSC"
Q04009,Data Interpretation,Tables,Easy,"CAT,General,SSC"
Q04010,Quantitative Aptitude,Ratio & Proportion,Medium,"Banking,General,TCS NQT"
Q04011,Logical Reasoning,Syllogisms,Medium,"CAT,SSC,TCS NQT"
Q04012,Data Interpretation,Caselets,Easy,"TCS NQT,SSC,Banking"
Q04013,Verbal Ability,Cloze Test,Easy,"SSC,CAT"
Q04014,Quantitative Aptitude,Number System,Easy,General
Q04015,Quantitative Aptitude,Trigonometry,Medium,TCS NQT
Q04016,Verbal Ability,Odd One Out,Easy,TCS NQT
Q04017,Verbal Ability,Para Summary,Medium,"SSC,CAT,Banking"
Q04018,Quantitative Aptitude,Probability,Medium,"TCS NQT,Banking,General"
Q04019,Data Interpretation,Bar Graphs,Medium,"CAT,TCS NQT,General"
Q04020,Quantitative Aptitude,Progressions (AP/GP),Easy,CAT
Q04021,Quantitative Aptitude,Ratio & Proportion,Medium,"TCS NQT,General"
Q04022,Data Interpretation,Data Sufficiency (DI),Easy,"General,CAT"
Q04023,Logical Reasoning,Data Sufficiency,Medium,"Banking,General,CAT"
Q04024,Quantitative Aptitude,Quadratic Equations,Easy,"General,Banking,CAT"
Q04025,Logical Reasoning,Series Completion,Easy,"Placements,CAT,SSC"
Q04026,Logical Reasoning,Puzzles,Medium,"Banking,CAT"
Q04027,Logical Reasoning,Cubes & Dice,Hard,"SSC,General"
Q04028,Verbal Ability,Fill in the Blanks,Medium,SSC
Q04029,Quantitative Aptitude,Mensuration,Medium,SSC
Q04030,Logical Reasoning,Cubes & Dice,Hard,"General,SSC,Placements"
Q04031,Quantitative Aptitude,"Time, Speed & Distance",Hard,"TCS NQT,SSC,Banking"
Q04032,Quantitative Aptitude,Linear Equations,Medium,Banking
Q04033,Logical Reasoning,Seating Arrangement,Hard,"SSC,TCS NQT"
Q04034,Quantitative Aptitude,Probability,Easy,"Placements,SSC,TCS NQT"
Q04035,Quantitative Aptitude,Simple Interest,Medium,"CAT,Banking,SSC"
Q04036,Logical Reasoning,Analogy,Hard,"Placements,Banking,General"
Q04037,Verbal Ability,Critical Reasoning,Hard,"Banking,SSC,TCS NQT"
Q04038,Verbal Ability,Odd One Out,Easy,"Placements,General"
Q04039,Quantitative Aptitude,Algebra,Hard,CAT
Q04040,Quantitative Aptitude,"Time, Speed & Distance",Medium,"SSC,TCS NQT,General"
Q04041,Verbal Ability,Idioms & Phrases,Medium,"Placements,Banking,CAT"
Q04042,Verbal Ability,Sentence Correction,Hard,CAT
Q04043,Logical Reasoning,Ranking & Order,Easy,"Placements,SSC"
Q04044,Quantitative Aptitude,Probability,Easy,"Banking,Placements"
Q04045,Quantitative Aptitude,Quadratic Equations,Medium,General
Q04046,Quantitative Aptitude,Mixtures & Alligations,Medium,"TCS NQT,CAT,SSC"
Q04047,Data Interpretation,Tables,Hard,"CAT,Placements"
Q04048,Quantitative Aptitude,Probability,Medium,General
Q04049,Verbal Ability,Critical Reasoning,Medium,Banking
Q04050,Logical Reasoning,Statement & Assumption,Medium,"Placements,General,TCS NQT"
Q04051,Verbal Ability,Odd One Out,Medium,"Placements,General,CAT"
Q04052,Quantitative Aptitude,Mixtures & Alligations,Easy,CAT
Q04053,Quantitative Aptitude,Logarithms,Easy,"Banking,General"
Q04054,Verbal Ability,Idioms & Phrases,Medium,"TCS NQT,Placements,Banking"
Q04055,Logical Reasoning,Coding-Decoding,Hard,"TCS NQT,Banking,General"
Q04056,Quantitative Aptitude,Pipes & Cisterns,Medium,"General,SSC"
Q04057,Verbal Ability,Critical Reasoning,Easy,"SSC,General"
Q04058,Logical Reasoning,Statement & Assumption,Hard,"TCS NQT,SSC"
Q04059,Verbal Ability,Para Jumbles,Easy,"Placements,SSC,General"
Q04060,Logical Reasoning,Direction Sense,Hard,TCS NQT
Q04061,Data Interpretation,Radar/Spider Charts,Medium,"SSC,CAT,Placements"
Q04062,Logical Reasoning,Data Sufficiency,Easy,"General,TCS NQT,Placements"
Q04063,Logical Reasoning,Cubes & Dice,Easy,"TCS NQT,CAT"
Q04064,Data Interpretation,Radar/Spider Charts,Medium,"Banking,General,TCS NQT"
Q04065,Quantitative Aptitude,Profit & Loss,Easy,CAT
Q04066,Logical Reasoning,Cubes & Dice,Hard,"General,CAT,SSC"
Q04067,Verbal Ability,Odd One Out,Medium,"Placements,CAT,SSC"
Q04068,Data Interpretation,Pie Charts,Medium,"SSC,TCS NQT,General"
Q04069,Quantitative Aptitude,Pipes & Cisterns,Medium,General
Q04070,Logical Reasoning,Analogy,Easy,"General,Placements"
Q04071,Quantitative Aptitude,Quadratic Equations,Medium,General
Q04072,Verbal Ability,Odd One Out,Easy,"TCS NQT,SSC"
Q04073,Logical Reasoning,Venn Diagrams,Medium,TCS NQT
Q04074,Logical Reasoning,Input-Output,Easy,TCS NQT
Q04075,Quantitative Aptitude,Surds & Indices,Hard,"SSC,CAT,TCS NQT"
Q04076,Logical Reasoning,Data Sufficiency,Hard,"CAT,General,TCS NQT"
Q04077,Logical Reasoning,Input-Output,Medium,"Placements,General,TCS NQT"
Q04078,Logical Reasoning,Coding-Decoding,Medium,CAT
Q04079,Verbal Ability,Cloze Test,Easy,"General,CAT"
Q04080,Logical Reasoning,Venn Diagrams,Medium,CAT
Q04081,Logical Reasoning,Ranking & Order,Easy,"General,Banking,TCS NQT"
Q04082,Data Interpretation,Data Sufficiency (DI),Easy,"Banking,Placements,SSC"
Q04083,Data Interpretation,Line Graphs,Medium,SSC
Q04084,Quantitative Aptitude,Linear Equations,Medium,General
Q04085,Logical Reasoning,Input-Output,Medium,"Banking,CAT"
Q04086,Quantitative Aptitude,Time & Work,Hard,"Banking,Placements"
Q04087,Verbal Ability,Sentence Correction,Medium,"General,CAT"
Q04088,Quantitative Aptitude,Algebra,Medium,"CAT,TCS NQT"
Q04089,Logical Reasoning,Statement & Conclusion,Medium,TCS NQT
Q04090,Quantitative Aptitude,Percentages,Easy,"CAT,SSC,General"
Q04091,Verbal Ability,Synonyms & Antonyms,Medium,TCS NQT
Q04092,Verbal Ability,Reading Comprehension,Easy,SSC
Q04093,Verbal Ability,Para Summary,Easy,"CAT,TCS NQT"
Q04094,Quantitative Aptitude,Progressions (AP/GP),Hard,"CAT,Placements"
Q04095,Quantitative Aptitude,"Time, Speed & Distance",Easy,"TCS NQT,Banking,Placements"
Q04096,Quantitative Aptitude,Probability,Easy,SSC
Q04097,Data Interpretation,Pie Charts,Medium,"Placements,TCS NQT,SSC"
Q04098,Quantitative Aptitude,Progressions (AP/GP),Easy,Banking
Q04099,Verbal Ability,Error Spotting,Hard,TCS NQT
Q04100,Quantitative Aptitude,Compound Interest,Easy,"CAT,TCS NQT"
Q04101,Quantitative Aptitude,Percentages,Easy,"CAT,SSC,TCS NQT"
Q04102,Quantitative Aptitude,Simple Interest,Hard,"General,Placements"
Q04103,Data Interpretation,Venn-based DI,Medium,CAT
Q04104,Data Interpretation,Radar/Spider Charts,Medium,TCS NQT
Q04105,Quantitative Aptitude,Compound Interest,Medium,"SSC,Banking,TCS NQT"
Q04106,Quantitative Aptitude,Mensuration,Hard,General
Q04107,Quantitative Aptitude,Probability,Medium,SSC
Q04108,Quantitative Aptitude,Ratio & Proportion,Medium,"Placements,General"
Q04109,Data Interpretation,Radar/Spider Charts,Medium,Banking
Q04110,Data Interpretation,Bar Graphs,Medium,"CAT,Banking"
Q04111,Quantitative Aptitude,Surds & Indices,Hard,"TCS NQT,CAT,General"
Q04112,Verbal Ability,Cloze Test,Easy,"SSC,TCS NQT,Banking"
Q04113,Verbal Ability,Idioms & Phrases,Medium,"Placements,SSC,TCS NQT"
Q04114,Quantitative Aptitude,Compound Interest,Easy,"Placements,SSC"
Q04115,Data Interpretation,Data Sufficiency (DI),Easy,"Banking,General"
Q04116,Verbal Ability,Para Jumbles,Medium,"CAT,Banking"
Q04117,Logical Reasoning,Puzzles,Hard,"TCS NQT,Banking"
Q04118,Quantitative Aptitude,Logarithms,Medium,"SSC,Banking"
Q04119,Quantitative Aptitude,Mixtures & Alligations,Easy,"General,CAT,TCS NQT"
Q04120,Quantitative Aptitude,"Time, Speed & Distance",Medium,SSC
Q04121,Logical Reasoning,Coding-Decoding,Hard,"SSC,CAT,TCS NQT"
Q04122,Verbal Ability,Reading Comprehension,Hard,"Banking,Placements"
Q04123,Logical Reasoning,Data Sufficiency,Medium,"CAT,Banking,Placements"
Q04124,Data Interpretation,Venn-based DI,Easy,"General,CAT"
Q04125,Quantitative Aptitude,"Time, Speed & Distance",Medium,Banking
Q04126,Data Interpretation,Line Graphs,Easy,General
Q04127,Logical Reasoning,Venn Diagrams,Medium,General
Q04128,Quantitative Aptitude,"Time, Speed & Distance",Easy,"Placements,TCS NQT"
Q04129,Quantitative Aptitude,Set Theory,Hard,"CAT,General,Banking"
Q04130,Quantitative Aptitude,"Time, Speed & Distance",Medium,"CAT,SSC,General"
Q04131,Logical Reasoning,Statement & Assumption,Hard,"SSC,Placements,Banking"
Q04132,Quantitative Aptitude,Ratio & Proportion,Medium,"Banking,CAT"
Q04133,Logical Reasoning,Direction Sense,Hard,TCS NQT
Q04134,Logical Reasoning,Statement & Assumption,Easy,"General,SSC,Banking"
Q04135,Quantitative Aptitude,Surds & Indices,Hard,"General,SSC,Placements"
Q04136,Verbal Ability,Cloze Test,Easy,"SSC,Banking,CAT"
Q04137,Logical Reasoning,Input-Output,Easy,"Banking,SSC"
Q04138,Logical Reasoning,Series Completion,Easy,"SSC,TCS NQT"
Q04139,Logical Reasoning,Blood Relations,Easy,"General,Banking,CAT"
Q04140,Verbal Ability,Error Spotting,Easy,"Placements,General"
Q04141,Logical Reasoning,Seating Arrangement,Hard,"CAT,General,Placements"
Q04142,Logical Reasoning,Analogy,Medium,Placements
Q04143,Data Interpretation,Venn-based DI,Easy,"Placements,SSC"
Q04144,Verbal Ability,Cloze Test,Easy,"General,Banking,SSC"
Q04145,Verbal Ability,Idioms & Phrases,Medium,"SSC,TCS NQT"
Q04146,Quantitative Aptitude,Averages,Medium,CAT
Q04147,Quantitative Aptitude,Quadratic Equations,Medium,CAT
Q04148,Logical Reasoning,Analogy,Medium,Placements
Q04149,Quantitative Aptitude,Permutation & Combination,Medium,Banking
Q04150,Logical Reasoning,Analogy,Medium,CAT
Q04151,Quantitative Aptitude,Ratio & Proportion,Medium,Banking
Q04152,Quantitative Aptitude,Time & Work,Easy,General
Q04153,Quantitative Aptitude,Profit & Loss,Medium,Banking
Q04154,Data Interpretation,Mixed DI Sets,Hard,"General,Placements"
Q04155,Logical Reasoning,Cubes & Dice,Medium,"CAT,TCS NQT,Placements"
Q04156,Quantitative Aptitude,"Time, Speed & Distance",Hard,"SSC,CAT,TCS NQT"
Q04157,Quantitative Aptitude,Compound Interest,Easy,"SSC,Placements"
Q04158,Quantitative Aptitude,Linear Equations,Easy,"Placements,CAT"
Q04159,Logical Reasoning,Ranking & Order,Medium,"Placements,SSC"
Q04160,Logical Reasoning,Seating Arrangement,Hard,Placements
Q04161,Quantitative Aptitude,Set Theory,Easy,SSC
Q04162,Quantitative Aptitude,Surds & Indices,Medium,"Banking,CAT,General"
Q04163,Quantitative Aptitude,Profit & Loss,Easy,TCS NQT
Q04164,Verbal Ability,Idioms & Phrases,Medium,"TCS NQT,Placements"
Q04165,Logical Reasoning,Direction Sense,Medium,"SSC,CAT,TCS NQT"
Q04166,Data Interpretation,Pie Charts,Hard,"TCS NQT,General"
Q04167,Quantitative Aptitude,Number System,Easy,"General,Placements,SSC"
Q04168,Verbal Ability,Fill in the Blanks,Hard,Placements
Q04169,Verbal Ability,Para Jumbles,Medium,"Placements,CAT,Banking"
Q04170,Logical Reasoning,Blood Relations,Medium,"CAT,Banking,General"
Q04171,Verbal Ability,Sentence Correction,Medium,"CAT,TCS NQT,General"
Q04172,Verbal Ability,Reading Comprehension,Medium,"Banking,TCS NQT,General"
Q04173,Logical Reasoning,Clocks & Calendars,Medium,"TCS NQT,Banking,General"
Q04174,Quantitative Aptitude,Pipes & Cisterns,Medium,General
Q04175,Logical Reasoning,Analogy,Hard,"SSC,General,Banking"
Q04176,Quantitative Aptitude,Trigonometry,Easy,Banking
Q04177,Verbal Ability,Idioms & Phrases,Easy,"Placements,General"
Q04178,Logical Reasoning,Clocks & Calendars,Hard,"General,Placements,Banking"
Q04179,Logical Reasoning,Statement & Conclusion,Easy,SSC
Q04180,Data Interpretation,Bar Graphs,Medium,"SSC,Placements"
Q04181,Logical Reasoning,Syllogisms,Hard,"Banking,TCS NQT"
Q04182,Data Interpretation,Tables,Hard,"Placements,SSC"
Q04183,Verbal Ability,Sentence Correction,Medium,"Banking,General"
Q04184,Logical Reasoning,Cubes & Dice,Hard,"Banking,General,TCS NQT"
Q04185,Quantitative Aptitude,Mensuration,Medium,"SSC,General"
Q04186,Verbal Ability,Cloze Test,Easy,"Placements,TCS NQT"
Q04187,Verbal Ability,Sentence Correction,Easy,Placements
Q04188,Quantitative Aptitude,Partnership,Easy,TCS NQT
Q04189,Data Interpretation,Tables,Medium,"General,TCS NQT,SSC"
Q04190,Logical Reasoning,Cubes & Dice,Easy,"Banking,SSC,TCS NQT"
Q04191,Logical Reasoning,Series Completion,Easy,"Placements,Banking"
Q04192,Verbal Ability,Para Jumbles,Easy,"General,Banking,SSC"
Q04193,Quantitative Aptitude,Logarithms,Easy,"CAT,Placements"
Q04194,Quantitative Aptitude,"Time, Speed & Distance",Easy,"TCS NQT,Placements"
Q04195,Logical Reasoning,Ranking & Order,Medium,"Banking,Placements,General"
Q04196,Data Interpretation,Bar Graphs,Hard,"Placements,Banking,General"
Q04197,Data Interpretation,Caselets,Hard,"General,TCS NQT,Placements"
Q04198,Quantitative Aptitude,Set Theory,Easy,"TCS NQT,Placements"
Q04199,Data Interpretation,Line Graphs,Medium,"SSC,Banking"
Q04200,Data Interpretation,Tables,Hard,"Placements,Banking,SSC"
Q04201,Quantitative Aptitude,Logarithms,Hard,"TCS NQT,CAT,General"
Q04202,Verbal Ability,Para Jumbles,Medium,CAT
Q04203,Quantitative Aptitude,Number System,Easy,SSC
Q04204,Quantitative Aptitude,Profit & Loss,Easy,"SSC,Placements"
Q04205,Quantitative Aptitude,Pipes & Cisterns,Easy,Placements
Q04206,Quantitative Aptitude,Mixtures & Alligations,Hard,SSC
Q04207,Quantitative Aptitude,Logarithms,Medium,"TCS NQT,Banking"
Q04208,Quantitative Aptitude,Trigonometry,Hard,"General,Placements"
Q04209,Verbal Ability,Critical Reasoning,Medium,"CAT,TCS NQT"
Q04210,Verbal Ability,Synonyms & Antonyms,Easy,Placements
Q04211,Logical Reasoning,Input-Output,Hard,TCS NQT
Q04212,Data Interpretation,Data Sufficiency (DI),Hard,TCS NQT
Q04213,Logical Reasoning,Analogy,Medium,"SSC,Placements,CAT"
Q04214,Data Interpretation,Line Graphs,Easy,"CAT,General"
Q04215,Logical Reasoning,Direction Sense,Easy,"Banking,General"
Q04216,Verbal Ability,Odd One Out,Easy,CAT
Q04217,Verbal Ability,Verbal Analogies,Medium,"SSC,Banking,Placements"
Q04218,Verbal Ability,Odd One Out,Medium,Banking
Q04219,Data Interpretation,Mixed DI Sets,Hard,"CAT,SSC"
Q04220,Data Interpretation,Pie Charts,Hard,Placements
Q04221,Data Interpretation,Caselets,Easy,"Banking,Placements,CAT"
Q04222,Verbal Ability,Cloze Test,Easy,General
Q04223,Logical Reasoning,Venn Diagrams,Easy,"General,CAT"
Q04224,Verbal Ability,Fill in the Blanks,Easy,"Banking,CAT,General"
Q04225,Quantitative Aptitude,Time & Work,Easy,"SSC,Placements"
Q04226,Quantitative Aptitude,Permutation & Combination,Medium,"TCS NQT,CAT"
Q04227,Verbal Ability,Odd One Out,Easy,"Placements,CAT"
Q04228,Data Interpretation,Tables,Medium,"SSC,General,Banking"
Q04229,Logical Reasoning,Input-Output,Easy,"CAT,SSC"
Q04230,Quantitative Aptitude,Pipes & Cisterns,Medium,"Banking,CAT,SSC"
Q04231,Logical Reasoning,Syllogisms,Easy,TCS NQT
Q04232,Data Interpretation,Bar Graphs,Hard,"TCS NQT,CAT,SSC"
Q04233,Logical Reasoning,Ranking & Order,Medium,Banking
Q04234,Quantitative Aptitude,Quadratic Equations,Easy,"CAT,SSC"
Q04235,Logical Reasoning,Ranking & Order,Easy,"SSC,TCS NQT"
Q04236,Logical Reasoning,Input-Output,Easy,"General,SSC"
Q04237,Quantitative Aptitude,Compound Interest,Medium,"General,SSC"
Q04238,Quantitative Aptitude,Probability,Hard,Banking
Q04239,Logical Reasoning,Clocks & Calendars,Medium,"CAT,Banking"
Q04240,Quantitative Aptitude,Surds & Indices,Hard,General
Q04241,Verbal Ability,Fill in the Blanks,Medium,"CAT,General,Placements"
Q04242,Verbal Ability,Para Jumbles,Medium,CAT
Q04243,Verbal Ability,Synonyms & Antonyms,Easy,"CAT,Placements"
Q04244,Logical Reasoning,Statement & Assumption,Easy,CAT
Q04245,Logical Reasoning,Blood Relations,Easy,"CAT,SSC,General"
Q04246,Logical Reasoning,Direction Sense,Medium,"General,Banking,SSC"
Q04247,Verbal Ability,Cloze Test,Easy,TCS NQT
Q04248,Verbal Ability,Para Jumbles,Easy,General
Q04249,Quantitative Aptitude,Compound Interest,Medium,General
Q04250,Quantitative Aptitude,Profit & Loss,Hard,CAT
Q04251,Logical Reasoning,Seating Arrangement,Medium,Banking
Q04252,Data Interpretation,Tables,Easy,CAT
Q04253,Quantitative Aptitude,Partnership,Hard,Banking
Q04254,Logical Reasoning,Venn Diagrams,Medium,"TCS NQT,Placements,Banking"
Q04255,Data Interpretation,Tables,Easy,"Banking,TCS NQT,Placements"
Q04256,Verbal Ability,Odd One Out,Easy,"General,TCS NQT"
Q04257,Logical Reasoning,Syllogisms,Hard,"Placements,TCS NQT"
Q04258,Verbal Ability,Reading Comprehension,Medium,Placements
Q04259,Data Interpretation,Tables,Medium,"Placements,TCS NQT"
Q04260,Logical Reasoning,Series Completion,Easy,"CAT,General,Placements"
Q04261,Quantitative Aptitude,Time & Work,Easy,"Placements,General"
Q04262,Logical Reasoning,Ranking & Order,Hard,"TCS NQT,SSC,Banking"
Q04263,Quantitative Aptitude,Permutation & Combination,Hard,"SSC,Placements,Banking"
Q04264,Verbal Ability,Critical Reasoning,Medium,"General,Placements"
Q04265,Logical Reasoning,Blood Relations,Hard,"General,SSC,TCS NQT"
Q04266,Quantitative Aptitude,Time & Work,Easy,CAT
Q04267,Quantitative Aptitude,Profit & Loss,Hard,"SSC,CAT"
Q04268,Logical Reasoning,Input-Output,Hard,General
Q04269,Data Interpretation,Radar/Spider Charts,Medium,General
Q04270,Verbal Ability,Cloze Test,Medium,SSC
Q04271,Quantitative Aptitude,Progressions (AP/GP),Medium,"General,TCS NQT"
Q04272,Data Interpretation,Pie Charts,Hard,"SSC,General,Banking"
Q04273,Verbal Ability,Fill in the Blanks,Medium,"Banking,SSC,General"
Q04274,Verbal Ability,Critical Reasoning,Hard,"SSC,TCS NQT"
Q04275,Verbal Ability,Error Spotting,Easy,Placements
Q04276,Quantitative Aptitude,Progressions (AP/GP),Easy,CAT
Q04277,Quantitative Aptitude,Partnership,Hard,"Banking,General"
Q04278,Data Interpretation,Radar/Spider Charts,Medium,"Banking,General"
Q04279,Quantitative Aptitude,Mensuration,Easy,"Placements,General"
Q04280,Quantitative Aptitude,Pipes & Cisterns,Medium,"Banking,CAT"
Q04281,Data Interpretation,Line Graphs,Medium,"Banking,Placements"
Q04282,Logical Reasoning,Ranking & Order,Medium,"CAT,Banking"
Q04283,Quantitative Aptitude,Surds & Indices,Easy,Placements
Q04284,Verbal Ability,Verbal Analogies,Hard,Placements
Q04285,Logical Reasoning,Puzzles,Medium,Banking
Q04286,Verbal Ability,Odd One Out,Hard,SSC
Q04287,Quantitative Aptitude,Algebra,Medium,CAT
Q04288,Data Interpretation,Radar/Spider Charts,Easy,"Placements,SSC"
Q04289,Data Interpretation,Venn-based DI,Easy,"Placements,General"
Q04290,Logical Reasoning,Analogy,Easy,"General,Banking,TCS NQT"
Q04291,Logical Reasoning,Input-Output,Easy,Banking
Q04292,Data Interpretation,Bar Graphs,Easy,"CAT,General"
Q04293,Logical Reasoning,Venn Diagrams,Medium,"Banking,TCS NQT,SSC"
Q04294,Logical Reasoning,Direction Sense,Easy,TCS NQT
Q04295,Quantitative Aptitude,Trigonometry,Easy,Banking
Q04296,Quantitative Aptitude,Trigonometry,Easy,SSC
Q04297,Quantitative Aptitude,Set Theory,Easy,SSC
Q04298,Verbal Ability,Cloze Test,Medium,"General,TCS NQT"
Q04299,Quantitative Aptitude,Geometry,Hard,"CAT,TCS NQT,Placements"
Q04300,Logical Reasoning,Clocks & Calendars,Hard,"General,SSC"
Q04301,Verbal Ability,Error Spotting,Hard,SSC
Q04302,Verbal Ability,Verbal Analogies,Hard,"CAT,General"
Q04303,Data Interpretation,Radar/Spider Charts,Easy,"Banking,Placements"
Q04304,Logical Reasoning,Series Completion,Easy,"General,Placements"
Q04305,Quantitative Aptitude,Algebra,Hard,"Banking,SSC,TCS NQT"
Q04306,Logical Reasoning,Venn Diagrams,Easy,"Placements,General,SSC"
Q04307,Quantitative Aptitude,Set Theory,Medium,"Placements,TCS NQT,General"
Q04308,Data Interpretation,Tables,Easy,"TCS NQT,Banking"
Q04309,Quantitative Aptitude,Number System,Medium,"TCS NQT,CAT"
Q04310,Quantitative Aptitude,Quadratic Equations,Medium,TCS NQT
Q04311,Data Interpretation,Mixed DI Sets,Medium,TCS NQT
Q04312,Verbal Ability,Odd One Out,Medium,"TCS NQT,SSC"
Q04313,Logical Reasoning,Seating Arrangement,Hard,"Banking,Placements"
Q04314,Verbal Ability,Critical Reasoning,Medium,"Placements,SSC,CAT"
Q04315,Quantitative Aptitude,Trigonometry,Easy,Placements
Q04316,Logical Reasoning,Blood Relations,Easy,"SSC,TCS NQT"
Q04317,Verbal Ability,Odd One Out,Easy,"Placements,SSC,TCS NQT"
Q04318,Quantitative Aptitude,Trigonometry,Medium,"TCS NQT,General"
Q04319,Quantitative Aptitude,"Time, Speed & Distance",Easy,"Placements,TCS NQT,CAT"
Q04320,Data Interpretation,Caselets,Easy,"CAT,Placements,SSC"
Q04321,Verbal Ability,Sentence Correction,Medium,"Banking,CAT"
Q04322,Verbal Ability,Critical Reasoning,Medium,"Placements,General"
Q04323,Verbal Ability,Critical Reasoning,Easy,CAT
Q04324,Quantitative Aptitude,Set Theory,Medium,"Banking,CAT,SSC"
Q04325,Logical Reasoning,Cubes & Dice,Medium,Banking
Q04326,Quantitative Aptitude,Set Theory,Easy,"TCS NQT,Placements"
Q04327,Verbal Ability,Verbal Analogies,Medium,"SSC,CAT"
Q04328,Logical Reasoning,Statement & Conclusion,Medium,"SSC,Placements"
Q04329,Logical Reasoning,Cubes & Dice,Medium,"Placements,TCS NQT"
Q04330,Quantitative Aptitude,Compound Interest,Easy,"CAT,General"
Q04331,Verbal Ability,Reading Comprehension,Hard,"TCS NQT,Banking"
Q04332,Verbal Ability,Fill in the Blanks,Hard,SSC
Q04333,Data Interpretation,Data Sufficiency (DI),Medium,"CAT,Banking,SSC"
Q04334,Logical Reasoning,Ranking & Order,Medium,SSC
Q04335,Quantitative Aptitude,Logarithms,Hard,General
Q04336,Verbal Ability,Critical Reasoning,Easy,"TCS NQT,General"
Q04337,Verbal Ability,Reading Comprehension,Hard,"CAT,Placements,Banking"
Q04338,Quantitative Aptitude,Profit & Loss,Easy,Placements
Q04339,Quantitative Aptitude,Compound Interest,Easy,TCS NQT
Q04340,Logical Reasoning,Coding-Decoding,Medium,"Placements,CAT,SSC"
Q04341,Logical Reasoning,Data Sufficiency,Hard,"CAT,Banking"
Q04342,Logical Reasoning,Venn Diagrams,Easy,Banking
Q04343,Logical Reasoning,Ranking & Order,Hard,"CAT,TCS NQT,Banking"
Q04344,Verbal Ability,Cloze Test,Medium,"General,Placements"
Q04345,Logical Reasoning,Seating Arrangement,Hard,Banking
Q04346,Verbal Ability,Synonyms & Antonyms,Medium,SSC
Q04347,Logical Reasoning,Statement & Assumption,Hard,CAT
Q04348,Logical Reasoning,Blood Relations,Easy,General
Q04349,Quantitative Aptitude,Partnership,Easy,Banking
Q04350,Verbal Ability,Reading Comprehension,Hard,Placements
Q04351,Logical Reasoning,Statement & Assumption,Medium,Placements
Q04352,Logical Reasoning,Venn Diagrams,Easy,"Banking,General"
Q04353,Quantitative Aptitude,Number System,Easy,"SSC,Banking,CAT"
Q04354,Quantitative Aptitude,Surds & Indices,Hard,"General,Banking,CAT"
Q04355,Data Interpretation,Bar Graphs,Hard,TCS NQT
Q04356,Logical Reasoning,Syllogisms,Easy,Placements
Q04357,Verbal Ability,Verbal Analogies,Hard,"CAT,SSC"
Q04358,Verbal Ability,Error Spotting,Easy,TCS NQT
Q04359,Quantitative Aptitude,Linear Equations,Medium,"Placements,Banking,General"
Q04360,Verbal Ability,Synonyms & Antonyms,Hard,"CAT,TCS NQT,SSC"
Q04361,Quantitative Aptitude,Averages,Hard,"SSC,TCS NQT,Banking"
Q04362,Logical Reasoning,Coding-Decoding,Hard,TCS NQT
Q04363,Verbal Ability,Critical Reasoning,Easy,"Placements,SSC"
Q04364,Logical Reasoning,Statement & Conclusion,Medium,"CAT,SSC"
Q04365,Quantitative Aptitude,Mensuration,Medium,Banking
Q04366,Quantitative Aptitude,Logarithms,Medium,"General,TCS NQT,Banking"
Q04367,Verbal Ability,Sentence Correction,Medium,CAT
Q04368,Verbal Ability,Reading Comprehension,Medium,"CAT,Placements"
Q04369,Logical Reasoning,Series Completion,Medium,"General,SSC,Placements"
Q04370,Verbal Ability,Verbal Analogies,Easy,"SSC,Banking"
Q04371,Quantitative Aptitude,Percentages,Easy,"General,Placements,SSC"
Q04372,Verbal Ability,Sentence Correction,Easy,"CAT,SSC,General"
Q04373,Logical Reasoning,Series Completion,Medium,SSC
Q04374,Quantitative Aptitude,"Time, Speed & Distance",Easy,"General,Banking"
Q04375,Logical Reasoning,Venn Diagrams,Medium,"Banking,TCS NQT"
Q04376,Quantitative Aptitude,Time & Work,Easy,"Banking,TCS NQT"
Q04377,Quantitative Aptitude,Logarithms,Medium,"General,Placements"
Q04378,Verbal Ability,Para Jumbles,Medium,"CAT,General,TCS NQT"
Q04379,Quantitative Aptitude,Logarithms,Easy,CAT
Q04380,Data Interpretation,Caselets,Hard,SSC
Q04381,Logical Reasoning,Cubes & Dice,Medium,"General,TCS NQT"
Q04382,Quantitative Aptitude,Time & Work,Easy,CAT
Q04383,Quantitative Aptitude,Linear Equations,Easy,General
Q04384,Logical Reasoning,Series Completion,Medium,"General,SSC"
Q04385,Quantitative Aptitude,Profit & Loss,Easy,"Banking,CAT"
Q04386,Quantitative Aptitude,Mixtures & Alligations,Medium,CAT
Q04387,Quantitative Aptitude,Mixtures & Alligations,Medium,SSC
Q04388,Quantitative Aptitude,Mensuration,Medium,CAT
Q04389,Data Interpretation,Bar Graphs,Easy,"Placements,CAT"
Q04390,Quantitative Aptitude,Simple Interest,Medium,General
Q04391,Data Interpretation,Tables,Medium,"TCS NQT,General"
Q04392,Verbal Ability,Critical Reasoning,Medium,"CAT,TCS NQT"
Q04393,Data Interpretation,Radar/Spider Charts,Hard,General
Q04394,Quantitative Aptitude,Partnership,Easy,Placements
Q04395,Data Interpretation,Pie Charts,Medium,"General,Banking"
Q04396,Verbal Ability,Reading Comprehension,Hard,Banking
Q04397,Verbal Ability,Para Summary,Medium,"Banking,Placements"
Q04398,Quantitative Aptitude,Number System,Hard,"CAT,General,SSC"
Q04399,Quantitative Aptitude,Partnership,Medium,"General,Banking"
Q04400,Data Interpretation,Tables,Easy,"CAT,SSC"
Q04401,Verbal Ability,Sentence Correction,Easy,General
Q04402,Quantitative Aptitude,Mensuration,Medium,General
Q04403,Logical Reasoning,Syllogisms,Easy,"Banking,TCS NQT,General"
Q04404,Verbal Ability,Sentence Correction,Medium,"General,CAT,SSC"
Q04405,Logical Reasoning,Data Sufficiency,Medium,TCS NQT
Q04406,Verbal Ability,Fill in the Blanks,Medium,"Banking,TCS NQT"
Q04407,Verbal Ability,Synonyms & Antonyms,Medium,"General,SSC"
Q04408,Verbal Ability,Error Spotting,Easy,"TCS NQT,Placements,SSC"
Q04409,Logical Reasoning,Data Sufficiency,Medium,"Placements,TCS NQT"
Q04410,Data Interpretation,Data Sufficiency (DI),Hard,"Banking,SSC"
Q04411,Quantitative Aptitude,Mixtures & Alligations,Hard,General
Q04412,Verbal Ability,Odd One Out,Medium,"TCS NQT,Banking,SSC"
Q04413,Verbal Ability,Para Summary,Easy,TCS NQT
Q04414,Quantitative Aptitude,Averages,Hard,SSC
Q04415,Quantitative Aptitude,Linear Equations,Medium,"Banking,General,Placements"
Q04416,Logical Reasoning,Syllogisms,Hard,"TCS NQT,Placements"
Q04417,Data Interpretation,Mixed DI Sets,Easy,"General,Placements,TCS NQT"
Q04418,Logical Reasoning,Series Completion,Medium,"Banking,CAT,General"
Q04419,Quantitative Aptitude,Simple Interest,Easy,"TCS NQT,CAT,General"
Q04420,Data Interpretation,Bar Graphs,Medium,"TCS NQT,Placements"
Q04421,Quantitative Aptitude,Pipes & Cisterns,Easy,General
Q04422,Logical Reasoning,Venn Diagrams,Easy,"CAT,SSC"
Q04423,Data Interpretation,Mixed DI Sets,Hard,"Banking,TCS NQT,General"
Q04424,Data Interpretation,Tables,Hard,"SSC,Banking,CAT"
Q04425,Quantitative Aptitude,Ratio & Proportion,Easy,"General,Banking,Placements"
Q04426,Quantitative Aptitude,Partnership,Medium,General
Q04427,Quantitative Aptitude,Number System,Medium,"CAT,Banking,Placements"
Q04428,Data Interpretation,Pie Charts,Medium,"SSC,Placements,Banking"
Q04429,Quantitative Aptitude,Mixtures & Alligations,Easy,TCS NQT
Q04430,Verbal Ability,Cloze Test,Medium,Placements
Q04431,Quantitative Aptitude,Number System,Medium,CAT
Q04432,Quantitative Aptitude,Mixtures & Alligations,Medium,Placements
Q04433,Quantitative Aptitude,Time & Work,Medium,"CAT,General,SSC"
Q04434,Data Interpretation,Radar/Spider Charts,Medium,Banking
Q04435,Data Interpretation,Mixed DI Sets,Medium,"Banking,CAT,SSC"
Q04436,Logical Reasoning,Venn Diagrams,Easy,"SSC,Placements"
Q04437,Logical Reasoning,Clocks & Calendars,Medium,"TCS NQT,General"
Q04438,Verbal Ability,Odd One Out,Hard,"TCS NQT,General,CAT"
Q04439,Data Interpretation,Radar/Spider Charts,Easy,Banking
Q04440,Logical Reasoning,Venn Diagrams,Medium,"CAT,SSC"
Q04441,Verbal Ability,Error Spotting,Medium,"Banking,TCS NQT"
Q04442,Quantitative Aptitude,Simple Interest,Medium,"General,TCS NQT"
Q04443,Verbal Ability,Verbal Analogies,Easy,"General,Banking"
Q04444,Data Interpretation,Bar Graphs,Easy,"CAT,Banking"
Q04445,Quantitative Aptitude,Profit & Loss,Medium,"SSC,TCS NQT"
Q04446,Logical Reasoning,Seating Arrangement,Medium,Placements
Q04447,Logical Reasoning,Puzzles,Medium,"Banking,SSC"
Q04448,Quantitative Aptitude,Ratio & Proportion,Easy,"Banking,CAT,SSC"
Q04449,Verbal Ability,Critical Reasoning,Hard,"General,Banking,Placements"
Q04450,Logical Reasoning,Input-Output,Medium,CAT
Q04451,Verbal Ability,Cloze Test,Easy,TCS NQT
Q04452,Logical Reasoning,Blood Relations,Hard,"Banking,CAT,Placements"
Q04453,Logical Reasoning,Cubes & Dice,Easy,"General,TCS NQT"
Q04454,Quantitative Aptitude,Quadratic Equations,Hard,"General,CAT,SSC"
Q04455,Logical Reasoning,Puzzles,Hard,"TCS NQT,Banking,Placements"
Q04456,Data Interpretation,Radar/Spider Charts,Medium,"Placements,CAT"
Q04457,Quantitative Aptitude,Mixtures & Alligations,Easy,"SSC,Banking,CAT"
Q04458,Logical Reasoning,Direction Sense,Medium,Placements
Q04459,Verbal Ability,Odd One Out,Medium,"Placements,CAT"
Q04460,Verbal Ability,Para Summary,Hard,"General,Placements,Banking"
Q04461,Verbal Ability,Reading Comprehension,Medium,"Placements,General"
Q04462,Data Interpretation,Mixed DI Sets,Hard,"TCS NQT,Banking,Placements"
Q04463,Logical Reasoning,Cubes & Dice,Hard,"CAT,General,Placements"
Q04464,Quantitative Aptitude,Compound Interest,Easy,General
Q04465,Verbal Ability,Verbal Analogies,Hard,"CAT,Banking,TCS NQT"
Q04466,Logical Reasoning,Data Sufficiency,Medium,"Banking,CAT,SSC"
Q04467,Logical Reasoning,Puzzles,Hard,"Banking,CAT"
Q04468,Logical Reasoning,Statement & Conclusion,Hard,"TCS NQT,Banking"
Q04469,Quantitative Aptitude,Profit & Loss,Medium,CAT
Q04470,Data Interpretation,Caselets,Easy,"SSC,Banking,TCS NQT"
Q04471,Logical Reasoning,Statement & Assumption,Hard,CAT
Q04472,Quantitative Aptitude,Number System,Easy,CAT
Q04473,Verbal Ability,Verbal Analogies,Easy,General
Q04474,Quantitative Aptitude,"Time, Speed & Distance",Medium,"General,TCS NQT"
Q04475,Verbal Ability,Fill in the Blanks,Easy,"SSC,Banking,CAT"
Q04476,Verbal Ability,Cloze Test,Medium,TCS NQT
Q04477,Logical Reasoning,Input-Output,Medium,TCS NQT
Q04478,Verbal Ability,Reading Comprehension,Easy,Placements
Q04479,Data Interpretation,Line Graphs,Medium,"Placements,Banking"
Q04480,Quantitative Aptitude,Number System,Medium,"CAT,TCS NQT"
Q04481,Logical Reasoning,Blood Relations,Medium,TCS NQT
Q04482,Verbal Ability,Cloze Test,Medium,"TCS NQT,General"
Q04483,Quantitative Aptitude,Number System,Hard,"Placements,SSC"
Q04484,Quantitative Aptitude,Ratio & Proportion,Medium,"Placements,General"
Q04485,Quantitative Aptitude,Surds & Indices,Medium,"Banking,General"
Q04486,Verbal Ability,Sentence Correction,Medium,Placements
Q04487,Logical Reasoning,Ranking & Order,Hard,"General,TCS NQT,CAT"
Q04488,Quantitative Aptitude,Compound Interest,Easy,"Placements,TCS NQT,General"
Q04489,Quantitative Aptitude,Profit & Loss,Medium,"TCS NQT,CAT"
Q04490,Logical Reasoning,Coding-Decoding,Easy,General
Q04491,Verbal Ability,Para Summary,Easy,"SSC,Placements,General"
Q04492,Quantitative Aptitude,Geometry,Medium,Banking
Q04493,Data Interpretation,Bar Graphs,Medium,"Banking,CAT"
Q04494,Verbal Ability,Sentence Correction,Medium,"General,SSC,Banking"
Q04495,Quantitative Aptitude,Mensuration,Easy,"Placements,General,Banking"
Q04496,Quantitative Aptitude,Logarithms,Medium,"Banking,Placements,TCS NQT"
Q04497,Data Interpretation,Venn-based DI,Easy,"Banking,CAT"
Q04498,Data Interpretation,Data Sufficiency (DI),Medium,"CAT,Banking,General"
Q04499,Logical Reasoning,Seating Arrangement,Medium,"Placements,CAT,SSC"
Q04500,Logical Reasoning,Statement & Conclusion,Easy,"SSC,Banking"
Q04501,Logical Reasoning,Venn Diagrams,Easy,"TCS NQT,General"
Q04502,Verbal Ability,Fill in the Blanks,Easy,"Banking,TCS NQT"
Q04503,Logical Reasoning,Analogy,Easy,"General,TCS NQT"
Q04504,Data Interpretation,Venn-based DI,Hard,"TCS NQT,General,Placements"
Q04505,Data Interpretation,Radar/Spider Charts,Easy,"CAT,Banking"
Q04506,Logical Reasoning,Venn Diagrams,Easy,"TCS NQT,General,CAT"
Q04507,Quantitative Aptitude,Averages,Hard,"SSC,General,TCS NQT"
Q04508,Data Interpretation,Venn-based DI,Medium,SSC
Q04509,Verbal Ability,Fill in the Blanks,Medium,TCS NQT
Q04510,Logical Reasoning,Series Completion,Medium,"SSC,Placements"
Q04511,Quantitative Aptitude,Algebra,Hard,"General,Banking,SSC"
Q04512,Logical Reasoning,Statement & Conclusion,Medium,"Banking,Placements,TCS NQT"
Q04513,Logical Reasoning,Clocks & Calendars,Medium,General
Q04514,Verbal Ability,Cloze Test,Easy,"General,TCS NQT"
Q04515,Logical Reasoning,Venn Diagrams,Hard,Banking
Q04516,Data Interpretation,Venn-based DI,Medium,CAT
Q04517,Logical Reasoning,Clocks & Calendars,Hard,"Placements,General,SSC"
Q04518,Verbal Ability,Synonyms & Antonyms,Medium,"Banking,SSC,Placements"
Q04519,Quantitative Aptitude,Quadratic Equations,Easy,"General,SSC"
Q04520,Data Interpretation,Radar/Spider Charts,Hard,"SSC,Placements,General"
Q04521,Data Interpretation,Pie Charts,Medium,"CAT,Banking"
Q04522,Verbal Ability,Idioms & Phrases,Medium,"CAT,General"
Q04523,Quantitative Aptitude,"Time, Speed & Distance",Hard,"Banking,General"
Q04524,Verbal Ability,Idioms & Phrases,Medium,"SSC,TCS NQT,Banking"
Q04525,Quantitative Aptitude,"Time, Speed & Distance",Hard,"CAT,Banking"
Q04526,Logical Reasoning,Analogy,Medium,"CAT,Banking,TCS NQT"
Q04527,Data Interpretation,Data Sufficiency (DI),Hard,"CAT,Placements"
Q04528,Quantitative Aptitude,Time & Work,Hard,SSC
Q04529,Verbal Ability,Reading Comprehension,Hard,CAT
Q04530,Logical Reasoning,Statement & Conclusion,Easy,TCS NQT
Q04531,Logical Reasoning,Statement & Conclusion,Medium,CAT
Q04532,Quantitative Aptitude,Pipes & Cisterns,Medium,"Banking,Placements,CAT"
Q04533,Quantitative Aptitude,Surds & Indices,Easy,"CAT,General,TCS NQT"
Q04534,Logical Reasoning,Venn Diagrams,Easy,"General,SSC,TCS NQT"
Q04535,Logical Reasoning,Input-Output,Medium,Placements
Q04536,Logical Reasoning,Statement & Assumption,Medium,"TCS NQT,General,SSC"
Q04537,Verbal Ability,Idioms & Phrases,Medium,"Placements,General"
Q04538,Logical Reasoning,Blood Relations,Medium,"TCS NQT,SSC,Placements"
Q04539,Quantitative Aptitude,Time & Work,Easy,"Placements,TCS NQT"
Q04540,Quantitative Aptitude,Logarithms,Medium,Placements
Q04541,Verbal Ability,Para Jumbles,Medium,"General,TCS NQT,SSC"
Q04542,Verbal Ability,Odd One Out,Medium,CAT
Q04543,Verbal Ability,Sentence Correction,Easy,"Placements,General"
Q04544,Logical Reasoning,Cubes & Dice,Medium,"Placements,General,TCS NQT"
Q04545,Logical Reasoning,Statement & Conclusion,Hard,CAT
Q04546,Quantitative Aptitude,Ratio & Proportion,Medium,"SSC,Banking,TCS NQT"
Q04547,Verbal Ability,Odd One Out,Easy,Placements
Q04548,Quantitative Aptitude,Simple Interest,Medium,Banking
Q04549,Quantitative Aptitude,Partnership,Medium,"Banking,Placements"
Q04550,Verbal Ability,Error Spotting,Medium,"TCS NQT,Banking"
Q04551,Quantitative Aptitude,Number System,Hard,"SSC,Placements,Banking"
Q04552,Logical Reasoning,Input-Output,Medium,"SSC,General,CAT"
Q04553,Logical Reasoning,Analogy,Hard,"TCS NQT,Banking,General"
Q04554,Data Interpretation,Tables,Hard,"Placements,CAT"
Q04555,Verbal Ability,Verbal Analogies,Medium,"General,Banking,Placements"
Q04556,Quantitative Aptitude,Quadratic Equations,Medium,Placements
Q04557,Quantitative Aptitude,Algebra,Easy,"Banking,SSC"
Q04558,Logical Reasoning,Statement & Assumption,Medium,"SSC,Placements,Banking"
Q04559,Quantitative Aptitude,Logarithms,Easy,"CAT,TCS NQT"
Q04560,Verbal Ability,Sentence Correction,Medium,"General,CAT,Banking"
Q04561,Logical Reasoning,Blood Relations,Easy,"TCS NQT,SSC"
Q04562,Verbal Ability,Fill in the Blanks,Medium,"CAT,Banking"
Q04563,Verbal Ability,Para Summary,Hard,"Banking,General,CAT"
Q04564,Logical Reasoning,Input-Output,Easy,"SSC,Placements"
Q04565,Data Interpretation,Caselets,Medium,"SSC,Banking"
Q04566,Quantitative Aptitude,Time & Work,Medium,Placements
Q04567,Logical Reasoning,Series Completion,Easy,Banking
Q04568,Logical Reasoning,Data Sufficiency,Medium,Placements
Q04569,Logical Reasoning,Seating Arrangement,Easy,"Placements,CAT,TCS NQT"
Q04570,Quantitative Aptitude,Averages,Hard,TCS NQT
Q04571,Quantitative Aptitude,Averages,Medium,"Placements,SSC"
Q04572,Logical Reasoning,Direction Sense,Easy,"SSC,Placements"
Q04573,Verbal Ability,Sentence Correction,Easy,"SSC,Placements"
Q04574,Data Interpretation,Venn-based DI,Hard,Placements
Q04575,Verbal Ability,Para Jumbles,Medium,"CAT,TCS NQT,Placements"
Q04576,Data Interpretation,Caselets,Easy,"Banking,General,Placements"
Q04577,Logical Reasoning,Statement & Assumption,Medium,Placements
Q04578,Logical Reasoning,Seating Arrangement,Medium,CAT
Q04579,Data Interpretation,Caselets,Medium,TCS NQT
Q04580,Quantitative Aptitude,Simple Interest,Medium,"TCS NQT,SSC"
Q04581,Logical Reasoning,Coding-Decoding,Easy,TCS NQT
Q04582,Quantitative Aptitude,Time & Work,Easy,CAT
Q04583,Data Interpretation,Mixed DI Sets,Medium,SSC
Q04584,Verbal Ability,Idioms & Phrases,Medium,TCS NQT
Q04585,Verbal Ability,Idioms & Phrases,Hard,Banking
Q04586,Quantitative Aptitude,Compound Interest,Medium,CAT
Q04587,Verbal Ability,Odd One Out,Medium,Placements
Q04588,Logical Reasoning,Statement & Assumption,Medium,"SSC,TCS NQT,General"
Q04589,Logical Reasoning,Cubes & Dice,Easy,Banking
Q04590,Quantitative Aptitude,Time & Work,Medium,"CAT,Placements,TCS NQT"
Q04591,Logical Reasoning,Syllogisms,Easy,Banking
Q04592,Data Interpretation,Line Graphs,Hard,SSC
Q04593,Logical Reasoning,Cubes & Dice,Medium,"Banking,General,TCS NQT"
Q04594,Quantitative Aptitude,Permutation & Combination,Hard,"General,TCS NQT"
Q04595,Quantitative Aptitude,Linear Equations,Medium,"TCS NQT,Banking,SSC"
Q04596,Logical Reasoning,Input-Output,Medium,TCS NQT
Q04597,Verbal Ability,Odd One Out,Hard,CAT
Q04598,Logical Reasoning,Series Completion,Medium,TCS NQT
Q04599,Data Interpretation,Mixed DI Sets,Medium,"CAT,TCS NQT"
Q04600,Quantitative Aptitude,Geometry,Medium,"Banking,SSC"
Q04601,Verbal Ability,Fill in the Blanks,Medium,SSC
Q04602,Logical Reasoning,Analogy,Medium,CAT
Q04603,Data Interpretation,Tables,Medium,"General,Placements"
Q04604,Quantitative Aptitude,Mensuration,Medium,"General,Placements,SSC"
Q04605,Quantitative Aptitude,Quadratic Equations,Medium,Placements
Q04606,Quantitative Aptitude,Number System,Medium,Banking
Q04607,Quantitative Aptitude,Averages,Medium,"Banking,General"
Q04608,Data Interpretation,Radar/Spider Charts,Medium,"Placements,Banking"
Q04609,Quantitative Aptitude,Compound Interest,Easy,"CAT,Placements"
Q04610,Verbal Ability,Synonyms & Antonyms,Medium,"CAT,SSC,TCS NQT"
Q04611,Logical Reasoning,Syllogisms,Easy,"Banking,General"
Q04612,Verbal Ability,Cloze Test,Easy,"CAT,TCS NQT"
Q04613,Logical Reasoning,Clocks & Calendars,Easy,"TCS NQT,General"
Q04614,Logical Reasoning,Analogy,Medium,Banking
Q04615,Logical Reasoning,Seating Arrangement,Medium,"SSC,Placements"
Q04616,Verbal Ability,Critical Reasoning,Easy,"Placements,CAT,TCS NQT"
Q04617,Logical Reasoning,Direction Sense,Easy,"General,TCS NQT,SSC"
Q04618,Data Interpretation,Bar Graphs,Hard,TCS NQT
Q04619,Quantitative Aptitude,"Time, Speed & Distance",Medium,"TCS NQT,SSC,CAT"
Q04620,Verbal Ability,Odd One Out,Medium,"SSC,TCS NQT"
Q04621,Data Interpretation,Radar/Spider Charts,Easy,"TCS NQT,SSC"
Q04622,Verbal Ability,Critical Reasoning,Hard,"CAT,TCS NQT"
Q04623,Quantitative Aptitude,Progressions (AP/GP),Medium,Banking
Q04624,Logical Reasoning,Analogy,Medium,"TCS NQT,CAT"
Q04625,Quantitative Aptitude,Surds & Indices,Easy,"General,TCS NQT,CAT"
Q04626,Data Interpretation,Line Graphs,Easy,"SSC,Banking"
Q04627,Quantitative Aptitude,Pipes & Cisterns,Hard,"General,SSC,Placements"
Q04628,Quantitative Aptitude,Compound Interest,Easy,CAT
Q04629,Quantitative Aptitude,Logarithms,Hard,"SSC,Banking"
Q04630,Verbal Ability,Sentence Correction,Hard,CAT
Q04631,Verbal Ability,Critical Reasoning,Medium,Placements
Q04632,Data Interpretation,Tables,Easy,"TCS NQT,Placements"
Q04633,Logical Reasoning,Input-Output,Medium,Banking
Q04634,Quantitative Aptitude,Probability,Easy,"SSC,Placements,CAT"
Q04635,Logical Reasoning,Seating Arrangement,Medium,CAT
Q04636,Quantitative Aptitude,Averages,Easy,"Banking,CAT,Placements"
Q04637,Quantitative Aptitude,Mensuration,Easy,General
Q04638,Quantitative Aptitude,Trigonometry,Easy,CAT
Q04639,Verbal Ability,Cloze Test,Easy,"SSC,TCS NQT"
Q04640,Quantitative Aptitude,Pipes & Cisterns,Easy,"Banking,SSC"
Q04641,Logical Reasoning,Venn Diagrams,Easy,"General,SSC,Placements"
Q04642,Quantitative Aptitude,Surds & Indices,Medium,"General,TCS NQT,SSC"
Q04643,Logical Reasoning,Statement & Assumption,Medium,CAT
Q04644,Data Interpretation,Data Sufficiency (DI),Easy,"SSC,General"
Q04645,Quantitative Aptitude,Permutation & Combination,Easy,"Banking,General"
Q04646,Verbal Ability,Reading Comprehension,Hard,"SSC,General,CAT"
Q04647,Quantitative Aptitude,Compound Interest,Medium,"Placements,General,TCS NQT"
Q04648,Logical Reasoning,Cubes & Dice,Easy,CAT
Q04649,Logical Reasoning,Data Sufficiency,Medium,"General,Banking"
Q04650,Quantitative Aptitude,Geometry,Easy,"SSC,General,CAT"
Q04651,Data Interpretation,Tables,Medium,TCS NQT
Q04652,Data Interpretation,Radar/Spider Charts,Easy,"CAT,SSC,General"
Q04653,Quantitative Aptitude,Geometry,Medium,"Banking,Placements"
Q04654,Verbal Ability,Para Summary,Hard,"CAT,SSC"
Q04655,Quantitative Aptitude,Linear Equations,Medium,SSC
Q04656,Quantitative Aptitude,Ratio & Proportion,Medium,"Banking,General"
Q04657,Logical Reasoning,Series Completion,Medium,"Banking,Placements"
Q04658,Data Interpretation,Caselets,Medium,TCS NQT
Q04659,Logical Reasoning,Coding-Decoding,Hard,"Placements,TCS NQT"
Q04660,Verbal Ability,Fill in the Blanks,Easy,"Banking,CAT,TCS NQT"
Q04661,Verbal Ability,Para Jumbles,Easy,General
Q04662,Quantitative Aptitude,Number System,Medium,TCS NQT
Q04663,Verbal Ability,Para Summary,Hard,"CAT,Placements"
Q04664,Verbal Ability,Reading Comprehension,Medium,Banking
Q04665,Verbal Ability,Synonyms & Antonyms,Hard,Placements
Q04666,Verbal Ability,Critical Reasoning,Easy,"General,SSC"
Q04667,Quantitative Aptitude,Surds & Indices,Medium,"CAT,General,Placements"
Q04668,Quantitative Aptitude,Mixtures & Alligations,Medium,"CAT,General"
Q04669,Logical Reasoning,Seating Arrangement,Medium,TCS NQT
Q04670,Logical Reasoning,Blood Relations,Medium,Placements
Q04671,Logical Reasoning,Ranking & Order,Hard,"CAT,SSC"
Q04672,Logical Reasoning,Clocks & Calendars,Medium,"TCS NQT,CAT,SSC"
Q04673,Verbal Ability,Synonyms & Antonyms,Hard,Banking
Q04674,Verbal Ability,Verbal Analogies,Medium,"Placements,TCS NQT"
Q04675,Quantitative Aptitude,Simple Interest,Medium,"TCS NQT,Placements"
Q04676,Verbal Ability,Error Spotting,Medium,"CAT,Banking"
Q04677,Data Interpretation,Mixed DI Sets,Medium,"Placements,Banking,TCS NQT"
Q04678,Verbal Ability,Fill in the Blanks,Easy,"SSC,General,Banking"
Q04679,Verbal Ability,Para Summary,Hard,SSC
Q04680,Quantitative Aptitude,Surds & Indices,Easy,"Placements,General"
Q04681,Verbal Ability,Odd One Out,Medium,General
Q04682,Quantitative Aptitude,Compound Interest,Hard,CAT
Q04683,Quantitative Aptitude,Percentages,Medium,"CAT,Placements,General"
Q04684,Data Interpretation,Radar/Spider Charts,Medium,Placements
Q04685,Quantitative Aptitude,Pipes & Cisterns,Hard,SSC
Q04686,Logical Reasoning,Venn Diagrams,Hard,"SSC,TCS NQT,Placements"
Q04687,Quantitative Aptitude,Partnership,Easy,"Banking,General"
Q04688,Verbal Ability,Para Jumbles,Medium,"General,TCS NQT,SSC"
Q04689,Quantitative Aptitude,Partnership,Easy,Banking
Q04690,Logical Reasoning,Syllogisms,Medium,"Placements,Banking"
Q04691,Quantitative Aptitude,"Time, Speed & Distance",Medium,"CAT,General"
Q04692,Verbal Ability,Reading Comprehension,Hard,"Banking,Placements"
Q04693,Logical Reasoning,Analogy,Medium,"General,Banking"
Q04694,Logical Reasoning,Venn Diagrams,Easy,"Placements,SSC"
Q04695,Data Interpretation,Data Sufficiency (DI),Easy,"SSC,TCS NQT,Placements"
Q04696,Quantitative Aptitude,Number System,Medium,SSC
Q04697,Quantitative Aptitude,Geometry,Medium,Banking
Q04698,Quantitative Aptitude,Algebra,Medium,CAT
Q04699,Verbal Ability,Synonyms & Antonyms,Medium,TCS NQT
Q04700,Data Interpretation,Radar/Spider Charts,Easy,"Placements,General"
Q04701,Quantitative Aptitude,Geometry,Hard,CAT
Q04702,Quantitative Aptitude,Set Theory,Easy,"General,SSC"
Q04703,Logical Reasoning,Data Sufficiency,Hard,"CAT,General"
Q04704,Quantitative Aptitude,Trigonometry,Hard,"Placements,General,TCS NQT"
Q04705,Data Interpretation,Mixed DI Sets,Medium,"General,TCS NQT,SSC"
Q04706,Logical Reasoning,Ranking & Order,Medium,"TCS NQT,General,Placements"
Q04707,Verbal Ability,Para Summary,Easy,"CAT,Banking,SSC"
Q04708,Data Interpretation,Venn-based DI,Easy,"CAT,SSC"
Q04709,Verbal Ability,Fill in the Blanks,Easy,Banking
Q04710,Verbal Ability,Verbal Analogies,Medium,"CAT,Banking,TCS NQT"
Q04711,Data Interpretation,Radar/Spider Charts,Easy,"TCS NQT,Placements,SSC"
Q04712,Quantitative Aptitude,Progressions (AP/GP),Medium,Banking
Q04713,Logical Reasoning,Statement & Conclusion,Medium,"General,CAT"
Q04714,Quantitative Aptitude,Ratio & Proportion,Medium,"TCS NQT,SSC,Banking"
Q04715,Data Interpretation,Caselets,Medium,TCS NQT
Q04716,Data Interpretation,Tables,Easy,Placements
Q04717,Verbal Ability,Odd One Out,Hard,Banking
Q04718,Logical Reasoning,Blood Relations,Easy,"CAT,General"
Q04719,Verbal Ability,Critical Reasoning,Easy,"TCS NQT,Banking,CAT"
Q04720,Logical Reasoning,Clocks & Calendars,Medium,"General,CAT,Banking"
Q04721,Logical Reasoning,Series Completion,Easy,"General,TCS NQT,SSC"
Q04722,Logical Reasoning,Puzzles,Medium,Banking
Q04723,Logical Reasoning,Venn Diagrams,Easy,TCS NQT
Q04724,Quantitative Aptitude,Set Theory,Medium,CAT
Q04725,Data Interpretation,Data Sufficiency (DI),Easy,SSC
Q04726,Quantitative Aptitude,Set Theory,Hard,Banking
Q04727,Logical Reasoning,Blood Relations,Easy,Placements
Q04728,Data Interpretation,Caselets,Medium,General
Q04729,Verbal Ability,Critical Reasoning,Hard,"SSC,Banking,Placements"
Q04730,Logical Reasoning,Input-Output,Easy,General
Q04731,Verbal Ability,Synonyms & Antonyms,Medium,"CAT,SSC"
Q04732,Verbal Ability,Critical Reasoning,Medium,"General,TCS NQT,CAT"
Q04733,Verbal Ability,Para Jumbles,Hard,CAT
Q04734,Logical Reasoning,Blood Relations,Easy,CAT
Q04735,Logical Reasoning,Statement & Conclusion,Medium,CAT
Q04736,Logical Reasoning,Cubes & Dice,Easy,"CAT,TCS NQT"
Q04737,Quantitative Aptitude,Probability,Hard,"TCS NQT,CAT"
Q04738,Logical Reasoning,Analogy,Hard,"TCS NQT,SSC,CAT"
Q04739,Verbal Ability,Fill in the Blanks,Hard,SSC
Q04740,Logical Reasoning,Coding-Decoding,Easy,"Placements,TCS NQT"
Q04741,Quantitative Aptitude,Averages,Medium,"CAT,TCS NQT,General"
Q04742,Logical Reasoning,Seating Arrangement,Easy,Placements
Q04743,Quantitative Aptitude,Algebra,Medium,TCS NQT
Q04744,Quantitative Aptitude,Partnership,Hard,"Placements,Banking,SSC"
Q04745,Logical Reasoning,Blood Relations,Hard,"Banking,General"
Q04746,Verbal Ability,Para Jumbles,Medium,"Banking,Placements,TCS NQT"
Q04747,Logical Reasoning,Series Completion,Medium,"General,Banking,CAT"
Q04748,Data Interpretation,Tables,Easy,"Banking,TCS NQT,General"
Q04749,Quantitative Aptitude,Quadratic Equations,Hard,"General,SSC"
Q04750,Logical Reasoning,Series Completion,Medium,CAT
Q04751,Logical Reasoning,Cubes & Dice,Easy,CAT
Q04752,Verbal Ability,Verbal Analogies,Easy,"CAT,SSC"
Q04753,Quantitative Aptitude,Set Theory,Hard,"Banking,CAT"
Q04754,Quantitative Aptitude,Algebra,Easy,"CAT,Placements"
Q04755,Quantitative Aptitude,Simple Interest,Hard,"TCS NQT,General,CAT"
Q04756,Verbal Ability,Verbal Analogies,Easy,Banking
Q04757,Quantitative Aptitude,Trigonometry,Easy,"TCS NQT,SSC,CAT"
Q04758,Quantitative Aptitude,Logarithms,Medium,General
Q04759,Data Interpretation,Mixed DI Sets,Medium,SSC
Q04760,Quantitative Aptitude,Probability,Medium,"SSC,CAT"
Q04761,Logical Reasoning,Puzzles,Medium,SSC
Q04762,Data Interpretation,Line Graphs,Medium,"SSC,Banking,Placements"
Q04763,Quantitative Aptitude,Averages,Medium,"Banking,CAT"
Q04764,Quantitative Aptitude,Permutation & Combination,Medium,"CAT,Banking"
Q04765,Quantitative Aptitude,Mixtures & Alligations,Easy,"SSC,Banking,CAT"
Q04766,Verbal Ability,Reading Comprehension,Medium,"SSC,Placements"
Q04767,Quantitative Aptitude,Partnership,Easy,Placements
Q04768,Quantitative Aptitude,Permutation & Combination,Hard,"TCS NQT,CAT,SSC"
Q04769,Logical Reasoning,Puzzles,Hard,SSC
Q04770,Verbal Ability,Fill in the Blanks,Medium,"CAT,Placements"
Q04771,Verbal Ability,Verbal Analogies,Medium,TCS NQT
Q04772,Quantitative Aptitude,Profit & Loss,Medium,CAT
Q04773,Data Interpretation,Caselets,Easy,"TCS NQT,General"
Q04774,Data Interpretation,Pie Charts,Medium,"TCS NQT,General,SSC"
Q04775,Logical Reasoning,Clocks & Calendars,Hard,Banking
Q04776,Logical Reasoning,Syllogisms,Easy,"Banking,CAT"
Q04777,Verbal Ability,Cloze Test,Hard,"SSC,CAT"
Q04778,Data Interpretation,Line Graphs,Medium,CAT
Q04779,Logical Reasoning,Blood Relations,Easy,Banking
Q04780,Verbal Ability,Reading Comprehension,Medium,"SSC,Banking"
Q04781,Logical Reasoning,Puzzles,Medium,"Placements,TCS NQT"
Q04782,Quantitative Aptitude,Probability,Hard,CAT
Q04783,Verbal Ability,Fill in the Blanks,Hard,Placements
Q04784,Quantitative Aptitude,Set Theory,Easy,"General,CAT,TCS NQT"
Q04785,Verbal Ability,Odd One Out,Easy,General
Q04786,Logical Reasoning,Direction Sense,Hard,General
Q04787,Quantitative Aptitude,Surds & Indices,Medium,"Placements,Banking,CAT"
Q04788,Logical Reasoning,Statement & Conclusion,Medium,"General,Placements,Banking"
Q04789,Verbal Ability,Idioms & Phrases,Hard,CAT
Q04790,Verbal Ability,Para Summary,Easy,TCS NQT
Q04791,Verbal Ability,Cloze Test,Medium,"Placements,TCS NQT"
Q04792,Data Interpretation,Caselets,Hard,"Placements,Banking"
Q04793,Quantitative Aptitude,Progressions (AP/GP),Medium,"TCS NQT,SSC"
Q04794,Verbal Ability,Critical Reasoning,Easy,TCS NQT
Q04795,Quantitative Aptitude,Simple Interest,Medium,"Banking,SSC,General"
Q04796,Data Interpretation,Bar Graphs,Easy,Banking
Q04797,Quantitative Aptitude,Progressions (AP/GP),Hard,General
Q04798,Logical Reasoning,Statement & Conclusion,Easy,"Placements,TCS NQT,General"
Q04799,Quantitative Aptitude,Set Theory,Medium,"CAT,Placements,TCS NQT"
Q04800,Verbal Ability,Error Spotting,Medium,Placements
Q04801,Quantitative Aptitude,Ratio & Proportion,Easy,"CAT,General,Banking"
Q04802,Quantitative Aptitude,Compound Interest,Medium,SSC
Q04803,Logical Reasoning,Puzzles,Easy,"CAT,Placements,General"
Q04804,Quantitative Aptitude,Partnership,Hard,Banking
Q04805,Quantitative Aptitude,Simple Interest,Hard,"Placements,Banking"
Q04806,Logical Reasoning,Direction Sense,Easy,General
Q04807,Verbal Ability,Cloze Test,Easy,SSC
Q04808,Logical Reasoning,Venn Diagrams,Easy,"Banking,TCS NQT"
Q04809,Verbal Ability,Cloze Test,Medium,"Banking,Placements"
Q04810,Logical Reasoning,Direction Sense,Medium,Banking
Q04811,Quantitative Aptitude,Linear Equations,Medium,General
Q04812,Logical Reasoning,Statement & Assumption,Medium,"Banking,SSC"
Q04813,Data Interpretation,Data Sufficiency (DI),Medium,SSC
Q04814,Verbal Ability,Reading Comprehension,Easy,"Banking,Placements"
Q04815,Quantitative Aptitude,Percentages,Easy,General
Q04816,Quantitative Aptitude,Mensuration,Medium,"SSC,Placements,Banking"
Q04817,Data Interpretation,Pie Charts,Hard,"Placements,SSC"
Q04818,Quantitative Aptitude,Averages,Easy,Banking
Q04819,Quantitative Aptitude,Number System,Easy,"TCS NQT,CAT"
Q04820,Quantitative Aptitude,Progressions (AP/GP),Easy,"SSC,General"
Q04821,Verbal Ability,Cloze Test,Medium,Banking
Q04822,Logical Reasoning,Series Completion,Easy,"SSC,Banking,TCS NQT"
Q04823,Quantitative Aptitude,Averages,Hard,Banking
Q04824,Quantitative Aptitude,Ratio & Proportion,Hard,"Placements,CAT"
Q04825,Quantitative Aptitude,Ratio & Proportion,Medium,"Banking,General,Placements"
Q04826,Verbal Ability,Idioms & Phrases,Medium,"General,Placements,CAT"
Q04827,Quantitative Aptitude,Averages,Easy,"SSC,TCS NQT,General"
Q04828,Verbal Ability,Error Spotting,Medium,SSC
Q04829,Quantitative Aptitude,Surds & Indices,Hard,"SSC,Banking,CAT"
Q04830,Logical Reasoning,Seating Arrangement,Hard,"CAT,Placements,SSC"
Q04831,Quantitative Aptitude,Averages,Easy,General
Q04832,Logical Reasoning,Coding-Decoding,Medium,"Banking,TCS NQT,CAT"
Q04833,Logical Reasoning,Direction Sense,Easy,SSC
Q04834,Data Interpretation,Venn-based DI,Easy,"TCS NQT,SSC"
Q04835,Quantitative Aptitude,Number System,Easy,"Placements,General"
Q04836,Logical Reasoning,Puzzles,Medium,"SSC,Banking,General"
Q04837,Verbal Ability,Error Spotting,Hard,"TCS NQT,Placements"
Q04838,Quantitative Aptitude,Set Theory,Easy,"General,TCS NQT"
Q04839,Quantitative Aptitude,Progressions (AP/GP),Medium,"SSC,CAT,Banking"
Q04840,Verbal Ability,Odd One Out,Easy,"Placements,General,SSC"
Q04841,Logical Reasoning,Syllogisms,Easy,"SSC,Banking"
Q04842,Data Interpretation,Tables,Medium,"SSC,Banking,Placements"
Q04843,Data Interpretation,Data Sufficiency (DI),Hard,"CAT,General,TCS NQT"
Q04844,Quantitative Aptitude,Progressions (AP/GP),Medium,Placements
Q04845,Quantitative Aptitude,Geometry,Medium,Placements
Q04846,Quantitative Aptitude,Mensuration,Medium,"TCS NQT,CAT"
Q04847,Quantitative Aptitude,Simple Interest,Medium,"TCS NQT,Banking,Placements"
Q04848,Data Interpretation,Tables,Medium,"Placements,General,SSC"
Q04849,Quantitative Aptitude,Simple Interest,Medium,SSC
Q04850,Logical Reasoning,Blood Relations,Easy,"Banking,CAT,SSC"
Q04851,Verbal Ability,Cloze Test,Hard,"Banking,Placements,CAT"
Q04852,Quantitative Aptitude,Algebra,Easy,TCS NQT
Q04853,Verbal Ability,Para Jumbles,Medium,SSC
Q04854,Quantitative Aptitude,Logarithms,Easy,"General,Placements,CAT"
Q04855,Quantitative Aptitude,Trigonometry,Easy,"SSC,TCS NQT,Placements"
Q04856,Quantitative Aptitude,Surds & Indices,Easy,"General,CAT,Banking"
Q04857,Verbal Ability,Sentence Correction,Easy,"SSC,CAT"
Q04858,Logical Reasoning,Seating Arrangement,Hard,"TCS NQT,Placements,SSC"
Q04859,Quantitative Aptitude,Number System,Medium,"General,SSC"
Q04860,Quantitative Aptitude,Linear Equations,Medium,"TCS NQT,Placements"
Q04861,Verbal Ability,Reading Comprehension,Hard,"CAT,TCS NQT,General"
Q04862,Quantitative Aptitude,Surds & Indices,Easy,"Placements,General"
Q04863,Quantitative Aptitude,Time & Work,Easy,General
Q04864,Data Interpretation,Bar Graphs,Medium,"Placements,General,TCS NQT"
Q04865,Verbal Ability,Sentence Correction,Easy,SSC
Q04866,Quantitative Aptitude,Mensuration,Medium,General
Q04867,Verbal Ability,Odd One Out,Medium,TCS NQT
Q04868,Quantitative Aptitude,Compound Interest,Hard,CAT
Q04869,Quantitative Aptitude,Pipes & Cisterns,Hard,"Placements,SSC,TCS NQT"
Q04870,Quantitative Aptitude,Surds & Indices,Easy,"Placements,CAT"
Q04871,Data Interpretation,Line Graphs,Easy,"Banking,CAT"
Q04872,Logical Reasoning,Coding-Decoding,Easy,"CAT,TCS NQT"
Q04873,Quantitative Aptitude,Time & Work,Hard,"Banking,CAT,TCS NQT"
Q04874,Logical Reasoning,Coding-Decoding,Easy,CAT
Q04875,Quantitative Aptitude,Compound Interest,Medium,"CAT,Banking"
Q04876,Logical Reasoning,Statement & Assumption,Medium,"Placements,SSC,TCS NQT"
Q04877,Data Interpretation,Radar/Spider Charts,Easy,TCS NQT
Q04878,Quantitative Aptitude,Probability,Hard,"TCS NQT,Placements,Banking"
Q04879,Verbal Ability,Para Summary,Medium,TCS NQT
Q04880,Logical Reasoning,Cubes & Dice,Medium,"SSC,General"
Q04881,Logical Reasoning,Series Completion,Easy,"CAT,Placements,Banking"
Q04882,Logical Reasoning,Clocks & Calendars,Medium,"TCS NQT,Banking"
Q04883,Logical Reasoning,Seating Arrangement,Medium,"CAT,Placements,General"
Q04884,Verbal Ability,Sentence Correction,Hard,"General,TCS NQT,CAT"
Q04885,Logical Reasoning,Analogy,Hard,"General,TCS NQT"
Q04886,Verbal Ability,Error Spotting,Hard,"Placements,CAT,General"
Q04887,Data Interpretation,Venn-based DI,Medium,Placements
Q04888,Data Interpretation,Tables,Easy,TCS NQT
Q04889,Verbal Ability,Verbal Analogies,Medium,"CAT,Placements,General"
Q04890,Data Interpretation,Mixed DI Sets,Medium,"TCS NQT,CAT,SSC"
Q04891,Data Interpretation,Caselets,Easy,"TCS NQT,Placements"
Q04892,Verbal Ability,Synonyms & Antonyms,Hard,Banking
Q04893,Quantitative Aptitude,Trigonometry,Easy,Placements
Q04894,Data Interpretation,Tables,Easy,"General,CAT,Placements"
Q04895,Logical Reasoning,Cubes & Dice,Easy,Banking
Q04896,Quantitative Aptitude,Pipes & Cisterns,Easy,"TCS NQT,CAT,SSC"
Q04897,Logical Reasoning,Cubes & Dice,Hard,General
Q04898,Data Interpretation,Caselets,Medium,"CAT,General"
Q04899,Data Interpretation,Bar Graphs,Hard,General
Q04900,Quantitative Aptitude,Partnership,Medium,General
Q04901,Verbal Ability,Reading Comprehension,Medium,SSC
Q04902,Quantitative Aptitude,Time & Work,Hard,"General,TCS NQT,CAT"
Q04903,Logical Reasoning,Seating Arrangement,Easy,"Placements,Banking,CAT"
Q04904,Verbal Ability,Odd One Out,Medium,"General,SSC,CAT"
Q04905,Logical Reasoning,Blood Relations,Hard,"Placements,SSC,TCS NQT"
Q04906,Quantitative Aptitude,Quadratic Equations,Hard,"CAT,TCS NQT,SSC"
Q04907,Quantitative Aptitude,Mixtures & Alligations,Hard,"Placements,CAT"
Q04908,Data Interpretation,Venn-based DI,Easy,TCS NQT
Q04909,Logical Reasoning,Analogy,Medium,"Banking,TCS NQT"
Q04910,Verbal Ability,Para Jumbles,Medium,Placements
Q04911,Verbal Ability,Critical Reasoning,Medium,"TCS NQT,CAT,SSC"
Q04912,Logical Reasoning,Ranking & Order,Easy,"CAT,TCS NQT"
Q04913,Quantitative Aptitude,Geometry,Easy,"CAT,General"
Q04914,Quantitative Aptitude,Logarithms,Easy,CAT
Q04915,Quantitative Aptitude,Surds & Indices,Easy,"Placements,Banking"
Q04916,Data Interpretation,Mixed DI Sets,Hard,"SSC,CAT,General"
Q04917,Data Interpretation,Venn-based DI,Easy,"TCS NQT,Placements"
Q04918,Verbal Ability,Para Summary,Easy,"TCS NQT,CAT"
Q04919,Logical Reasoning,Statement & Assumption,Easy,"Placements,SSC"
Q04920,Logical Reasoning,Statement & Assumption,Hard,"SSC,CAT"
Q04921,Verbal Ability,Fill in the Blanks,Hard,"Placements,TCS NQT"
Q04922,Verbal Ability,Para Summary,Medium,"CAT,TCS NQT,General"
Q04923,Data Interpretation,Radar/Spider Charts,Hard,Banking
Q04924,Logical Reasoning,Series Completion,Hard,Banking
Q04925,Verbal Ability,Verbal Analogies,Easy,"TCS NQT,Banking,SSC"
Q04926,Verbal Ability,Reading Comprehension,Easy,"General,TCS NQT,Placements"
Q04927,Logical Reasoning,Direction Sense,Medium,CAT
Q04928,Quantitative Aptitude,Averages,Hard,CAT
Q04929,Verbal Ability,Para Summary,Hard,"TCS NQT,CAT"
Q04930,Quantitative Aptitude,Probability,Easy,"General,CAT,SSC"
Q04931,Verbal Ability,Cloze Test,Medium,"SSC,Placements,Banking"
Q04932,Logical Reasoning,Analogy,Medium,TCS NQT
Q04933,Data Interpretation,Tables,Medium,"General,Placements"
Q04934,Verbal Ability,Idioms & Phrases,Hard,"CAT,Banking,SSC"
Q04935,Data Interpretation,Tables,Easy,General
Q04936,Logical Reasoning,Seating Arrangement,Medium,General
Q04937,Data Interpretation,Data Sufficiency (DI),Easy,"General,SSC,Placements"
Q04938,Data Interpretation,Venn-based DI,Hard,"General,SSC,Banking"
Q04939,Logical Reasoning,Clocks & Calendars,Easy,CAT
Q04940,Logical Reasoning,Statement & Assumption,Hard,"General,Placements"
Q04941,Data Interpretation,Mixed DI Sets,Medium,"General,TCS NQT,Banking"
Q04942,Logical Reasoning,Series Completion,Medium,SSC
Q04943,Quantitative Aptitude,Averages,Easy,Banking
Q04944,Logical Reasoning,Syllogisms,Medium,"SSC,Banking"
Q04945,Verbal Ability,Synonyms & Antonyms,Medium,"SSC,General"
Q04946,Logical Reasoning,Syllogisms,Hard,Banking
Q04947,Logical Reasoning,Statement & Assumption,Medium,"General,SSC,TCS NQT"
Q04948,Data Interpretation,Venn-based DI,Hard,"Placements,SSC,General"
Q04949,Data Interpretation,Bar Graphs,Easy,"CAT,Banking,TCS NQT"
Q04950,Logical Reasoning,Clocks & Calendars,Easy,"SSC,General"
Q04951,Data Interpretation,Venn-based DI,Hard,"TCS NQT,General,CAT"
Q04952,Quantitative Aptitude,Ratio & Proportion,Medium,"CAT,SSC,Placements"
Q04953,Quantitative Aptitude,Probability,Hard,"TCS NQT,General,Placements"
Q04954,Logical Reasoning,Statement & Conclusion,Easy,"General,Placements"
Q04955,Data Interpretation,Radar/Spider Charts,Medium,"General,CAT,SSC"
Q04956,Verbal Ability,Reading Comprehension,Easy,"General,CAT"
Q04957,Verbal Ability,Critical Reasoning,Medium,Placements
Q04958,Quantitative Aptitude,"Time, Speed & Distance",Hard,SSC
Q04959,Data Interpretation,Tables,Easy,"SSC,TCS NQT,General"
Q04960,Verbal Ability,Error Spotting,Easy,Banking
Q04961,Data Interpretation,Tables,Easy,CAT
Q04962,Quantitative Aptitude,Profit & Loss,Medium,General
Q04963,Quantitative Aptitude,Logarithms,Medium,"TCS NQT,Banking"
Q04964,Quantitative Aptitude,Pipes & Cisterns,Medium,TCS NQT
Q04965,Quantitative Aptitude,Percentages,Hard,"Placements,General,CAT"
Q04966,Verbal Ability,Cloze Test,Medium,"Placements,Banking,General"
Q04967,Quantitative Aptitude,Compound Interest,Hard,"General,SSC"
Q04968,Logical Reasoning,Statement & Assumption,Medium,Banking
Q04969,Quantitative Aptitude,Percentages,Easy,"CAT,General,Banking"
Q04970,Logical Reasoning,Venn Diagrams,Medium,"CAT,Banking"
Q04971,Verbal Ability,Idioms & Phrases,Easy,"TCS NQT,General"
Q04972,Quantitative Aptitude,Number System,Easy,Placements
Q04973,Quantitative Aptitude,"Time, Speed & Distance",Hard,CAT
Q04974,Quantitative Aptitude,Progressions (AP/GP),Medium,SSC
Q04975,Logical Reasoning,Input-Output,Medium,TCS NQT
Q04976,Quantitative Aptitude,Compound Interest,Medium,"TCS NQT,CAT,Placements"
Q04977,Data Interpretation,Data Sufficiency (DI),Medium,"Banking,General"
Q04978,Logical Reasoning,Statement & Conclusion,Medium,"SSC,TCS NQT,CAT"
Q04979,Data Interpretation,Data Sufficiency (DI),Medium,TCS NQT
Q04980,Quantitative Aptitude,Surds & Indices,Medium,Banking
Q04981,Quantitative Aptitude,Linear Equations,Medium,"SSC,Placements,CAT"
Q04982,Verbal Ability,Para Jumbles,Medium,"TCS NQT,CAT"
Q04983,Quantitative Aptitude,Simple Interest,Medium,"General,TCS NQT,SSC"
Q04984,Verbal Ability,Para Jumbles,Hard,"SSC,Placements,TCS NQT"
Q04985,Quantitative Aptitude,Quadratic Equations,Easy,"Banking,SSC,CAT"
Q04986,Logical Reasoning,Direction Sense,Medium,"Placements,General"
Q04987,Logical Reasoning,Coding-Decoding,Medium,TCS NQT
Q04988,Verbal Ability,Verbal Analogies,Medium,"Placements,CAT,General"
Q04989,Quantitative Aptitude,Mensuration,Easy,"SSC,General"
Q04990,Verbal Ability,Para Summary,Hard,CAT
Q04991,Quantitative Aptitude,Averages,Easy,General
Q04992,Logical Reasoning,Clocks & Calendars,Medium,TCS NQT
Q04993,Quantitative Aptitude,Probability,Medium,"General,CAT"
Q04994,Quantitative Aptitude,Linear Equations,Easy,"CAT,SSC,Placements"
Q04995,Verbal Ability,Odd One Out,Hard,"Banking,General"
Q04996,Verbal Ability,Error Spotting,Hard,TCS NQT
Q04997,Verbal Ability,Error Spotting,Hard,CAT
Q04998,Logical Reasoning,Direction Sense,Medium,"CAT,General"
Q04999,Quantitative Aptitude,"Time, Speed & Distance",Medium,TCS NQT
Q05000,Quantitative Aptitude,"Time, Speed & Distance",Medium,"Banking,General"
Q05001,Logical Reasoning,Seating Arrangement,Easy,Banking
Q05002,Quantitative Aptitude,Compound Interest,Medium,"Banking,CAT,SSC"
Q05003,Quantitative Aptitude,Pipes & Cisterns,Hard,CAT
Q05004,Quantitative Aptitude,Time & Work,Medium,SSC
Q05005,Quantitative Aptitude,Algebra,Hard,"CAT,Banking"
Q05006,Data Interpretation,Venn-based DI,Medium,"Placements,Banking,CAT"
Q05007,Quantitative Aptitude,Trigonometry,Medium,"Banking,General,Placements"
Q05008,Logical Reasoning,Series Completion,Easy,"SSC,General,CAT"
Q05009,Logical Reasoning,Puzzles,Medium,SSC
Q05010,Quantitative Aptitude,Probability,Easy,TCS NQT
Q05011,Quantitative Aptitude,Mensuration,Medium,SSC
Q05012,Quantitative Aptitude,Mixtures & Alligations,Medium,Banking
Q05013,Logical Reasoning,Direction Sense,Medium,"CAT,Placements"
Q05014,Quantitative Aptitude,Ratio & Proportion,Medium,"SSC,TCS NQT,CAT"
Q05015,Quantitative Aptitude,Percentages,Easy,General
Q05016,Verbal Ability,Fill in the Blanks,Easy,"General,CAT"
Q05017,Logical Reasoning,Syllogisms,Medium,"SSC,TCS NQT,CAT"
Q05018,Quantitative Aptitude,Mixtures & Alligations,Hard,"TCS NQT,Placements"
Q05019,Logical Reasoning,Blood Relations,Medium,"Banking,SSC,Placements"
Q05020,Data Interpretation,Data Sufficiency (DI),Hard,"General,TCS NQT,Banking"
Q05021,Quantitative Aptitude,Logarithms,Easy,"Banking,SSC,General"
Q05022,Quantitative Aptitude,Profit & Loss,Medium,"SSC,Placements,General"
Q05023,Verbal Ability,Verbal Analogies,Medium,"General,TCS NQT"
Q05024,Data Interpretation,Tables,Medium,SSC
Q05025,Verbal Ability,Verbal Analogies,Easy,SSC
Q05026,Quantitative Aptitude,Number System,Medium,"SSC,TCS NQT,Placements"
Q05027,Logical Reasoning,Coding-Decoding,Medium,CAT
Q05028,Logical Reasoning,Coding-Decoding,Medium,SSC
Q05029,Quantitative Aptitude,Compound Interest,Medium,"Banking,TCS NQT"
Q05030,Quantitative Aptitude,Probability,Medium,Banking
Q05031,Verbal Ability,Verbal Analogies,Medium,"CAT,TCS NQT,Banking"
Q05032,Logical Reasoning,Direction Sense,Easy,"General,CAT"
Q05033,Quantitative Aptitude,Mensuration,Medium,"CAT,Banking"
Q05034,Data Interpretation,Line Graphs,Medium,"Placements,SSC,General"
Q05035,Verbal Ability,Idioms & Phrases,Easy,"Placements,SSC,TCS NQT"
Q05036,Quantitative Aptitude,Set Theory,Medium,TCS NQT
Q05037,Quantitative Aptitude,Compound Interest,Hard,"TCS NQT,CAT,SSC"
Q05038,Quantitative Aptitude,Number System,Easy,"Banking,CAT"
Q05039,Logical Reasoning,Direction Sense,Easy,"TCS NQT,General,Banking"
Q05040,Quantitative Aptitude,Algebra,Medium,TCS NQT
Q05041,Quantitative Aptitude,Compound Interest,Medium,"TCS NQT,SSC"
Q05042,Quantitative Aptitude,Probability,Easy,"Placements,Banking,SSC"
Q05043,Logical Reasoning,Seating Arrangement,Medium,"Banking,TCS NQT,General"
Q05044,Quantitative Aptitude,Linear Equations,Medium,"General,CAT"
Q05045,Logical Reasoning,Series Completion,Medium,TCS NQT
Q05046,Data Interpretation,Radar/Spider Charts,Easy,"CAT,Placements"
Q05047,Quantitative Aptitude,"Time, Speed & Distance",Easy,"SSC,TCS NQT,General"
Q05048,Quantitative Aptitude,Simple Interest,Medium,"Placements,SSC"
Q05049,Quantitative Aptitude,Quadratic Equations,Easy,"Placements,General,SSC"
Q05050,Quantitative Aptitude,Permutation & Combination,Medium,"General,CAT"
Q05051,Verbal Ability,Reading Comprehension,Medium,Banking
Q05052,Logical Reasoning,Statement & Assumption,Medium,CAT
Q05053,Quantitative Aptitude,Surds & Indices,Easy,"Banking,TCS NQT,General"
Q05054,Verbal Ability,Para Summary,Medium,CAT
Q05055,Data Interpretation,Pie Charts,Medium,"TCS NQT,Placements"
Q05056,Verbal Ability,Para Jumbles,Easy,General
Q05057,Quantitative Aptitude,"Time, Speed & Distance",Medium,"SSC,CAT,TCS NQT"
Q05058,Logical Reasoning,Seating Arrangement,Medium,"TCS NQT,CAT"
Q05059,Logical Reasoning,Statement & Conclusion,Medium,SSC
Q05060,Quantitative Aptitude,Set Theory,Easy,"CAT,SSC,General"
Q05061,Logical Reasoning,Cubes & Dice,Medium,"Placements,TCS NQT"
Q05062,Verbal Ability,Sentence Correction,Hard,"Banking,General,Placements"
Q05063,Quantitative Aptitude,Percentages,Medium,"SSC,Placements,General"
Q05064,Verbal Ability,Critical Reasoning,Medium,Banking
Q05065,Data Interpretation,Radar/Spider Charts,Easy,"TCS NQT,SSC"
Q05066,Quantitative Aptitude,Quadratic Equations,Medium,CAT
Q05067,Quantitative Aptitude,Partnership,Hard,"Placements,Banking"
Q05068,Verbal Ability,Para Summary,Medium,"Placements,TCS NQT,General"
Q05069,Verbal Ability,Fill in the Blanks,Medium,TCS NQT
Q05070,Data Interpretation,Pie Charts,Hard,"Banking,General,TCS NQT"
Q05071,Logical Reasoning,Syllogisms,Medium,TCS NQT
Q05072,Data Interpretation,Pie Charts,Medium,"CAT,Banking"
Q05073,Quantitative Aptitude,Permutation & Combination,Hard,"TCS NQT,SSC,CAT"
Q05074,Quantitative Aptitude,"Time, Speed & Distance",Medium,Placements
Q05075,Verbal Ability,Odd One Out,Medium,CAT
Q05076,Logical Reasoning,Direction Sense,Hard,"SSC,Placements"
Q05077,Quantitative Aptitude,"Time, Speed & Distance",Easy,"Banking,CAT"
Q05078,Logical Reasoning,Cubes & Dice,Hard,"CAT,Banking,General"
Q05079,Verbal Ability,Sentence Correction,Medium,General
Q05080,Quantitative Aptitude,Simple Interest,Medium,TCS NQT
Q05081,Verbal Ability,Synonyms & Antonyms,Medium,Banking
Q05082,Verbal Ability,Para Jumbles,Hard,Banking
Q05083,Quantitative Aptitude,Ratio & Proportion,Medium,"General,SSC,Placements"
Q05084,Quantitative Aptitude,Mensuration,Medium,"TCS NQT,General"
Q05085,Quantitative Aptitude,Linear Equations,Easy,"CAT,Placements"
Q05086,Quantitative Aptitude,"Time, Speed & Distance",Easy,"CAT,TCS NQT"
Q05087,Quantitative Aptitude,Mixtures & Alligations,Hard,"SSC,TCS NQT"
Q05088,Logical Reasoning,Syllogisms,Hard,"Placements,TCS NQT,SSC"
Q05089,Logical Reasoning,Syllogisms,Medium,Banking
Q05090,Logical Reasoning,Clocks & Calendars,Easy,"CAT,General,Banking"
Q05091,Quantitative Aptitude,Averages,Medium,"CAT,Placements"
Q05092,Logical Reasoning,Cubes & Dice,Medium,General
Q05093,Verbal Ability,Critical Reasoning,Easy,Banking
Q05094,Verbal Ability,Odd One Out,Easy,"CAT,Placements,Banking"
Q05095,Verbal Ability,Error Spotting,Medium,"General,TCS NQT"
Q05096,Data Interpretation,Line Graphs,Medium,CAT
Q05097,Quantitative Aptitude,Number System,Easy,General
Q05098,Data Interpretation,Pie Charts,Medium,"TCS NQT,General"
Q05099,Logical Reasoning,Coding-Decoding,Easy,General
Q05100,Data Interpretation,Tables,Medium,"TCS NQT,Banking"
Q05101,Quantitative Aptitude,Time & Work,Easy,"TCS NQT,SSC,Banking"
Q05102,Verbal Ability,Error Spotting,Easy,"TCS NQT,Banking,Placements"
Q05103,Logical Reasoning,Input-Output,Easy,TCS NQT
Q05104,Verbal Ability,Sentence Correction,Easy,TCS NQT
Q05105,Quantitative Aptitude,Time & Work,Medium,"General,SSC,Banking"
Q05106,Quantitative Aptitude,Number System,Hard,"Placements,TCS NQT"
Q05107,Quantitative Aptitude,Mensuration,Easy,"CAT,Banking,TCS NQT"
Q05108,Logical Reasoning,Ranking & Order,Medium,"CAT,Banking,TCS NQT"
Q05109,Verbal Ability,Error Spotting,Easy,Banking
Q05110,Verbal Ability,Odd One Out,Medium,Banking
Q05111,Verbal Ability,Idioms & Phrases,Medium,CAT
Q05112,Data Interpretation,Mixed DI Sets,Easy,Banking
Q05113,Quantitative Aptitude,Probability,Medium,CAT
Q05114,Data Interpretation,Line Graphs,Hard,Placements
Q05115,Verbal Ability,Cloze Test,Medium,"SSC,Placements"
Q05116,Logical Reasoning,Seating Arrangement,Hard,"General,SSC"
Q05117,Data Interpretation,Bar Graphs,Hard,"TCS NQT,Banking"
Q05118,Quantitative Aptitude,Simple Interest,Medium,"SSC,Banking,Placements"
Q05119,Quantitative Aptitude,Pipes & Cisterns,Medium,TCS NQT
Q05120,Verbal Ability,Cloze Test,Hard,CAT
Q05121,Quantitative Aptitude,Progressions (AP/GP),Easy,SSC
Q05122,Logical Reasoning,Ranking & Order,Easy,"TCS NQT,CAT"
Q05123,Quantitative Aptitude,Probability,Medium,"TCS NQT,SSC,Placements"
Q05124,Verbal Ability,Para Summary,Medium,"TCS NQT,General,SSC"
Q05125,Logical Reasoning,Blood Relations,Hard,Placements
Q05126,Verbal Ability,Reading Comprehension,Easy,"CAT,TCS NQT"
Q05127,Verbal Ability,Error Spotting,Easy,"Placements,TCS NQT,Banking"
Q05128,Quantitative Aptitude,Pipes & Cisterns,Medium,"General,SSC,TCS NQT"
Q05129,Verbal Ability,Cloze Test,Medium,SSC
Q05130,Logical Reasoning,Venn Diagrams,Medium,"TCS NQT,General,CAT"
Q05131,Quantitative Aptitude,Set Theory,Hard,SSC
Q05132,Verbal Ability,Fill in the Blanks,Easy,"General,TCS NQT"
Q05133,Logical Reasoning,Cubes & Dice,Easy,General
Q05134,Data Interpretation,Radar/Spider Charts,Hard,SSC
Q05135,Verbal Ability,Synonyms & Antonyms,Medium,TCS NQT
Q05136,Verbal Ability,Para Summary,Hard,"Banking,General"
Q05137,Logical Reasoning,Series Completion,Easy,"General,Placements,CAT"
Q05138,Quantitative Aptitude,Logarithms,Medium,"SSC,Banking"
Q05139,Logical Reasoning,Seating Arrangement,Medium,"CAT,Banking,TCS NQT"
Q05140,Data Interpretation,Venn-based DI,Hard,"Banking,TCS NQT"
Q05141,Logical Reasoning,Direction Sense,Easy,"TCS NQT,Banking,General"
Q05142,Quantitative Aptitude,Partnership,Easy,Placements
Q05143,Quantitative Aptitude,Algebra,Hard,"TCS NQT,Placements,Banking"
Q05144,Verbal Ability,Error Spotting,Medium,General
Q05145,Data Interpretation,Venn-based DI,Hard,"General,TCS NQT"
Q05146,Verbal Ability,Reading Comprehension,Easy,"General,Placements"
Q05147,Verbal Ability,Cloze Test,Medium,"Placements,SSC,CAT"
Q05148,Logical Reasoning,Statement & Conclusion,Easy,General
Q05149,Quantitative Aptitude,Linear Equations,Easy,"Banking,TCS NQT"
Q05150,Quantitative Aptitude,Algebra,Medium,"Banking,TCS NQT,CAT"
Q05151,Quantitative Aptitude,Number System,Easy,"CAT,Placements,SSC"
Q05152,Logical Reasoning,Coding-Decoding,Easy,"SSC,General,TCS NQT"
Q05153,Quantitative Aptitude,Averages,Medium,TCS NQT
Q05154,Logical Reasoning,Ranking & Order,Hard,"TCS NQT,Banking"
Q05155,Verbal Ability,Sentence Correction,Easy,SSC
Q05156,Quantitative Aptitude,Logarithms,Hard,"Placements,General"
Q05157,Data Interpretation,Line Graphs,Hard,"TCS NQT,General,SSC"
Q05158,Verbal Ability,Para Summary,Medium,Placements
Q05159,Verbal Ability,Idioms & Phrases,Medium,"CAT,SSC,Banking"
Q05160,Data Interpretation,Line Graphs,Easy,"CAT,SSC"
Q05161,Verbal Ability,Synonyms & Antonyms,Hard,"SSC,Banking,Placements"
Q05162,Logical Reasoning,Venn Diagrams,Easy,"Placements,TCS NQT"
Q05163,Quantitative Aptitude,Time & Work,Medium,"TCS NQT,Placements"
Q05164,Verbal Ability,Error Spotting,Easy,SSC
Q05165,Quantitative Aptitude,Permutation & Combination,Medium,"General,SSC,CAT"
Q05166,Quantitative Aptitude,Ratio & Proportion,Hard,"CAT,TCS NQT,Banking"
Q05167,Logical Reasoning,Data Sufficiency,Medium,"CAT,Banking"
Q05168,Quantitative Aptitude,Permutation & Combination,Easy,"Banking,TCS NQT"
Q05169,Logical Reasoning,Venn Diagrams,Hard,TCS NQT
Q05170,Logical Reasoning,Venn Diagrams,Medium,"General,SSC"
Q05171,Data Interpretation,Caselets,Medium,CAT
Q05172,Verbal Ability,Sentence Correction,Medium,"General,TCS NQT"
Q05173,Quantitative Aptitude,Simple Interest,Hard,"TCS NQT,General,CAT"
Q05174,Quantitative Aptitude,Simple Interest,Medium,"TCS NQT,Banking"
Q05175,Data Interpretation,Line Graphs,Hard,Placements
Q05176,Logical Reasoning,Venn Diagrams,Medium,"Placements,SSC,CAT"
Q05177,Verbal Ability,Para Jumbles,Hard,"Placements,Banking"
Q05178,Data Interpretation,Caselets,Easy,SSC
Q05179,Data Interpretation,Caselets,Medium,"CAT,SSC"
Q05180,Logical Reasoning,Venn Diagrams,Easy,CAT
Q05181,Data Interpretation,Tables,Hard,"Placements,SSC,General"
Q05182,Verbal Ability,Para Summary,Medium,"General,TCS NQT"
Q05183,Logical Reasoning,Puzzles,Hard,Banking
Q05184,Quantitative Aptitude,Mensuration,Medium,"CAT,General"
Q05185,Verbal Ability,Verbal Analogies,Easy,"Placements,CAT"
Q05186,Quantitative Aptitude,Mixtures & Alligations,Easy,CAT
Q05187,Data Interpretation,Mixed DI Sets,Medium,Banking
Q05188,Quantitative Aptitude,Quadratic Equations,Easy,"TCS NQT,CAT,Banking"
Q05189,Data Interpretation,Venn-based DI,Hard,TCS NQT
Q05190,Data Interpretation,Line Graphs,Easy,"CAT,SSC"
Q05191,Verbal Ability,Fill in the Blanks,Hard,Placements
Q05192,Quantitative Aptitude,Permutation & Combination,Easy,"TCS NQT,SSC,Banking"
Q05193,Data Interpretation,Line Graphs,Hard,SSC
Q05194,Verbal Ability,Idioms & Phrases,Medium,"Banking,CAT"
Q05195,Verbal Ability,Fill in the Blanks,Medium,"TCS NQT,Banking,General"
Q05196,Verbal Ability,Idioms & Phrases,Medium,"SSC,General"
Q05197,Quantitative Aptitude,Time & Work,Hard,Banking
Q05198,Quantitative Aptitude,Partnership,Medium,"TCS NQT,SSC"
Q05199,Quantitative Aptitude,Pipes & Cisterns,Hard,"SSC,TCS NQT,General"
Q05200,Verbal Ability,Error Spotting,Medium,"Banking,SSC,TCS NQT"
Q05201,Data Interpretation,Caselets,Hard,TCS NQT
Q05202,Data Interpretation,Line Graphs,Hard,"TCS NQT,CAT"
Q05203,Quantitative Aptitude,Profit & Loss,Medium,"Banking,SSC,CAT"
Q05204,Logical Reasoning,Direction Sense,Easy,CAT
Q05205,Logical Reasoning,Syllogisms,Medium,SSC
Q05206,Verbal Ability,Fill in the Blanks,Medium,"Placements,TCS NQT,General"
Q05207,Data Interpretation,Pie Charts,Medium,Placements
Q05208,Data Interpretation,Pie Charts,Medium,"SSC,CAT"
Q05209,Data Interpretation,Tables,Medium,SSC
Q05210,Quantitative Aptitude,Algebra,Hard,"CAT,TCS NQT"
Q05211,Quantitative Aptitude,"Time, Speed & Distance",Easy,"General,Banking,Placements"
Q05212,Quantitative Aptitude,Surds & Indices,Easy,SSC
Q05213,Logical Reasoning,Clocks & Calendars,Easy,"TCS NQT,General"
Q05214,Data Interpretation,Data Sufficiency (DI),Hard,"TCS NQT,General"
Q05215,Verbal Ability,Error Spotting,Easy,"Placements,Banking"
Q05216,Quantitative Aptitude,Partnership,Hard,Banking
Q05217,Logical Reasoning,Cubes & Dice,Hard,"Banking,SSC,General"
Q05218,Logical Reasoning,Direction Sense,Medium,"CAT,Placements,SSC"
Q05219,Quantitative Aptitude,Permutation & Combination,Medium,"General,Placements,SSC"
Q05220,Logical Reasoning,Clocks & Calendars,Hard,CAT
Q05221,Logical Reasoning,Series Completion,Easy,General
Q05222,Quantitative Aptitude,Probability,Easy,General
Q05223,Logical Reasoning,Direction Sense,Easy,CAT
Q05224,Verbal Ability,Synonyms & Antonyms,Easy,TCS NQT
Q05225,Quantitative Aptitude,Compound Interest,Medium,"CAT,SSC,General"
Q05226,Logical Reasoning,Syllogisms,Hard,"General,CAT"
Q05227,Verbal Ability,Para Jumbles,Hard,"Placements,Banking,SSC"
Q05228,Verbal Ability,Odd One Out,Easy,Placements
Q05229,Logical Reasoning,Cubes & Dice,Easy,"CAT,TCS NQT"
Q05230,Verbal Ability,Synonyms & Antonyms,Hard,"Banking,TCS NQT"
Q05231,Logical Reasoning,Seating Arrangement,Medium,"Banking,Placements,TCS NQT"
Q05232,Verbal Ability,Fill in the Blanks,Easy,"Banking,SSC"
Q05233,Logical Reasoning,Statement & Conclusion,Hard,"SSC,TCS NQT,General"
Q05234,Data Interpretation,Radar/Spider Charts,Easy,Banking
Q05235,Data Interpretation,Line Graphs,Hard,"CAT,SSC,Placements"
Q05236,Quantitative Aptitude,Logarithms,Easy,TCS NQT
Q05237,Verbal Ability,Cloze Test,Hard,"Banking,General,Placements"
Q05238,Quantitative Aptitude,Pipes & Cisterns,Medium,Banking
Q05239,Verbal Ability,Reading Comprehension,Hard,"Placements,Banking,CAT"
Q05240,Verbal Ability,Cloze Test,Medium,"Placements,CAT"
Q05241,Logical Reasoning,Cubes & Dice,Hard,"Placements,General,Banking"
Q05242,Quantitative Aptitude,Partnership,Easy,"Placements,TCS NQT,General"
Q05243,Logical Reasoning,Blood Relations,Easy,"Placements,General"
Q05244,Quantitative Aptitude,Compound Interest,Hard,"TCS NQT,General,Placements"
Q05245,Logical Reasoning,Input-Output,Medium,CAT
Q05246,Logical Reasoning,Input-Output,Hard,"General,TCS NQT"
Q05247,Verbal Ability,Para Jumbles,Easy,"SSC,Placements,TCS NQT"
Q05248,Data Interpretation,Tables,Hard,SSC
Q05249,Logical Reasoning,Data Sufficiency,Medium,"Placements,TCS NQT,General"
Q05250,Verbal Ability,Fill in the Blanks,Hard,"SSC,General,Banking"
Q05251,Logical Reasoning,Puzzles,Medium,"General,Banking"
Q05252,Verbal Ability,Error Spotting,Easy,"Banking,Placements,TCS NQT"
Q05253,Logical Reasoning,Ranking & Order,Easy,"Placements,CAT"
Q05254,Data Interpretation,Mixed DI Sets,Medium,"SSC,TCS NQT"
Q05255,Verbal Ability,Odd One Out,Easy,"General,CAT,Placements"
Q05256,Verbal Ability,Odd One Out,Easy,"TCS NQT,Banking,CAT"
Q05257,Logical Reasoning,Coding-Decoding,Medium,"Placements,Banking,CAT"
Q05258,Data Interpretation,Line Graphs,Hard,SSC
Q05259,Verbal Ability,Sentence Correction,Hard,"TCS NQT,Banking,General"
Q05260,Logical Reasoning,Puzzles,Easy,Banking
Q05261,Quantitative Aptitude,Partnership,Easy,"Placements,TCS NQT"
Q05262,Verbal Ability,Idioms & Phrases,Hard,"Placements,General,TCS NQT"
Q05263,Data Interpretation,Bar Graphs,Medium,"CAT,Placements,SSC"
Q05264,Quantitative Aptitude,Quadratic Equations,Easy,"General,CAT,Placements"
Q05265,Logical Reasoning,Coding-Decoding,Hard,CAT
Q05266,Logical Reasoning,Statement & Conclusion,Medium,"Banking,TCS NQT,General"
Q05267,Quantitative Aptitude,Permutation & Combination,Medium,"TCS NQT,General,Banking"
Q05268,Quantitative Aptitude,Linear Equations,Medium,"Placements,SSC,TCS NQT"
Q05269,Logical Reasoning,Coding-Decoding,Medium,General
Q05270,Quantitative Aptitude,Probability,Medium,"CAT,General"
Q05271,Logical Reasoning,Series Completion,Medium,SSC
Q05272,Verbal Ability,Critical Reasoning,Easy,Banking
Q05273,Verbal Ability,Cloze Test,Easy,TCS NQT
Q05274,Quantitative Aptitude,Progressions (AP/GP),Hard,"CAT,Banking"
Q05275,Verbal Ability,Para Jumbles,Medium,"Placements,General"
Q05276,Data Interpretation,Pie Charts,Medium,Placements
Q05277,Data Interpretation,Line Graphs,Easy,"TCS NQT,SSC,CAT"
Q05278,Logical Reasoning,Seating Arrangement,Easy,"Placements,Banking"
Q05279,Logical Reasoning,Statement & Conclusion,Medium,"General,TCS NQT,Placements"
Q05280,Verbal Ability,Reading Comprehension,Medium,"Placements,CAT,Banking"
Q05281,Quantitative Aptitude,Trigonometry,Medium,Placements
Q05282,Quantitative Aptitude,Surds & Indices,Easy,"Banking,CAT,TCS NQT"
Q05283,Logical Reasoning,Direction Sense,Medium,"CAT,Placements"
Q05284,Logical Reasoning,Direction Sense,Easy,Placements
Q05285,Logical Reasoning,Coding-Decoding,Medium,General
Q05286,Verbal Ability,Error Spotting,Medium,"Banking,General"
Q05287,Verbal Ability,Cloze Test,Medium,CAT
Q05288,Quantitative Aptitude,Simple Interest,Medium,"General,CAT,TCS NQT"
Q05289,Logical Reasoning,Puzzles,Hard,"Banking,CAT"
Q05290,Quantitative Aptitude,Compound Interest,Medium,CAT
Q05291,Logical Reasoning,Puzzles,Medium,"General,CAT,Banking"
Q05292,Logical Reasoning,Direction Sense,Medium,"SSC,TCS NQT,Banking"
Q05293,Logical Reasoning,Statement & Assumption,Medium,TCS NQT
Q05294,Verbal Ability,Error Spotting,Easy,"Placements,CAT,SSC"
Q05295,Verbal Ability,Verbal Analogies,Medium,Banking
Q05296,Quantitative Aptitude,Quadratic Equations,Hard,"Placements,TCS NQT"
Q05297,Logical Reasoning,Blood Relations,Medium,"Placements,Banking,SSC"
Q05298,Verbal Ability,Idioms & Phrases,Medium,Placements
Q05299,Logical Reasoning,Clocks & Calendars,Medium,CAT
Q05300,Quantitative Aptitude,Profit & Loss,Easy,"CAT,TCS NQT"
Q05301,Logical Reasoning,Ranking & Order,Medium,"TCS NQT,Placements,SSC"
Q05302,Logical Reasoning,Blood Relations,Medium,"General,SSC,Placements"
Q05303,Logical Reasoning,Direction Sense,Medium,"SSC,Banking,Placements"
Q05304,Logical Reasoning,Blood Relations,Easy,"Placements,SSC,TCS NQT"
Q05305,Verbal Ability,Error Spotting,Easy,"CAT,General"
Q05306,Logical Reasoning,Series Completion,Easy,"General,TCS NQT,SSC"
Q05307,Verbal Ability,Synonyms & Antonyms,Easy,"TCS NQT,Banking,CAT"
Q05308,Quantitative Aptitude,Simple Interest,Hard,Banking
Q05309,Quantitative Aptitude,Simple Interest,Hard,SSC
Q05310,Verbal Ability,Sentence Correction,Easy,"SSC,TCS NQT"
Q05311,Logical Reasoning,Venn Diagrams,Medium,"SSC,Banking,General"
Q05312,Verbal Ability,Synonyms & Antonyms,Easy,CAT
Q05313,Verbal Ability,Critical Reasoning,Medium,General
Q05314,Quantitative Aptitude,Compound Interest,Medium,Placements
Q05315,Quantitative Aptitude,Trigonometry,Easy,Banking
Q05316,Logical Reasoning,Puzzles,Easy,"TCS NQT,Placements"
Q05317,Data Interpretation,Radar/Spider Charts,Easy,TCS NQT
Q05318,Quantitative Aptitude,Trigonometry,Easy,"CAT,Placements"
Q05319,Quantitative Aptitude,Logarithms,Medium,"CAT,Banking,General"
Q05320,Logical Reasoning,Input-Output,Medium,"TCS NQT,CAT"
Q05321,Data Interpretation,Data Sufficiency (DI),Easy,Placements
Q05322,Quantitative Aptitude,Compound Interest,Medium,"TCS NQT,CAT"
Q05323,Logical Reasoning,Venn Diagrams,Medium,"SSC,Placements"
Q05324,Verbal Ability,Cloze Test,Easy,"General,CAT,Placements"
Q05325,Verbal Ability,Error Spotting,Hard,"SSC,CAT,Placements"
Q05326,Logical Reasoning,Syllogisms,Hard,CAT
Q05327,Logical Reasoning,Data Sufficiency,Medium,"Banking,TCS NQT"
Q05328,Quantitative Aptitude,Set Theory,Medium,"SSC,Banking"
Q05329,Verbal Ability,Critical Reasoning,Medium,"CAT,SSC,Banking"
Q05330,Quantitative Aptitude,Progressions (AP/GP),Medium,"SSC,General,TCS NQT"
Q05331,Quantitative Aptitude,Geometry,Easy,Placements
Q05332,Quantitative Aptitude,Averages,Hard,"CAT,Placements"
Q05333,Logical Reasoning,Statement & Conclusion,Medium,"Banking,CAT"
Q05334,Data Interpretation,Pie Charts,Easy,TCS NQT
Q05335,Quantitative Aptitude,Percentages,Hard,TCS NQT
Q05336,Quantitative Aptitude,Simple Interest,Easy,Placements
Q05337,Data Interpretation,Bar Graphs,Easy,"Banking,TCS NQT,Placements"
Q05338,Quantitative Aptitude,Simple Interest,Medium,"Banking,SSC"
Q05339,Logical Reasoning,Seating Arrangement,Medium,"Placements,Banking"
Q05340,Logical Reasoning,Syllogisms,Medium,"CAT,TCS NQT,General"
Q05341,Data Interpretation,Mixed DI Sets,Easy,"CAT,Placements"
Q05342,Quantitative Aptitude,Progressions (AP/GP),Medium,General
Q05343,Quantitative Aptitude,Simple Interest,Medium,"General,CAT"
Q05344,Quantitative Aptitude,Mensuration,Medium,Placements
Q05345,Data Interpretation,Venn-based DI,Medium,Banking
Q05346,Quantitative Aptitude,Mensuration,Easy,Placements
Q05347,Verbal Ability,Reading Comprehension,Easy,"General,Placements"
Q05348,Logical Reasoning,Venn Diagrams,Easy,CAT
Q05349,Data Interpretation,Caselets,Medium,"TCS NQT,SSC"
Q05350,Logical Reasoning,Analogy,Medium,"Placements,Banking"
Q05351,Quantitative Aptitude,Time & Work,Easy,General
Q05352,Verbal Ability,Sentence Correction,Easy,CAT
Q05353,Logical Reasoning,Input-Output,Hard,SSC
Q05354,Data Interpretation,Venn-based DI,Easy,"General,SSC,Banking"
Q05355,Logical Reasoning,Input-Output,Medium,"Banking,TCS NQT,SSC"
Q05356,Logical Reasoning,Analogy,Medium,Placements
Q05357,Logical Reasoning,Puzzles,Hard,"CAT,SSC,Placements"
Q05358,Data Interpretation,Tables,Easy,"Banking,Placements,General"
Q05359,Verbal Ability,Critical Reasoning,Medium,"Banking,General"
Q05360,Quantitative Aptitude,Compound Interest,Hard,SSC
Q05361,Quantitative Aptitude,Progressions (AP/GP),Medium,TCS NQT
Q05362,Verbal Ability,Sentence Correction,Hard,General
Q05363,Verbal Ability,Odd One Out,Medium,CAT
Q05364,Logical Reasoning,Syllogisms,Medium,"Banking,General"
Q05365,Logical Reasoning,Input-Output,Hard,SSC
Q05366,Verbal Ability,Fill in the Blanks,Hard,"TCS NQT,CAT,General"
Q05367,Data Interpretation,Pie Charts,Medium,Banking
Q05368,Logical Reasoning,Analogy,Hard,"Banking,CAT,SSC"
Q05369,Data Interpretation,Bar Graphs,Hard,General
Q05370,Logical Reasoning,Statement & Conclusion,Medium,"Placements,TCS NQT,CAT"
Q05371,Logical Reasoning,Statement & Conclusion,Hard,"CAT,SSC,Placements"
Q05372,Verbal Ability,Cloze Test,Medium,"CAT,SSC,Placements"
Q05373,Data Interpretation,Bar Graphs,Medium,"TCS NQT,General"
Q05374,Logical Reasoning,Syllogisms,Medium,"SSC,TCS NQT,Banking"
Q05375,Data Interpretation,Data Sufficiency (DI),Easy,"TCS NQT,Banking,Placements"
Q05376,Verbal Ability,Cloze Test,Hard,Placements
Q05377,Verbal Ability,Odd One Out,Medium,"Banking,CAT,General"
Q05378,Verbal Ability,Para Summary,Medium,"TCS NQT,SSC,CAT"
Q05379,Verbal Ability,Para Summary,Hard,"CAT,Placements"
Q05380,Data Interpretation,Tables,Hard,"SSC,CAT"
Q05381,Logical Reasoning,Analogy,Easy,"TCS NQT,SSC"
Q05382,Quantitative Aptitude,Ratio & Proportion,Easy,Placements
Q05383,Quantitative Aptitude,Algebra,Medium,"Placements,General"
Q05384,Quantitative Aptitude,Pipes & Cisterns,Medium,"TCS NQT,General,SSC"
Q05385,Quantitative Aptitude,Progressions (AP/GP),Easy,"CAT,TCS NQT,Banking"
Q05386,Logical Reasoning,Blood Relations,Medium,General
Q05387,Quantitative Aptitude,Averages,Medium,Banking
Q05388,Verbal Ability,Cloze Test,Medium,CAT
Q05389,Quantitative Aptitude,"Time, Speed & Distance",Easy,"CAT,TCS NQT"
Q05390,Quantitative Aptitude,Mensuration,Medium,"Placements,CAT,TCS NQT"
Q05391,Quantitative Aptitude,Geometry,Medium,Placements
Q05392,Quantitative Aptitude,Surds & Indices,Medium,"General,CAT,SSC"
Q05393,Logical Reasoning,Puzzles,Medium,"CAT,Placements,SSC"
Q05394,Verbal Ability,Cloze Test,Medium,"TCS NQT,General,Banking"
Q05395,Verbal Ability,Synonyms & Antonyms,Medium,CAT
Q05396,Data Interpretation,Radar/Spider Charts,Easy,General
Q05397,Quantitative Aptitude,Probability,Medium,"General,TCS NQT,SSC"
Q05398,Verbal Ability,Cloze Test,Medium,"CAT,General,Banking"
Q05399,Verbal Ability,Critical Reasoning,Hard,"TCS NQT,Placements"
Q05400,Logical Reasoning,Coding-Decoding,Medium,Banking
Q05401,Logical Reasoning,Data Sufficiency,Medium,"TCS NQT,Placements,Banking"
Q05402,Quantitative Aptitude,Permutation & Combination,Medium,"Banking,CAT"
Q05403,Quantitative Aptitude,Probability,Easy,CAT
Q05404,Quantitative Aptitude,Number System,Hard,"TCS NQT,CAT"
Q05405,Quantitative Aptitude,Geometry,Easy,"SSC,Banking"
Q05406,Quantitative Aptitude,Surds & Indices,Medium,Placements
Q05407,Quantitative Aptitude,"Time, Speed & Distance",Hard,"TCS NQT,CAT"
Q05408,Data Interpretation,Caselets,Hard,"Banking,CAT,TCS NQT"
Q05409,Verbal Ability,Synonyms & Antonyms,Easy,"Banking,TCS NQT,SSC"
Q05410,Logical Reasoning,Coding-Decoding,Medium,"General,Banking,Placements"
Q05411,Quantitative Aptitude,Mensuration,Medium,"Banking,TCS NQT,General"
Q05412,Logical Reasoning,Syllogisms,Medium,"CAT,TCS NQT"
Q05413,Verbal Ability,Fill in the Blanks,Easy,General
Q05414,Logical Reasoning,Puzzles,Medium,"CAT,TCS NQT"
Q05415,Verbal Ability,Para Summary,Easy,SSC
Q05416,Quantitative Aptitude,Geometry,Hard,Banking
Q05417,Verbal Ability,Idioms & Phrases,Medium,"Placements,General,Banking"
Q05418,Data Interpretation,Caselets,Medium,"General,TCS NQT,Placements"
Q05419,Quantitative Aptitude,Algebra,Medium,"Banking,SSC,CAT"
Q05420,Verbal Ability,Odd One Out,Hard,"General,Banking,Placements"
Q05421,Verbal Ability,Critical Reasoning,Easy,"CAT,TCS NQT,Banking"
Q05422,Logical Reasoning,Clocks & Calendars,Hard,"Banking,General,Placements"
Q05423,Verbal Ability,Error Spotting,Easy,"TCS NQT,Banking"
Q05424,Data Interpretation,Bar Graphs,Medium,"Banking,TCS NQT"
Q05425,Quantitative Aptitude,Mixtures & Alligations,Medium,CAT
Q05426,Quantitative Aptitude,Mensuration,Medium,Placements
Q05427,Data Interpretation,Venn-based DI,Easy,"CAT,Banking"
Q05428,Verbal Ability,Synonyms & Antonyms,Hard,SSC
Q05429,Quantitative Aptitude,Progressions (AP/GP),Easy,General
Q05430,Logical Reasoning,Input-Output,Medium,"TCS NQT,General"
Q05431,Quantitative Aptitude,Compound Interest,Medium,TCS NQT
Q05432,Verbal Ability,Verbal Analogies,Medium,SSC
Q05433,Quantitative Aptitude,Probability,Easy,"TCS NQT,General"
Q05434,Verbal Ability,Sentence Correction,Hard,"CAT,Banking,Placements"
Q05435,Logical Reasoning,Statement & Conclusion,Easy,"Banking,Placements"
Q05436,Verbal Ability,Idioms & Phrases,Easy,"TCS NQT,General"
Q05437,Logical Reasoning,Seating Arrangement,Medium,"CAT,TCS NQT"
Q05438,Verbal Ability,Para Jumbles,Medium,SSC
Q05439,Quantitative Aptitude,Profit & Loss,Easy,CAT
Q05440,Quantitative Aptitude,Progressions (AP/GP),Medium,"Placements,SSC,General"
Q05441,Quantitative Aptitude,"Time, Speed & Distance",Easy,"Banking,CAT,Placements"
Q05442,Verbal Ability,Sentence Correction,Hard,"General,Banking"
Q05443,Quantitative Aptitude,Number System,Easy,"Placements,General"
Q05444,Quantitative Aptitude,Percentages,Medium,"SSC,TCS NQT"
Q05445,Logical Reasoning,Puzzles,Easy,"SSC,CAT"
Q05446,Quantitative Aptitude,Time & Work,Medium,"SSC,General"
Q05447,Quantitative Aptitude,Trigonometry,Easy,SSC
Q05448,Logical Reasoning,Puzzles,Medium,"CAT,Banking,SSC"
Q05449,Data Interpretation,Bar Graphs,Easy,General
Q05450,Quantitative Aptitude,Mixtures & Alligations,Medium,"CAT,TCS NQT"
Q05451,Data Interpretation,Data Sufficiency (DI),Hard,"CAT,Banking"
Q05452,Data Interpretation,Radar/Spider Charts,Medium,"CAT,TCS NQT,Placements"
Q05453,Quantitative Aptitude,Partnership,Medium,"TCS NQT,General"
Q05454,Data Interpretation,Venn-based DI,Easy,"CAT,TCS NQT,General"
Q05455,Quantitative Aptitude,Quadratic Equations,Easy,"TCS NQT,Placements"
Q05456,Logical Reasoning,Puzzles,Medium,"CAT,Banking"
Q05457,Verbal Ability,Critical Reasoning,Easy,"TCS NQT,CAT"
Q05458,Verbal Ability,Sentence Correction,Medium,"TCS NQT,Placements"
Q05459,Quantitative Aptitude,Quadratic Equations,Medium,"Banking,SSC,General"
Q05460,Logical Reasoning,Statement & Assumption,Medium,"TCS NQT,Banking,General"
Q05461,Quantitative Aptitude,Mixtures & Alligations,Easy,"Banking,TCS NQT,SSC"
Q05462,Logical Reasoning,Seating Arrangement,Easy,"SSC,TCS NQT"
Q05463,Quantitative Aptitude,Averages,Medium,"General,CAT"
Q05464,Data Interpretation,Pie Charts,Easy,TCS NQT
Q05465,Data Interpretation,Line Graphs,Easy,"TCS NQT,Placements,CAT"
Q05466,Logical Reasoning,Analogy,Hard,"Placements,Banking"
Q05467,Verbal Ability,Error Spotting,Hard,SSC
Q05468,Quantitative Aptitude,Simple Interest,Hard,Banking
Q05469,Logical Reasoning,Seating Arrangement,Medium,"General,CAT"
Q05470,Data Interpretation,Tables,Easy,"TCS NQT,General,Banking"
Q05471,Quantitative Aptitude,"Time, Speed & Distance",Easy,"SSC,Placements"
Q05472,Logical Reasoning,Input-Output,Medium,"General,Placements,CAT"
Q05473,Quantitative Aptitude,Permutation & Combination,Hard,"SSC,General,TCS NQT"
Q05474,Quantitative Aptitude,Logarithms,Easy,Banking
Q05475,Logical Reasoning,Analogy,Medium,CAT
Q05476,Logical Reasoning,Blood Relations,Medium,"General,TCS NQT,SSC"
Q05477,Quantitative Aptitude,Compound Interest,Medium,"TCS NQT,General"
Q05478,Verbal Ability,Critical Reasoning,Medium,CAT
Q05479,Logical Reasoning,Clocks & Calendars,Medium,"Banking,SSC"
Q05480,Quantitative Aptitude,Pipes & Cisterns,Medium,"TCS NQT,Banking,General"
Q05481,Quantitative Aptitude,Trigonometry,Hard,"CAT,SSC"
Q05482,Quantitative Aptitude,Geometry,Medium,"Placements,CAT"
Q05483,Data Interpretation,Caselets,Easy,"Banking,SSC"
Q05484,Logical Reasoning,Analogy,Medium,"SSC,TCS NQT"
Q05485,Logical Reasoning,Blood Relations,Medium,"Banking,SSC,TCS NQT"
Q05486,Quantitative Aptitude,Ratio & Proportion,Easy,TCS NQT
Q05487,Logical Reasoning,Blood Relations,Hard,"Placements,General"
Q05488,Quantitative Aptitude,Linear Equations,Hard,"Banking,General"
Q05489,Logical Reasoning,Direction Sense,Medium,"Placements,Banking,SSC"
Q05490,Quantitative Aptitude,Partnership,Easy,"CAT,General"
Q05491,Logical Reasoning,Ranking & Order,Hard,"SSC,TCS NQT,General"
Q05492,Logical Reasoning,Statement & Assumption,Easy,CAT
Q05493,Verbal Ability,Error Spotting,Medium,"Banking,Placements,TCS NQT"
Q05494,Data Interpretation,Pie Charts,Hard,Placements
Q05495,Verbal Ability,Critical Reasoning,Medium,Banking
Q05496,Logical Reasoning,Input-Output,Easy,"General,Banking"
Q05497,Logical Reasoning,Clocks & Calendars,Medium,"Placements,SSC"
Q05498,Verbal Ability,Verbal Analogies,Medium,Banking
Q05499,Quantitative Aptitude,Number System,Medium,CAT
Q05500,Quantitative Aptitude,Time & Work,Hard,"General,CAT"
Q05501,Quantitative Aptitude,Profit & Loss,Hard,"TCS NQT,SSC"
Q05502,Logical Reasoning,Ranking & Order,Medium,CAT
Q05503,Verbal Ability,Idioms & Phrases,Medium,CAT
Q05504,Quantitative Aptitude,Trigonometry,Medium,"TCS NQT,Banking,General"
Q05505,Quantitative Aptitude,Partnership,Medium,"TCS NQT,Placements"
Q05506,Logical Reasoning,Series Completion,Easy,Placements
Q05507,Logical Reasoning,Data Sufficiency,Medium,"CAT,SSC"
Q05508,Verbal Ability,Odd One Out,Easy,General
Q05509,Verbal Ability,Para Summary,Medium,"Placements,Banking"
Q05510,Verbal Ability,Para Jumbles,Easy,General
Q05511,Quantitative Aptitude,Simple Interest,Hard,CAT
Q05512,Verbal Ability,Sentence Correction,Medium,"SSC,Placements,Banking"
Q05513,Verbal Ability,Fill in the Blanks,Medium,Banking
Q05514,Verbal Ability,Fill in the Blanks,Medium,"TCS NQT,Banking,CAT"
Q05515,Logical Reasoning,Cubes & Dice,Medium,"SSC,Placements,General"
Q05516,Quantitative Aptitude,Averages,Hard,"Placements,SSC,General"
Q05517,Logical Reasoning,Puzzles,Easy,"TCS NQT,Placements,SSC"
Q05518,Quantitative Aptitude,Averages,Hard,"SSC,CAT"
Q05519,Logical Reasoning,Syllogisms,Hard,"Banking,SSC,TCS NQT"
Q05520,Logical Reasoning,Data Sufficiency,Easy,"General,Banking"
Q05521,Verbal Ability,Fill in the Blanks,Hard,"Placements,General,CAT"
Q05522,Logical Reasoning,Puzzles,Medium,Placements
Q05523,Verbal Ability,Synonyms & Antonyms,Medium,"Banking,SSC,General"
Q05524,Verbal Ability,Cloze Test,Easy,"General,CAT,Banking"
Q05525,Verbal Ability,Odd One Out,Hard,"Placements,General"
Q05526,Verbal Ability,Cloze Test,Medium,"General,Placements"
Q05527,Logical Reasoning,Analogy,Hard,CAT
Q05528,Verbal Ability,Sentence Correction,Medium,"TCS NQT,Banking,Placements"
Q05529,Verbal Ability,Para Jumbles,Easy,"SSC,CAT"
Q05530,Verbal Ability,Cloze Test,Medium,"CAT,General,Banking"
Q05531,Quantitative Aptitude,Ratio & Proportion,Medium,SSC
Q05532,Logical Reasoning,Venn Diagrams,Medium,"General,Placements,CAT"
Q05533,Quantitative Aptitude,Quadratic Equations,Hard,"Placements,SSC,General"
Q05534,Quantitative Aptitude,Averages,Medium,"Placements,SSC,General"
Q05535,Verbal Ability,Critical Reasoning,Hard,CAT
Q05536,Quantitative Aptitude,Partnership,Medium,"General,CAT,TCS NQT"
Q05537,Quantitative Aptitude,Partnership,Medium,"Banking,General"
Q05538,Verbal Ability,Idioms & Phrases,Medium,"TCS NQT,CAT"
Q05539,Logical Reasoning,Input-Output,Easy,"Placements,SSC"
Q05540,Data Interpretation,Caselets,Medium,"General,SSC"
Q05541,Quantitative Aptitude,Averages,Medium,"Banking,CAT"
Q05542,Quantitative Aptitude,Probability,Hard,TCS NQT
Q05543,Quantitative Aptitude,Linear Equations,Easy,"CAT,Banking,Placements"
Q05544,Quantitative Aptitude,Mensuration,Easy,"TCS NQT,CAT,General"
Q05545,Logical Reasoning,Venn Diagrams,Medium,General
Q05546,Logical Reasoning,Puzzles,Easy,TCS NQT
Q05547,Logical Reasoning,Cubes & Dice,Easy,"TCS NQT,SSC,Banking"
Q05548,Quantitative Aptitude,Logarithms,Easy,"TCS NQT,Banking,Placements"
Q05549,Logical Reasoning,Syllogisms,Hard,"SSC,Banking"
Q05550,Data Interpretation,Line Graphs,Hard,"CAT,SSC"
Q05551,Verbal Ability,Odd One Out,Medium,"Placements,SSC,Banking"
Q05552,Verbal Ability,Sentence Correction,Hard,CAT
Q05553,Logical Reasoning,Ranking & Order,Medium,"SSC,Placements,General"
Q05554,Logical Reasoning,Direction Sense,Medium,TCS NQT
Q05555,Logical Reasoning,Statement & Assumption,Medium,"Banking,Placements,TCS NQT"
Q05556,Quantitative Aptitude,Ratio & Proportion,Easy,"CAT,Placements,General"
Q05557,Verbal Ability,Cloze Test,Easy,"TCS NQT,Banking,CAT"
Q05558,Verbal Ability,Para Summary,Easy,TCS NQT
Q05559,Verbal Ability,Sentence Correction,Medium,TCS NQT
Q05560,Logical Reasoning,Syllogisms,Easy,"TCS NQT,General,Placements"
Q05561,Quantitative Aptitude,Time & Work,Medium,CAT
Q05562,Verbal Ability,Reading Comprehension,Medium,CAT
Q05563,Verbal Ability,Synonyms & Antonyms,Medium,Placements
Q05564,Data Interpretation,Bar Graphs,Medium,CAT
Q05565,Quantitative Aptitude,Partnership,Easy,"Banking,General,TCS NQT"
Q05566,Quantitative Aptitude,Quadratic Equations,Easy,CAT
Q05567,Data Interpretation,Bar Graphs,Hard,"General,TCS NQT,Banking"
Q05568,Verbal Ability,Error Spotting,Easy,"CAT,General"
Q05569,Data Interpretation,Venn-based DI,Easy,SSC
Q05570,Quantitative Aptitude,"Time, Speed & Distance",Medium,"Banking,CAT"
Q05571,Quantitative Aptitude,Mixtures & Alligations,Hard,General
Q05572,Quantitative Aptitude,Ratio & Proportion,Easy,"SSC,General,Placements"
Q05573,Logical Reasoning,Seating Arrangement,Medium,"TCS NQT,CAT,Banking"
Q05574,Verbal Ability,Critical Reasoning,Medium,"TCS NQT,Placements"
Q05575,Data Interpretation,Tables,Medium,"SSC,Banking"
Q05576,Logical Reasoning,Venn Diagrams,Medium,"CAT,General,TCS NQT"
Q05577,Logical Reasoning,Series Completion,Medium,"CAT,Banking,TCS NQT"
Q05578,Quantitative Aptitude,Time & Work,Medium,SSC
Q05579,Verbal Ability,Critical Reasoning,Easy,"General,TCS NQT"
Q05580,Quantitative Aptitude,Quadratic Equations,Medium,"CAT,SSC"
Q05581,Logical Reasoning,Blood Relations,Medium,"CAT,Banking,TCS NQT"
Q05582,Quantitative Aptitude,Surds & Indices,Medium,"Banking,SSC"
Q05583,Verbal Ability,Para Jumbles,Medium,CAT
Q05584,Quantitative Aptitude,Set Theory,Medium,"SSC,General"
Q05585,Verbal Ability,Para Jumbles,Easy,"CAT,Placements,SSC"
Q05586,Quantitative Aptitude,Number System,Easy,"TCS NQT,SSC"
Q05587,Quantitative Aptitude,Simple Interest,Easy,"TCS NQT,General"
Q05588,Quantitative Aptitude,Averages,Easy,"Banking,CAT,TCS NQT"
Q05589,Quantitative Aptitude,Linear Equations,Medium,"Placements,Banking,TCS NQT"
Q05590,Quantitative Aptitude,Probability,Easy,SSC
Q05591,Quantitative Aptitude,Probability,Easy,Banking
Q05592,Verbal Ability,Idioms & Phrases,Easy,"TCS NQT,General,Banking"
Q05593,Quantitative Aptitude,Time & Work,Easy,"TCS NQT,Banking"
Q05594,Logical Reasoning,Blood Relations,Easy,"Placements,TCS NQT,Banking"
Q05595,Quantitative Aptitude,Probability,Hard,"TCS NQT,General,CAT"
Q05596,Verbal Ability,Odd One Out,Medium,"General,Banking,CAT"
Q05597,Quantitative Aptitude,Linear Equations,Medium,SSC
Q05598,Verbal Ability,Verbal Analogies,Medium,"Placements,SSC"
Q05599,Verbal Ability,Odd One Out,Medium,TCS NQT
Q05600,Quantitative Aptitude,Mensuration,Medium,"CAT,TCS NQT"
Q05601,Data Interpretation,Tables,Easy,CAT
Q05602,Data Interpretation,Pie Charts,Medium,Banking
Q05603,Quantitative Aptitude,Partnership,Hard,"Banking,TCS NQT"
Q05604,Data Interpretation,Venn-based DI,Medium,Banking
Q05605,Logical Reasoning,Blood Relations,Medium,"CAT,TCS NQT"
Q05606,Quantitative Aptitude,Number System,Hard,"SSC,Placements,CAT"
Q05607,Quantitative Aptitude,Mensuration,Medium,"SSC,TCS NQT"
Q05608,Quantitative Aptitude,Algebra,Hard,Banking
Q05609,Logical Reasoning,Analogy,Medium,"SSC,CAT"
Q05610,Logical Reasoning,Direction Sense,Easy,"SSC,Banking"
Q05611,Logical Reasoning,Coding-Decoding,Hard,CAT
Q05612,Data Interpretation,Venn-based DI,Medium,"General,TCS NQT,Placements"
Q05613,Quantitative Aptitude,Averages,Hard,TCS NQT
Q05614,Quantitative Aptitude,Partnership,Medium,"Banking,Placements,General"
Q05615,Verbal Ability,Critical Reasoning,Easy,Placements
Q05616,Logical Reasoning,Direction Sense,Easy,"Banking,SSC,CAT"
Q05617,Quantitative Aptitude,Mensuration,Medium,General
Q05618,Logical Reasoning,Statement & Conclusion,Medium,"General,SSC,TCS NQT"
Q05619,Logical Reasoning,Direction Sense,Hard,TCS NQT
Q05620,Logical Reasoning,Data Sufficiency,Medium,"SSC,General,Banking"
Q05621,Verbal Ability,Reading Comprehension,Medium,"Banking,TCS NQT"
Q05622,Logical Reasoning,Direction Sense,Hard,TCS NQT
Q05623,Verbal Ability,Synonyms & Antonyms,Medium,SSC
Q05624,Verbal Ability,Odd One Out,Hard,General
Q05625,Quantitative Aptitude,Progressions (AP/GP),Medium,General
Q05626,Quantitative Aptitude,Percentages,Easy,General
Q05627,Quantitative Aptitude,Quadratic Equations,Medium,General
Q05628,Quantitative Aptitude,Algebra,Easy,"SSC,CAT"
Q05629,Data Interpretation,Radar/Spider Charts,Easy,Placements
Q05630,Verbal Ability,Synonyms & Antonyms,Medium,"Banking,Placements"
Q05631,Verbal Ability,Idioms & Phrases,Hard,TCS NQT
Q05632,Verbal Ability,Verbal Analogies,Medium,"General,SSC"
Q05633,Quantitative Aptitude,Number System,Easy,CAT
Q05634,Logical Reasoning,Analogy,Medium,"General,TCS NQT,Placements"
Q05635,Logical Reasoning,Coding-Decoding,Easy,"SSC,Banking,Placements"
Q05636,Quantitative Aptitude,Profit & Loss,Hard,Banking
Q05637,Quantitative Aptitude,Profit & Loss,Medium,"TCS NQT,SSC"
Q05638,Logical Reasoning,Blood Relations,Medium,"CAT,General"
Q05639,Verbal Ability,Fill in the Blanks,Easy,"General,CAT,TCS NQT"
Q05640,Data Interpretation,Pie Charts,Medium,"SSC,CAT,Placements"
Q05641,Quantitative Aptitude,Mensuration,Easy,General
Q05642,Logical Reasoning,Seating Arrangement,Hard,"Placements,Banking"
Q05643,Data Interpretation,Pie Charts,Hard,"CAT,SSC,Placements"
Q05644,Verbal Ability,Odd One Out,Hard,TCS NQT
Q05645,Logical Reasoning,Direction Sense,Easy,CAT
Q05646,Quantitative Aptitude,Percentages,Medium,"CAT,Banking"
Q05647,Logical Reasoning,Venn Diagrams,Medium,"CAT,General,Banking"
Q05648,Data Interpretation,Caselets,Medium,"General,CAT,SSC"
Q05649,Quantitative Aptitude,Probability,Medium,"SSC,General,Placements"
Q05650,Logical Reasoning,Direction Sense,Medium,"TCS NQT,Banking,General"
Q05651,Logical Reasoning,Series Completion,Easy,"SSC,Placements"
Q05652,Quantitative Aptitude,Logarithms,Medium,"SSC,Banking"
Q05653,Quantitative Aptitude,Simple Interest,Medium,"General,CAT"
Q05654,Verbal Ability,Verbal Analogies,Easy,"TCS NQT,Placements,Banking"
Q05655,Data Interpretation,Tables,Easy,"TCS NQT,CAT"
Q05656,Logical Reasoning,Series Completion,Medium,"CAT,General,SSC"
Q05657,Quantitative Aptitude,Algebra,Hard,Placements
Q05658,Logical Reasoning,Data Sufficiency,Hard,"General,TCS NQT,Banking"
Q05659,Logical Reasoning,Statement & Assumption,Easy,"Placements,CAT,Banking"
Q05660,Logical Reasoning,Clocks & Calendars,Hard,General
Q05661,Logical Reasoning,Data Sufficiency,Medium,"SSC,TCS NQT"
Q05662,Logical Reasoning,Statement & Assumption,Easy,"Placements,Banking"
Q05663,Verbal Ability,Idioms & Phrases,Medium,Banking
Q05664,Logical Reasoning,Statement & Conclusion,Medium,"Banking,CAT,General"
Q05665,Quantitative Aptitude,Mensuration,Easy,TCS NQT
Q05666,Data Interpretation,Venn-based DI,Easy,General
Q05667,Logical Reasoning,Statement & Conclusion,Medium,"TCS NQT,General"
Q05668,Data Interpretation,Tables,Easy,"SSC,Placements,General"
Q05669,Quantitative Aptitude,Ratio & Proportion,Easy,"General,SSC"
Q05670,Verbal Ability,Para Summary,Medium,TCS NQT
Q05671,Verbal Ability,Reading Comprehension,Medium,"SSC,CAT"
Q05672,Quantitative Aptitude,Mensuration,Medium,"SSC,CAT"
Q05673,Logical Reasoning,Ranking & Order,Medium,"Banking,TCS NQT"
Q05674,Verbal Ability,Fill in the Blanks,Medium,"CAT,SSC"
Q05675,Quantitative Aptitude,Quadratic Equations,Easy,Placements
Q05676,Logical Reasoning,Coding-Decoding,Hard,"CAT,TCS NQT,General"
Q05677,Quantitative Aptitude,Probability,Hard,"SSC,CAT"
Q05678,Logical Reasoning,Syllogisms,Medium,"General,SSC"
Q05679,Quantitative Aptitude,Pipes & Cisterns,Easy,General
Q05680,Verbal Ability,Verbal Analogies,Medium,Placements
Q05681,Quantitative Aptitude,Simple Interest,Hard,CAT
Q05682,Verbal Ability,Odd One Out,Hard,"Banking,CAT,TCS NQT"
Q05683,Logical Reasoning,Direction Sense,Medium,"SSC,Banking"
Q05684,Logical Reasoning,Ranking & Order,Medium,General
Q05685,Data Interpretation,Line Graphs,Easy,General
Q05686,Logical Reasoning,Blood Relations,Hard,"General,TCS NQT"
Q05687,Quantitative Aptitude,Linear Equations,Medium,SSC
Q05688,Verbal Ability,Critical Reasoning,Medium,"CAT,Placements,General"
Q05689,Quantitative Aptitude,Profit & Loss,Medium,"Placements,General,Banking"
Q05690,Verbal Ability,Fill in the Blanks,Medium,"SSC,CAT,TCS NQT"
Q05691,Quantitative Aptitude,Time & Work,Easy,"General,CAT"
Q05692,Quantitative Aptitude,Profit & Loss,Medium,"CAT,SSC"
Q05693,Verbal Ability,Sentence Correction,Medium,"Placements,SSC,TCS NQT"
Q05694,Quantitative Aptitude,Mensuration,Medium,"TCS NQT,SSC,CAT"
Q05695,Quantitative Aptitude,Mensuration,Hard,"CAT,Banking"
Q05696,Verbal Ability,Para Jumbles,Medium,"General,Placements"
Q05697,Verbal Ability,Synonyms & Antonyms,Easy,"TCS NQT,General"
Q05698,Logical Reasoning,Syllogisms,Medium,"General,TCS NQT"
Q05699,Verbal Ability,Cloze Test,Hard,"General,CAT"
Q05700,Quantitative Aptitude,Ratio & Proportion,Medium,"CAT,General,TCS NQT"
Q05701,Quantitative Aptitude,Quadratic Equations,Medium,"General,TCS NQT"
Q05702,Verbal Ability,Sentence Correction,Easy,"General,CAT"
Q05703,Data Interpretation,Tables,Medium,"TCS NQT,CAT,General"
Q05704,Verbal Ability,Critical Reasoning,Medium,"Placements,CAT"
Q05705,Logical Reasoning,Series Completion,Hard,"CAT,TCS NQT"
Q05706,Verbal Ability,Verbal Analogies,Medium,"SSC,CAT,TCS NQT"
Q05707,Logical Reasoning,Clocks & Calendars,Medium,"TCS NQT,CAT,Placements"
Q05708,Data Interpretation,Mixed DI Sets,Medium,"TCS NQT,Placements,SSC"
Q05709,Data Interpretation,Mixed DI Sets,Easy,SSC
Q05710,Quantitative Aptitude,Surds & Indices,Medium,"SSC,Placements,CAT"
Q05711,Verbal Ability,Fill in the Blanks,Medium,"CAT,General"
Q05712,Data Interpretation,Bar Graphs,Hard,"Banking,TCS NQT"
Q05713,Logical Reasoning,Blood Relations,Medium,"CAT,Banking,TCS NQT"
Q05714,Quantitative Aptitude,Probability,Medium,CAT
Q05715,Quantitative Aptitude,Probability,Medium,"General,Banking"
Q05716,Data Interpretation,Radar/Spider Charts,Medium,"CAT,Placements"
Q05717,Verbal Ability,Odd One Out,Medium,"SSC,Placements,TCS NQT"
Q05718,Logical Reasoning,Series Completion,Hard,"SSC,General,TCS NQT"
Q05719,Quantitative Aptitude,Ratio & Proportion,Hard,CAT
Q05720,Quantitative Aptitude,Quadratic Equations,Medium,"Banking,General"
Q05721,Verbal Ability,Synonyms & Antonyms,Hard,"SSC,CAT"
Q05722,Quantitative Aptitude,"Time, Speed & Distance",Medium,General
Q05723,Data Interpretation,Mixed DI Sets,Hard,CAT
Q05724,Quantitative Aptitude,Trigonometry,Medium,Banking
Q05725,Verbal Ability,Fill in the Blanks,Easy,"Placements,Banking"
Q05726,Logical Reasoning,Coding-Decoding,Medium,"CAT,Banking"
Q05727,Logical Reasoning,Statement & Conclusion,Medium,TCS NQT
Q05728,Logical Reasoning,Syllogisms,Medium,"Placements,TCS NQT,General"
Q05729,Data Interpretation,Tables,Easy,SSC
Q05730,Logical Reasoning,Venn Diagrams,Hard,CAT
Q05731,Quantitative Aptitude,Number System,Medium,"CAT,TCS NQT,General"
Q05732,Quantitative Aptitude,Set Theory,Hard,"General,CAT"
Q05733,Data Interpretation,Mixed DI Sets,Medium,CAT
Q05734,Data Interpretation,Venn-based DI,Hard,"Banking,TCS NQT,SSC"
Q05735,Quantitative Aptitude,Ratio & Proportion,Medium,Placements
Q05736,Quantitative Aptitude,Simple Interest,Hard,Banking
Q05737,Data Interpretation,Data Sufficiency (DI),Medium,"Placements,General"
Q05738,Verbal Ability,Verbal Analogies,Hard,SSC
Q05739,Verbal Ability,Cloze Test,Hard,"Banking,SSC"
Q05740,Logical Reasoning,Cubes & Dice,Easy,"TCS NQT,Placements"
Q05741,Data Interpretation,Pie Charts,Medium,TCS NQT
Q05742,Verbal Ability,Error Spotting,Hard,"Banking,SSC,Placements"
Q05743,Quantitative Aptitude,Quadratic Equations,Hard,Placements
Q05744,Quantitative Aptitude,Ratio & Proportion,Medium,"General,Placements"
Q05745,Quantitative Aptitude,Number System,Easy,"Placements,Banking,SSC"
Q05746,Quantitative Aptitude,Linear Equations,Easy,"Placements,CAT,SSC"
Q05747,Logical Reasoning,Cubes & Dice,Medium,"CAT,TCS NQT"
Q05748,Data Interpretation,Line Graphs,Medium,Banking
Q05749,Verbal Ability,Para Jumbles,Easy,SSC
Q05750,Logical Reasoning,Coding-Decoding,Medium,General
Q05751,Verbal Ability,Idioms & Phrases,Medium,Placements
Q05752,Quantitative Aptitude,"Time, Speed & Distance",Medium,"General,Placements"
Q05753,Verbal Ability,Para Jumbles,Hard,"TCS NQT,Placements,CAT"
Q05754,Quantitative Aptitude,Linear Equations,Medium,"CAT,TCS NQT,Banking"
Q05755,Data Interpretation,Bar Graphs,Medium,"SSC,TCS NQT,CAT"
Q05756,Logical Reasoning,Input-Output,Medium,CAT
Q05757,Verbal Ability,Idioms & Phrases,Hard,"Placements,TCS NQT"
Q05758,Verbal Ability,Fill in the Blanks,Hard,"TCS NQT,General"
Q05759,Data Interpretation,Pie Charts,Hard,"TCS NQT,SSC,Banking"
Q05760,Logical Reasoning,Analogy,Medium,General
Q05761,Quantitative Aptitude,Partnership,Hard,Banking
Q05762,Quantitative Aptitude,Probability,Easy,"CAT,General,SSC"
Q05763,Logical Reasoning,Statement & Assumption,Easy,"TCS NQT,General"
Q05764,Quantitative Aptitude,"Time, Speed & Distance",Easy,TCS NQT
Q05765,Data Interpretation,Data Sufficiency (DI),Easy,"Placements,TCS NQT,Banking"
Q05766,Verbal Ability,Synonyms & Antonyms,Medium,"SSC,General,TCS NQT"
Q05767,Verbal Ability,Reading Comprehension,Hard,"CAT,TCS NQT,Placements"
Q05768,Data Interpretation,Line Graphs,Medium,"Banking,Placements,CAT"
Q05769,Quantitative Aptitude,Percentages,Hard,TCS NQT
Q05770,Quantitative Aptitude,"Time, Speed & Distance",Medium,"SSC,TCS NQT,Placements"
Q05771,Data Interpretation,Tables,Easy,General
Q05772,Verbal Ability,Synonyms & Antonyms,Hard,SSC
Q05773,Verbal Ability,Para Jumbles,Medium,"SSC,Banking"
Q05774,Logical Reasoning,Statement & Conclusion,Medium,"Placements,General,CAT"
Q05775,Quantitative Aptitude,Profit & Loss,Hard,"SSC,TCS NQT"
Q05776,Quantitative Aptitude,Logarithms,Medium,"Placements,CAT,General"
Q05777,Quantitative Aptitude,Pipes & Cisterns,Easy,"General,CAT,Placements"
Q05778,Quantitative Aptitude,Percentages,Medium,"Placements,CAT,SSC"
Q05779,Quantitative Aptitude,Partnership,Medium,"Placements,General,TCS NQT"
Q05780,Data Interpretation,Line Graphs,Hard,"Banking,General,SSC"
Q05781,Quantitative Aptitude,Compound Interest,Hard,"CAT,Placements,SSC"
Q05782,Quantitative Aptitude,Partnership,Medium,CAT
Q05783,Verbal Ability,Synonyms & Antonyms,Easy,"CAT,Banking,SSC"
Q05784,Logical Reasoning,Syllogisms,Medium,"SSC,Banking"
Q05785,Data Interpretation,Tables,Easy,General
Q05786,Logical Reasoning,Syllogisms,Medium,"General,TCS NQT"
Q05787,Quantitative Aptitude,Ratio & Proportion,Medium,"Banking,General"
Q05788,Quantitative Aptitude,Linear Equations,Medium,"TCS NQT,CAT"
Q05789,Logical Reasoning,Statement & Assumption,Medium,CAT
Q05790,Quantitative Aptitude,Surds & Indices,Medium,General
Q05791,Verbal Ability,Synonyms & Antonyms,Medium,"CAT,Banking,General"
Q05792,Logical Reasoning,Analogy,Medium,"Banking,TCS NQT"
Q05793,Data Interpretation,Bar Graphs,Medium,TCS NQT
Q05794,Logical Reasoning,Series Completion,Hard,CAT
Q05795,Logical Reasoning,Statement & Conclusion,Hard,General
Q05796,Verbal Ability,Idioms & Phrases,Easy,"CAT,TCS NQT"
Q05797,Quantitative Aptitude,Quadratic Equations,Medium,"Placements,General"
Q05798,Quantitative Aptitude,Progressions (AP/GP),Medium,Placements
Q05799,Logical Reasoning,Puzzles,Hard,"Banking,CAT"
Q05800,Quantitative Aptitude,Permutation & Combination,Medium,SSC
Q05801,Verbal Ability,Para Summary,Hard,"SSC,Banking,TCS NQT"
Q05802,Verbal Ability,Odd One Out,Easy,Banking
Q05803,Logical Reasoning,Statement & Assumption,Hard,"Banking,Placements,CAT"
Q05804,Quantitative Aptitude,Progressions (AP/GP),Medium,"Banking,SSC,TCS NQT"
Q05805,Logical Reasoning,Syllogisms,Medium,"TCS NQT,SSC"
Q05806,Quantitative Aptitude,Averages,Hard,"General,CAT"
Q05807,Logical Reasoning,Cubes & Dice,Hard,"Banking,Placements"
Q05808,Verbal Ability,Cloze Test,Easy,"TCS NQT,Placements"
Q05809,Verbal Ability,Error Spotting,Easy,TCS NQT
Q05810,Quantitative Aptitude,Geometry,Easy,"CAT,SSC"
Q05811,Logical Reasoning,Ranking & Order,Medium,Banking
Q05812,Verbal Ability,Sentence Correction,Medium,Placements
Q05813,Logical Reasoning,Ranking & Order,Hard,Banking
Q05814,Quantitative Aptitude,Simple Interest,Easy,SSC
Q05815,Data Interpretation,Line Graphs,Hard,"Placements,Banking"
Q05816,Verbal Ability,Cloze Test,Medium,General
Q05817,Data Interpretation,Mixed DI Sets,Easy,"TCS NQT,SSC,General"
Q05818,Logical Reasoning,Direction Sense,Easy,General
Q05819,Data Interpretation,Venn-based DI,Medium,"General,CAT,Banking"
Q05820,Logical Reasoning,Puzzles,Hard,"TCS NQT,Banking,Placements"
Q05821,Logical Reasoning,Statement & Assumption,Easy,"SSC,CAT,Banking"
Q05822,Verbal Ability,Critical Reasoning,Medium,Placements
Q05823,Quantitative Aptitude,Probability,Easy,"Placements,General"
Q05824,Logical Reasoning,Clocks & Calendars,Easy,"Placements,SSC"
Q05825,Quantitative Aptitude,Surds & Indices,Easy,SSC
Q05826,Quantitative Aptitude,Probability,Hard,Placements
Q05827,Logical Reasoning,Statement & Assumption,Hard,"Placements,CAT"
Q05828,Quantitative Aptitude,Partnership,Medium,CAT
Q05829,Quantitative Aptitude,Profit & Loss,Easy,"SSC,TCS NQT,Banking"
Q05830,Data Interpretation,Data Sufficiency (DI),Easy,SSC
Q05831,Quantitative Aptitude,Pipes & Cisterns,Medium,"SSC,Banking"
Q05832,Data Interpretation,Data Sufficiency (DI),Easy,"TCS NQT,SSC,Banking"
Q05833,Verbal Ability,Fill in the Blanks,Easy,"Banking,TCS NQT"
Q05834,Logical Reasoning,Statement & Conclusion,Easy,"General,SSC,Placements"
Q05835,Quantitative Aptitude,Linear Equations,Medium,Banking
Q05836,Quantitative Aptitude,Linear Equations,Easy,"Banking,SSC,General"
Q05837,Data Interpretation,Data Sufficiency (DI),Hard,"TCS NQT,General,Banking"
Q05838,Verbal Ability,Para Jumbles,Easy,"Placements,SSC"
Q05839,Quantitative Aptitude,Compound Interest,Hard,Placements
Q05840,Data Interpretation,Mixed DI Sets,Medium,"SSC,CAT"
Q05841,Quantitative Aptitude,Probability,Easy,"CAT,TCS NQT,SSC"
Q05842,Quantitative Aptitude,Logarithms,Medium,"TCS NQT,CAT"
Q05843,Quantitative Aptitude,Algebra,Medium,Banking
Q05844,Data Interpretation,Line Graphs,Easy,"SSC,TCS NQT"
Q05845,Quantitative Aptitude,Quadratic Equations,Hard,"SSC,Banking"
Q05846,Quantitative Aptitude,Time & Work,Hard,Placements
Q05847,Data Interpretation,Bar Graphs,Medium,"SSC,Placements"
Q05848,Quantitative Aptitude,Ratio & Proportion,Medium,"General,TCS NQT"
Q05849,Quantitative Aptitude,Simple Interest,Easy,"Placements,Banking"
Q05850,Verbal Ability,Para Jumbles,Medium,"CAT,SSC"
Q05851,Quantitative Aptitude,Set Theory,Medium,"TCS NQT,Placements,General"
Q05852,Logical Reasoning,Coding-Decoding,Easy,"CAT,SSC"
Q05853,Logical Reasoning,Venn Diagrams,Easy,"Placements,CAT"
Q05854,Logical Reasoning,Cubes & Dice,Medium,"Banking,Placements,General"
Q05855,Logical Reasoning,Statement & Assumption,Medium,General
Q05856,Quantitative Aptitude,Number System,Easy,TCS NQT
Q05857,Logical Reasoning,Puzzles,Hard,"TCS NQT,SSC"
Q05858,Data Interpretation,Line Graphs,Medium,CAT
Q05859,Data Interpretation,Pie Charts,Easy,"General,TCS NQT"
Q05860,Logical Reasoning,Cubes & Dice,Medium,TCS NQT
Q05861,Quantitative Aptitude,Averages,Medium,"Placements,General"
Q05862,Quantitative Aptitude,Linear Equations,Easy,"SSC,Placements,Banking"
Q05863,Quantitative Aptitude,Permutation & Combination,Hard,"SSC,General"
Q05864,Quantitative Aptitude,Surds & Indices,Easy,"General,Banking,CAT"
Q05865,Data Interpretation,Pie Charts,Easy,"Placements,General"
Q05866,Quantitative Aptitude,Set Theory,Easy,"CAT,TCS NQT,Banking"
Q05867,Verbal Ability,Fill in the Blanks,Medium,"Placements,General,Banking"
Q05868,Verbal Ability,Odd One Out,Medium,"Placements,TCS NQT"
Q05869,Quantitative Aptitude,Geometry,Medium,"General,SSC"
Q05870,Quantitative Aptitude,Geometry,Medium,Placements
Q05871,Quantitative Aptitude,Mensuration,Medium,CAT
Q05872,Verbal Ability,Critical Reasoning,Medium,General
Q05873,Verbal Ability,Reading Comprehension,Easy,"General,SSC,Placements"
Q05874,Quantitative Aptitude,Mensuration,Medium,"CAT,General,SSC"
Q05875,Verbal Ability,Fill in the Blanks,Hard,"TCS NQT,CAT,General"
Q05876,Verbal Ability,Reading Comprehension,Hard,Banking
Q05877,Quantitative Aptitude,Surds & Indices,Easy,General
Q05878,Quantitative Aptitude,Compound Interest,Easy,SSC
Q05879,Data Interpretation,Line Graphs,Easy,"Banking,Placements"
Q05880,Data Interpretation,Pie Charts,Hard,"CAT,TCS NQT"
Q05881,Logical Reasoning,Clocks & Calendars,Hard,TCS NQT
Q05882,Logical Reasoning,Puzzles,Easy,Banking
Q05883,Data Interpretation,Venn-based DI,Medium,"General,CAT,Banking"
Q05884,Quantitative Aptitude,Time & Work,Hard,Placements
Q05885,Verbal Ability,Para Jumbles,Hard,Banking
Q05886,Logical Reasoning,Data Sufficiency,Medium,"General,Placements"
Q05887,Quantitative Aptitude,Permutation & Combination,Medium,"Placements,CAT"
Q05888,Quantitative Aptitude,Logarithms,Medium,"Placements,TCS NQT,Banking"
Q05889,Verbal Ability,Sentence Correction,Medium,"Placements,SSC"
Q05890,Data Interpretation,Mixed DI Sets,Hard,"General,Placements,TCS NQT"
Q05891,Verbal Ability,Synonyms & Antonyms,Easy,Placements
Q05892,Data Interpretation,Radar/Spider Charts,Hard,General
Q05893,Data Interpretation,Tables,Easy,"TCS NQT,General,Placements"
Q05894,Verbal Ability,Reading Comprehension,Medium,"SSC,Banking"
Q05895,Quantitative Aptitude,Partnership,Medium,"Placements,SSC,General"
Q05896,Data Interpretation,Line Graphs,Easy,Banking
Q05897,Quantitative Aptitude,Geometry,Easy,TCS NQT
Q05898,Data Interpretation,Mixed DI Sets,Hard,Banking
Q05899,Quantitative Aptitude,Quadratic Equations,Medium,CAT
Q05900,Logical Reasoning,Cubes & Dice,Hard,TCS NQT
Q05901,Quantitative Aptitude,Time & Work,Easy,"TCS NQT,Banking"
Q05902,Data Interpretation,Pie Charts,Medium,"Placements,General,Banking"
Q05903,Quantitative Aptitude,Percentages,Medium,CAT
Q05904,Logical Reasoning,Analogy,Medium,Placements
Q05905,Verbal Ability,Para Summary,Medium,SSC
Q05906,Data Interpretation,Venn-based DI,Medium,TCS NQT
Q05907,Verbal Ability,Cloze Test,Hard,"General,Placements,CAT"
Q05908,Data Interpretation,Radar/Spider Charts,Easy,"General,Banking,SSC"
Q05909,Logical Reasoning,Statement & Conclusion,Medium,"Banking,Placements"
Q05910,Verbal Ability,Fill in the Blanks,Medium,"SSC,Placements"
Q05911,Data Interpretation,Line Graphs,Easy,Placements
Q05912,Quantitative Aptitude,Partnership,Easy,Placements
Q05913,Data Interpretation,Line Graphs,Medium,"TCS NQT,CAT,General"
Q05914,Quantitative Aptitude,Logarithms,Easy,"SSC,Placements"
Q05915,Logical Reasoning,Data Sufficiency,Hard,"General,TCS NQT,Placements"
Q05916,Logical Reasoning,Coding-Decoding,Easy,General
Q05917,Quantitative Aptitude,Linear Equations,Hard,"CAT,Banking"
Q05918,Quantitative Aptitude,Time & Work,Easy,"SSC,Placements,General"
Q05919,Quantitative Aptitude,Set Theory,Hard,Banking
Q05920,Verbal Ability,Sentence Correction,Hard,"General,Banking,Placements"
Q05921,Logical Reasoning,Seating Arrangement,Medium,"CAT,TCS NQT,General"
Q05922,Verbal Ability,Critical Reasoning,Medium,"General,Banking"
Q05923,Verbal Ability,Critical Reasoning,Medium,Placements
Q05924,Quantitative Aptitude,Number System,Medium,"General,SSC"
Q05925,Verbal Ability,Sentence Correction,Hard,"SSC,CAT,General"
Q05926,Verbal Ability,Synonyms & Antonyms,Hard,General
Q05927,Verbal Ability,Para Jumbles,Hard,Banking
Q05928,Quantitative Aptitude,Time & Work,Hard,"General,CAT"
Q05929,Verbal Ability,Idioms & Phrases,Medium,"General,Banking"
Q05930,Data Interpretation,Tables,Easy,"General,Banking,SSC"
Q05931,Verbal Ability,Para Summary,Easy,SSC
Q05932,Verbal Ability,Error Spotting,Medium,"Banking,CAT"
Q05933,Verbal Ability,Fill in the Blanks,Medium,"SSC,TCS NQT"
Q05934,Logical Reasoning,Seating Arrangement,Easy,General
Q05935,Data Interpretation,Pie Charts,Medium,"CAT,Banking"
Q05936,Logical Reasoning,Statement & Conclusion,Medium,CAT
Q05937,Data Interpretation,Mixed DI Sets,Medium,"Banking,SSC"
Q05938,Data Interpretation,Bar Graphs,Medium,"General,CAT,Banking"
Q05939,Verbal Ability,Verbal Analogies,Medium,TCS NQT
Q05940,Verbal Ability,Fill in the Blanks,Medium,"TCS NQT,Banking"
Q05941,Logical Reasoning,Data Sufficiency,Medium,CAT
Q05942,Quantitative Aptitude,Trigonometry,Easy,Placements
Q05943,Logical Reasoning,Blood Relations,Easy,"Placements,Banking"
Q05944,Logical Reasoning,Coding-Decoding,Medium,"CAT,General,Banking"
Q05945,Logical Reasoning,Puzzles,Medium,General
Q05946,Quantitative Aptitude,Surds & Indices,Medium,Placements
Q05947,Data Interpretation,Caselets,Medium,Placements
Q05948,Quantitative Aptitude,Progressions (AP/GP),Medium,General
Q05949,Logical Reasoning,Input-Output,Medium,"Banking,General,TCS NQT"
Q05950,Logical Reasoning,Ranking & Order,Medium,TCS NQT
Q05951,Logical Reasoning,Analogy,Easy,CAT
Q05952,Logical Reasoning,Coding-Decoding,Medium,"Banking,General"
Q05953,Quantitative Aptitude,Ratio & Proportion,Easy,TCS NQT
Q05954,Data Interpretation,Line Graphs,Medium,Banking
Q05955,Quantitative Aptitude,Set Theory,Easy,"General,CAT"
Q05956,Logical Reasoning,Cubes & Dice,Medium,"General,TCS NQT"
Q05957,Logical Reasoning,Analogy,Easy,"TCS NQT,Banking,SSC"
Q05958,Quantitative Aptitude,Ratio & Proportion,Medium,"Placements,TCS NQT,SSC"
Q05959,Verbal Ability,Sentence Correction,Medium,TCS NQT
Q05960,Data Interpretation,Pie Charts,Medium,"Banking,SSC,TCS NQT"
Q05961,Logical Reasoning,Series Completion,Medium,TCS NQT
Q05962,Quantitative Aptitude,Surds & Indices,Easy,"TCS NQT,SSC,Placements"
Q05963,Quantitative Aptitude,Ratio & Proportion,Easy,Placements
Q05964,Quantitative Aptitude,Percentages,Easy,CAT
Q05965,Verbal Ability,Verbal Analogies,Hard,SSC
Q05966,Data Interpretation,Bar Graphs,Easy,"Banking,General"
Q05967,Logical Reasoning,Statement & Conclusion,Easy,"TCS NQT,Banking"
Q05968,Logical Reasoning,Clocks & Calendars,Easy,"CAT,General"
Q05969,Data Interpretation,Bar Graphs,Hard,Banking
Q05970,Quantitative Aptitude,Probability,Medium,"Banking,SSC"
Q05971,Verbal Ability,Critical Reasoning,Medium,"General,Banking,TCS NQT"
Q05972,Data Interpretation,Data Sufficiency (DI),Medium,"TCS NQT,Banking"
Q05973,Logical Reasoning,Cubes & Dice,Easy,"CAT,Banking"
Q05974,Verbal Ability,Sentence Correction,Easy,"SSC,Banking"
Q05975,Quantitative Aptitude,Partnership,Medium,SSC
Q05976,Logical Reasoning,Venn Diagrams,Medium,CAT
Q05977,Verbal Ability,Para Summary,Medium,SSC
Q05978,Data Interpretation,Mixed DI Sets,Medium,"Placements,Banking,General"
Q05979,Verbal Ability,Reading Comprehension,Easy,"General,Banking,SSC"
Q05980,Quantitative Aptitude,Progressions (AP/GP),Medium,"TCS NQT,Placements"
Q05981,Logical Reasoning,Cubes & Dice,Medium,"CAT,General"
Q05982,Data Interpretation,Mixed DI Sets,Medium,TCS NQT
Q05983,Quantitative Aptitude,Partnership,Easy,"Placements,SSC"
Q05984,Data Interpretation,Tables,Medium,General
Q05985,Logical Reasoning,Data Sufficiency,Easy,"Banking,CAT,Placements"
Q05986,Data Interpretation,Mixed DI Sets,Medium,"CAT,Placements"
Q05987,Verbal Ability,Idioms & Phrases,Easy,Banking
Q05988,Logical Reasoning,Input-Output,Easy,"Placements,Banking,SSC"
Q05989,Quantitative Aptitude,Ratio & Proportion,Easy,SSC
Q05990,Logical Reasoning,Clocks & Calendars,Medium,"TCS NQT,General,SSC"
Q05991,Quantitative Aptitude,Logarithms,Medium,"SSC,General"
Q05992,Verbal Ability,Para Summary,Medium,"Banking,Placements,SSC"
Q05993,Verbal Ability,Fill in the Blanks,Easy,"SSC,Placements"
Q05994,Quantitative Aptitude,Mixtures & Alligations,Easy,"SSC,CAT,General"
Q05995,Verbal Ability,Verbal Analogies,Medium,Banking
Q05996,Quantitative Aptitude,Progressions (AP/GP),Medium,"TCS NQT,Placements,General"
Q05997,Verbal Ability,Error Spotting,Hard,"SSC,TCS NQT"
Q05998,Verbal Ability,Odd One Out,Easy,"Placements,TCS NQT"
Q05999,Quantitative Aptitude,Averages,Easy,"SSC,CAT"
Q06000,Data Interpretation,Venn-based DI,Medium,"General,TCS NQT,Placements"
Q06001,Verbal Ability,Synonyms & Antonyms,Medium,CAT
Q06002,Data Interpretation,Mixed DI Sets,Medium,"Banking,Placements,General"
Q06003,Data Interpretation,Tables,Medium,"General,TCS NQT,SSC"
Q06004,Quantitative Aptitude,Simple Interest,Easy,Placements
Q06005,Quantitative Aptitude,Simple Interest,Medium,TCS NQT
Q06006,Verbal Ability,Odd One Out,Easy,CAT
Q06007,Verbal Ability,Error Spotting,Medium,CAT
Q06008,Quantitative Aptitude,Trigonometry,Hard,Banking
Q06009,Quantitative Aptitude,Algebra,Easy,"TCS NQT,SSC"
Q06010,Verbal Ability,Sentence Correction,Medium,"General,Banking"
Q06011,Logical Reasoning,Data Sufficiency,Easy,"Banking,TCS NQT"
Q06012,Logical Reasoning,Direction Sense,Medium,CAT
Q06013,Quantitative Aptitude,Ratio & Proportion,Easy,CAT
Q06014,Quantitative Aptitude,Mixtures & Alligations,Hard,"TCS NQT,Banking"
Q06015,Logical Reasoning,Clocks & Calendars,Medium,"CAT,Placements"
Q06016,Quantitative Aptitude,Pipes & Cisterns,Hard,"Placements,TCS NQT,CAT"
Q06017,Logical Reasoning,Blood Relations,Easy,General
Q06018,Verbal Ability,Fill in the Blanks,Easy,Placements
Q06019,Logical Reasoning,Puzzles,Medium,General
Q06020,Data Interpretation,Radar/Spider Charts,Medium,"Banking,SSC"
Q06021,Data Interpretation,Venn-based DI,Easy,"TCS NQT,Banking,Placements"
Q06022,Logical Reasoning,Venn Diagrams,Easy,"SSC,Banking,CAT"
Q06023,Quantitative Aptitude,Probability,Hard,"CAT,TCS NQT"
Q06024,Verbal Ability,Verbal Analogies,Medium,CAT
Q06025,Quantitative Aptitude,Averages,Medium,"SSC,TCS NQT,General"
Q06026,Quantitative Aptitude,"Time, Speed & Distance",Hard,"General,SSC"
Q06027,Verbal Ability,Para Summary,Easy,"Placements,CAT"
Q06028,Quantitative Aptitude,Profit & Loss,Medium,TCS NQT
Q06029,Logical Reasoning,Data Sufficiency,Medium,Placements
Q06030,Quantitative Aptitude,Mixtures & Alligations,Easy,Placements
Q06031,Quantitative Aptitude,Geometry,Medium,General
Q06032,Verbal Ability,Error Spotting,Medium,CAT
Q06033,Quantitative Aptitude,Ratio & Proportion,Medium,SSC
Q06034,Quantitative Aptitude,Mensuration,Medium,"Placements,SSC"
Q06035,Data Interpretation,Data Sufficiency (DI),Medium,General
Q06036,Quantitative Aptitude,Simple Interest,Medium,SSC
Q06037,Quantitative Aptitude,Ratio & Proportion,Easy,"Banking,TCS NQT,General"
Q06038,Logical Reasoning,Ranking & Order,Easy,"CAT,General,SSC"
Q06039,Quantitative Aptitude,Partnership,Hard,"Placements,TCS NQT,SSC"
Q06040,Logical Reasoning,Ranking & Order,Medium,"CAT,Placements,General"
Q06041,Quantitative Aptitude,Set Theory,Medium,"Banking,General,SSC"
Q06042,Logical Reasoning,Seating Arrangement,Medium,"SSC,Placements"
Q06043,Logical Reasoning,Syllogisms,Medium,"Placements,SSC"
Q06044,Logical Reasoning,Syllogisms,Medium,Placements
Q06045,Verbal Ability,Idioms & Phrases,Medium,"CAT,Placements"
Q06046,Logical Reasoning,Coding-Decoding,Medium,"TCS NQT,SSC,Banking"
Q06047,Data Interpretation,Data Sufficiency (DI),Medium,"Placements,Banking"
Q06048,Data Interpretation,Mixed DI Sets,Medium,"Placements,General,TCS NQT"
Q06049,Data Interpretation,Line Graphs,Easy,"Placements,TCS NQT,General"
Q06050,Data Interpretation,Bar Graphs,Medium,CAT
Q06051,Quantitative Aptitude,Compound Interest,Medium,"Banking,TCS NQT"
Q06052,Verbal Ability,Para Jumbles,Hard,Placements
Q06053,Data Interpretation,Bar Graphs,Easy,CAT
Q06054,Logical Reasoning,Statement & Assumption,Easy,SSC
Q06055,Verbal Ability,Para Summary,Medium,"Banking,CAT"
Q06056,Logical Reasoning,Puzzles,Medium,"Banking,General,SSC"
Q06057,Quantitative Aptitude,Number System,Medium,"Banking,Placements"
Q06058,Quantitative Aptitude,Trigonometry,Easy,"TCS NQT,SSC,General"
Q06059,Logical Reasoning,Statement & Assumption,Medium,"CAT,Placements,SSC"
Q06060,Data Interpretation,Mixed DI Sets,Medium,CAT
Q06061,Quantitative Aptitude,Profit & Loss,Medium,Placements
Q06062,Verbal Ability,Error Spotting,Hard,"TCS NQT,SSC,Banking"
Q06063,Verbal Ability,Synonyms & Antonyms,Easy,CAT
Q06064,Data Interpretation,Tables,Easy,"General,Placements"
Q06065,Logical Reasoning,Syllogisms,Medium,TCS NQT
Q06066,Verbal Ability,Critical Reasoning,Easy,"CAT,TCS NQT"
Q06067,Verbal Ability,Error Spotting,Medium,CAT
Q06068,Logical Reasoning,Cubes & Dice,Easy,"Placements,General,TCS NQT"
Q06069,Verbal Ability,Critical Reasoning,Hard,SSC
Q06070,Logical Reasoning,Syllogisms,Medium,"General,Banking"
Q06071,Data Interpretation,Caselets,Medium,"TCS NQT,Banking,CAT"
Q06072,Quantitative Aptitude,Trigonometry,Easy,"General,Banking,SSC"
Q06073,Data Interpretation,Caselets,Medium,"CAT,TCS NQT"
Q06074,Logical Reasoning,Coding-Decoding,Hard,"CAT,Banking"
Q06075,Quantitative Aptitude,Linear Equations,Easy,"TCS NQT,Placements,Banking"
Q06076,Quantitative Aptitude,Compound Interest,Hard,"Banking,Placements,SSC"
Q06077,Data Interpretation,Venn-based DI,Medium,Placements
Q06078,Verbal Ability,Synonyms & Antonyms,Easy,"TCS NQT,CAT"
Q06079,Quantitative Aptitude,Progressions (AP/GP),Easy,"SSC,Banking,TCS NQT"
Q06080,Quantitative Aptitude,Probability,Medium,"General,SSC"
Q06081,Quantitative Aptitude,Permutation & Combination,Medium,"General,Placements,TCS NQT"
Q06082,Quantitative Aptitude,Trigonometry,Hard,General
Q06083,Verbal Ability,Sentence Correction,Medium,"TCS NQT,CAT"
Q06084,Verbal Ability,Synonyms & Antonyms,Medium,Placements
Q06085,Verbal Ability,Para Jumbles,Easy,CAT
Q06086,Quantitative Aptitude,Simple Interest,Easy,"Banking,TCS NQT,CAT"
Q06087,Quantitative Aptitude,Ratio & Proportion,Medium,"SSC,TCS NQT,Banking"
Q06088,Data Interpretation,Bar Graphs,Medium,"CAT,Banking,General"
Q06089,Verbal Ability,Odd One Out,Easy,"General,CAT"
Q06090,Data Interpretation,Tables,Medium,"Placements,SSC,CAT"
Q06091,Logical Reasoning,Statement & Conclusion,Hard,"SSC,Placements,General"
Q06092,Quantitative Aptitude,Pipes & Cisterns,Medium,Banking
Q06093,Quantitative Aptitude,Simple Interest,Medium,Placements
Q06094,Quantitative Aptitude,Compound Interest,Easy,"Banking,SSC"
Q06095,Quantitative Aptitude,Ratio & Proportion,Easy,TCS NQT
Q06096,Quantitative Aptitude,Mensuration,Medium,Placements
Q06097,Data Interpretation,Bar Graphs,Medium,"SSC,Placements"
Q06098,Verbal Ability,Synonyms & Antonyms,Medium,Banking
Q06099,Quantitative Aptitude,Time & Work,Hard,"General,SSC"
Q06100,Data Interpretation,Caselets,Hard,"General,Banking,Placements"
Q06101,Quantitative Aptitude,"Time, Speed & Distance",Medium,"General,CAT,Placements"
Q06102,Quantitative Aptitude,"Time, Speed & Distance",Medium,"SSC,General"
Q06103,Data Interpretation,Radar/Spider Charts,Easy,SSC
Q06104,Quantitative Aptitude,Permutation & Combination,Medium,"Banking,TCS NQT,SSC"
Q06105,Verbal Ability,Reading Comprehension,Easy,"Banking,CAT"
Q06106,Logical Reasoning,Coding-Decoding,Easy,SSC
Q06107,Quantitative Aptitude,Logarithms,Medium,"Banking,TCS NQT,SSC"
Q06108,Quantitative Aptitude,Profit & Loss,Easy,"SSC,Placements,Banking"
Q06109,Logical Reasoning,Analogy,Medium,"TCS NQT,Placements"
Q06110,Verbal Ability,Para Summary,Medium,"General,Placements"
Q06111,Quantitative Aptitude,Time & Work,Hard,"General,SSC,Banking"
Q06112,Logical Reasoning,Statement & Assumption,Medium,"Placements,Banking"
Q06113,Logical Reasoning,Analogy,Easy,"SSC,Placements"
Q06114,Quantitative Aptitude,Time & Work,Easy,"TCS NQT,Placements"
Q06115,Verbal Ability,Reading Comprehension,Easy,"CAT,Banking"
Q06116,Quantitative Aptitude,Linear Equations,Hard,"CAT,Placements,TCS NQT"
Q06117,Logical Reasoning,Blood Relations,Hard,"SSC,TCS NQT,Placements"
Q06118,Quantitative Aptitude,Compound Interest,Easy,"SSC,CAT,TCS NQT"
Q06119,Quantitative Aptitude,Algebra,Medium,"Placements,CAT"
Q06120,Verbal Ability,Synonyms & Antonyms,Easy,"SSC,General,Banking"
Q06121,Quantitative Aptitude,Ratio & Proportion,Hard,"Placements,Banking"
Q06122,Quantitative Aptitude,Surds & Indices,Hard,"Placements,Banking,General"
Q06123,Logical Reasoning,Clocks & Calendars,Medium,"Placements,CAT,Banking"
Q06124,Data Interpretation,Data Sufficiency (DI),Hard,SSC
Q06125,Quantitative Aptitude,Surds & Indices,Easy,"TCS NQT,General"
Q06126,Verbal Ability,Reading Comprehension,Easy,"General,TCS NQT,SSC"
Q06127,Quantitative Aptitude,Simple Interest,Medium,Placements
Q06128,Data Interpretation,Pie Charts,Easy,General
Q06129,Verbal Ability,Idioms & Phrases,Easy,CAT
Q06130,Quantitative Aptitude,Averages,Easy,"TCS NQT,Placements,General"
Q06131,Quantitative Aptitude,Profit & Loss,Hard,"CAT,Placements,TCS NQT"
Q06132,Quantitative Aptitude,Simple Interest,Easy,CAT
Q06133,Quantitative Aptitude,Linear Equations,Medium,"SSC,TCS NQT,CAT"
Q06134,Quantitative Aptitude,Partnership,Easy,"TCS NQT,Placements"
Q06135,Quantitative Aptitude,Geometry,Easy,"Banking,TCS NQT,General"
Q06136,Verbal Ability,Para Summary,Medium,"CAT,General"
Q06137,Quantitative Aptitude,Progressions (AP/GP),Hard,TCS NQT
Q06138,Data Interpretation,Mixed DI Sets,Easy,"TCS NQT,General"
Q06139,Quantitative Aptitude,Percentages,Medium,"SSC,General"
Q06140,Quantitative Aptitude,Compound Interest,Hard,"CAT,General,Banking"
Q06141,Quantitative Aptitude,Time & Work,Easy,"TCS NQT,Banking,General"
Q06142,Quantitative Aptitude,Set Theory,Medium,"Banking,Placements,SSC"
Q06143,Logical Reasoning,Venn Diagrams,Medium,"Banking,General,SSC"
Q06144,Data Interpretation,Data Sufficiency (DI),Medium,"SSC,CAT,Banking"
Q06145,Logical Reasoning,Direction Sense,Medium,SSC
Q06146,Data Interpretation,Line Graphs,Medium,TCS NQT
Q06147,Quantitative Aptitude,Compound Interest,Medium,"Banking,Placements,TCS NQT"
Q06148,Logical Reasoning,Seating Arrangement,Easy,Placements
Q06149,Logical Reasoning,Blood Relations,Medium,"General,CAT"
Q06150,Quantitative Aptitude,Percentages,Medium,"Placements,TCS NQT"
Q06151,Verbal Ability,Critical Reasoning,Medium,"Placements,CAT,SSC"
Q06152,Quantitative Aptitude,Pipes & Cisterns,Medium,"TCS NQT,General"
Q06153,Quantitative Aptitude,Partnership,Medium,CAT
Q06154,Verbal Ability,Odd One Out,Medium,"Banking,Placements,General"
Q06155,Verbal Ability,Verbal Analogies,Medium,"TCS NQT,General,SSC"
Q06156,Logical Reasoning,Puzzles,Medium,"Placements,TCS NQT,General"
Q06157,Data Interpretation,Pie Charts,Easy,"TCS NQT,CAT,General"
Q06158,Verbal Ability,Sentence Correction,Easy,"Banking,General"
Q06159,Data Interpretation,Bar Graphs,Hard,"General,Placements,CAT"
Q06160,Data Interpretation,Bar Graphs,Hard,SSC
Q06161,Logical Reasoning,Series Completion,Medium,"Placements,TCS NQT,SSC"
Q06162,Quantitative Aptitude,"Time, Speed & Distance",Medium,"Banking,Placements,CAT"
Q06163,Quantitative Aptitude,Number System,Medium,"General,CAT"
Q06164,Data Interpretation,Mixed DI Sets,Medium,SSC
Q06165,Verbal Ability,Sentence Correction,Easy,"Placements,TCS NQT,CAT"
Q06166,Quantitative Aptitude,Linear Equations,Medium,"General,Placements,Banking"
Q06167,Quantitative Aptitude,Logarithms,Easy,General
Q06168,Quantitative Aptitude,Progressions (AP/GP),Easy,"CAT,General,Banking"
Q06169,Quantitative Aptitude,Quadratic Equations,Easy,"General,Banking,Placements"
Q06170,Verbal Ability,Odd One Out,Easy,"Placements,General"
Q06171,Logical Reasoning,Coding-Decoding,Medium,"Placements,TCS NQT,Banking"
Q06172,Data Interpretation,Tables,Easy,Banking
Q06173,Logical Reasoning,Input-Output,Hard,"CAT,TCS NQT,SSC"
Q06174,Quantitative Aptitude,Set Theory,Easy,General
Q06175,Logical Reasoning,Ranking & Order,Medium,Banking
Q06176,Verbal Ability,Odd One Out,Hard,Placements
Q06177,Verbal Ability,Para Summary,Medium,"SSC,CAT,TCS NQT"
Q06178,Logical Reasoning,Seating Arrangement,Hard,Placements
Q06179,Logical Reasoning,Coding-Decoding,Hard,Placements
Q06180,Data Interpretation,Line Graphs,Easy,General
Q06181,Quantitative Aptitude,Probability,Easy,"General,Placements,SSC"
Q06182,Data Interpretation,Line Graphs,Hard,"General,TCS NQT"
Q06183,Logical Reasoning,Seating Arrangement,Easy,"Banking,SSC,CAT"
Q06184,Verbal Ability,Para Summary,Easy,"Banking,General"
Q06185,Quantitative Aptitude,Simple Interest,Medium,"CAT,Banking,SSC"
Q06186,Logical Reasoning,Coding-Decoding,Hard,General
Q06187,Logical Reasoning,Puzzles,Easy,"SSC,Placements,CAT"
Q06188,Logical Reasoning,Direction Sense,Easy,"TCS NQT,Banking"
Q06189,Data Interpretation,Data Sufficiency (DI),Easy,Banking
Q06190,Logical Reasoning,Puzzles,Easy,"TCS NQT,Banking"
Q06191,Quantitative Aptitude,Progressions (AP/GP),Easy,"General,Placements,SSC"
Q06192,Verbal Ability,Fill in the Blanks,Medium,"Banking,Placements,CAT"
Q06193,Verbal Ability,Error Spotting,Medium,"Placements,Banking,TCS NQT"
Q06194,Verbal Ability,Fill in the Blanks,Hard,"Banking,TCS NQT,General"
Q06195,Verbal Ability,Synonyms & Antonyms,Medium,"SSC,TCS NQT,CAT"
Q06196,Verbal Ability,Synonyms & Antonyms,Easy,"Banking,Placements"
Q06197,Verbal Ability,Critical Reasoning,Medium,"TCS NQT,General,Placements"
Q06198,Quantitative Aptitude,Algebra,Medium,"Placements,TCS NQT"
Q06199,Data Interpretation,Caselets,Medium,"Banking,CAT,General"
Q06200,Logical Reasoning,Clocks & Calendars,Easy,TCS NQT
Q06201,Verbal Ability,Verbal Analogies,Medium,Banking
Q06202,Verbal Ability,Critical Reasoning,Easy,"Banking,Placements,General"
Q06203,Logical Reasoning,Input-Output,Medium,"SSC,CAT,Banking"
Q06204,Verbal Ability,Verbal Analogies,Hard,"Banking,General,CAT"
Q06205,Logical Reasoning,Blood Relations,Hard,"TCS NQT,Banking,SSC"
Q06206,Logical Reasoning,Analogy,Easy,"TCS NQT,SSC"
Q06207,Logical Reasoning,Clocks & Calendars,Hard,"SSC,CAT"
Q06208,Quantitative Aptitude,Permutation & Combination,Easy,TCS NQT
Q06209,Verbal Ability,Idioms & Phrases,Easy,"CAT,Banking"
Q06210,Verbal Ability,Odd One Out,Easy,SSC
Q06211,Quantitative Aptitude,Mensuration,Hard,"General,SSC,Placements"
Q06212,Logical Reasoning,Ranking & Order,Hard,"TCS NQT,General,CAT"
Q06213,Verbal Ability,Para Summary,Hard,"TCS NQT,General"
Q06214,Quantitative Aptitude,Number System,Easy,"SSC,General"
Q06215,Verbal Ability,Reading Comprehension,Medium,"Placements,TCS NQT,Banking"
Q06216,Verbal Ability,Reading Comprehension,Easy,"Placements,CAT"
Q06217,Verbal Ability,Reading Comprehension,Medium,Banking
Q06218,Logical Reasoning,Direction Sense,Hard,"CAT,Banking"
Q06219,Quantitative Aptitude,Quadratic Equations,Easy,"TCS NQT,General"
Q06220,Quantitative Aptitude,Percentages,Hard,TCS NQT
Q06221,Verbal Ability,Synonyms & Antonyms,Medium,"TCS NQT,SSC"
Q06222,Quantitative Aptitude,Linear Equations,Easy,"CAT,Placements,General"
Q06223,Quantitative Aptitude,Probability,Medium,"TCS NQT,General,Placements"
Q06224,Quantitative Aptitude,Surds & Indices,Medium,SSC
Q06225,Verbal Ability,Odd One Out,Medium,"General,TCS NQT"
Q06226,Verbal Ability,Idioms & Phrases,Easy,TCS NQT
Q06227,Logical Reasoning,Analogy,Hard,"General,CAT"
Q06228,Data Interpretation,Venn-based DI,Medium,"Banking,Placements"
Q06229,Logical Reasoning,Blood Relations,Easy,Banking
Q06230,Quantitative Aptitude,Linear Equations,Medium,CAT
Q06231,Quantitative Aptitude,Number System,Medium,CAT
Q06232,Logical Reasoning,Data Sufficiency,Easy,"Banking,General,CAT"
Q06233,Data Interpretation,Mixed DI Sets,Easy,"Placements,CAT,SSC"
Q06234,Data Interpretation,Data Sufficiency (DI),Medium,"CAT,TCS NQT"
Q06235,Quantitative Aptitude,Averages,Medium,"Placements,Banking,SSC"
Q06236,Verbal Ability,Para Summary,Medium,"TCS NQT,CAT"
Q06237,Logical Reasoning,Analogy,Medium,"CAT,General,Banking"
Q06238,Quantitative Aptitude,Time & Work,Hard,"General,CAT"
Q06239,Logical Reasoning,Blood Relations,Easy,General
Q06240,Verbal Ability,Sentence Correction,Easy,"SSC,CAT"
Q06241,Data Interpretation,Bar Graphs,Medium,SSC
Q06242,Quantitative Aptitude,Mixtures & Alligations,Medium,"SSC,Placements"
Q06243,Quantitative Aptitude,Logarithms,Medium,"CAT,Banking,TCS NQT"
Q06244,Verbal Ability,Critical Reasoning,Easy,"SSC,Banking,TCS NQT"
Q06245,Data Interpretation,Mixed DI Sets,Medium,SSC
Q06246,Data Interpretation,Bar Graphs,Medium,"Placements,General"
Q06247,Verbal Ability,Para Jumbles,Medium,"SSC,TCS NQT"
Q06248,Verbal Ability,Verbal Analogies,Medium,"Banking,Placements"
Q06249,Verbal Ability,Fill in the Blanks,Easy,"Placements,General"
Q06250,Logical Reasoning,Coding-Decoding,Hard,TCS NQT
Q06251,Logical Reasoning,Blood Relations,Medium,"Placements,General"
Q06252,Logical Reasoning,Clocks & Calendars,Easy,"CAT,SSC"
Q06253,Quantitative Aptitude,Trigonometry,Easy,"Banking,General"
Q06254,Logical Reasoning,Clocks & Calendars,Hard,"SSC,General,TCS NQT"
Q06255,Verbal Ability,Verbal Analogies,Medium,TCS NQT
Q06256,Quantitative Aptitude,Geometry,Easy,"Placements,CAT"
Q06257,Quantitative Aptitude,Ratio & Proportion,Easy,"Placements,SSC,CAT"
Q06258,Quantitative Aptitude,Trigonometry,Medium,Placements
Q06259,Quantitative Aptitude,Mixtures & Alligations,Easy,"General,SSC"
Q06260,Data Interpretation,Tables,Hard,Placements
Q06261,Verbal Ability,Error Spotting,Medium,"CAT,General,Placements"
Q06262,Quantitative Aptitude,Quadratic Equations,Medium,General
Q06263,Logical Reasoning,Coding-Decoding,Medium,CAT
Q06264,Logical Reasoning,Analogy,Easy,General
Q06265,Data Interpretation,Line Graphs,Easy,"Banking,General,Placements"
Q06266,Logical Reasoning,Input-Output,Easy,"TCS NQT,General"
Q06267,Logical Reasoning,Statement & Assumption,Easy,"SSC,TCS NQT,General"
Q06268,Logical Reasoning,Venn Diagrams,Medium,"SSC,Placements,TCS NQT"
Q06269,Quantitative Aptitude,Progressions (AP/GP),Easy,"SSC,Placements,General"
Q06270,Verbal Ability,Synonyms & Antonyms,Easy,"SSC,CAT,Banking"
Q06271,Quantitative Aptitude,Simple Interest,Medium,"SSC,Banking,General"
Q06272,Data Interpretation,Pie Charts,Easy,"CAT,General"
Q06273,Quantitative Aptitude,Algebra,Medium,TCS NQT
Q06274,Verbal Ability,Cloze Test,Easy,SSC
Q06275,Logical Reasoning,Clocks & Calendars,Medium,"CAT,SSC,Banking"
Q06276,Logical Reasoning,Cubes & Dice,Medium,"SSC,Banking"
Q06277,Verbal Ability,Sentence Correction,Easy,"General,Placements"
Q06278,Quantitative Aptitude,Linear Equations,Medium,SSC
Q06279,Data Interpretation,Radar/Spider Charts,Medium,"General,SSC,CAT"
Q06280,Quantitative Aptitude,Mensuration,Hard,SSC
Q06281,Data Interpretation,Caselets,Medium,"TCS NQT,Banking,Placements"
Q06282,Quantitative Aptitude,Averages,Medium,"TCS NQT,Placements"
Q06283,Verbal Ability,Reading Comprehension,Easy,"Placements,Banking"
Q06284,Quantitative Aptitude,Permutation & Combination,Medium,"CAT,Placements,TCS NQT"
Q06285,Logical Reasoning,Puzzles,Easy,"Placements,Banking,CAT"
Q06286,Quantitative Aptitude,Profit & Loss,Easy,"Placements,General,TCS NQT"
Q06287,Quantitative Aptitude,Geometry,Medium,TCS NQT
Q06288,Data Interpretation,Radar/Spider Charts,Easy,"TCS NQT,Placements,CAT"
Q06289,Logical Reasoning,Data Sufficiency,Medium,Banking
Q06290,Quantitative Aptitude,Probability,Medium,"Placements,CAT"
Q06291,Logical Reasoning,Clocks & Calendars,Medium,"Banking,Placements,SSC"
Q06292,Quantitative Aptitude,Surds & Indices,Easy,SSC
Q06293,Quantitative Aptitude,Time & Work,Easy,Banking
Q06294,Verbal Ability,Error Spotting,Medium,"Banking,SSC"
Q06295,Verbal Ability,Cloze Test,Easy,SSC
Q06296,Verbal Ability,Error Spotting,Easy,Banking
Q06297,Quantitative Aptitude,Permutation & Combination,Medium,CAT
Q06298,Verbal Ability,Idioms & Phrases,Medium,"CAT,SSC,Banking"
Q06299,Logical Reasoning,Analogy,Medium,SSC
Q06300,Quantitative Aptitude,Averages,Easy,"Banking,CAT"
Q06301,Logical Reasoning,Analogy,Hard,"General,Banking"
Q06302,Data Interpretation,Line Graphs,Medium,"Banking,TCS NQT,CAT"
Q06303,Logical Reasoning,Clocks & Calendars,Hard,Placements
Q06304,Quantitative Aptitude,Quadratic Equations,Easy,TCS NQT
Q06305,Logical Reasoning,Statement & Conclusion,Medium,"General,Banking"
Q06306,Data Interpretation,Caselets,Medium,"CAT,TCS NQT"
Q06307,Logical Reasoning,Blood Relations,Medium,"CAT,General,TCS NQT"
Q06308,Logical Reasoning,Venn Diagrams,Medium,"Placements,TCS NQT"
Q06309,Data Interpretation,Bar Graphs,Medium,"Placements,SSC,General"
Q06310,Quantitative Aptitude,Simple Interest,Hard,"CAT,TCS NQT,Banking"
Q06311,Logical Reasoning,Clocks & Calendars,Medium,"Placements,SSC"
Q06312,Verbal Ability,Para Summary,Medium,"General,TCS NQT"
Q06313,Logical Reasoning,Clocks & Calendars,Easy,"General,TCS NQT,Banking"
Q06314,Verbal Ability,Verbal Analogies,Medium,"Banking,Placements"
Q06315,Quantitative Aptitude,Probability,Medium,"Banking,SSC"
Q06316,Data Interpretation,Mixed DI Sets,Easy,"Placements,TCS NQT,CAT"
Q06317,Quantitative Aptitude,Progressions (AP/GP),Medium,Placements
Q06318,Quantitative Aptitude,Compound Interest,Easy,Banking
Q06319,Quantitative Aptitude,Pipes & Cisterns,Medium,"Banking,TCS NQT,CAT"
Q06320,Logical Reasoning,Direction Sense,Easy,"TCS NQT,General"
Q06321,Verbal Ability,Sentence Correction,Hard,"TCS NQT,Banking,CAT"
Q06322,Quantitative Aptitude,Mensuration,Easy,SSC
Q06323,Verbal Ability,Verbal Analogies,Medium,"SSC,General,TCS NQT"
Q06324,Data Interpretation,Pie Charts,Hard,"Placements,Banking"
Q06325,Data Interpretation,Radar/Spider Charts,Medium,TCS NQT
Q06326,Quantitative Aptitude,Quadratic Equations,Medium,"CAT,General,Placements"
Q06327,Logical Reasoning,Series Completion,Easy,"CAT,Placements,SSC"
Q06328,Logical Reasoning,Input-Output,Easy,"CAT,General,Placements"
Q06329,Logical Reasoning,Analogy,Easy,"CAT,SSC,TCS NQT"
Q06330,Logical Reasoning,Blood Relations,Medium,General
Q06331,Quantitative Aptitude,Logarithms,Medium,"General,TCS NQT,Placements"
Q06332,Verbal Ability,Para Jumbles,Medium,"Banking,TCS NQT"
Q06333,Quantitative Aptitude,Percentages,Hard,"SSC,Placements"
Q06334,Quantitative Aptitude,Probability,Medium,"Banking,TCS NQT"
Q06335,Data Interpretation,Tables,Medium,SSC
Q06336,Logical Reasoning,Seating Arrangement,Hard,"General,SSC,CAT"
Q06337,Verbal Ability,Error Spotting,Hard,"General,CAT"
Q06338,Logical Reasoning,Venn Diagrams,Hard,Placements
Q06339,Logical Reasoning,Ranking & Order,Easy,General
Q06340,Quantitative Aptitude,Pipes & Cisterns,Medium,CAT
Q06341,Quantitative Aptitude,Progressions (AP/GP),Medium,TCS NQT
Q06342,Verbal Ability,Para Jumbles,Easy,Placements
Q06343,Data Interpretation,Venn-based DI,Easy,TCS NQT
Q06344,Data Interpretation,Radar/Spider Charts,Medium,"Placements,SSC"
Q06345,Data Interpretation,Mixed DI Sets,Medium,Placements
Q06346,Quantitative Aptitude,Pipes & Cisterns,Medium,"CAT,TCS NQT"
Q06347,Logical Reasoning,Syllogisms,Easy,"TCS NQT,SSC,CAT"
Q06348,Data Interpretation,Venn-based DI,Medium,"CAT,General,SSC"
Q06349,Verbal Ability,Fill in the Blanks,Hard,Placements
Q06350,Logical Reasoning,Clocks & Calendars,Medium,General
Q06351,Data Interpretation,Radar/Spider Charts,Medium,Banking
Q06352,Logical Reasoning,Seating Arrangement,Easy,"General,TCS NQT"
Q06353,Logical Reasoning,Analogy,Hard,Banking
Q06354,Logical Reasoning,Ranking & Order,Easy,Banking
Q06355,Logical Reasoning,Seating Arrangement,Medium,General
Q06356,Data Interpretation,Mixed DI Sets,Hard,"General,TCS NQT,Banking"
Q06357,Verbal Ability,Verbal Analogies,Easy,Placements
Q06358,Verbal Ability,Fill in the Blanks,Hard,TCS NQT
Q06359,Logical Reasoning,Syllogisms,Medium,"CAT,SSC,TCS NQT"
Q06360,Data Interpretation,Data Sufficiency (DI),Easy,SSC
Q06361,Quantitative Aptitude,Set Theory,Medium,"Banking,Placements"
Q06362,Logical Reasoning,Seating Arrangement,Medium,"SSC,Banking,TCS NQT"
Q06363,Quantitative Aptitude,Ratio & Proportion,Hard,"Banking,TCS NQT,Placements"
Q06364,Verbal Ability,Fill in the Blanks,Medium,"CAT,General"
Q06365,Data Interpretation,Data Sufficiency (DI),Medium,"Placements,Banking"
Q06366,Logical Reasoning,Syllogisms,Hard,"Placements,TCS NQT,General"
Q06367,Quantitative Aptitude,Trigonometry,Easy,"Placements,Banking"
Q06368,Data Interpretation,Bar Graphs,Medium,TCS NQT
Q06369,Logical Reasoning,Input-Output,Hard,"Banking,General,CAT"
Q06370,Quantitative Aptitude,Algebra,Medium,SSC
Q06371,Quantitative Aptitude,Time & Work,Medium,"CAT,Banking,SSC"
Q06372,Logical Reasoning,Statement & Conclusion,Easy,General
Q06373,Data Interpretation,Data Sufficiency (DI),Easy,CAT
Q06374,Verbal Ability,Para Jumbles,Easy,"General,Banking,SSC"
Q06375,Data Interpretation,Tables,Easy,"TCS NQT,SSC"
Q06376,Data Interpretation,Data Sufficiency (DI),Medium,"CAT,SSC"
Q06377,Quantitative Aptitude,Simple Interest,Medium,Placements
Q06378,Verbal Ability,Cloze Test,Medium,"TCS NQT,CAT,Placements"
Q06379,Quantitative Aptitude,Trigonometry,Hard,CAT
Q06380,Logical Reasoning,Statement & Conclusion,Easy,Banking
Q06381,Quantitative Aptitude,Geometry,Medium,Banking
Q06382,Logical Reasoning,Direction Sense,Medium,"CAT,SSC,TCS NQT"
Q06383,Data Interpretation,Caselets,Medium,"CAT,TCS NQT"
Q06384,Logical Reasoning,Statement & Assumption,Hard,"SSC,Placements,CAT"
Q06385,Quantitative Aptitude,Progressions (AP/GP),Easy,"TCS NQT,CAT"
Q06386,Verbal Ability,Para Summary,Medium,"Banking,SSC"
Q06387,Quantitative Aptitude,Partnership,Medium,"TCS NQT,CAT,Placements"
Q06388,Data Interpretation,Line Graphs,Easy,"TCS NQT,SSC,Banking"
Q06389,Quantitative Aptitude,Averages,Medium,"SSC,CAT"
Q06390,Data Interpretation,Tables,Easy,"TCS NQT,Banking"
Q06391,Data Interpretation,Line Graphs,Easy,"CAT,Banking"
Q06392,Verbal Ability,Critical Reasoning,Medium,CAT
Q06393,Quantitative Aptitude,Set Theory,Hard,"TCS NQT,General"
Q06394,Verbal Ability,Para Jumbles,Easy,Banking
Q06395,Quantitative Aptitude,Averages,Medium,"CAT,Placements,SSC"
Q06396,Logical Reasoning,Series Completion,Medium,"TCS NQT,General,CAT"
Q06397,Data Interpretation,Venn-based DI,Hard,"Placements,TCS NQT"
Q06398,Logical Reasoning,Analogy,Easy,"General,SSC"
Q06399,Verbal Ability,Idioms & Phrases,Hard,General
Q06400,Verbal Ability,Sentence Correction,Medium,Banking
Q06401,Logical Reasoning,Clocks & Calendars,Easy,"Banking,CAT"
Q06402,Quantitative Aptitude,Averages,Easy,Placements
Q06403,Data Interpretation,Bar Graphs,Hard,"CAT,TCS NQT,General"
Q06404,Quantitative Aptitude,Linear Equations,Easy,TCS NQT
Q06405,Verbal Ability,Cloze Test,Medium,"CAT,Placements"
Q06406,Quantitative Aptitude,Probability,Easy,Banking
Q06407,Logical Reasoning,Direction Sense,Easy,"SSC,Placements"
Q06408,Verbal Ability,Reading Comprehension,Medium,"CAT,Placements"
Q06409,Verbal Ability,Sentence Correction,Medium,TCS NQT
Q06410,Data Interpretation,Bar Graphs,Easy,"General,SSC,Banking"
Q06411,Quantitative Aptitude,Mensuration,Easy,CAT
Q06412,Logical Reasoning,Statement & Conclusion,Hard,"CAT,General"
Q06413,Verbal Ability,Reading Comprehension,Hard,"General,Banking,SSC"
Q06414,Data Interpretation,Pie Charts,Easy,"Placements,General,SSC"
Q06415,Data Interpretation,Mixed DI Sets,Medium,TCS NQT
Q06416,Verbal Ability,Cloze Test,Medium,CAT
Q06417,Verbal Ability,Verbal Analogies,Medium,"General,TCS NQT"
Q06418,Quantitative Aptitude,Mixtures & Alligations,Medium,General
Q06419,Quantitative Aptitude,Compound Interest,Hard,SSC
Q06420,Data Interpretation,Venn-based DI,Hard,"CAT,TCS NQT"
Q06421,Quantitative Aptitude,Pipes & Cisterns,Medium,"TCS NQT,Banking,Placements"
Q06422,Verbal Ability,Error Spotting,Medium,"SSC,TCS NQT"
Q06423,Verbal Ability,Para Summary,Easy,Placements
Q06424,Verbal Ability,Synonyms & Antonyms,Easy,"CAT,Banking"
Q06425,Logical Reasoning,Clocks & Calendars,Medium,Placements
Q06426,Verbal Ability,Critical Reasoning,Easy,SSC
Q06427,Quantitative Aptitude,Partnership,Medium,"General,Placements,TCS NQT"
Q06428,Verbal Ability,Para Summary,Easy,CAT
Q06429,Quantitative Aptitude,Probability,Easy,"CAT,General,Placements"
Q06430,Quantitative Aptitude,Mixtures & Alligations,Hard,"TCS NQT,Banking"
Q06431,Quantitative Aptitude,Simple Interest,Medium,"Banking,Placements,CAT"
Q06432,Verbal Ability,Odd One Out,Hard,Placements
Q06433,Logical Reasoning,Ranking & Order,Medium,"General,Placements"
Q06434,Quantitative Aptitude,Percentages,Hard,CAT
Q06435,Quantitative Aptitude,Percentages,Easy,"SSC,Placements,Banking"
Q06436,Logical Reasoning,Input-Output,Easy,"Placements,CAT,SSC"
Q06437,Verbal Ability,Sentence Correction,Easy,"TCS NQT,General"
Q06438,Data Interpretation,Bar Graphs,Hard,SSC
Q06439,Data Interpretation,Radar/Spider Charts,Medium,"TCS NQT,SSC"
Q06440,Data Interpretation,Bar Graphs,Easy,CAT
Q06441,Logical Reasoning,Analogy,Easy,Placements
Q06442,Logical Reasoning,Venn Diagrams,Medium,"CAT,General,Banking"
Q06443,Data Interpretation,Tables,Medium,"Banking,CAT,Placements"
Q06444,Logical Reasoning,Syllogisms,Medium,"Banking,Placements,TCS NQT"
Q06445,Quantitative Aptitude,Profit & Loss,Medium,Placements
Q06446,Verbal Ability,Idioms & Phrases,Medium,"TCS NQT,CAT"
Q06447,Quantitative Aptitude,Pipes & Cisterns,Medium,"Banking,CAT,General"
Q06448,Quantitative Aptitude,Trigonometry,Easy,Placements
Q06449,Quantitative Aptitude,Simple Interest,Easy,SSC
Q06450,Quantitative Aptitude,Algebra,Medium,"SSC,Banking,CAT"
Q06451,Data Interpretation,Radar/Spider Charts,Medium,TCS NQT
Q06452,Quantitative Aptitude,Time & Work,Easy,"CAT,Banking,General"
Q06453,Data Interpretation,Radar/Spider Charts,Hard,"SSC,Placements"
Q06454,Verbal Ability,Para Summary,Easy,Placements
Q06455,Quantitative Aptitude,Ratio & Proportion,Medium,"SSC,Placements"
Q06456,Verbal Ability,Synonyms & Antonyms,Easy,"Placements,CAT"
Q06457,Logical Reasoning,Ranking & Order,Medium,Placements
Q06458,Quantitative Aptitude,Algebra,Medium,Placements
Q06459,Data Interpretation,Caselets,Easy,Placements
Q06460,Quantitative Aptitude,Pipes & Cisterns,Easy,"General,CAT,SSC"
Q06461,Logical Reasoning,Clocks & Calendars,Hard,"Banking,General,Placements"
Q06462,Logical Reasoning,Ranking & Order,Easy,"CAT,Placements,TCS NQT"
Q06463,Logical Reasoning,Input-Output,Medium,"General,SSC,TCS NQT"
Q06464,Quantitative Aptitude,Simple Interest,Medium,Placements
Q06465,Quantitative Aptitude,Trigonometry,Medium,"CAT,Banking"
Q06466,Verbal Ability,Verbal Analogies,Easy,"General,TCS NQT"
Q06467,Data Interpretation,Bar Graphs,Medium,"Placements,SSC,TCS NQT"
Q06468,Verbal Ability,Error Spotting,Medium,"TCS NQT,General"
Q06469,Logical Reasoning,Data Sufficiency,Medium,Banking
Q06470,Verbal Ability,Reading Comprehension,Medium,CAT
Q06471,Quantitative Aptitude,Simple Interest,Medium,"General,CAT,SSC"
Q06472,Data Interpretation,Venn-based DI,Easy,"CAT,Placements,Banking"
Q06473,Quantitative Aptitude,Probability,Easy,"General,SSC"
Q06474,Verbal Ability,Error Spotting,Easy,"TCS NQT,Banking,SSC"
Q06475,Logical Reasoning,Analogy,Easy,"Banking,TCS NQT,General"
Q06476,Data Interpretation,Line Graphs,Medium,Banking
Q06477,Quantitative Aptitude,Quadratic Equations,Easy,CAT
Q06478,Logical Reasoning,Statement & Conclusion,Easy,"Banking,SSC"
Q06479,Quantitative Aptitude,Number System,Hard,"General,Placements,Banking"
Q06480,Quantitative Aptitude,Surds & Indices,Easy,"CAT,TCS NQT,General"
Q06481,Logical Reasoning,Syllogisms,Easy,"SSC,TCS NQT"
Q06482,Quantitative Aptitude,Progressions (AP/GP),Medium,CAT
Q06483,Logical Reasoning,Input-Output,Medium,"CAT,General"
Q06484,Data Interpretation,Data Sufficiency (DI),Medium,"General,TCS NQT,Placements"
Q06485,Verbal Ability,Para Summary,Easy,"General,Placements,TCS NQT"
Q06486,Data Interpretation,Mixed DI Sets,Medium,SSC
Q06487,Quantitative Aptitude,Probability,Easy,"TCS NQT,Banking"
Q06488,Quantitative Aptitude,Averages,Easy,"CAT,TCS NQT"
Q06489,Logical Reasoning,Coding-Decoding,Medium,Placements
Q06490,Verbal Ability,Verbal Analogies,Easy,"Banking,SSC,TCS NQT"
Q06491,Verbal Ability,Para Summary,Hard,Placements
Q06492,Data Interpretation,Bar Graphs,Medium,CAT
Q06493,Quantitative Aptitude,Time & Work,Hard,General
Q06494,Quantitative Aptitude,Pipes & Cisterns,Medium,"General,Placements"
Q06495,Logical Reasoning,Blood Relations,Easy,"SSC,CAT"
Q06496,Verbal Ability,Sentence Correction,Easy,CAT
Q06497,Verbal Ability,Reading Comprehension,Easy,CAT
Q06498,Verbal Ability,Idioms & Phrases,Medium,"Banking,Placements,SSC"
Q06499,Quantitative Aptitude,Pipes & Cisterns,Medium,"Banking,General,Placements"
Q06500,Data Interpretation,Pie Charts,Easy,"CAT,General,TCS NQT"
Q06501,Quantitative Aptitude,Simple Interest,Easy,"CAT,Banking"
Q06502,Quantitative Aptitude,Number System,Easy,TCS NQT
Q06503,Logical Reasoning,Seating Arrangement,Easy,"TCS NQT,Placements"
Q06504,Quantitative Aptitude,Ratio & Proportion,Medium,General
Q06505,Data Interpretation,Radar/Spider Charts,Hard,Banking
Q06506,Quantitative Aptitude,Pipes & Cisterns,Medium,"General,TCS NQT,Banking"
Q06507,Data Interpretation,Bar Graphs,Medium,"CAT,TCS NQT"
Q06508,Verbal Ability,Error Spotting,Medium,"SSC,TCS NQT"
Q06509,Verbal Ability,Para Jumbles,Easy,"Banking,General,SSC"
Q06510,Quantitative Aptitude,Quadratic Equations,Easy,CAT
Q06511,Quantitative Aptitude,Percentages,Medium,TCS NQT
Q06512,Quantitative Aptitude,Progressions (AP/GP),Hard,"SSC,Placements,TCS NQT"
Q06513,Verbal Ability,Para Summary,Medium,CAT
Q06514,Data Interpretation,Tables,Easy,"CAT,General"
Q06515,Quantitative Aptitude,Permutation & Combination,Easy,SSC
Q06516,Quantitative Aptitude,Profit & Loss,Medium,"TCS NQT,General,SSC"
Q06517,Logical Reasoning,Statement & Conclusion,Medium,"TCS NQT,Placements"
Q06518,Verbal Ability,Verbal Analogies,Medium,"Placements,CAT"
Q06519,Quantitative Aptitude,"Time, Speed & Distance",Medium,"SSC,CAT,TCS NQT"
Q06520,Data Interpretation,Mixed DI Sets,Medium,SSC
Q06521,Verbal Ability,Sentence Correction,Medium,"Banking,General"
Q06522,Verbal Ability,Reading Comprehension,Easy,"SSC,Banking"
Q06523,Quantitative Aptitude,Progressions (AP/GP),Easy,"TCS NQT,SSC,General"
Q06524,Verbal Ability,Verbal Analogies,Medium,"SSC,Banking,TCS NQT"
Q06525,Data Interpretation,Radar/Spider Charts,Hard,General
Q06526,Logical Reasoning,Syllogisms,Easy,CAT
Q06527,Quantitative Aptitude,Probability,Medium,SSC
Q06528,Verbal Ability,Cloze Test,Easy,"CAT,Placements,General"
Q06529,Quantitative Aptitude,Partnership,Medium,"Placements,General,TCS NQT"
Q06530,Logical Reasoning,Cubes & Dice,Medium,"SSC,CAT,Placements"
Q06531,Quantitative Aptitude,Quadratic Equations,Medium,CAT
Q06532,Quantitative Aptitude,Permutation & Combination,Medium,"TCS NQT,CAT"
Q06533,Data Interpretation,Radar/Spider Charts,Easy,"General,SSC"
Q06534,Verbal Ability,Synonyms & Antonyms,Medium,"Placements,SSC"
Q06535,Quantitative Aptitude,Set Theory,Hard,Banking
Q06536,Quantitative Aptitude,Mixtures & Alligations,Easy,Placements
Q06537,Logical Reasoning,Data Sufficiency,Easy,"CAT,General"
Q06538,Verbal Ability,Critical Reasoning,Easy,Placements
Q06539,Logical Reasoning,Puzzles,Hard,"Placements,TCS NQT,SSC"
Q06540,Quantitative Aptitude,Simple Interest,Medium,"CAT,Banking,General"
Q06541,Verbal Ability,Cloze Test,Hard,General
Q06542,Quantitative Aptitude,Algebra,Medium,"TCS NQT,CAT"
Q06543,Logical Reasoning,Clocks & Calendars,Medium,"Banking,CAT,TCS NQT"
Q06544,Verbal Ability,Reading Comprehension,Easy,"TCS NQT,Placements"
Q06545,Verbal Ability,Sentence Correction,Hard,SSC
Q06546,Verbal Ability,Para Summary,Easy,"CAT,General"
Q06547,Verbal Ability,Para Jumbles,Medium,TCS NQT
Q06548,Quantitative Aptitude,Ratio & Proportion,Medium,"Placements,Banking,CAT"
Q06549,Quantitative Aptitude,Number System,Hard,General
Q06550,Data Interpretation,Line Graphs,Easy,Placements
Q06551,Data Interpretation,Data Sufficiency (DI),Easy,SSC
Q06552,Quantitative Aptitude,Profit & Loss,Medium,CAT
Q06553,Quantitative Aptitude,Set Theory,Hard,"TCS NQT,SSC"
Q06554,Verbal Ability,Reading Comprehension,Easy,"General,Banking"
Q06555,Logical Reasoning,Input-Output,Medium,"Placements,SSC"
Q06556,Quantitative Aptitude,Mixtures & Alligations,Easy,"General,CAT"
Q06557,Logical Reasoning,Clocks & Calendars,Medium,"Placements,General,Banking"
Q06558,Quantitative Aptitude,Geometry,Easy,General
Q06559,Logical Reasoning,Clocks & Calendars,Hard,"CAT,General"
Q06560,Logical Reasoning,Seating Arrangement,Easy,"Placements,CAT"
Q06561,Verbal Ability,Fill in the Blanks,Medium,"General,Placements"
Q06562,Data Interpretation,Caselets,Easy,"Placements,SSC"
Q06563,Data Interpretation,Tables,Medium,"TCS NQT,Banking"
Q06564,Quantitative Aptitude,Profit & Loss,Hard,"Banking,TCS NQT"
Q06565,Verbal Ability,Synonyms & Antonyms,Easy,SSC
Q06566,Verbal Ability,Para Jumbles,Medium,"General,Placements,Banking"
Q06567,Verbal Ability,Cloze Test,Medium,Banking
Q06568,Quantitative Aptitude,Mensuration,Hard,TCS NQT
Q06569,Quantitative Aptitude,Quadratic Equations,Medium,"General,Banking"
Q06570,Quantitative Aptitude,Linear Equations,Easy,"Banking,Placements,TCS NQT"
Q06571,Verbal Ability,Critical Reasoning,Hard,TCS NQT
Q06572,Quantitative Aptitude,Mensuration,Easy,"TCS NQT,Banking"
Q06573,Quantitative Aptitude,Permutation & Combination,Easy,"TCS NQT,SSC"
Q06574,Quantitative Aptitude,Trigonometry,Medium,"CAT,Placements"
Q06575,Data Interpretation,Bar Graphs,Hard,"Placements,SSC,CAT"
Q06576,Verbal Ability,Reading Comprehension,Easy,"CAT,TCS NQT"
Q06577,Verbal Ability,Critical Reasoning,Medium,"TCS NQT,Banking,SSC"
Q06578,Quantitative Aptitude,Compound Interest,Hard,Placements
Q06579,Quantitative Aptitude,Algebra,Hard,"Placements,SSC"
Q06580,Verbal Ability,Reading Comprehension,Easy,"General,Banking"
Q06581,Verbal Ability,Error Spotting,Easy,"TCS NQT,Placements"
Q06582,Verbal Ability,Para Jumbles,Medium,CAT
Q06583,Quantitative Aptitude,Algebra,Hard,"Banking,SSC,TCS NQT"
Q06584,Verbal Ability,Synonyms & Antonyms,Medium,"SSC,TCS NQT"
Q06585,Quantitative Aptitude,Time & Work,Easy,Banking
Q06586,Logical Reasoning,Statement & Conclusion,Easy,"General,CAT"
Q06587,Verbal Ability,Para Jumbles,Hard,General
Q06588,Quantitative Aptitude,Partnership,Hard,"Banking,Placements,CAT"
Q06589,Quantitative Aptitude,Permutation & Combination,Hard,Banking
Q06590,Logical Reasoning,Statement & Assumption,Hard,General
Q06591,Verbal Ability,Para Summary,Medium,SSC
Q06592,Logical Reasoning,Statement & Assumption,Medium,"General,TCS NQT"
Q06593,Logical Reasoning,Clocks & Calendars,Medium,"TCS NQT,Placements,CAT"
Q06594,Logical Reasoning,Statement & Conclusion,Easy,"Banking,TCS NQT,CAT"
Q06595,Quantitative Aptitude,Quadratic Equations,Easy,"SSC,CAT"
Q06596,Verbal Ability,Fill in the Blanks,Easy,CAT
Q06597,Logical Reasoning,Syllogisms,Easy,CAT
Q06598,Verbal Ability,Synonyms & Antonyms,Easy,"SSC,Placements"
Q06599,Logical Reasoning,Statement & Conclusion,Hard,General
Q06600,Data Interpretation,Line Graphs,Medium,CAT
Q06601,Logical Reasoning,Puzzles,Medium,"Banking,CAT,SSC"
Q06602,Data Interpretation,Venn-based DI,Medium,"CAT,Placements"
Q06603,Quantitative Aptitude,Trigonometry,Medium,CAT
Q06604,Logical Reasoning,Ranking & Order,Easy,CAT
Q06605,Verbal Ability,Sentence Correction,Easy,CAT
Q06606,Verbal Ability,Error Spotting,Hard,CAT
Q06607,Data Interpretation,Radar/Spider Charts,Hard,"TCS NQT,General,CAT"
Q06608,Quantitative Aptitude,Profit & Loss,Hard,SSC
Q06609,Logical Reasoning,Syllogisms,Hard,Placements
Q06610,Verbal Ability,Critical Reasoning,Hard,"CAT,Placements"
Q06611,Quantitative Aptitude,Simple Interest,Hard,"Banking,CAT,General"
Q06612,Logical Reasoning,Input-Output,Easy,General
Q06613,Quantitative Aptitude,Simple Interest,Medium,"Banking,Placements,SSC"
Q06614,Verbal Ability,Cloze Test,Easy,"TCS NQT,CAT,SSC"
Q06615,Verbal Ability,Para Jumbles,Hard,"General,SSC,Banking"
Q06616,Verbal Ability,Idioms & Phrases,Medium,"SSC,CAT"
Q06617,Verbal Ability,Cloze Test,Easy,CAT
Q06618,Quantitative Aptitude,"Time, Speed & Distance",Easy,"SSC,Placements"
Q06619,Data Interpretation,Mixed DI Sets,Easy,"Placements,CAT,TCS NQT"
Q06620,Quantitative Aptitude,Trigonometry,Medium,TCS NQT
Q06621,Quantitative Aptitude,Permutation & Combination,Hard,"Banking,TCS NQT,CAT"
Q06622,Quantitative Aptitude,Trigonometry,Medium,Banking
Q06623,Verbal Ability,Verbal Analogies,Easy,General
Q06624,Logical Reasoning,Statement & Assumption,Easy,"CAT,Banking"
Q06625,Data Interpretation,Pie Charts,Medium,"CAT,TCS NQT"
Q06626,Quantitative Aptitude,Partnership,Medium,"CAT,TCS NQT,Banking"
Q06627,Quantitative Aptitude,Compound Interest,Hard,Placements
Q06628,Quantitative Aptitude,Surds & Indices,Medium,"TCS NQT,Banking,SSC"
Q06629,Logical Reasoning,Analogy,Medium,"CAT,TCS NQT"
Q06630,Logical Reasoning,Series Completion,Hard,"SSC,Placements"
Q06631,Quantitative Aptitude,Percentages,Medium,"Banking,TCS NQT"
Q06632,Verbal Ability,Para Jumbles,Easy,Placements
Q06633,Quantitative Aptitude,Mixtures & Alligations,Easy,"CAT,TCS NQT,SSC"
Q06634,Data Interpretation,Mixed DI Sets,Medium,"TCS NQT,CAT"
Q06635,Quantitative Aptitude,Number System,Medium,General
Q06636,Quantitative Aptitude,Averages,Hard,"SSC,Placements,TCS NQT"
Q06637,Quantitative Aptitude,"Time, Speed & Distance",Hard,"Placements,General"
Q06638,Verbal Ability,Para Jumbles,Medium,"TCS NQT,CAT"
Q06639,Data Interpretation,Data Sufficiency (DI),Easy,"General,Banking,SSC"
Q06640,Verbal Ability,Odd One Out,Medium,"Banking,General"
Q06641,Verbal Ability,Reading Comprehension,Easy,"Banking,SSC"
Q06642,Quantitative Aptitude,Profit & Loss,Medium,"TCS NQT,CAT"
Q06643,Logical Reasoning,Statement & Assumption,Medium,"SSC,Placements,CAT"
Q06644,Quantitative Aptitude,Algebra,Medium,General
Q06645,Logical Reasoning,Puzzles,Medium,"SSC,Placements"
Q06646,Verbal Ability,Para Summary,Easy,CAT
Q06647,Verbal Ability,Odd One Out,Hard,Placements
Q06648,Logical Reasoning,Series Completion,Medium,"CAT,TCS NQT"
Q06649,Quantitative Aptitude,Averages,Medium,SSC
Q06650,Quantitative Aptitude,"Time, Speed & Distance",Easy,"General,CAT,Placements"
Q06651,Logical Reasoning,Direction Sense,Medium,"TCS NQT,SSC"
Q06652,Quantitative Aptitude,Permutation & Combination,Easy,Placements
Q06653,Quantitative Aptitude,Number System,Medium,SSC
Q06654,Logical Reasoning,Puzzles,Easy,"Banking,TCS NQT,CAT"
Q06655,Verbal Ability,Reading Comprehension,Medium,"Placements,CAT"
Q06656,Data Interpretation,Line Graphs,Medium,SSC
Q06657,Logical Reasoning,Seating Arrangement,Medium,"Banking,SSC"
Q06658,Data Interpretation,Venn-based DI,Medium,"General,SSC"
Q06659,Logical Reasoning,Ranking & Order,Medium,"Placements,General,SSC"
Q06660,Quantitative Aptitude,Ratio & Proportion,Medium,"TCS NQT,CAT"
Q06661,Data Interpretation,Pie Charts,Medium,SSC
Q06662,Data Interpretation,Bar Graphs,Hard,SSC
Q06663,Verbal Ability,Odd One Out,Medium,"SSC,Placements"
Q06664,Verbal Ability,Odd One Out,Medium,"TCS NQT,Banking,CAT"
Q06665,Verbal Ability,Fill in the Blanks,Easy,"Placements,TCS NQT"
Q06666,Data Interpretation,Mixed DI Sets,Medium,"General,CAT"
Q06667,Quantitative Aptitude,Compound Interest,Hard,"CAT,Banking,TCS NQT"
Q06668,Logical Reasoning,Venn Diagrams,Medium,Placements
Q06669,Logical Reasoning,Statement & Assumption,Hard,"SSC,TCS NQT,Banking"
Q06670,Quantitative Aptitude,Permutation & Combination,Easy,SSC
Q06671,Quantitative Aptitude,Linear Equations,Easy,"Placements,Banking"
Q06672,Quantitative Aptitude,Set Theory,Medium,General
Q06673,Data Interpretation,Radar/Spider Charts,Hard,Placements
Q06674,Quantitative Aptitude,Pipes & Cisterns,Easy,"CAT,Placements"
Q06675,Logical Reasoning,Clocks & Calendars,Medium,"Banking,SSC"
Q06676,Quantitative Aptitude,Averages,Easy,"Banking,General"
Q06677,Logical Reasoning,Direction Sense,Hard,SSC
Q06678,Logical Reasoning,Seating Arrangement,Medium,"CAT,General"
Q06679,Logical Reasoning,Cubes & Dice,Hard,CAT
Q06680,Verbal Ability,Idioms & Phrases,Hard,"CAT,SSC"
Q06681,Logical Reasoning,Ranking & Order,Medium,"General,Banking"
Q06682,Quantitative Aptitude,Probability,Easy,"Placements,Banking,CAT"
Q06683,Verbal Ability,Sentence Correction,Easy,Banking
Q06684,Quantitative Aptitude,Algebra,Medium,"Placements,TCS NQT"
Q06685,Logical Reasoning,Blood Relations,Easy,Banking
Q06686,Logical Reasoning,Clocks & Calendars,Hard,SSC
Q06687,Logical Reasoning,Venn Diagrams,Hard,"Banking,Placements,General"
Q06688,Logical Reasoning,Syllogisms,Easy,TCS NQT
Q06689,Logical Reasoning,Coding-Decoding,Medium,"SSC,Banking"
Q06690,Logical Reasoning,Ranking & Order,Easy,Banking
Q06691,Verbal Ability,Synonyms & Antonyms,Medium,"TCS NQT,SSC,CAT"
Q06692,Data Interpretation,Radar/Spider Charts,Medium,"Banking,SSC"
Q06693,Quantitative Aptitude,Compound Interest,Medium,Banking
Q06694,Data Interpretation,Data Sufficiency (DI),Easy,"Placements,General,Banking"
Q06695,Data Interpretation,Pie Charts,Easy,"Placements,SSC,General"
Q06696,Quantitative Aptitude,Pipes & Cisterns,Easy,"Banking,General,TCS NQT"
Q06697,Quantitative Aptitude,Partnership,Easy,SSC
Q06698,Data Interpretation,Line Graphs,Medium,TCS NQT
Q06699,Verbal Ability,Para Summary,Medium,"TCS NQT,Banking,CAT"
Q06700,Quantitative Aptitude,Geometry,Medium,"General,CAT,SSC"
Q06701,Logical Reasoning,Ranking & Order,Easy,"General,Placements,TCS NQT"
Q06702,Verbal Ability,Reading Comprehension,Hard,"SSC,General,Placements"
Q06703,Verbal Ability,Critical Reasoning,Medium,SSC
Q06704,Logical Reasoning,Blood Relations,Easy,"TCS NQT,General,Placements"
Q06705,Verbal Ability,Odd One Out,Easy,TCS NQT
Q06706,Verbal Ability,Para Summary,Hard,"CAT,SSC,Banking"
Q06707,Quantitative Aptitude,Geometry,Medium,"CAT,SSC"
Q06708,Logical Reasoning,Series Completion,Easy,"General,SSC,Banking"
Q06709,Verbal Ability,Odd One Out,Hard,General
Q06710,Verbal Ability,Odd One Out,Easy,"TCS NQT,Banking,General"
Q06711,Data Interpretation,Mixed DI Sets,Medium,"SSC,Placements"
Q06712,Logical Reasoning,Input-Output,Hard,TCS NQT
Q06713,Verbal Ability,Error Spotting,Hard,Placements
Q06714,Data Interpretation,Venn-based DI,Medium,"Placements,General"
Q06715,Verbal Ability,Odd One Out,Hard,Banking
Q06716,Quantitative Aptitude,Pipes & Cisterns,Medium,Banking
Q06717,Verbal Ability,Error Spotting,Hard,Placements
Q06718,Data Interpretation,Bar Graphs,Medium,"Placements,General,TCS NQT"
Q06719,Quantitative Aptitude,Trigonometry,Medium,CAT
Q06720,Quantitative Aptitude,Profit & Loss,Easy,"SSC,Banking"
Q06721,Data Interpretation,Data Sufficiency (DI),Easy,"CAT,Banking,General"
Q06722,Logical Reasoning,Input-Output,Medium,CAT
Q06723,Quantitative Aptitude,Mixtures & Alligations,Hard,TCS NQT
Q06724,Logical Reasoning,Data Sufficiency,Medium,SSC
Q06725,Verbal Ability,Critical Reasoning,Medium,"Banking,TCS NQT,Placements"
Q06726,Quantitative Aptitude,Percentages,Medium,"Placements,CAT"
Q06727,Verbal Ability,Para Summary,Medium,"CAT,Placements,TCS NQT"
Q06728,Verbal Ability,Synonyms & Antonyms,Easy,Placements
Q06729,Logical Reasoning,Input-Output,Medium,"TCS NQT,CAT,General"
Q06730,Verbal Ability,Critical Reasoning,Hard,General
Q06731,Logical Reasoning,Ranking & Order,Medium,"Banking,CAT"
Q06732,Logical Reasoning,Syllogisms,Medium,"TCS NQT,CAT"
Q06733,Verbal Ability,Para Jumbles,Medium,"Banking,CAT"
Q06734,Logical Reasoning,Series Completion,Hard,Banking
Q06735,Quantitative Aptitude,"Time, Speed & Distance",Easy,"CAT,SSC"
Q06736,Verbal Ability,Cloze Test,Hard,CAT
Q06737,Quantitative Aptitude,Mixtures & Alligations,Medium,"Placements,General,TCS NQT"
Q06738,Logical Reasoning,Input-Output,Easy,"Placements,SSC"
Q06739,Logical Reasoning,Statement & Conclusion,Medium,"TCS NQT,Placements"
Q06740,Verbal Ability,Para Jumbles,Medium,"Placements,TCS NQT"
Q06741,Verbal Ability,Critical Reasoning,Easy,"Banking,Placements"
Q06742,Data Interpretation,Venn-based DI,Easy,TCS NQT
Q06743,Verbal Ability,Sentence Correction,Easy,"CAT,Banking,SSC"
Q06744,Logical Reasoning,Statement & Conclusion,Easy,Placements
Q06745,Quantitative Aptitude,Linear Equations,Hard,"General,TCS NQT,SSC"
Q06746,Logical Reasoning,Puzzles,Medium,"TCS NQT,Placements,General"
Q06747,Quantitative Aptitude,Compound Interest,Medium,"General,Placements"
Q06748,Verbal Ability,Odd One Out,Hard,TCS NQT
Q06749,Data Interpretation,Pie Charts,Easy,TCS NQT
Q06750,Quantitative Aptitude,Simple Interest,Easy,"Placements,SSC"
Q06751,Data Interpretation,Bar Graphs,Easy,"TCS NQT,Banking"
Q06752,Verbal Ability,Reading Comprehension,Easy,Banking
Q06753,Data Interpretation,Data Sufficiency (DI),Medium,"Banking,SSC"
Q06754,Quantitative Aptitude,Time & Work,Medium,"Placements,TCS NQT"
Q06755,Logical Reasoning,Clocks & Calendars,Hard,"Placements,TCS NQT"
Q06756,Logical Reasoning,Analogy,Medium,"TCS NQT,General"
Q06757,Logical Reasoning,Data Sufficiency,Easy,Banking
Q06758,Logical Reasoning,Blood Relations,Medium,"TCS NQT,Banking,SSC"
Q06759,Verbal Ability,Reading Comprehension,Easy,"General,Banking"
Q06760,Quantitative Aptitude,Linear Equations,Medium,"CAT,Placements"
Q06761,Quantitative Aptitude,Percentages,Medium,"CAT,General,Placements"
Q06762,Logical Reasoning,Syllogisms,Hard,Placements
Q06763,Logical Reasoning,Seating Arrangement,Hard,"SSC,Placements"
Q06764,Data Interpretation,Bar Graphs,Hard,"SSC,TCS NQT"
Q06765,Verbal Ability,Verbal Analogies,Easy,TCS NQT
Q06766,Quantitative Aptitude,Ratio & Proportion,Hard,Placements
Q06767,Logical Reasoning,Data Sufficiency,Medium,Placements
Q06768,Quantitative Aptitude,"Time, Speed & Distance",Easy,CAT
Q06769,Quantitative Aptitude,Time & Work,Easy,SSC
Q06770,Logical Reasoning,Seating Arrangement,Easy,Placements
Q06771,Quantitative Aptitude,Linear Equations,Hard,"SSC,General,CAT"
Q06772,Quantitative Aptitude,Simple Interest,Medium,"General,Placements,SSC"
Q06773,Verbal Ability,Critical Reasoning,Medium,"General,CAT"
Q06774,Data Interpretation,Tables,Easy,"TCS NQT,General"
Q06775,Data Interpretation,Venn-based DI,Medium,"SSC,Placements,TCS NQT"
Q06776,Logical Reasoning,Statement & Assumption,Medium,Placements
Q06777,Logical Reasoning,Clocks & Calendars,Easy,Banking
Q06778,Quantitative Aptitude,Time & Work,Hard,"Banking,Placements,CAT"
Q06779,Quantitative Aptitude,Probability,Medium,SSC
Q06780,Quantitative Aptitude,Progressions (AP/GP),Medium,"General,TCS NQT,Placements"
Q06781,Quantitative Aptitude,Simple Interest,Easy,SSC
Q06782,Quantitative Aptitude,Averages,Easy,Placements
Q06783,Data Interpretation,Bar Graphs,Easy,"SSC,TCS NQT"
Q06784,Quantitative Aptitude,Quadratic Equations,Medium,"TCS NQT,General"
Q06785,Data Interpretation,Line Graphs,Medium,CAT
Q06786,Data Interpretation,Line Graphs,Medium,Banking
Q06787,Quantitative Aptitude,Quadratic Equations,Easy,CAT
Q06788,Quantitative Aptitude,Trigonometry,Medium,"SSC,TCS NQT"
Q06789,Quantitative Aptitude,Linear Equations,Medium,"Placements,CAT"
Q06790,Quantitative Aptitude,Number System,Easy,"Placements,TCS NQT"
Q06791,Quantitative Aptitude,Averages,Hard,"CAT,TCS NQT,Placements"
Q06792,Logical Reasoning,Cubes & Dice,Easy,"TCS NQT,CAT"
Q06793,Logical Reasoning,Direction Sense,Medium,Banking
Q06794,Quantitative Aptitude,Mensuration,Medium,General
Q06795,Data Interpretation,Tables,Hard,Banking
Q06796,Quantitative Aptitude,Linear Equations,Medium,General
Q06797,Logical Reasoning,Ranking & Order,Medium,Banking
Q06798,Logical Reasoning,Statement & Conclusion,Easy,"SSC,Placements"
Q06799,Logical Reasoning,Ranking & Order,Medium,"Banking,CAT"
Q06800,Data Interpretation,Line Graphs,Hard,"CAT,TCS NQT,Banking"
Q06801,Verbal Ability,Para Jumbles,Easy,"Placements,CAT"
Q06802,Data Interpretation,Bar Graphs,Medium,"TCS NQT,Placements,SSC"
Q06803,Verbal Ability,Fill in the Blanks,Easy,SSC
Q06804,Data Interpretation,Bar Graphs,Easy,Placements
Q06805,Data Interpretation,Pie Charts,Easy,SSC
Q06806,Quantitative Aptitude,Partnership,Easy,SSC
Q06807,Verbal Ability,Fill in the Blanks,Medium,SSC
Q06808,Verbal Ability,Para Jumbles,Medium,"Placements,General"
Q06809,Quantitative Aptitude,Simple Interest,Easy,"General,CAT,SSC"
Q06810,Verbal Ability,Sentence Correction,Hard,"CAT,TCS NQT,Banking"
Q06811,Logical Reasoning,Analogy,Easy,"Banking,Placements,SSC"
Q06812,Verbal Ability,Odd One Out,Hard,"Placements,SSC,TCS NQT"
Q06813,Data Interpretation,Line Graphs,Medium,CAT
Q06814,Logical Reasoning,Statement & Assumption,Medium,"SSC,General,CAT"
Q06815,Data Interpretation,Line Graphs,Medium,"CAT,SSC,Banking"
Q06816,Verbal Ability,Odd One Out,Medium,Banking
Q06817,Data Interpretation,Radar/Spider Charts,Medium,"Banking,TCS NQT,Placements"
Q06818,Quantitative Aptitude,"Time, Speed & Distance",Easy,Placements
Q06819,Verbal Ability,Verbal Analogies,Medium,"TCS NQT,Banking,SSC"
Q06820,Quantitative Aptitude,Simple Interest,Medium,"TCS NQT,CAT"
Q06821,Logical Reasoning,Coding-Decoding,Medium,"Banking,TCS NQT"
Q06822,Verbal Ability,Cloze Test,Easy,"Banking,SSC"
Q06823,Data Interpretation,Bar Graphs,Medium,"SSC,TCS NQT,General"
Q06824,Quantitative Aptitude,Pipes & Cisterns,Medium,"TCS NQT,Placements,General"
Q06825,Data Interpretation,Mixed DI Sets,Easy,"Banking,General,Placements"
Q06826,Verbal Ability,Para Summary,Easy,CAT
Q06827,Logical Reasoning,Statement & Conclusion,Hard,"Banking,Placements"
Q06828,Logical Reasoning,Coding-Decoding,Medium,"SSC,Placements"
Q06829,Verbal Ability,Cloze Test,Medium,"General,SSC"
Q06830,Logical Reasoning,Seating Arrangement,Medium,"Banking,Placements,TCS NQT"
Q06831,Data Interpretation,Line Graphs,Hard,SSC
Q06832,Logical Reasoning,Blood Relations,Medium,TCS NQT
Q06833,Quantitative Aptitude,Time & Work,Easy,"General,Banking"
Q06834,Quantitative Aptitude,Time & Work,Medium,"Banking,Placements"
Q06835,Quantitative Aptitude,Probability,Hard,"Placements,TCS NQT"
Q06836,Logical Reasoning,Statement & Conclusion,Easy,General
Q06837,Data Interpretation,Bar Graphs,Easy,Placements
Q06838,Data Interpretation,Line Graphs,Medium,SSC
Q06839,Verbal Ability,Para Jumbles,Medium,"TCS NQT,General"
Q06840,Data Interpretation,Line Graphs,Medium,"CAT,General,Banking"
Q06841,Quantitative Aptitude,Quadratic Equations,Hard,General
Q06842,Data Interpretation,Radar/Spider Charts,Hard,Placements
Q06843,Quantitative Aptitude,Geometry,Easy,"CAT,SSC"
Q06844,Quantitative Aptitude,Algebra,Hard,TCS NQT
Q06845,Quantitative Aptitude,Linear Equations,Easy,"Placements,General"
Q06846,Data Interpretation,Pie Charts,Easy,"SSC,CAT"
Q06847,Quantitative Aptitude,Number System,Medium,"Placements,TCS NQT,CAT"
Q06848,Logical Reasoning,Syllogisms,Medium,"CAT,TCS NQT,Placements"
Q06849,Data Interpretation,Tables,Easy,"Placements,TCS NQT"
Q06850,Quantitative Aptitude,Logarithms,Easy,Placements
Q06851,Logical Reasoning,Coding-Decoding,Easy,"Banking,CAT"
Q06852,Verbal Ability,Para Jumbles,Medium,"Placements,Banking,CAT"
Q06853,Quantitative Aptitude,Partnership,Medium,Banking
Q06854,Data Interpretation,Bar Graphs,Easy,"Placements,Banking,TCS NQT"
Q06855,Data Interpretation,Bar Graphs,Medium,"Banking,SSC"
Q06856,Quantitative Aptitude,Quadratic Equations,Hard,General
Q06857,Verbal Ability,Error Spotting,Easy,"CAT,Banking"
Q06858,Logical Reasoning,Input-Output,Easy,Banking
Q06859,Logical Reasoning,Clocks & Calendars,Medium,General
Q06860,Verbal Ability,Idioms & Phrases,Medium,"SSC,CAT,TCS NQT"
Q06861,Quantitative Aptitude,Progressions (AP/GP),Medium,"Placements,Banking"
Q06862,Quantitative Aptitude,Time & Work,Medium,SSC
Q06863,Data Interpretation,Data Sufficiency (DI),Medium,Banking
Q06864,Logical Reasoning,Input-Output,Hard,"Placements,General,CAT"
Q06865,Verbal Ability,Sentence Correction,Medium,Banking
Q06866,Verbal Ability,Para Jumbles,Hard,General
Q06867,Logical Reasoning,Statement & Conclusion,Hard,"General,CAT"
Q06868,Data Interpretation,Data Sufficiency (DI),Easy,"Placements,General"
Q06869,Verbal Ability,Error Spotting,Hard,Banking
Q06870,Logical Reasoning,Data Sufficiency,Medium,"SSC,CAT"
Q06871,Data Interpretation,Tables,Medium,"Placements,Banking"
Q06872,Quantitative Aptitude,Trigonometry,Medium,"Banking,TCS NQT,SSC"
Q06873,Verbal Ability,Odd One Out,Easy,"CAT,Banking"
Q06874,Verbal Ability,Error Spotting,Easy,SSC
Q06875,Verbal Ability,Verbal Analogies,Medium,"Placements,TCS NQT"
Q06876,Verbal Ability,Reading Comprehension,Hard,"Banking,CAT"
Q06877,Verbal Ability,Odd One Out,Easy,"SSC,CAT"
Q06878,Logical Reasoning,Cubes & Dice,Medium,CAT
Q06879,Data Interpretation,Radar/Spider Charts,Hard,"TCS NQT,General,Placements"
Q06880,Logical Reasoning,Coding-Decoding,Easy,"General,Placements"
Q06881,Quantitative Aptitude,Percentages,Hard,SSC
Q06882,Verbal Ability,Idioms & Phrases,Medium,Banking
Q06883,Quantitative Aptitude,Mixtures & Alligations,Easy,"SSC,CAT"
Q06884,Data Interpretation,Radar/Spider Charts,Hard,Placements
Q06885,Logical Reasoning,Statement & Conclusion,Hard,"Banking,SSC"
Q06886,Quantitative Aptitude,"Time, Speed & Distance",Medium,"Banking,TCS NQT,SSC"
Q06887,Logical Reasoning,Cubes & Dice,Easy,"CAT,Placements,SSC"
Q06888,Verbal Ability,Critical Reasoning,Easy,"SSC,Placements,Banking"
Q06889,Verbal Ability,Synonyms & Antonyms,Medium,"TCS NQT,General"
Q06890,Quantitative Aptitude,Percentages,Medium,"General,Banking"
Q06891,Data Interpretation,Line Graphs,Medium,TCS NQT
Q06892,Quantitative Aptitude,Geometry,Medium,"General,SSC,CAT"
Q06893,Data Interpretation,Bar Graphs,Easy,TCS NQT
Q06894,Logical Reasoning,Venn Diagrams,Hard,TCS NQT
Q06895,Verbal Ability,Fill in the Blanks,Hard,"SSC,Banking,General"
Q06896,Verbal Ability,Synonyms & Antonyms,Medium,Banking
Q06897,Logical Reasoning,Statement & Conclusion,Medium,SSC
Q06898,Verbal Ability,Verbal Analogies,Medium,"CAT,General,Placements"
Q06899,Quantitative Aptitude,Trigonometry,Medium,"CAT,SSC,Banking"
Q06900,Verbal Ability,Reading Comprehension,Medium,"Banking,General"
Q06901,Data Interpretation,Pie Charts,Medium,"Placements,Banking"
Q06902,Quantitative Aptitude,Permutation & Combination,Easy,"SSC,General,Placements"
Q06903,Quantitative Aptitude,Mensuration,Medium,Banking
Q06904,Quantitative Aptitude,Pipes & Cisterns,Easy,"CAT,TCS NQT"
Q06905,Quantitative Aptitude,Mensuration,Medium,"SSC,Banking,General"
Q06906,Logical Reasoning,Input-Output,Medium,"Placements,Banking"
Q06907,Quantitative Aptitude,Ratio & Proportion,Medium,"TCS NQT,CAT"
Q06908,Quantitative Aptitude,Linear Equations,Medium,"SSC,CAT,General"
Q06909,Quantitative Aptitude,Permutation & Combination,Hard,"TCS NQT,General,CAT"
Q06910,Logical Reasoning,Syllogisms,Easy,Banking
Q06911,Logical Reasoning,Analogy,Easy,"Placements,TCS NQT,CAT"
Q06912,Logical Reasoning,Blood Relations,Hard,"SSC,General,CAT"
Q06913,Quantitative Aptitude,Partnership,Medium,"General,TCS NQT"
Q06914,Verbal Ability,Para Summary,Hard,SSC
Q06915,Logical Reasoning,Statement & Assumption,Easy,"Banking,General"
Q06916,Verbal Ability,Reading Comprehension,Easy,"CAT,Placements"
Q06917,Logical Reasoning,Statement & Assumption,Easy,"SSC,Banking"
Q06918,Logical Reasoning,Statement & Assumption,Hard,CAT
Q06919,Quantitative Aptitude,Quadratic Equations,Easy,"General,Banking"
Q06920,Verbal Ability,Cloze Test,Easy,CAT
Q06921,Verbal Ability,Para Summary,Easy,"General,CAT"
Q06922,Data Interpretation,Venn-based DI,Hard,Placements
Q06923,Logical Reasoning,Coding-Decoding,Medium,"Banking,General"
Q06924,Quantitative Aptitude,Progressions (AP/GP),Easy,"SSC,CAT,TCS NQT"
Q06925,Logical Reasoning,Cubes & Dice,Medium,"General,TCS NQT,Banking"
Q06926,Quantitative Aptitude,Algebra,Medium,TCS NQT
Q06927,Logical Reasoning,Venn Diagrams,Hard,"TCS NQT,CAT,Banking"
Q06928,Quantitative Aptitude,Trigonometry,Easy,TCS NQT
Q06929,Quantitative Aptitude,Geometry,Medium,SSC
Q06930,Verbal Ability,Cloze Test,Medium,General
Q06931,Verbal Ability,Idioms & Phrases,Easy,"TCS NQT,General,Banking"
Q06932,Quantitative Aptitude,Quadratic Equations,Easy,General
Q06933,Data Interpretation,Mixed DI Sets,Medium,"SSC,CAT,General"
Q06934,Logical Reasoning,Direction Sense,Medium,CAT
Q06935,Logical Reasoning,Cubes & Dice,Easy,SSC
Q06936,Data Interpretation,Venn-based DI,Easy,"General,CAT"
Q06937,Verbal Ability,Idioms & Phrases,Easy,"General,Banking"
Q06938,Logical Reasoning,Blood Relations,Easy,"Banking,Placements"
Q06939,Quantitative Aptitude,Time & Work,Medium,CAT
Q06940,Verbal Ability,Para Summary,Hard,TCS NQT
Q06941,Quantitative Aptitude,Surds & Indices,Hard,Banking
Q06942,Quantitative Aptitude,"Time, Speed & Distance",Medium,"TCS NQT,Placements,CAT"
Q06943,Verbal Ability,Cloze Test,Hard,"TCS NQT,Placements,Banking"
Q06944,Logical Reasoning,Puzzles,Medium,"Placements,Banking,SSC"
Q06945,Quantitative Aptitude,"Time, Speed & Distance",Easy,Banking
Q06946,Data Interpretation,Pie Charts,Hard,"General,CAT"
Q06947,Quantitative Aptitude,Probability,Easy,"SSC,TCS NQT"
Q06948,Quantitative Aptitude,Averages,Medium,Banking
Q06949,Logical Reasoning,Clocks & Calendars,Medium,CAT
Q06950,Verbal Ability,Sentence Correction,Hard,"General,TCS NQT,Placements"
Q06951,Quantitative Aptitude,Profit & Loss,Easy,"Placements,SSC,TCS NQT"
Q06952,Logical Reasoning,Blood Relations,Easy,SSC
Q06953,Logical Reasoning,Data Sufficiency,Easy,"TCS NQT,Banking,General"
Q06954,Quantitative Aptitude,Number System,Hard,"TCS NQT,Placements"
Q06955,Verbal Ability,Para Jumbles,Easy,"SSC,TCS NQT,Banking"
Q06956,Logical Reasoning,Series Completion,Medium,SSC
Q06957,Data Interpretation,Caselets,Easy,"TCS NQT,Placements,SSC"
Q06958,Verbal Ability,Sentence Correction,Hard,"TCS NQT,SSC,Placements"
Q06959,Verbal Ability,Reading Comprehension,Medium,"Placements,CAT,Banking"
Q06960,Data Interpretation,Venn-based DI,Hard,Banking
Q06961,Data Interpretation,Radar/Spider Charts,Medium,"CAT,Banking,TCS NQT"
Q06962,Logical Reasoning,Statement & Conclusion,Medium,"Placements,CAT,SSC"
Q06963,Data Interpretation,Venn-based DI,Medium,"CAT,General,Banking"
Q06964,Verbal Ability,Cloze Test,Medium,"TCS NQT,Placements"
Q06965,Quantitative Aptitude,Set Theory,Easy,"CAT,SSC,General"
Q06966,Quantitative Aptitude,"Time, Speed & Distance",Easy,"CAT,General"
Q06967,Verbal Ability,Odd One Out,Hard,TCS NQT
Q06968,Verbal Ability,Synonyms & Antonyms,Medium,"General,SSC"
Q06969,Logical Reasoning,Syllogisms,Easy,"CAT,Placements"
Q06970,Verbal Ability,Reading Comprehension,Easy,"General,TCS NQT,CAT"
Q06971,Quantitative Aptitude,Permutation & Combination,Hard,"CAT,Banking,Placements"
Q06972,Data Interpretation,Data Sufficiency (DI),Medium,TCS NQT
Q06973,Logical Reasoning,Coding-Decoding,Easy,"Banking,TCS NQT,Placements"
Q06974,Logical Reasoning,Clocks & Calendars,Easy,"TCS NQT,SSC"
Q06975,Quantitative Aptitude,Number System,Medium,"CAT,Banking,Placements"
Q06976,Logical Reasoning,Venn Diagrams,Easy,"Placements,Banking,SSC"
Q06977,Logical Reasoning,Seating Arrangement,Hard,Banking
Q06978,Logical Reasoning,Blood Relations,Medium,"TCS NQT,CAT"
Q06979,Quantitative Aptitude,Pipes & Cisterns,Hard,"Banking,CAT,Placements"
Q06980,Quantitative Aptitude,Trigonometry,Medium,"Banking,Placements"
Q06981,Verbal Ability,Reading Comprehension,Medium,"CAT,TCS NQT,Placements"
Q06982,Quantitative Aptitude,Number System,Medium,TCS NQT
Q06983,Quantitative Aptitude,Simple Interest,Easy,"CAT,Placements"
Q06984,Data Interpretation,Data Sufficiency (DI),Hard,General
Q06985,Verbal Ability,Critical Reasoning,Hard,"SSC,Placements"
Q06986,Verbal Ability,Fill in the Blanks,Easy,"Banking,Placements,SSC"
Q06987,Logical Reasoning,Venn Diagrams,Medium,"General,Banking,CAT"
Q06988,Logical Reasoning,Seating Arrangement,Medium,CAT
Q06989,Verbal Ability,Error Spotting,Easy,"SSC,Placements,General"
Q06990,Logical Reasoning,Coding-Decoding,Easy,"SSC,Placements,Banking"
Q06991,Quantitative Aptitude,Logarithms,Easy,TCS NQT
Q06992,Verbal Ability,Para Jumbles,Medium,Placements
Q06993,Verbal Ability,Odd One Out,Easy,"Placements,CAT"
Q06994,Verbal Ability,Synonyms & Antonyms,Medium,"SSC,TCS NQT,Banking"
Q06995,Verbal Ability,Para Summary,Medium,"CAT,Placements,Banking"
Q06996,Verbal Ability,Cloze Test,Hard,"CAT,Placements"
Q06997,Verbal Ability,Critical Reasoning,Medium,Banking
Q06998,Data Interpretation,Mixed DI Sets,Medium,General
Q06999,Verbal Ability,Critical Reasoning,Easy,SSC
Q07000,Verbal Ability,Fill in the Blanks,Easy,General
Q07001,Verbal Ability,Para Summary,Easy,"TCS NQT,CAT"
Q07002,Verbal Ability,Error Spotting,Easy,"Banking,SSC,TCS NQT"
Q07003,Quantitative Aptitude,Surds & Indices,Medium,Placements
Q07004,Data Interpretation,Data Sufficiency (DI),Hard,"SSC,TCS NQT,Placements"
Q07005,Quantitative Aptitude,Simple Interest,Hard,"General,TCS NQT"
Q07006,Verbal Ability,Odd One Out,Easy,"Placements,TCS NQT"
Q07007,Logical Reasoning,Data Sufficiency,Easy,"General,Banking"
Q07008,Verbal Ability,Para Summary,Medium,Placements
Q07009,Data Interpretation,Line Graphs,Hard,Banking
Q07010,Verbal Ability,Reading Comprehension,Hard,"Banking,General"
Q07011,Quantitative Aptitude,Logarithms,Easy,"TCS NQT,Banking,SSC"
Q07012,Quantitative Aptitude,Progressions (AP/GP),Medium,Placements
Q07013,Verbal Ability,Fill in the Blanks,Medium,"SSC,TCS NQT,Banking"
Q07014,Data Interpretation,Line Graphs,Hard,General
Q07015,Verbal Ability,Reading Comprehension,Hard,"Placements,TCS NQT"
Q07016,Quantitative Aptitude,Permutation & Combination,Medium,"Placements,General"
Q07017,Quantitative Aptitude,Geometry,Medium,"TCS NQT,Placements,CAT"
Q07018,Logical Reasoning,Ranking & Order,Hard,"Banking,CAT"
Q07019,Verbal Ability,Odd One Out,Easy,"TCS NQT,Banking,Placements"
Q07020,Logical Reasoning,Series Completion,Medium,"Banking,TCS NQT"
Q07021,Verbal Ability,Verbal Analogies,Easy,"General,Placements,TCS NQT"
Q07022,Quantitative Aptitude,"Time, Speed & Distance",Easy,"TCS NQT,Banking"
Q07023,Quantitative Aptitude,Quadratic Equations,Easy,"TCS NQT,Banking,General"
Q07024,Logical Reasoning,Cubes & Dice,Medium,"Placements,SSC,Banking"
Q07025,Quantitative Aptitude,Number System,Easy,"CAT,Placements"
Q07026,Quantitative Aptitude,Averages,Medium,"Placements,CAT,SSC"
Q07027,Logical Reasoning,Statement & Assumption,Hard,SSC
Q07028,Verbal Ability,Sentence Correction,Hard,"TCS NQT,Placements,CAT"
Q07029,Verbal Ability,Synonyms & Antonyms,Easy,Banking
Q07030,Verbal Ability,Reading Comprehension,Hard,CAT
Q07031,Data Interpretation,Pie Charts,Easy,"SSC,CAT"
Q07032,Quantitative Aptitude,Set Theory,Easy,"General,Banking,TCS NQT"
Q07033,Logical Reasoning,Direction Sense,Hard,"General,CAT,SSC"
Q07034,Quantitative Aptitude,Pipes & Cisterns,Easy,"General,Placements,CAT"
Q07035,Logical Reasoning,Clocks & Calendars,Easy,"TCS NQT,CAT,Placements"
Q07036,Logical Reasoning,Clocks & Calendars,Easy,CAT
Q07037,Quantitative Aptitude,"Time, Speed & Distance",Medium,"TCS NQT,Banking,SSC"
Q07038,Quantitative Aptitude,Compound Interest,Hard,"TCS NQT,Banking,Placements"
Q07039,Logical Reasoning,Syllogisms,Hard,"TCS NQT,General,Banking"
Q07040,Quantitative Aptitude,Set Theory,Medium,"General,Banking"
Q07041,Quantitative Aptitude,Mixtures & Alligations,Easy,General
Q07042,Quantitative Aptitude,Surds & Indices,Medium,"Placements,SSC,CAT"
Q07043,Verbal Ability,Fill in the Blanks,Easy,"General,Placements,CAT"
Q07044,Logical Reasoning,Coding-Decoding,Medium,SSC
Q07045,Verbal Ability,Sentence Correction,Medium,TCS NQT
Q07046,Quantitative Aptitude,Trigonometry,Medium,"Banking,TCS NQT"
Q07047,Quantitative Aptitude,Simple Interest,Medium,"SSC,TCS NQT,Banking"
Q07048,Quantitative Aptitude,Compound Interest,Hard,"TCS NQT,CAT,SSC"
Q07049,Data Interpretation,Data Sufficiency (DI),Easy,"Placements,CAT,TCS NQT"
Q07050,Logical Reasoning,Analogy,Easy,"SSC,Placements,CAT"
Q07051,Logical Reasoning,Cubes & Dice,Medium,"Banking,General,CAT"
Q07052,Verbal Ability,Idioms & Phrases,Easy,"TCS NQT,SSC"
Q07053,Logical Reasoning,Analogy,Medium,General
Q07054,Data Interpretation,Caselets,Medium,SSC
Q07055,Quantitative Aptitude,Ratio & Proportion,Easy,"Banking,SSC"
Q07056,Quantitative Aptitude,Simple Interest,Medium,"Placements,SSC,General"
Q07057,Quantitative Aptitude,Profit & Loss,Easy,"Placements,Banking,SSC"
Q07058,Data Interpretation,Data Sufficiency (DI),Easy,CAT
Q07059,Verbal Ability,Reading Comprehension,Medium,"Banking,General"
Q07060,Logical Reasoning,Series Completion,Medium,"Placements,CAT,Banking"
Q07061,Logical Reasoning,Data Sufficiency,Medium,Placements
Q07062,Verbal Ability,Para Summary,Medium,TCS NQT
Q07063,Data Interpretation,Line Graphs,Medium,Placements
Q07064,Logical Reasoning,Venn Diagrams,Medium,"General,TCS NQT,CAT"
Q07065,Verbal Ability,Verbal Analogies,Medium,TCS NQT
Q07066,Quantitative Aptitude,Trigonometry,Easy,Placements
Q07067,Logical Reasoning,Cubes & Dice,Medium,Placements
Q07068,Verbal Ability,Critical Reasoning,Easy,"Placements,SSC,TCS NQT"
Q07069,Verbal Ability,Critical Reasoning,Easy,"SSC,TCS NQT"
Q07070,Verbal Ability,Verbal Analogies,Medium,SSC
Q07071,Verbal Ability,Odd One Out,Medium,"CAT,Banking"
Q07072,Data Interpretation,Venn-based DI,Hard,"Placements,General"
Q07073,Data Interpretation,Mixed DI Sets,Easy,CAT
Q07074,Verbal Ability,Error Spotting,Medium,"Banking,SSC"
Q07075,Verbal Ability,Para Jumbles,Medium,"CAT,Banking,General"
Q07076,Quantitative Aptitude,Partnership,Medium,"SSC,CAT,Banking"
Q07077,Quantitative Aptitude,Partnership,Easy,General
Q07078,Verbal Ability,Synonyms & Antonyms,Easy,"TCS NQT,SSC,CAT"
Q07079,Quantitative Aptitude,Averages,Easy,"Banking,Placements"
Q07080,Quantitative Aptitude,Averages,Hard,TCS NQT
Q07081,Logical Reasoning,Seating Arrangement,Hard,"SSC,TCS NQT,CAT"
Q07082,Logical Reasoning,Data Sufficiency,Hard,"TCS NQT,CAT"
Q07083,Data Interpretation,Pie Charts,Medium,"Banking,SSC"
Q07084,Data Interpretation,Caselets,Medium,"TCS NQT,Banking,SSC"
Q07085,Verbal Ability,Sentence Correction,Medium,"General,CAT,Banking"
Q07086,Verbal Ability,Reading Comprehension,Hard,"Banking,General,CAT"
Q07087,Logical Reasoning,Syllogisms,Medium,"CAT,TCS NQT"
Q07088,Data Interpretation,Tables,Easy,General
Q07089,Verbal Ability,Critical Reasoning,Medium,"SSC,CAT"
Q07090,Quantitative Aptitude,Probability,Medium,"CAT,Placements"
Q07091,Verbal Ability,Verbal Analogies,Easy,"TCS NQT,Placements,General"
Q07092,Verbal Ability,Para Jumbles,Easy,"CAT,Placements,Banking"
Q07093,Verbal Ability,Para Summary,Easy,General
Q07094,Logical Reasoning,Syllogisms,Medium,TCS NQT
Q07095,Quantitative Aptitude,Linear Equations,Easy,"TCS NQT,Banking,SSC"
Q07096,Verbal Ability,Cloze Test,Easy,"General,CAT,Banking"
Q07097,Quantitative Aptitude,Probability,Medium,"CAT,Placements,Banking"
Q07098,Quantitative Aptitude,Algebra,Easy,TCS NQT
Q07099,Logical Reasoning,Venn Diagrams,Easy,Banking
Q07100,Verbal Ability,Critical Reasoning,Easy,"Banking,TCS NQT,Placements"
Q07101,Verbal Ability,Sentence Correction,Medium,"Placements,SSC,Banking"
Q07102,Verbal Ability,Synonyms & Antonyms,Medium,CAT
Q07103,Quantitative Aptitude,"Time, Speed & Distance",Hard,"Banking,SSC,TCS NQT"
Q07104,Quantitative Aptitude,Number System,Easy,"TCS NQT,CAT,Banking"
Q07105,Logical Reasoning,Analogy,Easy,TCS NQT
Q07106,Verbal Ability,Error Spotting,Medium,"TCS NQT,Banking,CAT"
Q07107,Quantitative Aptitude,Logarithms,Medium,CAT
Q07108,Quantitative Aptitude,Surds & Indices,Easy,"CAT,TCS NQT,General"
Q07109,Quantitative Aptitude,Probability,Hard,"General,SSC,Placements"
Q07110,Quantitative Aptitude,Profit & Loss,Easy,Placements
Q07111,Logical Reasoning,Direction Sense,Easy,"Banking,CAT"
Q07112,Verbal Ability,Para Jumbles,Easy,"TCS NQT,SSC"
Q07113,Logical Reasoning,Venn Diagrams,Medium,"CAT,SSC,Placements"
Q07114,Verbal Ability,Para Summary,Medium,Placements
Q07115,Logical Reasoning,Puzzles,Hard,TCS NQT
Q07116,Quantitative Aptitude,Set Theory,Medium,"CAT,SSC"
Q07117,Data Interpretation,Radar/Spider Charts,Easy,"General,Placements,TCS NQT"
Q07118,Quantitative Aptitude,Number System,Hard,"Placements,TCS NQT"
Q07119,Quantitative Aptitude,Trigonometry,Easy,"CAT,Banking,TCS NQT"
Q07120,Data Interpretation,Caselets,Easy,"General,SSC"
Q07121,Logical Reasoning,Clocks & Calendars,Easy,"General,CAT"
Q07122,Quantitative Aptitude,Probability,Easy,"General,Placements,TCS NQT"
Q07123,Logical Reasoning,Seating Arrangement,Hard,"CAT,SSC"
Q07124,Logical Reasoning,Ranking & Order,Medium,"CAT,TCS NQT,SSC"
Q07125,Quantitative Aptitude,Pipes & Cisterns,Easy,TCS NQT
Q07126,Logical Reasoning,Statement & Conclusion,Medium,"Banking,General"
Q07127,Quantitative Aptitude,Geometry,Easy,Banking
Q07128,Quantitative Aptitude,Time & Work,Medium,SSC
Q07129,Data Interpretation,Data Sufficiency (DI),Medium,SSC
Q07130,Logical Reasoning,Statement & Assumption,Hard,Placements
Q07131,Data Interpretation,Data Sufficiency (DI),Medium,General
Q07132,Quantitative Aptitude,Probability,Easy,"CAT,Placements"
Q07133,Quantitative Aptitude,Linear Equations,Hard,"TCS NQT,Banking"
Q07134,Data Interpretation,Bar Graphs,Easy,Banking
Q07135,Logical Reasoning,Ranking & Order,Medium,SSC
Q07136,Quantitative Aptitude,Percentages,Easy,"Placements,CAT"
Q07137,Quantitative Aptitude,Quadratic Equations,Hard,"Placements,Banking"
Q07138,Logical Reasoning,Blood Relations,Easy,"CAT,Placements"
Q07139,Verbal Ability,Error Spotting,Medium,"General,CAT,Banking"
Q07140,Quantitative Aptitude,Averages,Easy,TCS NQT
Q07141,Verbal Ability,Idioms & Phrases,Medium,"CAT,General,Placements"
Q07142,Logical Reasoning,Syllogisms,Medium,"CAT,Placements,General"
Q07143,Verbal Ability,Error Spotting,Medium,General
Q07144,Logical Reasoning,Blood Relations,Medium,SSC
Q07145,Quantitative Aptitude,Compound Interest,Medium,TCS NQT
Q07146,Verbal Ability,Critical Reasoning,Easy,"Placements,General"
Q07147,Logical Reasoning,Cubes & Dice,Easy,"TCS NQT,Banking"
Q07148,Logical Reasoning,Data Sufficiency,Medium,CAT
Q07149,Logical Reasoning,Coding-Decoding,Easy,"CAT,General"
Q07150,Quantitative Aptitude,Logarithms,Easy,"TCS NQT,Banking,CAT"
Q07151,Quantitative Aptitude,Compound Interest,Medium,"SSC,Banking"
Q07152,Quantitative Aptitude,Mixtures & Alligations,Medium,"SSC,General,TCS NQT"
Q07153,Quantitative Aptitude,Set Theory,Medium,"Placements,CAT,SSC"
Q07154,Verbal Ability,Critical Reasoning,Medium,"TCS NQT,General,SSC"
Q07155,Data Interpretation,Caselets,Hard,"Placements,TCS NQT"
Q07156,Verbal Ability,Para Jumbles,Easy,TCS NQT
Q07157,Verbal Ability,Reading Comprehension,Hard,"TCS NQT,CAT,Banking"
Q07158,Logical Reasoning,Data Sufficiency,Medium,"SSC,TCS NQT,Placements"
Q07159,Logical Reasoning,Clocks & Calendars,Easy,"SSC,Banking"
Q07160,Logical Reasoning,Ranking & Order,Hard,Placements
Q07161,Logical Reasoning,Data Sufficiency,Easy,CAT
Q07162,Quantitative Aptitude,Trigonometry,Medium,"Banking,CAT,SSC"
Q07163,Quantitative Aptitude,Partnership,Easy,"Banking,CAT"
Q07164,Data Interpretation,Tables,Hard,"CAT,Banking"
Q07165,Logical Reasoning,Direction Sense,Medium,"TCS NQT,Banking"
Q07166,Logical Reasoning,Blood Relations,Medium,"CAT,SSC"
Q07167,Verbal Ability,Odd One Out,Hard,"Placements,Banking,TCS NQT"
Q07168,Quantitative Aptitude,Number System,Easy,Placements
Q07169,Data Interpretation,Mixed DI Sets,Medium,SSC
Q07170,Quantitative Aptitude,Permutation & Combination,Easy,"CAT,General"
Q07171,Quantitative Aptitude,Linear Equations,Medium,General
Q07172,Logical Reasoning,Blood Relations,Medium,Banking
Q07173,Verbal Ability,Sentence Correction,Easy,"General,CAT,Banking"
Q07174,Verbal Ability,Odd One Out,Hard,SSC
Q07175,Quantitative Aptitude,Geometry,Medium,SSC
Q07176,Quantitative Aptitude,Permutation & Combination,Easy,"TCS NQT,CAT"
Q07177,Quantitative Aptitude,Linear Equations,Easy,Placements
Q07178,Data Interpretation,Caselets,Easy,"CAT,Placements"
Q07179,Logical Reasoning,Statement & Assumption,Medium,"SSC,General,Banking"
Q07180,Logical Reasoning,Statement & Conclusion,Hard,General
Q07181,Quantitative Aptitude,Quadratic Equations,Easy,"General,SSC"
Q07182,Quantitative Aptitude,"Time, Speed & Distance",Medium,General
Q07183,Logical Reasoning,Venn Diagrams,Hard,"Banking,TCS NQT,CAT"
Q07184,Logical Reasoning,Venn Diagrams,Medium,"Banking,CAT,TCS NQT"
Q07185,Verbal Ability,Cloze Test,Medium,"General,TCS NQT,Banking"
Q07186,Data Interpretation,Data Sufficiency (DI),Medium,"SSC,Banking,Placements"
Q07187,Data Interpretation,Data Sufficiency (DI),Easy,"Banking,CAT"
Q07188,Verbal Ability,Idioms & Phrases,Medium,Placements
Q07189,Verbal Ability,Fill in the Blanks,Hard,"TCS NQT,Banking,SSC"
Q07190,Quantitative Aptitude,Set Theory,Easy,"TCS NQT,Banking,General"
Q07191,Data Interpretation,Venn-based DI,Medium,SSC
Q07192,Quantitative Aptitude,Surds & Indices,Medium,"CAT,Placements"
Q07193,Logical Reasoning,Statement & Assumption,Easy,"General,Banking,TCS NQT"
Q07194,Logical Reasoning,Seating Arrangement,Easy,"SSC,Placements,CAT"
Q07195,Logical Reasoning,Puzzles,Hard,"Placements,General,CAT"
Q07196,Data Interpretation,Mixed DI Sets,Easy,"Banking,Placements"
Q07197,Quantitative Aptitude,"Time, Speed & Distance",Medium,Placements
Q07198,Quantitative Aptitude,Partnership,Medium,"TCS NQT,Banking,Placements"
Q07199,Quantitative Aptitude,Surds & Indices,Hard,Placements
Q07200,Quantitative Aptitude,Progressions (AP/GP),Easy,"SSC,General"
Q07201,Quantitative Aptitude,Percentages,Hard,TCS NQT
Q07202,Logical Reasoning,Direction Sense,Hard,"Placements,General"
Q07203,Data Interpretation,Data Sufficiency (DI),Medium,"Banking,TCS NQT"
Q07204,Data Interpretation,Line Graphs,Medium,"Placements,Banking"
Q07205,Verbal Ability,Odd One Out,Easy,TCS NQT
Q07206,Quantitative Aptitude,Partnership,Medium,Placements
Q07207,Logical Reasoning,Venn Diagrams,Easy,"Placements,CAT,General"
Q07208,Data Interpretation,Tables,Hard,"Placements,CAT,TCS NQT"
Q07209,Logical Reasoning,Statement & Conclusion,Hard,"CAT,General,Banking"
Q07210,Data Interpretation,Tables,Medium,Placements
Q07211,Verbal Ability,Idioms & Phrases,Easy,"SSC,Placements"
Q07212,Data Interpretation,Tables,Medium,"Banking,CAT"
Q07213,Data Interpretation,Venn-based DI,Hard,TCS NQT
Q07214,Verbal Ability,Reading Comprehension,Medium,"Banking,SSC,TCS NQT"
Q07215,Quantitative Aptitude,Profit & Loss,Hard,"SSC,General"
Q07216,Verbal Ability,Synonyms & Antonyms,Easy,"CAT,Banking"
Q07217,Logical Reasoning,Venn Diagrams,Hard,"TCS NQT,General"
Q07218,Logical Reasoning,Seating Arrangement,Medium,TCS NQT
Q07219,Quantitative Aptitude,Ratio & Proportion,Easy,CAT
Q07220,Quantitative Aptitude,Number System,Easy,"Banking,SSC,Placements"
Q07221,Quantitative Aptitude,"Time, Speed & Distance",Easy,"Placements,General,Banking"
Q07222,Quantitative Aptitude,Set Theory,Hard,"Placements,General,Banking"
Q07223,Quantitative Aptitude,Mensuration,Medium,"Banking,Placements"
Q07224,Verbal Ability,Sentence Correction,Medium,Banking
Q07225,Quantitative Aptitude,Pipes & Cisterns,Medium,"General,CAT,Banking"
Q07226,Logical Reasoning,Ranking & Order,Hard,"General,Banking"
Q07227,Quantitative Aptitude,Number System,Medium,"CAT,Placements"
Q07228,Verbal Ability,Idioms & Phrases,Medium,"CAT,Placements"
Q07229,Logical Reasoning,Ranking & Order,Easy,SSC
Q07230,Verbal Ability,Verbal Analogies,Hard,"Placements,TCS NQT"
Q07231,Logical Reasoning,Clocks & Calendars,Medium,General
Q07232,Logical Reasoning,Clocks & Calendars,Medium,General
Q07233,Data Interpretation,Bar Graphs,Medium,"Banking,SSC,CAT"
Q07234,Quantitative Aptitude,Compound Interest,Easy,"SSC,CAT"
Q07235,Quantitative Aptitude,Surds & Indices,Medium,"Banking,General,SSC"
Q07236,Data Interpretation,Venn-based DI,Medium,Banking
Q07237,Verbal Ability,Odd One Out,Easy,"Placements,SSC"
Q07238,Data Interpretation,Bar Graphs,Easy,"Placements,CAT"
Q07239,Logical Reasoning,Syllogisms,Medium,General
Q07240,Quantitative Aptitude,Quadratic Equations,Medium,TCS NQT
Q07241,Verbal Ability,Cloze Test,Medium,"General,Banking"
Q07242,Verbal Ability,Critical Reasoning,Hard,"General,CAT"
Q07243,Verbal Ability,Critical Reasoning,Hard,"Banking,SSC,TCS NQT"
Q07244,Quantitative Aptitude,Logarithms,Medium,"General,TCS NQT"
Q07245,Logical Reasoning,Series Completion,Medium,TCS NQT
Q07246,Quantitative Aptitude,"Time, Speed & Distance",Medium,"General,TCS NQT,Banking"
Q07247,Data Interpretation,Venn-based DI,Easy,"SSC,TCS NQT,CAT"
Q07248,Quantitative Aptitude,Averages,Easy,"General,TCS NQT,Banking"
Q07249,Quantitative Aptitude,Percentages,Medium,"General,TCS NQT,SSC"
Q07250,Logical Reasoning,Venn Diagrams,Easy,SSC
Q07251,Logical Reasoning,Series Completion,Hard,Banking
Q07252,Verbal Ability,Para Summary,Medium,"Placements,General"
Q07253,Data Interpretation,Line Graphs,Easy,"Placements,TCS NQT,SSC"
Q07254,Data Interpretation,Data Sufficiency (DI),Easy,Placements
Q07255,Data Interpretation,Pie Charts,Hard,General
Q07256,Logical Reasoning,Seating Arrangement,Medium,"CAT,SSC,TCS NQT"
Q07257,Verbal Ability,Idioms & Phrases,Hard,"Placements,SSC"
Q07258,Quantitative Aptitude,Number System,Easy,General
Q07259,Verbal Ability,Para Jumbles,Easy,General
Q07260,Quantitative Aptitude,Mensuration,Medium,"General,Placements"
Q07261,Logical Reasoning,Direction Sense,Easy,TCS NQT
Q07262,Data Interpretation,Venn-based DI,Easy,"SSC,Banking,General"
Q07263,Logical Reasoning,Coding-Decoding,Medium,"Placements,SSC,Banking"
Q07264,Data Interpretation,Radar/Spider Charts,Medium,"TCS NQT,Banking,CAT"
Q07265,Logical Reasoning,Direction Sense,Hard,Placements
Q07266,Quantitative Aptitude,Mensuration,Easy,"General,TCS NQT,Banking"
Q07267,Quantitative Aptitude,Percentages,Easy,"General,TCS NQT"
Q07268,Verbal Ability,Critical Reasoning,Easy,Banking
Q07269,Data Interpretation,Venn-based DI,Medium,Banking
Q07270,Quantitative Aptitude,Partnership,Easy,General
Q07271,Quantitative Aptitude,"Time, Speed & Distance",Easy,"General,SSC,TCS NQT"
Q07272,Data Interpretation,Data Sufficiency (DI),Medium,"Banking,TCS NQT"
Q07273,Data Interpretation,Venn-based DI,Easy,"Banking,CAT"
Q07274,Verbal Ability,Cloze Test,Medium,"TCS NQT,Banking"
Q07275,Verbal Ability,Cloze Test,Easy,"TCS NQT,SSC"
Q07276,Logical Reasoning,Ranking & Order,Medium,General
Q07277,Verbal Ability,Idioms & Phrases,Easy,CAT
Q07278,Quantitative Aptitude,Logarithms,Hard,"Placements,General"
Q07279,Verbal Ability,Para Summary,Medium,CAT
Q07280,Quantitative Aptitude,Probability,Medium,TCS NQT
Q07281,Logical Reasoning,Direction Sense,Medium,"CAT,Banking"
Q07282,Quantitative Aptitude,Quadratic Equations,Medium,CAT
Q07283,Verbal Ability,Para Jumbles,Medium,"SSC,General"
Q07284,Quantitative Aptitude,Algebra,Medium,"Banking,TCS NQT,General"
Q07285,Quantitative Aptitude,Averages,Medium,"Banking,TCS NQT"
Q07286,Quantitative Aptitude,Quadratic Equations,Easy,"SSC,General"
Q07287,Logical Reasoning,Analogy,Medium,"CAT,Placements"
Q07288,Quantitative Aptitude,Averages,Hard,"Banking,SSC"
Q07289,Quantitative Aptitude,Number System,Easy,CAT
Q07290,Logical Reasoning,Ranking & Order,Medium,"Banking,SSC,General"
Q07291,Data Interpretation,Venn-based DI,Medium,SSC
Q07292,Verbal Ability,Cloze Test,Hard,SSC
Q07293,Logical Reasoning,Seating Arrangement,Easy,"Banking,SSC"
Q07294,Quantitative Aptitude,Averages,Medium,"CAT,Placements"
Q07295,Quantitative Aptitude,Time & Work,Medium,"SSC,General"
Q07296,Data Interpretation,Pie Charts,Easy,"TCS NQT,General,Banking"
Q07297,Verbal Ability,Critical Reasoning,Hard,Placements
Q07298,Quantitative Aptitude,"Time, Speed & Distance",Hard,TCS NQT
Q07299,Verbal Ability,Para Summary,Easy,"Banking,CAT,Placements"
Q07300,Logical Reasoning,Venn Diagrams,Hard,"CAT,General"
Q07301,Quantitative Aptitude,Mensuration,Hard,Placements
Q07302,Quantitative Aptitude,Geometry,Medium,CAT
Q07303,Verbal Ability,Verbal Analogies,Easy,"SSC,Placements"
Q07304,Quantitative Aptitude,"Time, Speed & Distance",Medium,"General,Banking,CAT"
Q07305,Quantitative Aptitude,Time & Work,Easy,General
Q07306,Verbal Ability,Fill in the Blanks,Medium,"CAT,TCS NQT,Placements"
Q07307,Verbal Ability,Reading Comprehension,Medium,"SSC,CAT,Placements"
Q07308,Verbal Ability,Critical Reasoning,Medium,"TCS NQT,CAT,Banking"
Q07309,Verbal Ability,Cloze Test,Medium,TCS NQT
Q07310,Quantitative Aptitude,Trigonometry,Hard,"Banking,TCS NQT,General"
Q07311,Quantitative Aptitude,Compound Interest,Easy,"SSC,Placements"
Q07312,Verbal Ability,Idioms & Phrases,Medium,"CAT,Placements"
Q07313,Verbal Ability,Fill in the Blanks,Easy,"TCS NQT,SSC"
Q07314,Verbal Ability,Idioms & Phrases,Medium,SSC
Q07315,Logical Reasoning,Venn Diagrams,Hard,Banking
Q07316,Quantitative Aptitude,"Time, Speed & Distance",Easy,"Banking,General"
Q07317,Quantitative Aptitude,Mixtures & Alligations,Easy,"CAT,TCS NQT,SSC"
Q07318,Logical Reasoning,Analogy,Medium,"General,Placements,SSC"
Q07319,Data Interpretation,Bar Graphs,Hard,"TCS NQT,General"
Q07320,Quantitative Aptitude,Percentages,Easy,General
Q07321,Logical Reasoning,Input-Output,Medium,Placements
Q07322,Verbal Ability,Error Spotting,Easy,"SSC,General,Placements"
Q07323,Logical Reasoning,Syllogisms,Hard,CAT
Q07324,Quantitative Aptitude,Linear Equations,Easy,"TCS NQT,Placements,SSC"
Q07325,Quantitative Aptitude,Permutation & Combination,Hard,"TCS NQT,CAT"
Q07326,Quantitative Aptitude,Mensuration,Medium,SSC
Q07327,Quantitative Aptitude,Compound Interest,Easy,Placements
Q07328,Quantitative Aptitude,Simple Interest,Easy,"General,Banking,TCS NQT"
Q07329,Verbal Ability,Odd One Out,Hard,"TCS NQT,Banking"
Q07330,Quantitative Aptitude,Mensuration,Medium,"TCS NQT,SSC"
Q07331,Logical Reasoning,Puzzles,Medium,"SSC,CAT,Banking"
Q07332,Data Interpretation,Caselets,Medium,"TCS NQT,Placements,General"
Q07333,Logical Reasoning,Blood Relations,Easy,"TCS NQT,Placements,SSC"
Q07334,Verbal Ability,Cloze Test,Easy,"Banking,TCS NQT,SSC"
Q07335,Verbal Ability,Para Jumbles,Medium,"Banking,Placements,TCS NQT"
Q07336,Logical Reasoning,Statement & Assumption,Easy,Banking
Q07337,Data Interpretation,Bar Graphs,Medium,"General,SSC,Banking"
Q07338,Data Interpretation,Caselets,Medium,Banking
Q07339,Quantitative Aptitude,Geometry,Medium,"SSC,TCS NQT"
Q07340,Quantitative Aptitude,"Time, Speed & Distance",Hard,Banking
Q07341,Verbal Ability,Sentence Correction,Hard,"CAT,Banking,TCS NQT"
Q07342,Verbal Ability,Synonyms & Antonyms,Medium,"Placements,CAT,SSC"
Q07343,Quantitative Aptitude,Profit & Loss,Medium,"CAT,Banking,Placements"
Q07344,Quantitative Aptitude,Mixtures & Alligations,Easy,Banking
Q07345,Quantitative Aptitude,Linear Equations,Medium,"TCS NQT,SSC"
Q07346,Quantitative Aptitude,Geometry,Medium,"TCS NQT,General,CAT"
Q07347,Verbal Ability,Para Summary,Medium,Placements
Q07348,Verbal Ability,Synonyms & Antonyms,Medium,"General,Placements"
Q07349,Quantitative Aptitude,Ratio & Proportion,Easy,"Banking,CAT,General"
Q07350,Quantitative Aptitude,Logarithms,Medium,"TCS NQT,CAT,Placements"
Q07351,Data Interpretation,Line Graphs,Easy,Banking
Q07352,Quantitative Aptitude,Surds & Indices,Easy,"CAT,General,Banking"
Q07353,Logical Reasoning,Venn Diagrams,Medium,"General,TCS NQT"
Q07354,Logical Reasoning,Cubes & Dice,Medium,General
Q07355,Data Interpretation,Venn-based DI,Easy,"Banking,General"
Q07356,Quantitative Aptitude,Progressions (AP/GP),Medium,"General,SSC"
Q07357,Quantitative Aptitude,Profit & Loss,Easy,"Banking,General,TCS NQT"
Q07358,Logical Reasoning,Venn Diagrams,Medium,"Placements,TCS NQT"
Q07359,Data Interpretation,Venn-based DI,Medium,TCS NQT
Q07360,Quantitative Aptitude,Probability,Medium,"General,CAT,Banking"
Q07361,Logical Reasoning,Series Completion,Easy,"TCS NQT,CAT"
Q07362,Logical Reasoning,Data Sufficiency,Easy,"CAT,SSC,Banking"
Q07363,Quantitative Aptitude,Logarithms,Hard,TCS NQT
Q07364,Verbal Ability,Verbal Analogies,Easy,"SSC,TCS NQT"
Q07365,Verbal Ability,Verbal Analogies,Medium,"General,Banking,Placements"
Q07366,Quantitative Aptitude,Quadratic Equations,Medium,"Placements,TCS NQT,SSC"
Q07367,Quantitative Aptitude,Probability,Easy,"Banking,General,Placements"
Q07368,Data Interpretation,Venn-based DI,Easy,Placements
Q07369,Logical Reasoning,Blood Relations,Easy,"Banking,General,CAT"
Q07370,Quantitative Aptitude,Compound Interest,Easy,TCS NQT
Q07371,Verbal Ability,Para Summary,Easy,"CAT,Placements,General"
Q07372,Data Interpretation,Bar Graphs,Easy,"SSC,CAT,TCS NQT"
Q07373,Quantitative Aptitude,Compound Interest,Medium,"General,TCS NQT,Banking"
Q07374,Quantitative Aptitude,Set Theory,Medium,TCS NQT
Q07375,Quantitative Aptitude,Compound Interest,Medium,General
Q07376,Logical Reasoning,Analogy,Hard,Banking
Q07377,Quantitative Aptitude,Quadratic Equations,Easy,"TCS NQT,CAT,General"
Q07378,Quantitative Aptitude,Percentages,Medium,"TCS NQT,Placements"
Q07379,Logical Reasoning,Statement & Assumption,Medium,"Placements,TCS NQT"
Q07380,Quantitative Aptitude,Probability,Medium,Banking
Q07381,Verbal Ability,Idioms & Phrases,Easy,"Placements,General,SSC"
Q07382,Quantitative Aptitude,Partnership,Easy,"General,Banking,SSC"
Q07383,Quantitative Aptitude,Logarithms,Medium,"CAT,Placements"
Q07384,Quantitative Aptitude,Partnership,Medium,"CAT,Banking"
Q07385,Verbal Ability,Odd One Out,Medium,"Banking,TCS NQT"
Q07386,Logical Reasoning,Input-Output,Easy,"General,Placements,TCS NQT"
Q07387,Logical Reasoning,Venn Diagrams,Hard,"General,Banking"
Q07388,Quantitative Aptitude,Number System,Medium,"Banking,Placements"
Q07389,Quantitative Aptitude,Pipes & Cisterns,Easy,Placements
Q07390,Verbal Ability,Cloze Test,Medium,CAT
Q07391,Logical Reasoning,Venn Diagrams,Hard,"SSC,CAT"
Q07392,Quantitative Aptitude,Surds & Indices,Medium,"Banking,CAT"
Q07393,Verbal Ability,Fill in the Blanks,Easy,General
Q07394,Quantitative Aptitude,Profit & Loss,Medium,"Banking,TCS NQT,Placements"
Q07395,Verbal Ability,Idioms & Phrases,Easy,"General,SSC"
Q07396,Data Interpretation,Caselets,Easy,SSC
Q07397,Data Interpretation,Mixed DI Sets,Hard,"TCS NQT,Placements,CAT"
Q07398,Data Interpretation,Pie Charts,Medium,"CAT,SSC"
Q07399,Data Interpretation,Radar/Spider Charts,Medium,General
Q07400,Logical Reasoning,Puzzles,Medium,Placements
Q07401,Verbal Ability,Cloze Test,Hard,"CAT,Placements"
Q07402,Data Interpretation,Data Sufficiency (DI),Medium,"Banking,CAT,SSC"
Q07403,Quantitative Aptitude,Set Theory,Medium,"TCS NQT,General"
Q07404,Logical Reasoning,Seating Arrangement,Hard,"CAT,TCS NQT,Banking"
Q07405,Quantitative Aptitude,Mensuration,Medium,"Banking,TCS NQT,CAT"
Q07406,Logical Reasoning,Direction Sense,Medium,General
Q07407,Logical Reasoning,Clocks & Calendars,Easy,"SSC,General,Banking"
Q07408,Verbal Ability,Idioms & Phrases,Medium,"SSC,Banking"
Q07409,Quantitative Aptitude,Trigonometry,Hard,"SSC,CAT,Placements"
Q07410,Data Interpretation,Data Sufficiency (DI),Medium,"Banking,SSC,CAT"
Q07411,Logical Reasoning,Seating Arrangement,Medium,"Placements,General"
Q07412,Quantitative Aptitude,Logarithms,Medium,"Banking,Placements"
Q07413,Logical Reasoning,Analogy,Hard,"General,Placements,CAT"
Q07414,Data Interpretation,Mixed DI Sets,Medium,"Banking,SSC,General"
Q07415,Verbal Ability,Error Spotting,Easy,TCS NQT
Q07416,Logical Reasoning,Direction Sense,Easy,"Banking,Placements,CAT"
Q07417,Verbal Ability,Idioms & Phrases,Medium,"TCS NQT,Placements"
Q07418,Quantitative Aptitude,Partnership,Easy,Placements
Q07419,Logical Reasoning,Seating Arrangement,Hard,"TCS NQT,SSC"
Q07420,Data Interpretation,Caselets,Medium,"Placements,General,TCS NQT"
Q07421,Logical Reasoning,Coding-Decoding,Medium,"CAT,Banking"
Q07422,Logical Reasoning,Data Sufficiency,Medium,TCS NQT
Q07423,Logical Reasoning,Data Sufficiency,Medium,"General,SSC,Placements"
Q07424,Logical Reasoning,Input-Output,Hard,"CAT,Banking"
Q07425,Logical Reasoning,Series Completion,Hard,"SSC,Banking"
Q07426,Verbal Ability,Odd One Out,Easy,"SSC,Banking,Placements"
Q07427,Data Interpretation,Pie Charts,Easy,"General,TCS NQT"
Q07428,Logical Reasoning,Data Sufficiency,Medium,"SSC,CAT,Banking"
Q07429,Data Interpretation,Caselets,Medium,"TCS NQT,CAT,Banking"
Q07430,Quantitative Aptitude,Profit & Loss,Easy,"CAT,SSC"
Q07431,Verbal Ability,Reading Comprehension,Easy,Placements
Q07432,Logical Reasoning,Seating Arrangement,Medium,"General,CAT,Banking"
Q07433,Logical Reasoning,Seating Arrangement,Easy,"SSC,CAT,Placements"
Q07434,Quantitative Aptitude,Mixtures & Alligations,Medium,"General,Banking"
Q07435,Verbal Ability,Para Summary,Easy,"CAT,TCS NQT,SSC"
Q07436,Quantitative Aptitude,Probability,Medium,General
Q07437,Quantitative Aptitude,Trigonometry,Medium,"SSC,CAT"
Q07438,Verbal Ability,Error Spotting,Medium,TCS NQT
Q07439,Quantitative Aptitude,Pipes & Cisterns,Medium,TCS NQT
Q07440,Verbal Ability,Para Summary,Hard,"General,Placements"
Q07441,Data Interpretation,Tables,Medium,Placements
Q07442,Quantitative Aptitude,Geometry,Medium,"SSC,CAT,Banking"
Q07443,Verbal Ability,Error Spotting,Medium,CAT
Q07444,Logical Reasoning,Series Completion,Easy,"Banking,General"
Q07445,Logical Reasoning,Cubes & Dice,Easy,TCS NQT
Q07446,Quantitative Aptitude,Pipes & Cisterns,Medium,"Banking,General"
Q07447,Logical Reasoning,Input-Output,Medium,CAT
Q07448,Verbal Ability,Synonyms & Antonyms,Hard,"General,Banking"
Q07449,Verbal Ability,Sentence Correction,Easy,"Placements,CAT"
Q07450,Quantitative Aptitude,Compound Interest,Easy,Placements
Q07451,Verbal Ability,Cloze Test,Medium,"Placements,SSC,CAT"
Q07452,Quantitative Aptitude,Profit & Loss,Medium,General
Q07453,Verbal Ability,Odd One Out,Medium,"TCS NQT,Placements"
Q07454,Verbal Ability,Para Summary,Medium,"SSC,TCS NQT"
Q07455,Verbal Ability,Error Spotting,Medium,CAT
Q07456,Quantitative Aptitude,Trigonometry,Easy,"TCS NQT,CAT"
Q07457,Verbal Ability,Fill in the Blanks,Easy,General
Q07458,Logical Reasoning,Clocks & Calendars,Medium,"Banking,CAT"
Q07459,Verbal Ability,Critical Reasoning,Medium,"CAT,TCS NQT"
Q07460,Verbal Ability,Synonyms & Antonyms,Easy,Placements
Q07461,Quantitative Aptitude,Linear Equations,Medium,Banking
Q07462,Verbal Ability,Critical Reasoning,Medium,"SSC,Banking"
Q07463,Quantitative Aptitude,Mixtures & Alligations,Medium,Banking
Q07464,Logical Reasoning,Syllogisms,Easy,TCS NQT
Q07465,Quantitative Aptitude,Quadratic Equations,Medium,Banking
Q07466,Logical Reasoning,Direction Sense,Medium,"Placements,CAT"
Q07467,Verbal Ability,Verbal Analogies,Medium,"SSC,Banking,General"
Q07468,Data Interpretation,Mixed DI Sets,Hard,"Placements,General,Banking"
Q07469,Verbal Ability,Cloze Test,Medium,"Banking,SSC"
Q07470,Quantitative Aptitude,Profit & Loss,Easy,"TCS NQT,CAT"
Q07471,Quantitative Aptitude,Number System,Medium,TCS NQT
Q07472,Verbal Ability,Fill in the Blanks,Hard,Placements
Q07473,Data Interpretation,Mixed DI Sets,Hard,"CAT,Placements"
Q07474,Verbal Ability,Critical Reasoning,Easy,"General,SSC"
Q07475,Verbal Ability,Idioms & Phrases,Medium,"Banking,Placements"
Q07476,Logical Reasoning,Coding-Decoding,Medium,"TCS NQT,Placements,CAT"
Q07477,Data Interpretation,Caselets,Easy,"Placements,General"
Q07478,Verbal Ability,Para Jumbles,Easy,"SSC,General"
Q07479,Quantitative Aptitude,Quadratic Equations,Hard,"General,CAT,SSC"
Q07480,Verbal Ability,Cloze Test,Medium,"SSC,TCS NQT"
Q07481,Quantitative Aptitude,"Time, Speed & Distance",Medium,SSC
Q07482,Logical Reasoning,Seating Arrangement,Medium,SSC
Q07483,Quantitative Aptitude,Partnership,Medium,"Banking,TCS NQT,General"
Q07484,Logical Reasoning,Venn Diagrams,Easy,CAT
Q07485,Quantitative Aptitude,Compound Interest,Easy,"CAT,SSC,General"
Q07486,Quantitative Aptitude,Progressions (AP/GP),Medium,"SSC,Placements"
Q07487,Logical Reasoning,Cubes & Dice,Easy,"General,Banking"
Q07488,Quantitative Aptitude,Geometry,Medium,TCS NQT
Q07489,Verbal Ability,Sentence Correction,Medium,General
Q07490,Logical Reasoning,Data Sufficiency,Medium,"CAT,General,TCS NQT"
Q07491,Logical Reasoning,Analogy,Easy,CAT
Q07492,Logical Reasoning,Clocks & Calendars,Hard,TCS NQT
Q07493,Verbal Ability,Para Jumbles,Easy,"CAT,General"
Q07494,Verbal Ability,Critical Reasoning,Hard,Banking
Q07495,Logical Reasoning,Analogy,Medium,"Banking,Placements,CAT"
Q07496,Quantitative Aptitude,Number System,Medium,"TCS NQT,CAT"
Q07497,Data Interpretation,Venn-based DI,Hard,"CAT,General"
Q07498,Quantitative Aptitude,Logarithms,Hard,"Banking,TCS NQT,SSC"
Q07499,Logical Reasoning,Input-Output,Easy,"Placements,SSC"
Q07500,Quantitative Aptitude,Mensuration,Hard,Banking
Q07501,Verbal Ability,Cloze Test,Medium,"General,CAT,Placements"
Q07502,Verbal Ability,Para Summary,Hard,"General,Placements,TCS NQT"
Q07503,Data Interpretation,Pie Charts,Easy,"SSC,Placements"
Q07504,Logical Reasoning,Series Completion,Medium,Banking
Q07505,Quantitative Aptitude,Percentages,Easy,Placements
Q07506,Logical Reasoning,Series Completion,Hard,Placements
Q07507,Verbal Ability,Idioms & Phrases,Hard,"SSC,General"
Q07508,Verbal Ability,Error Spotting,Hard,General
Q07509,Data Interpretation,Mixed DI Sets,Medium,Placements
Q07510,Logical Reasoning,Clocks & Calendars,Medium,"CAT,General,SSC"
Q07511,Quantitative Aptitude,Compound Interest,Easy,Banking
Q07512,Quantitative Aptitude,Geometry,Medium,"CAT,General"
Q07513,Logical Reasoning,Venn Diagrams,Hard,SSC
Q07514,Quantitative Aptitude,Algebra,Medium,"TCS NQT,General,Placements"
Q07515,Logical Reasoning,Blood Relations,Medium,Banking
Q07516,Logical Reasoning,Input-Output,Easy,Placements
Q07517,Quantitative Aptitude,Pipes & Cisterns,Medium,"Placements,General,TCS NQT"
Q07518,Logical Reasoning,Direction Sense,Hard,"CAT,General"
Q07519,Quantitative Aptitude,Algebra,Medium,TCS NQT
Q07520,Logical Reasoning,Direction Sense,Hard,General
Q07521,Data Interpretation,Line Graphs,Easy,SSC
Q07522,Logical Reasoning,Ranking & Order,Medium,General
Q07523,Verbal Ability,Reading Comprehension,Hard,General
Q07524,Quantitative Aptitude,Pipes & Cisterns,Easy,"CAT,General,TCS NQT"
Q07525,Logical Reasoning,Series Completion,Easy,"TCS NQT,SSC"
Q07526,Quantitative Aptitude,"Time, Speed & Distance",Medium,TCS NQT
Q07527,Quantitative Aptitude,Simple Interest,Easy,Placements
Q07528,Logical Reasoning,Coding-Decoding,Medium,"Placements,TCS NQT"
Q07529,Data Interpretation,Data Sufficiency (DI),Medium,Placements
Q07530,Logical Reasoning,Coding-Decoding,Medium,General
Q07531,Logical Reasoning,Statement & Conclusion,Easy,"Banking,SSC"
Q07532,Logical Reasoning,Venn Diagrams,Hard,Placements
Q07533,Data Interpretation,Caselets,Medium,TCS NQT
Q07534,Logical Reasoning,Ranking & Order,Hard,"SSC,TCS NQT"
Q07535,Verbal Ability,Odd One Out,Easy,"CAT,Placements"
Q07536,Verbal Ability,Critical Reasoning,Medium,"TCS NQT,Banking,General"
Q07537,Quantitative Aptitude,"Time, Speed & Distance",Easy,"Placements,CAT"
Q07538,Quantitative Aptitude,Pipes & Cisterns,Hard,"SSC,Placements,Banking"
Q07539,Quantitative Aptitude,Mensuration,Hard,"General,Banking,Placements"
Q07540,Data Interpretation,Caselets,Easy,"TCS NQT,General,SSC"
Q07541,Logical Reasoning,Coding-Decoding,Hard,"Banking,Placements,SSC"
Q07542,Quantitative Aptitude,Quadratic Equations,Medium,SSC
Q07543,Quantitative Aptitude,Partnership,Medium,Banking
Q07544,Logical Reasoning,Ranking & Order,Hard,"SSC,TCS NQT"
Q07545,Verbal Ability,Para Jumbles,Easy,"Banking,General"
Q07546,Quantitative Aptitude,Time & Work,Easy,"Placements,TCS NQT"
Q07547,Quantitative Aptitude,Percentages,Medium,"Banking,General,SSC"
Q07548,Data Interpretation,Pie Charts,Medium,"Banking,SSC"
Q07549,Quantitative Aptitude,Ratio & Proportion,Easy,Banking
Q07550,Logical Reasoning,Data Sufficiency,Hard,SSC
Q07551,Logical Reasoning,Cubes & Dice,Medium,"Banking,General"
Q07552,Logical Reasoning,Venn Diagrams,Hard,"Placements,SSC,General"
Q07553,Quantitative Aptitude,Probability,Medium,"General,Banking,Placements"
Q07554,Quantitative Aptitude,Set Theory,Medium,"TCS NQT,SSC,Placements"
Q07555,Logical Reasoning,Direction Sense,Medium,"Placements,Banking"
Q07556,Quantitative Aptitude,Trigonometry,Hard,"Placements,SSC,CAT"
Q07557,Verbal Ability,Fill in the Blanks,Easy,"CAT,Placements"
Q07558,Logical Reasoning,Cubes & Dice,Hard,"General,Banking,Placements"
Q07559,Verbal Ability,Error Spotting,Hard,"TCS NQT,Placements,SSC"
Q07560,Quantitative Aptitude,Averages,Easy,General
Q07561,Verbal Ability,Critical Reasoning,Easy,"TCS NQT,SSC"
Q07562,Verbal Ability,Idioms & Phrases,Easy,"Banking,Placements,CAT"
Q07563,Verbal Ability,Para Summary,Hard,Banking
Q07564,Verbal Ability,Error Spotting,Medium,"Placements,SSC,Banking"
Q07565,Verbal Ability,Verbal Analogies,Medium,"Placements,TCS NQT,CAT"
Q07566,Logical Reasoning,Input-Output,Easy,SSC
Q07567,Logical Reasoning,Statement & Assumption,Easy,"TCS NQT,CAT,General"
Q07568,Logical Reasoning,Ranking & Order,Hard,"General,Placements,Banking"
Q07569,Logical Reasoning,Seating Arrangement,Easy,Placements
Q07570,Logical Reasoning,Blood Relations,Medium,"Placements,Banking"
Q07571,Data Interpretation,Line Graphs,Easy,"CAT,Banking"
Q07572,Data Interpretation,Line Graphs,Easy,CAT
Q07573,Logical Reasoning,Statement & Conclusion,Easy,"TCS NQT,Banking,General"
Q07574,Verbal Ability,Idioms & Phrases,Easy,"CAT,TCS NQT,Placements"
Q07575,Logical Reasoning,Ranking & Order,Medium,"SSC,TCS NQT,Placements"
Q07576,Quantitative Aptitude,Simple Interest,Easy,CAT
Q07577,Quantitative Aptitude,Mixtures & Alligations,Medium,"Placements,TCS NQT"
Q07578,Quantitative Aptitude,Mixtures & Alligations,Medium,"Banking,Placements"
Q07579,Verbal Ability,Fill in the Blanks,Hard,"SSC,Placements,TCS NQT"
Q07580,Logical Reasoning,Ranking & Order,Easy,"SSC,General,Banking"
Q07581,Verbal Ability,Sentence Correction,Medium,TCS NQT
Q07582,Quantitative Aptitude,Simple Interest,Hard,"Placements,TCS NQT"
Q07583,Quantitative Aptitude,Progressions (AP/GP),Easy,"SSC,CAT,Placements"
Q07584,Verbal Ability,Para Summary,Hard,"SSC,TCS NQT,CAT"
Q07585,Quantitative Aptitude,Surds & Indices,Medium,Placements
Q07586,Quantitative Aptitude,Set Theory,Medium,"General,Banking"
Q07587,Verbal Ability,Error Spotting,Medium,"TCS NQT,Banking"
Q07588,Verbal Ability,Para Jumbles,Medium,"Banking,General,CAT"
Q07589,Verbal Ability,Para Summary,Easy,"TCS NQT,Placements,General"
Q07590,Logical Reasoning,Venn Diagrams,Medium,TCS NQT
Q07591,Logical Reasoning,Puzzles,Easy,CAT
Q07592,Verbal Ability,Para Summary,Medium,Placements
Q07593,Verbal Ability,Fill in the Blanks,Medium,"CAT,General,Banking"
Q07594,Logical Reasoning,Statement & Assumption,Hard,"TCS NQT,SSC,CAT"
Q07595,Verbal Ability,Para Jumbles,Hard,Placements
Q07596,Logical Reasoning,Statement & Assumption,Easy,"SSC,Placements"
Q07597,Logical Reasoning,Analogy,Hard,"Banking,General,Placements"
Q07598,Logical Reasoning,Statement & Conclusion,Medium,"CAT,SSC,General"
Q07599,Data Interpretation,Venn-based DI,Hard,"SSC,CAT,TCS NQT"
Q07600,Logical Reasoning,Seating Arrangement,Medium,"Banking,TCS NQT"
Q07601,Logical Reasoning,Series Completion,Easy,CAT
Q07602,Verbal Ability,Critical Reasoning,Easy,"CAT,General,Banking"
Q07603,Logical Reasoning,Blood Relations,Easy,"TCS NQT,General"
Q07604,Quantitative Aptitude,Surds & Indices,Medium,"CAT,General,TCS NQT"
Q07605,Data Interpretation,Caselets,Medium,"Placements,CAT,General"
Q07606,Verbal Ability,Idioms & Phrases,Medium,"Banking,General,CAT"
Q07607,Logical Reasoning,Ranking & Order,Hard,"CAT,General,TCS NQT"
Q07608,Data Interpretation,Tables,Medium,"Placements,CAT"
Q07609,Quantitative Aptitude,"Time, Speed & Distance",Medium,"TCS NQT,SSC"
Q07610,Quantitative Aptitude,Mixtures & Alligations,Easy,"SSC,Placements,CAT"
Q07611,Verbal Ability,Sentence Correction,Easy,"Placements,CAT"
Q07612,Quantitative Aptitude,Geometry,Medium,General
Q07613,Logical Reasoning,Analogy,Medium,"General,CAT,Banking"
Q07614,Logical Reasoning,Puzzles,Hard,TCS NQT
Q07615,Quantitative Aptitude,Quadratic Equations,Hard,CAT
Q07616,Quantitative Aptitude,Algebra,Easy,"CAT,General"
Q07617,Quantitative Aptitude,Trigonometry,Medium,Placements
Q07618,Verbal Ability,Synonyms & Antonyms,Easy,"CAT,TCS NQT,SSC"
Q07619,Quantitative Aptitude,Number System,Easy,SSC
Q07620,Quantitative Aptitude,Mensuration,Easy,"CAT,Placements,General"
Q07621,Data Interpretation,Caselets,Medium,CAT
Q07622,Quantitative Aptitude,Compound Interest,Medium,"Banking,SSC,TCS NQT"
Q07623,Quantitative Aptitude,Compound Interest,Medium,"General,CAT"
Q07624,Quantitative Aptitude,Logarithms,Easy,Banking
Q07625,Verbal Ability,Odd One Out,Medium,"SSC,Banking,TCS NQT"
Q07626,Data Interpretation,Caselets,Easy,"Placements,TCS NQT"
Q07627,Logical Reasoning,Seating Arrangement,Easy,TCS NQT
Q07628,Quantitative Aptitude,Profit & Loss,Easy,General
Q07629,Verbal Ability,Odd One Out,Medium,"TCS NQT,CAT"
Q07630,Verbal Ability,Cloze Test,Medium,"CAT,TCS NQT"
Q07631,Data Interpretation,Caselets,Medium,Placements
Q07632,Quantitative Aptitude,Set Theory,Medium,CAT
Q07633,Logical Reasoning,Data Sufficiency,Easy,"CAT,General"
Q07634,Quantitative Aptitude,Partnership,Medium,CAT
Q07635,Quantitative Aptitude,Algebra,Hard,SSC
Q07636,Quantitative Aptitude,Percentages,Easy,"TCS NQT,Banking"
Q07637,Quantitative Aptitude,Surds & Indices,Easy,Banking
Q07638,Logical Reasoning,Seating Arrangement,Hard,"TCS NQT,SSC"
Q07639,Quantitative Aptitude,Linear Equations,Hard,"Placements,SSC"
Q07640,Logical Reasoning,Coding-Decoding,Medium,"Banking,SSC,CAT"
Q07641,Verbal Ability,Reading Comprehension,Hard,General
Q07642,Quantitative Aptitude,Linear Equations,Medium,"Banking,CAT"
Q07643,Logical Reasoning,Cubes & Dice,Hard,"TCS NQT,General,SSC"
Q07644,Quantitative Aptitude,Permutation & Combination,Easy,"SSC,Banking,TCS NQT"
Q07645,Logical Reasoning,Clocks & Calendars,Easy,"TCS NQT,General,Placements"
Q07646,Logical Reasoning,Syllogisms,Medium,SSC
Q07647,Logical Reasoning,Puzzles,Easy,"General,SSC,Banking"
Q07648,Quantitative Aptitude,Mensuration,Hard,"General,Banking"
Q07649,Verbal Ability,Sentence Correction,Medium,"SSC,TCS NQT"
Q07650,Data Interpretation,Caselets,Easy,Placements
Q07651,Quantitative Aptitude,Mensuration,Easy,"General,CAT,Banking"
Q07652,Verbal Ability,Synonyms & Antonyms,Hard,"Banking,Placements"
Q07653,Quantitative Aptitude,Set Theory,Easy,"Banking,SSC"
Q07654,Logical Reasoning,Blood Relations,Easy,"Banking,CAT"
Q07655,Quantitative Aptitude,Trigonometry,Easy,General
Q07656,Data Interpretation,Bar Graphs,Medium,SSC
Q07657,Verbal Ability,Cloze Test,Easy,"CAT,Placements"
Q07658,Data Interpretation,Bar Graphs,Medium,"TCS NQT,Banking"
Q07659,Data Interpretation,Line Graphs,Hard,"CAT,TCS NQT"
Q07660,Quantitative Aptitude,Mensuration,Medium,CAT
Q07661,Logical Reasoning,Blood Relations,Hard,"Banking,General,CAT"
Q07662,Logical Reasoning,Statement & Conclusion,Medium,Banking
Q07663,Verbal Ability,Synonyms & Antonyms,Hard,"Placements,CAT,Banking"
Q07664,Quantitative Aptitude,Geometry,Medium,Placements
Q07665,Verbal Ability,Idioms & Phrases,Hard,"CAT,General,SSC"
Q07666,Logical Reasoning,Coding-Decoding,Easy,Placements
Q07667,Quantitative Aptitude,Compound Interest,Easy,"Placements,General,TCS NQT"
Q07668,Quantitative Aptitude,Probability,Medium,SSC
Q07669,Logical Reasoning,Blood Relations,Medium,"SSC,Banking,General"
Q07670,Data Interpretation,Line Graphs,Easy,"Placements,SSC,TCS NQT"
Q07671,Data Interpretation,Bar Graphs,Easy,SSC
Q07672,Quantitative Aptitude,Profit & Loss,Medium,General
Q07673,Verbal Ability,Idioms & Phrases,Easy,"Banking,TCS NQT"
Q07674,Logical Reasoning,Puzzles,Hard,SSC
Q07675,Data Interpretation,Pie Charts,Medium,"CAT,Placements,SSC"
Q07676,Data Interpretation,Bar Graphs,Easy,"Placements,SSC"
Q07677,Verbal Ability,Odd One Out,Medium,Placements
Q07678,Data Interpretation,Venn-based DI,Hard,"Placements,CAT,Banking"
Q07679,Verbal Ability,Critical Reasoning,Medium,General
Q07680,Data Interpretation,Mixed DI Sets,Medium,"TCS NQT,CAT"
Q07681,Verbal Ability,Verbal Analogies,Medium,"TCS NQT,Placements"
Q07682,Logical Reasoning,Blood Relations,Easy,TCS NQT
Q07683,Logical Reasoning,Blood Relations,Easy,CAT
Q07684,Verbal Ability,Critical Reasoning,Hard,TCS NQT
Q07685,Quantitative Aptitude,Mixtures & Alligations,Hard,"SSC,Placements,General"
Q07686,Verbal Ability,Para Jumbles,Hard,"SSC,Placements,CAT"
Q07687,Quantitative Aptitude,Set Theory,Medium,"SSC,Banking"
Q07688,Quantitative Aptitude,Probability,Medium,"Banking,SSC"
Q07689,Quantitative Aptitude,Pipes & Cisterns,Medium,"Placements,TCS NQT,CAT"
Q07690,Quantitative Aptitude,Time & Work,Hard,General
Q07691,Data Interpretation,Venn-based DI,Hard,"TCS NQT,General,Placements"
Q07692,Data Interpretation,Bar Graphs,Medium,"Placements,SSC"
Q07693,Quantitative Aptitude,Trigonometry,Easy,"General,CAT,Placements"
Q07694,Logical Reasoning,Cubes & Dice,Medium,"TCS NQT,CAT,Placements"
Q07695,Quantitative Aptitude,Simple Interest,Easy,General
Q07696,Logical Reasoning,Cubes & Dice,Hard,"Placements,Banking"
Q07697,Quantitative Aptitude,Logarithms,Medium,"CAT,SSC,TCS NQT"
Q07698,Quantitative Aptitude,Probability,Easy,"SSC,Banking"
Q07699,Quantitative Aptitude,Linear Equations,Hard,"TCS NQT,SSC,CAT"
Q07700,Verbal Ability,Idioms & Phrases,Hard,"Placements,TCS NQT"
Q07701,Logical Reasoning,Blood Relations,Hard,"TCS NQT,Banking"
Q07702,Data Interpretation,Bar Graphs,Medium,"SSC,General,Placements"
Q07703,Logical Reasoning,Input-Output,Medium,Banking
Q07704,Verbal Ability,Para Jumbles,Hard,"CAT,Banking,SSC"
Q07705,Verbal Ability,Para Summary,Easy,"Placements,General"
Q07706,Quantitative Aptitude,Mensuration,Medium,"SSC,Banking"
Q07707,Verbal Ability,Reading Comprehension,Hard,Banking
Q07708,Verbal Ability,Fill in the Blanks,Medium,Banking
Q07709,Verbal Ability,Para Summary,Medium,Placements
Q07710,Verbal Ability,Para Summary,Medium,"TCS NQT,CAT,SSC"
Q07711,Logical Reasoning,Syllogisms,Medium,SSC
Q07712,Verbal Ability,Sentence Correction,Medium,"CAT,TCS NQT,SSC"
Q07713,Quantitative Aptitude,"Time, Speed & Distance",Easy,"General,Banking"
Q07714,Logical Reasoning,Coding-Decoding,Medium,"TCS NQT,Banking,SSC"
Q07715,Logical Reasoning,Statement & Conclusion,Easy,"Banking,General"
Q07716,Logical Reasoning,Coding-Decoding,Easy,"CAT,TCS NQT"
Q07717,Verbal Ability,Critical Reasoning,Medium,"Placements,General,TCS NQT"
Q07718,Quantitative Aptitude,Averages,Easy,Placements
Q07719,Verbal Ability,Critical Reasoning,Medium,"CAT,General,SSC"
Q07720,Data Interpretation,Pie Charts,Hard,"General,Placements"
Q07721,Quantitative Aptitude,Mixtures & Alligations,Hard,General
Q07722,Logical Reasoning,Venn Diagrams,Medium,"Placements,Banking"
Q07723,Verbal Ability,Verbal Analogies,Medium,SSC
Q07724,Quantitative Aptitude,Probability,Medium,"SSC,Banking"
Q07725,Data Interpretation,Caselets,Medium,"CAT,Banking,Placements"
Q07726,Quantitative Aptitude,Trigonometry,Medium,"Banking,CAT,Placements"
Q07727,Verbal Ability,Critical Reasoning,Hard,SSC
Q07728,Quantitative Aptitude,Mensuration,Easy,Placements
Q07729,Logical Reasoning,Series Completion,Medium,General
Q07730,Verbal Ability,Synonyms & Antonyms,Hard,"SSC,TCS NQT,General"
Q07731,Quantitative Aptitude,Linear Equations,Medium,Placements
Q07732,Verbal Ability,Para Jumbles,Hard,"General,TCS NQT"
Q07733,Quantitative Aptitude,Compound Interest,Medium,"Banking,Placements,CAT"
Q07734,Quantitative Aptitude,Averages,Medium,Placements
Q07735,Verbal Ability,Verbal Analogies,Easy,"Banking,Placements"
Q07736,Quantitative Aptitude,Partnership,Medium,"TCS NQT,CAT,Banking"
Q07737,Quantitative Aptitude,Time & Work,Medium,Banking
Q07738,Logical Reasoning,Clocks & Calendars,Hard,TCS NQT
Q07739,Logical Reasoning,Direction Sense,Medium,CAT
Q07740,Logical Reasoning,Clocks & Calendars,Easy,Banking
Q07741,Logical Reasoning,Cubes & Dice,Easy,"Placements,CAT,SSC"
Q07742,Quantitative Aptitude,Surds & Indices,Medium,TCS NQT
Q07743,Quantitative Aptitude,Time & Work,Easy,"Banking,TCS NQT"
Q07744,Quantitative Aptitude,"Time, Speed & Distance",Easy,"CAT,Banking"
Q07745,Verbal Ability,Sentence Correction,Easy,SSC
Q07746,Logical Reasoning,Syllogisms,Medium,CAT
Q07747,Data Interpretation,Tables,Easy,"Placements,TCS NQT,CAT"
Q07748,Verbal Ability,Critical Reasoning,Hard,"SSC,CAT,Placements"
Q07749,Logical Reasoning,Direction Sense,Medium,Banking
Q07750,Verbal Ability,Para Jumbles,Hard,"TCS NQT,CAT,General"
Q07751,Logical Reasoning,Statement & Assumption,Easy,"Placements,General,SSC"
Q07752,Quantitative Aptitude,Logarithms,Medium,Banking
Q07753,Quantitative Aptitude,Logarithms,Easy,"CAT,TCS NQT"
Q07754,Logical Reasoning,Syllogisms,Medium,CAT
Q07755,Quantitative Aptitude,Set Theory,Easy,Placements
Q07756,Quantitative Aptitude,Partnership,Medium,"General,SSC,Banking"
Q07757,Quantitative Aptitude,Simple Interest,Hard,"Placements,General"
Q07758,Verbal Ability,Fill in the Blanks,Medium,"General,SSC"
Q07759,Verbal Ability,Error Spotting,Hard,"CAT,TCS NQT"
Q07760,Logical Reasoning,Data Sufficiency,Hard,"TCS NQT,SSC"
Q07761,Quantitative Aptitude,Number System,Easy,"Banking,TCS NQT,Placements"
Q07762,Quantitative Aptitude,Ratio & Proportion,Easy,SSC
Q07763,Verbal Ability,Fill in the Blanks,Hard,"Placements,General,TCS NQT"
Q07764,Logical Reasoning,Seating Arrangement,Easy,"General,Banking"
Q07765,Quantitative Aptitude,Mensuration,Medium,"CAT,SSC,TCS NQT"
Q07766,Logical Reasoning,Ranking & Order,Medium,"Banking,SSC"
Q07767,Logical Reasoning,Statement & Assumption,Hard,"CAT,General"
Q07768,Data Interpretation,Caselets,Easy,"Placements,TCS NQT"
Q07769,Verbal Ability,Error Spotting,Hard,CAT
Q07770,Logical Reasoning,Cubes & Dice,Medium,"Banking,General"
Q07771,Quantitative Aptitude,Partnership,Hard,"SSC,CAT"
Q07772,Verbal Ability,Fill in the Blanks,Easy,General
Q07773,Quantitative Aptitude,Trigonometry,Hard,"Banking,CAT,Placements"
Q07774,Logical Reasoning,Blood Relations,Medium,"Placements,TCS NQT,CAT"
Q07775,Verbal Ability,Error Spotting,Medium,"SSC,Banking,CAT"
Q07776,Quantitative Aptitude,Geometry,Easy,"CAT,TCS NQT,General"
Q07777,Logical Reasoning,Direction Sense,Hard,Placements
Q07778,Verbal Ability,Para Jumbles,Medium,"CAT,Banking,TCS NQT"
Q07779,Data Interpretation,Venn-based DI,Hard,"Banking,CAT,General"
Q07780,Quantitative Aptitude,Set Theory,Medium,"General,Banking"
Q07781,Verbal Ability,Sentence Correction,Medium,"Placements,General"
Q07782,Quantitative Aptitude,Compound Interest,Medium,General
Q07783,Verbal Ability,Odd One Out,Medium,TCS NQT
Q07784,Logical Reasoning,Data Sufficiency,Hard,"Placements,CAT,General"
Q07785,Logical Reasoning,Ranking & Order,Hard,"TCS NQT,SSC,General"
Q07786,Logical Reasoning,Input-Output,Easy,Banking
Q07787,Logical Reasoning,Seating Arrangement,Medium,SSC
Q07788,Quantitative Aptitude,Compound Interest,Easy,"SSC,Placements,CAT"
Q07789,Quantitative Aptitude,Percentages,Medium,General
Q07790,Logical Reasoning,Statement & Assumption,Medium,"SSC,Placements"
Q07791,Data Interpretation,Venn-based DI,Easy,"General,Placements,TCS NQT"
Q07792,Quantitative Aptitude,Partnership,Hard,"CAT,Placements,TCS NQT"
Q07793,Verbal Ability,Critical Reasoning,Medium,"SSC,TCS NQT"
Q07794,Quantitative Aptitude,Surds & Indices,Easy,"TCS NQT,Banking,General"
Q07795,Verbal Ability,Verbal Analogies,Hard,Placements
Q07796,Verbal Ability,Odd One Out,Easy,"General,SSC,CAT"
Q07797,Logical Reasoning,Analogy,Medium,"TCS NQT,Placements,Banking"
Q07798,Quantitative Aptitude,Geometry,Medium,"TCS NQT,CAT"
Q07799,Verbal Ability,Fill in the Blanks,Medium,TCS NQT
Q07800,Data Interpretation,Line Graphs,Easy,CAT
Q07801,Logical Reasoning,Puzzles,Hard,"General,CAT"
Q07802,Quantitative Aptitude,Quadratic Equations,Medium,"Placements,Banking"
Q07803,Quantitative Aptitude,Quadratic Equations,Hard,"Placements,Banking"
Q07804,Logical Reasoning,Cubes & Dice,Medium,SSC
Q07805,Logical Reasoning,Seating Arrangement,Easy,Banking
Q07806,Quantitative Aptitude,Time & Work,Medium,"SSC,General"
Q07807,Verbal Ability,Sentence Correction,Easy,Banking
Q07808,Verbal Ability,Fill in the Blanks,Medium,"Banking,SSC,General"
Q07809,Data Interpretation,Radar/Spider Charts,Easy,"SSC,TCS NQT"
Q07810,Verbal Ability,Odd One Out,Easy,"SSC,TCS NQT,Banking"
Q07811,Quantitative Aptitude,Time & Work,Hard,SSC
Q07812,Verbal Ability,Verbal Analogies,Medium,"General,SSC"
Q07813,Quantitative Aptitude,Simple Interest,Easy,SSC
Q07814,Logical Reasoning,Input-Output,Hard,"Placements,SSC,CAT"
Q07815,Logical Reasoning,Input-Output,Easy,"Placements,TCS NQT,Banking"
Q07816,Data Interpretation,Mixed DI Sets,Easy,"TCS NQT,SSC"
Q07817,Quantitative Aptitude,Simple Interest,Hard,General
Q07818,Quantitative Aptitude,Percentages,Medium,"Placements,Banking"
Q07819,Logical Reasoning,Input-Output,Easy,"Banking,Placements,TCS NQT"
Q07820,Verbal Ability,Error Spotting,Medium,"General,CAT"
Q07821,Logical Reasoning,Cubes & Dice,Medium,"Placements,SSC,TCS NQT"
Q07822,Verbal Ability,Synonyms & Antonyms,Medium,Placements
Q07823,Quantitative Aptitude,Progressions (AP/GP),Easy,SSC
Q07824,Verbal Ability,Para Summary,Medium,"SSC,CAT,Placements"
Q07825,Quantitative Aptitude,Compound Interest,Easy,SSC
Q07826,Logical Reasoning,Analogy,Easy,"TCS NQT,CAT"
Q07827,Verbal Ability,Critical Reasoning,Medium,"Banking,TCS NQT"
Q07828,Quantitative Aptitude,Mensuration,Medium,SSC
Q07829,Quantitative Aptitude,Simple Interest,Medium,"SSC,CAT,Banking"
Q07830,Verbal Ability,Reading Comprehension,Medium,Placements
Q07831,Quantitative Aptitude,Set Theory,Easy,"TCS NQT,Placements,CAT"
Q07832,Verbal Ability,Critical Reasoning,Hard,"TCS NQT,Placements"
Q07833,Quantitative Aptitude,Ratio & Proportion,Hard,Banking
Q07834,Verbal Ability,Cloze Test,Hard,"Placements,CAT,SSC"
Q07835,Quantitative Aptitude,Algebra,Easy,General
Q07836,Data Interpretation,Data Sufficiency (DI),Medium,"Banking,General"
Q07837,Verbal Ability,Reading Comprehension,Medium,"Placements,Banking"
Q07838,Quantitative Aptitude,Set Theory,Hard,General
Q07839,Quantitative Aptitude,Compound Interest,Easy,"Banking,Placements,CAT"
Q07840,Verbal Ability,Para Jumbles,Easy,Placements
Q07841,Verbal Ability,Synonyms & Antonyms,Medium,CAT
Q07842,Verbal Ability,Error Spotting,Medium,"TCS NQT,SSC,General"
Q07843,Quantitative Aptitude,Compound Interest,Easy,"SSC,TCS NQT"
Q07844,Quantitative Aptitude,"Time, Speed & Distance",Medium,Placements
Q07845,Quantitative Aptitude,Geometry,Easy,"General,TCS NQT"
Q07846,Verbal Ability,Para Summary,Medium,TCS NQT
Q07847,Logical Reasoning,Coding-Decoding,Medium,"TCS NQT,General,Banking"
Q07848,Verbal Ability,Odd One Out,Medium,"General,CAT,Placements"
Q07849,Verbal Ability,Para Summary,Medium,SSC
Q07850,Logical Reasoning,Statement & Conclusion,Medium,"SSC,Banking,Placements"
Q07851,Logical Reasoning,Blood Relations,Hard,"SSC,Banking,General"
Q07852,Logical Reasoning,Syllogisms,Medium,Placements
Q07853,Logical Reasoning,Direction Sense,Hard,"TCS NQT,SSC"
Q07854,Logical Reasoning,Seating Arrangement,Medium,"Placements,SSC,CAT"
Q07855,Quantitative Aptitude,Set Theory,Hard,CAT
Q07856,Data Interpretation,Pie Charts,Medium,"SSC,Banking"
Q07857,Quantitative Aptitude,Simple Interest,Easy,"SSC,TCS NQT"
Q07858,Verbal Ability,Error Spotting,Easy,"General,CAT,TCS NQT"
Q07859,Data Interpretation,Tables,Medium,"General,TCS NQT,CAT"
Q07860,Logical Reasoning,Clocks & Calendars,Medium,"General,CAT"
Q07861,Logical Reasoning,Syllogisms,Easy,"CAT,SSC"
Q07862,Verbal Ability,Sentence Correction,Hard,SSC
Q07863,Quantitative Aptitude,Quadratic Equations,Easy,"TCS NQT,SSC"
Q07864,Quantitative Aptitude,Profit & Loss,Easy,"Placements,SSC,General"
Q07865,Quantitative Aptitude,Permutation & Combination,Medium,"General,CAT,SSC"
Q07866,Quantitative Aptitude,Permutation & Combination,Medium,"Placements,Banking,SSC"
Q07867,Data Interpretation,Radar/Spider Charts,Medium,"SSC,TCS NQT"
Q07868,Quantitative Aptitude,Percentages,Easy,CAT
Q07869,Verbal Ability,Verbal Analogies,Medium,"CAT,General,Banking"
Q07870,Verbal Ability,Idioms & Phrases,Easy,"Banking,SSC"
Q07871,Verbal Ability,Odd One Out,Medium,Banking
Q07872,Verbal Ability,Odd One Out,Easy,"SSC,CAT,TCS NQT"
Q07873,Logical Reasoning,Syllogisms,Easy,Banking
Q07874,Quantitative Aptitude,Surds & Indices,Easy,Banking
Q07875,Logical Reasoning,Series Completion,Hard,"General,CAT"
Q07876,Quantitative Aptitude,Geometry,Medium,CAT
Q07877,Quantitative Aptitude,Linear Equations,Easy,"Banking,General,TCS NQT"
Q07878,Quantitative Aptitude,Simple Interest,Easy,TCS NQT
Q07879,Quantitative Aptitude,Progressions (AP/GP),Medium,"Banking,General"
Q07880,Quantitative Aptitude,Linear Equations,Medium,"General,TCS NQT,Placements"
Q07881,Quantitative Aptitude,Surds & Indices,Easy,Placements
Q07882,Verbal Ability,Para Summary,Hard,Banking
Q07883,Quantitative Aptitude,Percentages,Hard,"SSC,CAT,General"
Q07884,Verbal Ability,Idioms & Phrases,Medium,SSC
Q07885,Quantitative Aptitude,"Time, Speed & Distance",Medium,"SSC,TCS NQT"
Q07886,Data Interpretation,Pie Charts,Easy,"SSC,Banking,General"
Q07887,Verbal Ability,Odd One Out,Easy,"Placements,TCS NQT,SSC"
Q07888,Logical Reasoning,Statement & Assumption,Easy,"Placements,General"
Q07889,Verbal Ability,Verbal Analogies,Medium,"TCS NQT,General,Placements"
Q07890,Verbal Ability,Critical Reasoning,Easy,Banking
Q07891,Quantitative Aptitude,Quadratic Equations,Hard,"Placements,CAT,Banking"
Q07892,Quantitative Aptitude,Partnership,Hard,"SSC,TCS NQT"
Q07893,Quantitative Aptitude,Percentages,Medium,General
Q07894,Verbal Ability,Fill in the Blanks,Medium,"SSC,Banking,TCS NQT"
Q07895,Verbal Ability,Idioms & Phrases,Easy,"TCS NQT,Placements"
Q07896,Verbal Ability,Reading Comprehension,Easy,CAT
Q07897,Data Interpretation,Line Graphs,Medium,"SSC,Placements,TCS NQT"
Q07898,Quantitative Aptitude,Mensuration,Easy,Banking
Q07899,Verbal Ability,Para Summary,Easy,"TCS NQT,General"
Q07900,Verbal Ability,Cloze Test,Medium,SSC
Q07901,Logical Reasoning,Venn Diagrams,Medium,General
Q07902,Data Interpretation,Mixed DI Sets,Easy,"General,CAT,Placements"
Q07903,Logical Reasoning,Venn Diagrams,Hard,TCS NQT
Q07904,Quantitative Aptitude,Linear Equations,Easy,"Banking,CAT"
Q07905,Data Interpretation,Tables,Medium,TCS NQT
Q07906,Verbal Ability,Odd One Out,Medium,CAT
Q07907,Quantitative Aptitude,Probability,Medium,"Banking,Placements,CAT"
Q07908,Quantitative Aptitude,Set Theory,Medium,"Placements,TCS NQT"
Q07909,Quantitative Aptitude,Partnership,Easy,Banking
Q07910,Data Interpretation,Radar/Spider Charts,Easy,"Banking,CAT"
Q07911,Logical Reasoning,Puzzles,Easy,"SSC,Placements,General"
Q07912,Verbal Ability,Synonyms & Antonyms,Easy,"General,Banking,TCS NQT"
Q07913,Verbal Ability,Sentence Correction,Medium,TCS NQT
Q07914,Verbal Ability,Reading Comprehension,Easy,Banking
Q07915,Data Interpretation,Pie Charts,Easy,CAT
Q07916,Logical Reasoning,Syllogisms,Medium,General
Q07917,Logical Reasoning,Statement & Conclusion,Medium,Placements
Q07918,Data Interpretation,Caselets,Hard,"SSC,Banking,Placements"
Q07919,Logical Reasoning,Syllogisms,Easy,"General,Banking"
Q07920,Quantitative Aptitude,Partnership,Hard,"Banking,General,CAT"
Q07921,Logical Reasoning,Input-Output,Hard,General
Q07922,Data Interpretation,Radar/Spider Charts,Hard,Banking
Q07923,Verbal Ability,Fill in the Blanks,Easy,"TCS NQT,Banking,SSC"
Q07924,Logical Reasoning,Ranking & Order,Medium,"Banking,General"
Q07925,Verbal Ability,Critical Reasoning,Medium,TCS NQT
Q07926,Logical Reasoning,Ranking & Order,Medium,"Placements,General,SSC"
Q07927,Quantitative Aptitude,Averages,Easy,CAT
Q07928,Data Interpretation,Mixed DI Sets,Easy,Placements
Q07929,Logical Reasoning,Clocks & Calendars,Medium,General
Q07930,Quantitative Aptitude,Quadratic Equations,Easy,"General,SSC,Placements"
Q07931,Quantitative Aptitude,Mensuration,Easy,"Placements,General,TCS NQT"
Q07932,Verbal Ability,Para Jumbles,Medium,"CAT,SSC,Placements"
Q07933,Logical Reasoning,Blood Relations,Easy,"CAT,SSC"
Q07934,Quantitative Aptitude,Partnership,Medium,"Banking,Placements"
Q07935,Data Interpretation,Data Sufficiency (DI),Hard,CAT
Q07936,Data Interpretation,Mixed DI Sets,Medium,"General,TCS NQT"
Q07937,Logical Reasoning,Puzzles,Hard,SSC
Q07938,Verbal Ability,Reading Comprehension,Easy,"General,CAT,TCS NQT"
Q07939,Logical Reasoning,Seating Arrangement,Medium,"General,Placements"
Q07940,Quantitative Aptitude,Geometry,Medium,CAT
Q07941,Quantitative Aptitude,Permutation & Combination,Medium,Placements
Q07942,Quantitative Aptitude,Quadratic Equations,Medium,"TCS NQT,General"
Q07943,Logical Reasoning,Series Completion,Easy,"SSC,Banking,General"
Q07944,Data Interpretation,Radar/Spider Charts,Hard,"Placements,General,SSC"
Q07945,Verbal Ability,Critical Reasoning,Hard,"TCS NQT,Placements,SSC"
Q07946,Quantitative Aptitude,Trigonometry,Medium,TCS NQT
Q07947,Verbal Ability,Synonyms & Antonyms,Medium,SSC
Q07948,Quantitative Aptitude,Progressions (AP/GP),Easy,"Banking,TCS NQT"
Q07949,Quantitative Aptitude,Profit & Loss,Medium,"Banking,Placements"
Q07950,Verbal Ability,Error Spotting,Hard,"Banking,General,SSC"
Q07951,Logical Reasoning,Statement & Assumption,Easy,CAT
Q07952,Logical Reasoning,Series Completion,Hard,Banking
Q07953,Logical Reasoning,Direction Sense,Hard,"Banking,General,SSC"
Q07954,Logical Reasoning,Direction Sense,Hard,"Placements,SSC,Banking"
Q07955,Logical Reasoning,Venn Diagrams,Hard,"TCS NQT,Placements"
Q07956,Logical Reasoning,Analogy,Medium,"Placements,SSC,CAT"
Q07957,Quantitative Aptitude,Percentages,Hard,General
Q07958,Data Interpretation,Line Graphs,Easy,TCS NQT
Q07959,Verbal Ability,Para Summary,Medium,"CAT,General,SSC"
Q07960,Quantitative Aptitude,Surds & Indices,Medium,"Banking,CAT,SSC"
Q07961,Data Interpretation,Pie Charts,Medium,"CAT,TCS NQT,SSC"
Q07962,Quantitative Aptitude,Averages,Easy,Placements
Q07963,Logical Reasoning,Analogy,Medium,Banking
Q07964,Quantitative Aptitude,Set Theory,Medium,General
Q07965,Quantitative Aptitude,Percentages,Easy,"General,Placements,TCS NQT"
Q07966,Quantitative Aptitude,Algebra,Medium,"General,Placements"
Q07967,Verbal Ability,Para Summary,Easy,"General,Placements,CAT"
Q07968,Logical Reasoning,Seating Arrangement,Easy,CAT
Q07969,Verbal Ability,Error Spotting,Medium,TCS NQT
Q07970,Logical Reasoning,Syllogisms,Hard,"TCS NQT,General,Placements"
Q07971,Verbal Ability,Para Jumbles,Hard,"Banking,TCS NQT,CAT"
Q07972,Logical Reasoning,Blood Relations,Hard,"TCS NQT,CAT"
Q07973,Quantitative Aptitude,Time & Work,Easy,"General,Placements,SSC"
Q07974,Quantitative Aptitude,Partnership,Easy,"CAT,SSC"
Q07975,Quantitative Aptitude,Probability,Medium,"Placements,TCS NQT,CAT"
Q07976,Logical Reasoning,Statement & Assumption,Medium,SSC
Q07977,Quantitative Aptitude,Partnership,Medium,General
Q07978,Logical Reasoning,Cubes & Dice,Easy,"Banking,CAT"
Q07979,Quantitative Aptitude,Ratio & Proportion,Easy,"Banking,Placements"
Q07980,Data Interpretation,Venn-based DI,Medium,"CAT,TCS NQT,General"
Q07981,Logical Reasoning,Direction Sense,Medium,General
Q07982,Data Interpretation,Data Sufficiency (DI),Medium,"CAT,SSC,TCS NQT"
Q07983,Data Interpretation,Radar/Spider Charts,Easy,"SSC,Banking,CAT"
Q07984,Verbal Ability,Fill in the Blanks,Hard,"Placements,CAT,TCS NQT"
Q07985,Quantitative Aptitude,Percentages,Medium,"General,TCS NQT"
Q07986,Verbal Ability,Sentence Correction,Easy,"General,Placements,CAT"
Q07987,Verbal Ability,Verbal Analogies,Hard,"Banking,Placements"
Q07988,Quantitative Aptitude,Logarithms,Hard,"TCS NQT,General"
Q07989,Verbal Ability,Critical Reasoning,Easy,CAT
Q07990,Quantitative Aptitude,Probability,Medium,"CAT,SSC,Placements"
Q07991,Logical Reasoning,Input-Output,Hard,"Placements,Banking,TCS NQT"
Q07992,Logical Reasoning,Data Sufficiency,Hard,"CAT,General,Banking"
Q07993,Logical Reasoning,Analogy,Easy,"Banking,CAT"
Q07994,Logical Reasoning,Analogy,Medium,"Banking,Placements"
Q07995,Logical Reasoning,Series Completion,Easy,"Placements,Banking"
Q07996,Verbal Ability,Idioms & Phrases,Hard,"General,SSC,CAT"
Q07997,Logical Reasoning,Seating Arrangement,Medium,"General,Banking,Placements"
Q07998,Quantitative Aptitude,Mensuration,Easy,"Placements,TCS NQT"
Q07999,Verbal Ability,Synonyms & Antonyms,Medium,Banking
Q08000,Quantitative Aptitude,Geometry,Easy,"Banking,TCS NQT"
Q08001,Quantitative Aptitude,Partnership,Easy,"CAT,TCS NQT,Placements"
Q08002,Quantitative Aptitude,Mensuration,Medium,"Banking,CAT,General"
Q08003,Verbal Ability,Fill in the Blanks,Easy,Placements
Q08004,Verbal Ability,Idioms & Phrases,Medium,"TCS NQT,General,CAT"
Q08005,Verbal Ability,Odd One Out,Easy,"TCS NQT,General"
Q08006,Verbal Ability,Sentence Correction,Hard,"TCS NQT,General"
Q08007,Quantitative Aptitude,Simple Interest,Easy,SSC
Q08008,Quantitative Aptitude,Algebra,Medium,"Banking,General,TCS NQT"
Q08009,Data Interpretation,Line Graphs,Medium,"SSC,TCS NQT"
Q08010,Quantitative Aptitude,Trigonometry,Easy,"SSC,CAT"
Q08011,Verbal Ability,Idioms & Phrases,Easy,TCS NQT
Q08012,Logical Reasoning,Data Sufficiency,Medium,"TCS NQT,CAT,SSC"
Q08013,Verbal Ability,Reading Comprehension,Medium,General
Q08014,Data Interpretation,Caselets,Easy,Banking
Q08015,Logical Reasoning,Puzzles,Medium,"SSC,Banking"
Q08016,Logical Reasoning,Series Completion,Medium,"CAT,Placements,SSC"
Q08017,Verbal Ability,Para Summary,Easy,"CAT,TCS NQT"
Q08018,Verbal Ability,Idioms & Phrases,Medium,"CAT,General"
Q08019,Verbal Ability,Critical Reasoning,Easy,"Banking,CAT,TCS NQT"
Q08020,Logical Reasoning,Data Sufficiency,Easy,CAT
Q08021,Verbal Ability,Error Spotting,Medium,"Placements,SSC,TCS NQT"
Q08022,Data Interpretation,Line Graphs,Medium,"Banking,TCS NQT,General"
Q08023,Quantitative Aptitude,Linear Equations,Hard,"Banking,CAT,Placements"
Q08024,Data Interpretation,Bar Graphs,Easy,TCS NQT
Q08025,Quantitative Aptitude,"Time, Speed & Distance",Medium,CAT
Q08026,Verbal Ability,Para Jumbles,Medium,"Placements,SSC,CAT"
Q08027,Verbal Ability,Para Jumbles,Hard,"TCS NQT,Banking,CAT"
Q08028,Verbal Ability,Odd One Out,Medium,"Placements,TCS NQT"
Q08029,Quantitative Aptitude,Number System,Easy,"General,TCS NQT"
Q08030,Logical Reasoning,Data Sufficiency,Easy,Placements
Q08031,Logical Reasoning,Coding-Decoding,Medium,Placements
Q08032,Verbal Ability,Para Summary,Medium,"Placements,CAT,TCS NQT"
Q08033,Quantitative Aptitude,Quadratic Equations,Easy,CAT
Q08034,Verbal Ability,Reading Comprehension,Easy,"General,Placements"
Q08035,Verbal Ability,Reading Comprehension,Medium,SSC
Q08036,Quantitative Aptitude,Time & Work,Medium,"General,Banking"
Q08037,Quantitative Aptitude,Compound Interest,Medium,"General,TCS NQT"
Q08038,Quantitative Aptitude,Mensuration,Medium,"Placements,Banking"
Q08039,Quantitative Aptitude,Pipes & Cisterns,Medium,"SSC,CAT,General"
Q08040,Quantitative Aptitude,Trigonometry,Medium,"CAT,SSC,TCS NQT"
Q08041,Data Interpretation,Data Sufficiency (DI),Easy,"TCS NQT,SSC,Banking"
Q08042,Verbal Ability,Cloze Test,Hard,"SSC,CAT"
Q08043,Quantitative Aptitude,Pipes & Cisterns,Medium,"TCS NQT,Banking"
Q08044,Quantitative Aptitude,"Time, Speed & Distance",Medium,"General,SSC"
Q08045,Quantitative Aptitude,Averages,Hard,"Placements,SSC"
Q08046,Logical Reasoning,Venn Diagrams,Medium,"CAT,SSC,Banking"
Q08047,Verbal Ability,Cloze Test,Hard,"TCS NQT,General"
Q08048,Data Interpretation,Data Sufficiency (DI),Medium,"TCS NQT,Placements"
Q08049,Logical Reasoning,Statement & Conclusion,Medium,"Placements,SSC,General"
Q08050,Quantitative Aptitude,Surds & Indices,Medium,"General,TCS NQT"
Q08051,Quantitative Aptitude,Geometry,Medium,"Placements,Banking,TCS NQT"
Q08052,Verbal Ability,Sentence Correction,Medium,"Banking,SSC"
Q08053,Logical Reasoning,Venn Diagrams,Medium,Placements
Q08054,Verbal Ability,Reading Comprehension,Medium,"Banking,General,SSC"
Q08055,Logical Reasoning,Analogy,Hard,TCS NQT
Q08056,Quantitative Aptitude,Logarithms,Medium,"Placements,General"
Q08057,Data Interpretation,Data Sufficiency (DI),Easy,"TCS NQT,Placements,SSC"
Q08058,Verbal Ability,Critical Reasoning,Hard,General
Q08059,Quantitative Aptitude,Geometry,Medium,"General,SSC,CAT"
Q08060,Data Interpretation,Mixed DI Sets,Medium,General
Q08061,Quantitative Aptitude,Mixtures & Alligations,Medium,"CAT,SSC"
Q08062,Logical Reasoning,Syllogisms,Medium,"Placements,TCS NQT,SSC"
Q08063,Quantitative Aptitude,Quadratic Equations,Easy,"Placements,CAT"
Q08064,Data Interpretation,Bar Graphs,Easy,"Placements,SSC"
Q08065,Logical Reasoning,Coding-Decoding,Hard,"Placements,TCS NQT,CAT"
Q08066,Data Interpretation,Radar/Spider Charts,Easy,"Placements,Banking"
Q08067,Quantitative Aptitude,Compound Interest,Easy,"SSC,General,TCS NQT"
Q08068,Logical Reasoning,Blood Relations,Medium,TCS NQT
Q08069,Data Interpretation,Bar Graphs,Easy,Banking
Q08070,Logical Reasoning,Direction Sense,Medium,"TCS NQT,SSC"
Q08071,Verbal Ability,Para Jumbles,Medium,"CAT,Placements"
Q08072,Verbal Ability,Error Spotting,Easy,"General,CAT,SSC"
Q08073,Quantitative Aptitude,Algebra,Hard,General
Q08074,Logical Reasoning,Coding-Decoding,Easy,"CAT,SSC,Placements"
Q08075,Quantitative Aptitude,Algebra,Medium,CAT
Q08076,Data Interpretation,Line Graphs,Easy,"TCS NQT,SSC"
Q08077,Quantitative Aptitude,Surds & Indices,Medium,"General,Placements,TCS NQT"
Q08078,Quantitative Aptitude,Trigonometry,Easy,"SSC,Placements,CAT"
Q08079,Logical Reasoning,Puzzles,Easy,Placements
Q08080,Verbal Ability,Sentence Correction,Easy,"SSC,TCS NQT,CAT"
Q08081,Quantitative Aptitude,Averages,Medium,Banking
Q08082,Logical Reasoning,Data Sufficiency,Medium,Banking
Q08083,Logical Reasoning,Statement & Conclusion,Medium,TCS NQT
Q08084,Verbal Ability,Para Summary,Medium,"Banking,Placements,SSC"
Q08085,Logical Reasoning,Puzzles,Medium,"CAT,TCS NQT,SSC"
Q08086,Data Interpretation,Radar/Spider Charts,Easy,TCS NQT
Q08087,Logical Reasoning,Series Completion,Easy,"General,SSC,TCS NQT"
Q08088,Logical Reasoning,Clocks & Calendars,Hard,"CAT,SSC"
Q08089,Quantitative Aptitude,Set Theory,Easy,"CAT,TCS NQT"
Q08090,Verbal Ability,Cloze Test,Medium,TCS NQT
Q08091,Logical Reasoning,Statement & Assumption,Hard,"CAT,General"
Q08092,Logical Reasoning,Analogy,Easy,"SSC,General,TCS NQT"
Q08093,Quantitative Aptitude,Algebra,Easy,"Placements,Banking,CAT"
Q08094,Verbal Ability,Para Summary,Medium,Banking
Q08095,Logical Reasoning,Coding-Decoding,Medium,"CAT,Banking,TCS NQT"
Q08096,Data Interpretation,Tables,Hard,Banking
Q08097,Verbal Ability,Critical Reasoning,Easy,"CAT,Placements"
Q08098,Data Interpretation,Pie Charts,Easy,"SSC,Banking,General"
Q08099,Verbal Ability,Para Summary,Medium,"General,Placements,Banking"
Q08100,Quantitative Aptitude,Averages,Medium,Placements
Q08101,Logical Reasoning,Input-Output,Easy,TCS NQT
Q08102,Quantitative Aptitude,Averages,Easy,"CAT,TCS NQT,Banking"
Q08103,Quantitative Aptitude,Quadratic Equations,Hard,CAT
Q08104,Data Interpretation,Bar Graphs,Medium,"TCS NQT,Placements"
Q08105,Logical Reasoning,Seating Arrangement,Hard,"Banking,Placements,CAT"
Q08106,Verbal Ability,Sentence Correction,Hard,"TCS NQT,SSC,CAT"
Q08107,Logical Reasoning,Input-Output,Medium,"Banking,CAT,SSC"
Q08108,Logical Reasoning,Venn Diagrams,Easy,General
Q08109,Data Interpretation,Mixed DI Sets,Medium,"TCS NQT,General,Placements"
Q08110,Logical Reasoning,Direction Sense,Medium,"General,Banking,TCS NQT"
Q08111,Quantitative Aptitude,Ratio & Proportion,Medium,"CAT,Placements,TCS NQT"
Q08112,Logical Reasoning,Statement & Conclusion,Easy,TCS NQT
Q08113,Verbal Ability,Idioms & Phrases,Hard,"CAT,SSC,TCS NQT"
Q08114,Logical Reasoning,Seating Arrangement,Medium,"SSC,Placements,CAT"
Q08115,Verbal Ability,Synonyms & Antonyms,Easy,"TCS NQT,Placements"
Q08116,Quantitative Aptitude,Quadratic Equations,Medium,"SSC,CAT"
Q08117,Quantitative Aptitude,Surds & Indices,Medium,TCS NQT
Q08118,Quantitative Aptitude,Time & Work,Medium,"Placements,CAT,General"
Q08119,Verbal Ability,Critical Reasoning,Hard,Banking
Q08120,Quantitative Aptitude,Linear Equations,Medium,"Banking,General"
Q08121,Verbal Ability,Odd One Out,Easy,TCS NQT
Q08122,Data Interpretation,Pie Charts,Hard,General
Q08123,Quantitative Aptitude,Algebra,Medium,"TCS NQT,CAT"
Q08124,Verbal Ability,Error Spotting,Medium,"General,SSC"
Q08125,Logical Reasoning,Series Completion,Easy,TCS NQT
Q08126,Quantitative Aptitude,Partnership,Easy,General
Q08127,Verbal Ability,Critical Reasoning,Medium,Banking
Q08128,Logical Reasoning,Data Sufficiency,Medium,CAT
Q08129,Data Interpretation,Bar Graphs,Medium,"General,Placements,Banking"
Q08130,Verbal Ability,Odd One Out,Medium,General
Q08131,Quantitative Aptitude,Set Theory,Easy,SSC
Q08132,Data Interpretation,Bar Graphs,Medium,"Placements,TCS NQT"
Q08133,Quantitative Aptitude,Simple Interest,Medium,"Banking,TCS NQT,Placements"
Q08134,Verbal Ability,Para Summary,Hard,"CAT,Banking"
Q08135,Logical Reasoning,Series Completion,Hard,TCS NQT
Q08136,Logical Reasoning,Puzzles,Medium,"Placements,TCS NQT"
Q08137,Quantitative Aptitude,Profit & Loss,Hard,"CAT,TCS NQT,Banking"
Q08138,Data Interpretation,Tables,Easy,"Placements,General,CAT"
Q08139,Data Interpretation,Venn-based DI,Easy,Banking
Q08140,Verbal Ability,Verbal Analogies,Easy,SSC
Q08141,Quantitative Aptitude,Mensuration,Easy,General
Q08142,Verbal Ability,Odd One Out,Hard,"Banking,CAT"
Q08143,Data Interpretation,Bar Graphs,Easy,"Placements,TCS NQT"
Q08144,Verbal Ability,Idioms & Phrases,Medium,"Banking,General,CAT"
Q08145,Quantitative Aptitude,Mensuration,Easy,"SSC,General,CAT"
Q08146,Data Interpretation,Mixed DI Sets,Medium,CAT
Q08147,Data Interpretation,Caselets,Medium,"SSC,CAT"
Q08148,Quantitative Aptitude,Number System,Medium,CAT
Q08149,Verbal Ability,Synonyms & Antonyms,Easy,"Banking,TCS NQT,Placements"
Q08150,Quantitative Aptitude,Probability,Medium,"TCS NQT,General"
Q08151,Verbal Ability,Reading Comprehension,Easy,General
Q08152,Verbal Ability,Critical Reasoning,Easy,"SSC,CAT,Placements"
Q08153,Verbal Ability,Verbal Analogies,Easy,"TCS NQT,Banking"
Q08154,Data Interpretation,Radar/Spider Charts,Medium,"CAT,Placements"
Q08155,Quantitative Aptitude,Set Theory,Easy,SSC
Q08156,Verbal Ability,Reading Comprehension,Medium,"General,Placements,SSC"
Q08157,Data Interpretation,Data Sufficiency (DI),Hard,"General,Banking,SSC"
Q08158,Logical Reasoning,Clocks & Calendars,Medium,"CAT,TCS NQT,Placements"
Q08159,Data Interpretation,Tables,Hard,"TCS NQT,General"
Q08160,Verbal Ability,Para Jumbles,Hard,CAT
Q08161,Quantitative Aptitude,Ratio & Proportion,Medium,"General,Placements,Banking"
Q08162,Quantitative Aptitude,Time & Work,Hard,CAT
Q08163,Verbal Ability,Fill in the Blanks,Easy,Placements
Q08164,Data Interpretation,Tables,Easy,"Banking,CAT"
Q08165,Data Interpretation,Pie Charts,Easy,"SSC,Placements,TCS NQT"
Q08166,Logical Reasoning,Blood Relations,Medium,Placements
Q08167,Data Interpretation,Venn-based DI,Medium,"TCS NQT,Placements,SSC"
Q08168,Quantitative Aptitude,Ratio & Proportion,Easy,CAT
Q08169,Data Interpretation,Venn-based DI,Medium,"Placements,CAT,Banking"
Q08170,Verbal Ability,Idioms & Phrases,Medium,General
Q08171,Quantitative Aptitude,Set Theory,Medium,"Placements,Banking"
Q08172,Verbal Ability,Reading Comprehension,Medium,TCS NQT
Q08173,Data Interpretation,Pie Charts,Medium,"General,Banking,Placements"
Q08174,Logical Reasoning,Ranking & Order,Easy,"CAT,Banking,SSC"
Q08175,Verbal Ability,Cloze Test,Easy,"Banking,General"
Q08176,Quantitative Aptitude,Time & Work,Easy,CAT
Q08177,Verbal Ability,Reading Comprehension,Easy,"Placements,CAT"
Q08178,Quantitative Aptitude,Averages,Easy,"General,CAT,TCS NQT"
Q08179,Logical Reasoning,Analogy,Medium,Banking
Q08180,Logical Reasoning,Puzzles,Medium,"Placements,SSC"
Q08181,Quantitative Aptitude,Probability,Medium,"CAT,TCS NQT"
Q08182,Logical Reasoning,Venn Diagrams,Medium,Placements
Q08183,Data Interpretation,Tables,Hard,"CAT,TCS NQT"
Q08184,Verbal Ability,Fill in the Blanks,Medium,CAT
Q08185,Logical Reasoning,Seating Arrangement,Medium,"SSC,General,TCS NQT"
Q08186,Logical Reasoning,Statement & Conclusion,Medium,"Banking,TCS NQT"
Q08187,Logical Reasoning,Analogy,Hard,TCS NQT
Q08188,Data Interpretation,Data Sufficiency (DI),Medium,"SSC,Banking"
Q08189,Logical Reasoning,Puzzles,Medium,"Placements,Banking,TCS NQT"
Q08190,Logical Reasoning,Analogy,Medium,Placements
Q08191,Logical Reasoning,Cubes & Dice,Hard,"General,CAT"
Q08192,Logical Reasoning,Input-Output,Medium,Banking
Q08193,Quantitative Aptitude,Ratio & Proportion,Easy,"SSC,Banking,CAT"
Q08194,Verbal Ability,Synonyms & Antonyms,Medium,"Banking,General,TCS NQT"
Q08195,Verbal Ability,Idioms & Phrases,Medium,CAT
Q08196,Data Interpretation,Mixed DI Sets,Hard,"Banking,Placements"
Q08197,Quantitative Aptitude,Mensuration,Easy,Placements
Q08198,Logical Reasoning,Analogy,Medium,"SSC,CAT,Placements"
Q08199,Quantitative Aptitude,Pipes & Cisterns,Medium,Placements
Q08200,Quantitative Aptitude,Surds & Indices,Medium,"General,SSC,Banking"
Q08201,Logical Reasoning,Seating Arrangement,Hard,"SSC,Banking"
Q08202,Logical Reasoning,Ranking & Order,Medium,Banking
Q08203,Verbal Ability,Para Summary,Easy,General
Q08204,Quantitative Aptitude,"Time, Speed & Distance",Medium,SSC
Q08205,Quantitative Aptitude,Surds & Indices,Easy,CAT
Q08206,Quantitative Aptitude,Mensuration,Medium,"CAT,SSC"
Q08207,Quantitative Aptitude,Time & Work,Easy,"General,CAT,SSC"
Q08208,Data Interpretation,Line Graphs,Easy,"TCS NQT,Placements"
Q08209,Verbal Ability,Para Jumbles,Hard,"Banking,TCS NQT,General"
Q08210,Data Interpretation,Tables,Hard,"SSC,Banking"
Q08211,Quantitative Aptitude,Number System,Medium,"Banking,SSC"
Q08212,Logical Reasoning,Ranking & Order,Easy,"TCS NQT,Banking,General"
Q08213,Verbal Ability,Reading Comprehension,Easy,Banking
Q08214,Quantitative Aptitude,Probability,Medium,"Placements,CAT,TCS NQT"
Q08215,Quantitative Aptitude,Averages,Medium,"Placements,Banking,General"
Q08216,Verbal Ability,Para Summary,Medium,"Placements,CAT,SSC"
Q08217,Quantitative Aptitude,Progressions (AP/GP),Medium,General
Q08218,Quantitative Aptitude,Compound Interest,Easy,"TCS NQT,CAT,Placements"
Q08219,Data Interpretation,Radar/Spider Charts,Easy,Banking
Q08220,Logical Reasoning,Venn Diagrams,Easy,"Placements,SSC,CAT"
Q08221,Logical Reasoning,Syllogisms,Medium,"CAT,Banking"
Q08222,Verbal Ability,Error Spotting,Medium,"Placements,TCS NQT,CAT"
Q08223,Quantitative Aptitude,Profit & Loss,Medium,"Banking,Placements,TCS NQT"
Q08224,Quantitative Aptitude,Permutation & Combination,Easy,SSC
Q08225,Verbal Ability,Odd One Out,Hard,TCS NQT
Q08226,Logical Reasoning,Series Completion,Hard,CAT
Q08227,Logical Reasoning,Puzzles,Easy,"General,TCS NQT"
Q08228,Quantitative Aptitude,Quadratic Equations,Medium,"CAT,Banking,SSC"
Q08229,Verbal Ability,Cloze Test,Medium,"TCS NQT,General"
Q08230,Quantitative Aptitude,Pipes & Cisterns,Easy,"TCS NQT,SSC,Banking"
Q08231,Verbal Ability,Critical Reasoning,Easy,"TCS NQT,Banking,CAT"
Q08232,Quantitative Aptitude,Algebra,Medium,Placements
Q08233,Logical Reasoning,Puzzles,Easy,"CAT,General"
Q08234,Logical Reasoning,Statement & Conclusion,Medium,"Banking,SSC,General"
Q08235,Quantitative Aptitude,Linear Equations,Easy,"General,CAT,TCS NQT"
Q08236,Verbal Ability,Reading Comprehension,Easy,"CAT,Banking"
Q08237,Quantitative Aptitude,"Time, Speed & Distance",Medium,"General,SSC,Banking"
Q08238,Quantitative Aptitude,Ratio & Proportion,Medium,Banking
Q08239,Data Interpretation,Tables,Hard,Placements
Q08240,Logical Reasoning,Cubes & Dice,Medium,"SSC,Banking"
Q08241,Logical Reasoning,Coding-Decoding,Medium,"Banking,CAT,General"
Q08242,Verbal Ability,Verbal Analogies,Medium,"TCS NQT,Banking"
Q08243,Verbal Ability,Sentence Correction,Easy,"TCS NQT,General"
Q08244,Logical Reasoning,Seating Arrangement,Easy,TCS NQT
Q08245,Logical Reasoning,Series Completion,Easy,"General,TCS NQT,CAT"
Q08246,Data Interpretation,Data Sufficiency (DI),Easy,"Placements,CAT,TCS NQT"
Q08247,Logical Reasoning,Series Completion,Easy,"CAT,Banking,General"
Q08248,Verbal Ability,Para Summary,Hard,"SSC,Placements"
Q08249,Logical Reasoning,Coding-Decoding,Hard,Banking
Q08250,Quantitative Aptitude,Ratio & Proportion,Medium,"Placements,Banking,CAT"
Q08251,Quantitative Aptitude,Ratio & Proportion,Easy,Banking
Q08252,Quantitative Aptitude,Logarithms,Easy,"SSC,General,CAT"
Q08253,Quantitative Aptitude,Percentages,Medium,"General,TCS NQT"
Q08254,Quantitative Aptitude,Percentages,Hard,Banking
Q08255,Logical Reasoning,Coding-Decoding,Medium,"SSC,General,TCS NQT"
Q08256,Data Interpretation,Venn-based DI,Medium,"TCS NQT,Placements"
Q08257,Quantitative Aptitude,Algebra,Medium,"Banking,Placements,CAT"
Q08258,Data Interpretation,Line Graphs,Hard,"SSC,Placements"
Q08259,Quantitative Aptitude,Logarithms,Medium,"Placements,General,SSC"
Q08260,Logical Reasoning,Venn Diagrams,Medium,Banking
Q08261,Verbal Ability,Critical Reasoning,Medium,TCS NQT
Q08262,Quantitative Aptitude,Partnership,Easy,"Placements,SSC,CAT"
Q08263,Quantitative Aptitude,Set Theory,Medium,"SSC,Banking,TCS NQT"
Q08264,Verbal Ability,Synonyms & Antonyms,Hard,General
Q08265,Verbal Ability,Synonyms & Antonyms,Easy,"Placements,Banking,CAT"
Q08266,Logical Reasoning,Puzzles,Easy,"TCS NQT,Banking,Placements"
Q08267,Logical Reasoning,Statement & Conclusion,Hard,"SSC,CAT"
Q08268,Data Interpretation,Tables,Easy,"TCS NQT,SSC,General"
Q08269,Data Interpretation,Tables,Easy,SSC
Q08270,Data Interpretation,Data Sufficiency (DI),Medium,CAT
Q08271,Data Interpretation,Tables,Medium,Banking
Q08272,Logical Reasoning,Ranking & Order,Medium,"General,SSC,CAT"
Q08273,Data Interpretation,Data Sufficiency (DI),Medium,"General,SSC,TCS NQT"
Q08274,Quantitative Aptitude,Progressions (AP/GP),Easy,"Banking,Placements,SSC"
Q08275,Quantitative Aptitude,Pipes & Cisterns,Hard,TCS NQT
Q08276,Quantitative Aptitude,Pipes & Cisterns,Medium,"TCS NQT,Placements,CAT"
Q08277,Logical Reasoning,Cubes & Dice,Easy,"General,Placements"
Q08278,Logical Reasoning,Venn Diagrams,Medium,"CAT,Banking,TCS NQT"
Q08279,Verbal Ability,Idioms & Phrases,Medium,CAT
Q08280,Verbal Ability,Sentence Correction,Hard,TCS NQT
Q08281,Verbal Ability,Odd One Out,Easy,Banking
Q08282,Verbal Ability,Odd One Out,Easy,Banking
Q08283,Quantitative Aptitude,Partnership,Medium,CAT
Q08284,Logical Reasoning,Analogy,Medium,"Placements,SSC,CAT"
Q08285,Logical Reasoning,Coding-Decoding,Medium,"Placements,General"
Q08286,Verbal Ability,Cloze Test,Medium,General
Q08287,Verbal Ability,Critical Reasoning,Medium,General
Q08288,Logical Reasoning,Statement & Assumption,Medium,Banking
Q08289,Quantitative Aptitude,Surds & Indices,Medium,Placements
Q08290,Logical Reasoning,Statement & Assumption,Medium,"SSC,General"
Q08291,Data Interpretation,Bar Graphs,Hard,TCS NQT
Q08292,Quantitative Aptitude,Simple Interest,Easy,"SSC,General,TCS NQT"
Q08293,Verbal Ability,Synonyms & Antonyms,Easy,"TCS NQT,SSC"
Q08294,Data Interpretation,Line Graphs,Medium,"General,CAT,Placements"
Q08295,Quantitative Aptitude,Partnership,Medium,"Placements,SSC"
Q08296,Verbal Ability,Reading Comprehension,Medium,"TCS NQT,SSC,Banking"
Q08297,Quantitative Aptitude,Geometry,Easy,"General,CAT"
Q08298,Verbal Ability,Para Jumbles,Medium,"General,TCS NQT,Banking"
Q08299,Logical Reasoning,Seating Arrangement,Medium,"Banking,SSC"
Q08300,Data Interpretation,Bar Graphs,Hard,"TCS NQT,SSC,CAT"
Q08301,Data Interpretation,Caselets,Medium,"SSC,Placements"
Q08302,Data Interpretation,Venn-based DI,Hard,"General,CAT,Placements"
Q08303,Data Interpretation,Radar/Spider Charts,Hard,SSC
Q08304,Quantitative Aptitude,Mixtures & Alligations,Medium,"Placements,SSC,TCS NQT"
Q08305,Quantitative Aptitude,Profit & Loss,Medium,"General,TCS NQT,CAT"
Q08306,Data Interpretation,Venn-based DI,Medium,Banking
Q08307,Verbal Ability,Para Jumbles,Medium,"CAT,General,Placements"
Q08308,Quantitative Aptitude,Algebra,Hard,"SSC,TCS NQT"
Q08309,Verbal Ability,Critical Reasoning,Medium,General
Q08310,Logical Reasoning,Coding-Decoding,Easy,General
Q08311,Logical Reasoning,Coding-Decoding,Medium,Banking
Q08312,Data Interpretation,Data Sufficiency (DI),Medium,"Banking,General,TCS NQT"
Q08313,Data Interpretation,Line Graphs,Medium,TCS NQT
Q08314,Quantitative Aptitude,Linear Equations,Medium,Placements
Q08315,Logical Reasoning,Ranking & Order,Medium,TCS NQT
Q08316,Data Interpretation,Caselets,Easy,CAT
Q08317,Logical Reasoning,Series Completion,Medium,"General,CAT,Placements"
Q08318,Verbal Ability,Critical Reasoning,Hard,SSC
Q08319,Verbal Ability,Cloze Test,Medium,"Placements,SSC,CAT"
Q08320,Logical Reasoning,Ranking & Order,Medium,"General,Placements"
Q08321,Quantitative Aptitude,Permutation & Combination,Hard,"Placements,SSC,Banking"
Q08322,Data Interpretation,Tables,Easy,SSC
Q08323,Quantitative Aptitude,Surds & Indices,Hard,"TCS NQT,General,Placements"
Q08324,Quantitative Aptitude,Ratio & Proportion,Hard,"Placements,Banking"
Q08325,Logical Reasoning,Data Sufficiency,Hard,General
Q08326,Data Interpretation,Venn-based DI,Easy,"Banking,TCS NQT"
Q08327,Logical Reasoning,Statement & Conclusion,Medium,"CAT,TCS NQT,Banking"
Q08328,Logical Reasoning,Data Sufficiency,Medium,"Placements,SSC"
Q08329,Logical Reasoning,Statement & Assumption,Easy,"TCS NQT,Placements,Banking"
Q08330,Quantitative Aptitude,Logarithms,Medium,TCS NQT
Q08331,Data Interpretation,Mixed DI Sets,Easy,"CAT,Banking"
Q08332,Quantitative Aptitude,Averages,Easy,SSC
Q08333,Logical Reasoning,Blood Relations,Medium,"SSC,Placements,General"
Q08334,Verbal Ability,Verbal Analogies,Easy,"Banking,CAT"
Q08335,Logical Reasoning,Statement & Assumption,Hard,"Banking,TCS NQT,General"
Q08336,Verbal Ability,Critical Reasoning,Easy,"Placements,SSC"
Q08337,Quantitative Aptitude,Logarithms,Easy,Banking
Q08338,Verbal Ability,Para Summary,Hard,"CAT,SSC"
Q08339,Quantitative Aptitude,Mensuration,Medium,TCS NQT
Q08340,Data Interpretation,Venn-based DI,Medium,CAT
Q08341,Logical Reasoning,Syllogisms,Easy,"TCS NQT,SSC,General"
Q08342,Data Interpretation,Line Graphs,Easy,"TCS NQT,Banking,Placements"
Q08343,Logical Reasoning,Statement & Conclusion,Medium,"General,TCS NQT"
Q08344,Quantitative Aptitude,Set Theory,Hard,"General,Banking"
Q08345,Quantitative Aptitude,Permutation & Combination,Easy,"Banking,General"
Q08346,Logical Reasoning,Statement & Conclusion,Easy,"CAT,Banking"
Q08347,Verbal Ability,Error Spotting,Medium,Banking
Q08348,Logical Reasoning,Blood Relations,Medium,"TCS NQT,CAT"
Q08349,Quantitative Aptitude,Profit & Loss,Easy,"TCS NQT,Banking"
Q08350,Data Interpretation,Pie Charts,Easy,CAT
Q08351,Quantitative Aptitude,"Time, Speed & Distance",Easy,"SSC,Banking,CAT"
Q08352,Data Interpretation,Mixed DI Sets,Easy,"Banking,SSC"
Q08353,Verbal Ability,Para Summary,Medium,"General,SSC"
Q08354,Quantitative Aptitude,Number System,Hard,"SSC,CAT,Banking"
Q08355,Quantitative Aptitude,Number System,Medium,"CAT,Banking,TCS NQT"
Q08356,Data Interpretation,Caselets,Medium,"TCS NQT,Placements"
Q08357,Quantitative Aptitude,"Time, Speed & Distance",Medium,"General,Placements"
Q08358,Data Interpretation,Mixed DI Sets,Easy,"General,Banking,SSC"
Q08359,Quantitative Aptitude,Number System,Medium,"SSC,CAT"
Q08360,Data Interpretation,Mixed DI Sets,Hard,"Banking,TCS NQT"
Q08361,Data Interpretation,Tables,Hard,"SSC,General"
Q08362,Quantitative Aptitude,Percentages,Medium,General
Q08363,Logical Reasoning,Statement & Conclusion,Easy,TCS NQT
Q08364,Verbal Ability,Para Summary,Easy,Banking
Q08365,Logical Reasoning,Coding-Decoding,Hard,"Banking,CAT"
Q08366,Data Interpretation,Caselets,Hard,Placements
Q08367,Quantitative Aptitude,Algebra,Easy,General
Q08368,Logical Reasoning,Statement & Assumption,Easy,"SSC,Banking,TCS NQT"
Q08369,Logical Reasoning,Coding-Decoding,Hard,"SSC,TCS NQT"
Q08370,Quantitative Aptitude,Profit & Loss,Easy,"Banking,Placements,SSC"
Q08371,Quantitative Aptitude,Progressions (AP/GP),Medium,General
Q08372,Verbal Ability,Para Summary,Medium,"CAT,Banking,Placements"
Q08373,Quantitative Aptitude,Algebra,Medium,"SSC,Placements,CAT"
Q08374,Logical Reasoning,Seating Arrangement,Easy,CAT
Q08375,Quantitative Aptitude,Compound Interest,Easy,"TCS NQT,General"
Q08376,Verbal Ability,Para Summary,Medium,"SSC,CAT,Placements"
Q08377,Quantitative Aptitude,Number System,Medium,"General,TCS NQT"
Q08378,Quantitative Aptitude,Linear Equations,Easy,General
Q08379,Quantitative Aptitude,Trigonometry,Medium,"SSC,TCS NQT"
Q08380,Verbal Ability,Para Summary,Medium,"CAT,Placements"
Q08381,Logical Reasoning,Ranking & Order,Easy,"Banking,Placements"
Q08382,Logical Reasoning,Syllogisms,Easy,General
Q08383,Logical Reasoning,Input-Output,Hard,SSC
Q08384,Quantitative Aptitude,Mixtures & Alligations,Hard,"SSC,Placements,General"
Q08385,Quantitative Aptitude,Quadratic Equations,Medium,"TCS NQT,Banking,Placements"
Q08386,Logical Reasoning,Statement & Assumption,Easy,TCS NQT
Q08387,Logical Reasoning,Seating Arrangement,Hard,"Placements,General,TCS NQT"
Q08388,Quantitative Aptitude,Linear Equations,Easy,"General,Banking"
Q08389,Logical Reasoning,Seating Arrangement,Easy,"General,CAT"
Q08390,Verbal Ability,Odd One Out,Easy,CAT
Q08391,Verbal Ability,Odd One Out,Medium,"SSC,General"
Q08392,Quantitative Aptitude,Mensuration,Medium,"Banking,Placements"
Q08393,Quantitative Aptitude,Surds & Indices,Medium,"Placements,Banking"
Q08394,Verbal Ability,Sentence Correction,Medium,"Banking,TCS NQT"
Q08395,Verbal Ability,Fill in the Blanks,Easy,"CAT,TCS NQT,Banking"
Q08396,Quantitative Aptitude,Trigonometry,Medium,"Banking,SSC"
Q08397,Quantitative Aptitude,Logarithms,Easy,"General,SSC"
Q08398,Verbal Ability,Cloze Test,Hard,SSC
Q08399,Verbal Ability,Idioms & Phrases,Medium,"SSC,Placements,General"
Q08400,Data Interpretation,Tables,Easy,"General,Banking"
Q08401,Quantitative Aptitude,Averages,Easy,Placements
Q08402,Verbal Ability,Odd One Out,Medium,"Banking,General"
Q08403,Quantitative Aptitude,Probability,Medium,"SSC,CAT"
Q08404,Logical Reasoning,Statement & Conclusion,Hard,CAT
Q08405,Quantitative Aptitude,Trigonometry,Easy,"Banking,SSC"
Q08406,Verbal Ability,Para Jumbles,Easy,"TCS NQT,Banking"
Q08407,Quantitative Aptitude,Linear Equations,Medium,SSC
Q08408,Verbal Ability,Para Jumbles,Hard,SSC
Q08409,Quantitative Aptitude,Trigonometry,Medium,General
Q08410,Verbal Ability,Sentence Correction,Hard,TCS NQT
Q08411,Quantitative Aptitude,Progressions (AP/GP),Easy,CAT
Q08412,Verbal Ability,Cloze Test,Medium,"CAT,TCS NQT,SSC"
Q08413,Logical Reasoning,Syllogisms,Medium,"SSC,Banking"
Q08414,Logical Reasoning,Data Sufficiency,Hard,"TCS NQT,Placements,General"
Q08415,Quantitative Aptitude,Pipes & Cisterns,Easy,"General,SSC"
Q08416,Logical Reasoning,Venn Diagrams,Easy,TCS NQT
Q08417,Data Interpretation,Mixed DI Sets,Hard,"General,Banking,SSC"
Q08418,Quantitative Aptitude,Ratio & Proportion,Medium,"Placements,General"
Q08419,Logical Reasoning,Direction Sense,Easy,"Banking,CAT"
Q08420,Logical Reasoning,Blood Relations,Medium,SSC
Q08421,Quantitative Aptitude,Mensuration,Hard,TCS NQT
Q08422,Quantitative Aptitude,Pipes & Cisterns,Hard,CAT
Q08423,Quantitative Aptitude,Percentages,Medium,"Placements,SSC,TCS NQT"
Q08424,Quantitative Aptitude,Geometry,Medium,CAT
Q08425,Quantitative Aptitude,Logarithms,Hard,"TCS NQT,General,Banking"
Q08426,Logical Reasoning,Venn Diagrams,Easy,CAT
Q08427,Quantitative Aptitude,Probability,Medium,General
Q08428,Data Interpretation,Mixed DI Sets,Easy,"Placements,Banking,SSC"
Q08429,Data Interpretation,Data Sufficiency (DI),Medium,"CAT,SSC"
Q08430,Verbal Ability,Error Spotting,Medium,"Banking,General"
Q08431,Logical Reasoning,Input-Output,Medium,TCS NQT
Q08432,Logical Reasoning,Input-Output,Medium,"Banking,CAT,SSC"
Q08433,Verbal Ability,Error Spotting,Easy,"General,TCS NQT"
Q08434,Verbal Ability,Para Summary,Medium,"General,Banking"
Q08435,Logical Reasoning,Direction Sense,Medium,"TCS NQT,CAT,SSC"
Q08436,Logical Reasoning,Direction Sense,Easy,"Banking,SSC"
Q08437,Logical Reasoning,Data Sufficiency,Medium,TCS NQT
Q08438,Logical Reasoning,Seating Arrangement,Easy,"General,Placements"
Q08439,Quantitative Aptitude,Partnership,Medium,General
Q08440,Data Interpretation,Tables,Easy,General
Q08441,Logical Reasoning,Coding-Decoding,Easy,"General,Placements,Banking"
Q08442,Quantitative Aptitude,Geometry,Hard,"CAT,SSC"
Q08443,Quantitative Aptitude,Averages,Medium,"General,Placements"
Q08444,Data Interpretation,Venn-based DI,Hard,"Placements,General"
Q08445,Data Interpretation,Pie Charts,Easy,"CAT,SSC"
Q08446,Verbal Ability,Para Jumbles,Medium,CAT
Q08447,Quantitative Aptitude,Probability,Hard,"Banking,CAT"
Q08448,Quantitative Aptitude,Mixtures & Alligations,Easy,"SSC,Banking"
Q08449,Quantitative Aptitude,Ratio & Proportion,Medium,TCS NQT
Q08450,Quantitative Aptitude,Progressions (AP/GP),Medium,SSC
Q08451,Verbal Ability,Odd One Out,Hard,"General,TCS NQT,SSC"
Q08452,Quantitative Aptitude,Time & Work,Easy,"Banking,SSC"
Q08453,Quantitative Aptitude,Mixtures & Alligations,Medium,CAT
Q08454,Quantitative Aptitude,"Time, Speed & Distance",Easy,"TCS NQT,SSC"
Q08455,Logical Reasoning,Clocks & Calendars,Easy,CAT
Q08456,Quantitative Aptitude,Pipes & Cisterns,Easy,"Placements,General,Banking"
Q08457,Quantitative Aptitude,Set Theory,Easy,SSC
Q08458,Logical Reasoning,Seating Arrangement,Medium,"General,Banking,TCS NQT"
Q08459,Quantitative Aptitude,Mixtures & Alligations,Easy,"Banking,SSC"
Q08460,Logical Reasoning,Puzzles,Medium,CAT
Q08461,Verbal Ability,Sentence Correction,Easy,"CAT,TCS NQT"
Q08462,Logical Reasoning,Series Completion,Easy,Placements
Q08463,Logical Reasoning,Data Sufficiency,Medium,"SSC,Placements,General"
Q08464,Logical Reasoning,Input-Output,Medium,"TCS NQT,CAT"
Q08465,Quantitative Aptitude,Linear Equations,Easy,TCS NQT
Q08466,Data Interpretation,Venn-based DI,Medium,"SSC,Placements,CAT"
Q08467,Quantitative Aptitude,Trigonometry,Medium,"TCS NQT,SSC,General"
Q08468,Quantitative Aptitude,Logarithms,Medium,"CAT,TCS NQT,SSC"
Q08469,Quantitative Aptitude,Partnership,Easy,"CAT,Placements,Banking"
Q08470,Verbal Ability,Fill in the Blanks,Hard,"TCS NQT,CAT"
Q08471,Verbal Ability,Para Summary,Medium,"SSC,TCS NQT"
Q08472,Logical Reasoning,Coding-Decoding,Medium,TCS NQT
Q08473,Quantitative Aptitude,"Time, Speed & Distance",Easy,TCS NQT
Q08474,Logical Reasoning,Statement & Assumption,Easy,"TCS NQT,General"
Q08475,Verbal Ability,Para Jumbles,Easy,"General,CAT,TCS NQT"
Q08476,Verbal Ability,Sentence Correction,Hard,"CAT,SSC,Banking"
Q08477,Logical Reasoning,Series Completion,Easy,"Placements,TCS NQT"
Q08478,Data Interpretation,Line Graphs,Medium,"Placements,CAT"
Q08479,Quantitative Aptitude,Partnership,Medium,"SSC,TCS NQT,Banking"
Q08480,Verbal Ability,Error Spotting,Easy,CAT
Q08481,Verbal Ability,Verbal Analogies,Medium,"CAT,Placements,General"
Q08482,Logical Reasoning,Venn Diagrams,Easy,Banking
Q08483,Verbal Ability,Sentence Correction,Medium,"CAT,General"
Q08484,Logical Reasoning,Clocks & Calendars,Easy,"Banking,CAT,Placements"
Q08485,Data Interpretation,Tables,Easy,SSC
Q08486,Logical Reasoning,Data Sufficiency,Easy,"Placements,CAT"
Q08487,Verbal Ability,Para Jumbles,Easy,"Placements,CAT"
Q08488,Verbal Ability,Sentence Correction,Easy,SSC
Q08489,Verbal Ability,Critical Reasoning,Medium,Banking
Q08490,Logical Reasoning,Cubes & Dice,Easy,"CAT,General,TCS NQT"
Q08491,Data Interpretation,Data Sufficiency (DI),Medium,"TCS NQT,General"
Q08492,Quantitative Aptitude,Mixtures & Alligations,Easy,"SSC,General,Banking"
Q08493,Quantitative Aptitude,Geometry,Hard,"General,Banking,Placements"
Q08494,Quantitative Aptitude,Pipes & Cisterns,Easy,"SSC,General"
Q08495,Verbal Ability,Para Jumbles,Hard,"General,Placements,CAT"
Q08496,Verbal Ability,Synonyms & Antonyms,Medium,"TCS NQT,General"
Q08497,Verbal Ability,Critical Reasoning,Medium,"Placements,CAT"
Q08498,Verbal Ability,Para Summary,Medium,"General,CAT"
Q08499,Logical Reasoning,Puzzles,Easy,Banking
Q08500,Logical Reasoning,Puzzles,Hard,"General,Banking,TCS NQT"
Q08501,Logical Reasoning,Seating Arrangement,Medium,CAT
Q08502,Logical Reasoning,Direction Sense,Easy,General
Q08503,Verbal Ability,Critical Reasoning,Medium,General
Q08504,Quantitative Aptitude,Simple Interest,Medium,"TCS NQT,Placements"
Q08505,Verbal Ability,Para Summary,Medium,"Placements,General,CAT"
Q08506,Quantitative Aptitude,Set Theory,Easy,"SSC,Banking"
Q08507,Verbal Ability,Synonyms & Antonyms,Hard,"Banking,TCS NQT,General"
Q08508,Verbal Ability,Synonyms & Antonyms,Medium,TCS NQT
Q08509,Quantitative Aptitude,"Time, Speed & Distance",Medium,"SSC,Banking,CAT"
Q08510,Logical Reasoning,Blood Relations,Easy,SSC
Q08511,Quantitative Aptitude,Progressions (AP/GP),Easy,Placements
Q08512,Data Interpretation,Mixed DI Sets,Hard,"Placements,General"
Q08513,Logical Reasoning,Cubes & Dice,Medium,General
Q08514,Verbal Ability,Sentence Correction,Medium,Placements
Q08515,Verbal Ability,Reading Comprehension,Medium,General
Q08516,Verbal Ability,Cloze Test,Hard,"SSC,TCS NQT"
Q08517,Verbal Ability,Fill in the Blanks,Easy,"Banking,Placements,SSC"
Q08518,Logical Reasoning,Series Completion,Hard,"Banking,CAT,Placements"
Q08519,Data Interpretation,Mixed DI Sets,Medium,SSC
Q08520,Verbal Ability,Fill in the Blanks,Hard,General
Q08521,Logical Reasoning,Syllogisms,Medium,"General,TCS NQT"
Q08522,Quantitative Aptitude,Set Theory,Easy,General
Q08523,Verbal Ability,Synonyms & Antonyms,Medium,"TCS NQT,Banking,CAT"
Q08524,Verbal Ability,Para Summary,Medium,SSC
Q08525,Data Interpretation,Venn-based DI,Hard,Placements
Q08526,Logical Reasoning,Coding-Decoding,Easy,"CAT,Banking"
Q08527,Quantitative Aptitude,Linear Equations,Hard,"Banking,SSC"
Q08528,Logical Reasoning,Cubes & Dice,Easy,"General,TCS NQT"
Q08529,Quantitative Aptitude,Algebra,Medium,General
Q08530,Quantitative Aptitude,Progressions (AP/GP),Medium,SSC
Q08531,Logical Reasoning,Seating Arrangement,Hard,"TCS NQT,General,SSC"
Q08532,Data Interpretation,Data Sufficiency (DI),Medium,"General,SSC"
Q08533,Quantitative Aptitude,"Time, Speed & Distance",Medium,CAT
Q08534,Data Interpretation,Data Sufficiency (DI),Medium,"General,SSC"
Q08535,Quantitative Aptitude,Geometry,Easy,Placements
Q08536,Quantitative Aptitude,Permutation & Combination,Medium,"Banking,TCS NQT,General"
Q08537,Verbal Ability,Error Spotting,Medium,"SSC,Banking"
Q08538,Quantitative Aptitude,Partnership,Easy,"TCS NQT,Placements,CAT"
Q08539,Logical Reasoning,Series Completion,Easy,"General,CAT"
Q08540,Logical Reasoning,Input-Output,Medium,"Placements,General,CAT"
Q08541,Quantitative Aptitude,Profit & Loss,Hard,General
Q08542,Quantitative Aptitude,"Time, Speed & Distance",Easy,"Banking,CAT,SSC"
Q08543,Logical Reasoning,Analogy,Hard,"SSC,Banking,CAT"
Q08544,Logical Reasoning,Blood Relations,Medium,TCS NQT
Q08545,Verbal Ability,Reading Comprehension,Medium,SSC
Q08546,Verbal Ability,Para Jumbles,Easy,"General,SSC,TCS NQT"
Q08547,Quantitative Aptitude,Pipes & Cisterns,Medium,TCS NQT
Q08548,Data Interpretation,Line Graphs,Easy,"TCS NQT,SSC,General"
Q08549,Logical Reasoning,Seating Arrangement,Medium,"General,CAT,SSC"
Q08550,Logical Reasoning,Cubes & Dice,Easy,"General,CAT,SSC"
Q08551,Logical Reasoning,Statement & Assumption,Hard,"Banking,Placements"
Q08552,Data Interpretation,Venn-based DI,Easy,TCS NQT
Q08553,Verbal Ability,Fill in the Blanks,Easy,General
Q08554,Verbal Ability,Para Summary,Medium,"Placements,CAT"
Q08555,Quantitative Aptitude,Progressions (AP/GP),Hard,"General,Placements"
Q08556,Logical Reasoning,Direction Sense,Easy,"General,Banking,TCS NQT"
Q08557,Quantitative Aptitude,Number System,Medium,"SSC,TCS NQT,Banking"
Q08558,Verbal Ability,Cloze Test,Easy,"General,Banking,SSC"
Q08559,Logical Reasoning,Ranking & Order,Easy,"General,Placements,TCS NQT"
Q08560,Verbal Ability,Fill in the Blanks,Medium,"General,TCS NQT,Placements"
Q08561,Quantitative Aptitude,Time & Work,Easy,"Placements,TCS NQT,CAT"
Q08562,Logical Reasoning,Puzzles,Medium,"Placements,General,TCS NQT"
Q08563,Verbal Ability,Fill in the Blanks,Hard,CAT
Q08564,Verbal Ability,Para Summary,Hard,"TCS NQT,SSC,Banking"
Q08565,Quantitative Aptitude,Probability,Hard,"SSC,Banking,TCS NQT"
Q08566,Quantitative Aptitude,Geometry,Hard,"Banking,TCS NQT,CAT"
Q08567,Verbal Ability,Verbal Analogies,Medium,"SSC,General"
Q08568,Quantitative Aptitude,Probability,Medium,Banking
Q08569,Logical Reasoning,Statement & Conclusion,Hard,"SSC,TCS NQT,General"
Q08570,Quantitative Aptitude,Progressions (AP/GP),Medium,"SSC,Placements"
Q08571,Quantitative Aptitude,Profit & Loss,Medium,SSC
Q08572,Verbal Ability,Cloze Test,Easy,CAT
Q08573,Quantitative Aptitude,Trigonometry,Easy,"SSC,General"
Q08574,Verbal Ability,Verbal Analogies,Medium,"Placements,TCS NQT,Banking"
Q08575,Quantitative Aptitude,Averages,Medium,"General,Banking,SSC"
Q08576,Quantitative Aptitude,Profit & Loss,Easy,"CAT,SSC,Banking"
Q08577,Logical Reasoning,Coding-Decoding,Medium,"Banking,SSC"
Q08578,Data Interpretation,Pie Charts,Easy,"General,CAT,Banking"
Q08579,Logical Reasoning,Input-Output,Medium,"SSC,Placements"
Q08580,Logical Reasoning,Statement & Conclusion,Hard,"Banking,SSC,TCS NQT"
Q08581,Logical Reasoning,Seating Arrangement,Medium,"General,Banking"
Q08582,Logical Reasoning,Clocks & Calendars,Hard,TCS NQT
Q08583,Data Interpretation,Data Sufficiency (DI),Medium,"TCS NQT,General"
Q08584,Verbal Ability,Para Summary,Medium,General
Q08585,Verbal Ability,Reading Comprehension,Medium,TCS NQT
Q08586,Quantitative Aptitude,"Time, Speed & Distance",Medium,"General,TCS NQT"
Q08587,Logical Reasoning,Coding-Decoding,Medium,CAT
Q08588,Quantitative Aptitude,Quadratic Equations,Medium,CAT
Q08589,Quantitative Aptitude,Profit & Loss,Medium,"SSC,TCS NQT,Banking"
Q08590,Verbal Ability,Cloze Test,Easy,"Placements,General,SSC"
Q08591,Verbal Ability,Synonyms & Antonyms,Hard,TCS NQT
Q08592,Quantitative Aptitude,Averages,Easy,"General,Placements,SSC"
Q08593,Logical Reasoning,Coding-Decoding,Easy,"Banking,General"
Q08594,Logical Reasoning,Syllogisms,Medium,"General,TCS NQT,SSC"
Q08595,Quantitative Aptitude,Geometry,Hard,"General,CAT,TCS NQT"
Q08596,Verbal Ability,Cloze Test,Medium,"CAT,SSC,General"
Q08597,Quantitative Aptitude,"Time, Speed & Distance",Easy,SSC
Q08598,Quantitative Aptitude,Probability,Medium,CAT
Q08599,Quantitative Aptitude,Algebra,Medium,Banking
Q08600,Quantitative Aptitude,Pipes & Cisterns,Easy,SSC
Q08601,Data Interpretation,Venn-based DI,Easy,"Banking,General"
Q08602,Quantitative Aptitude,Simple Interest,Easy,"SSC,General"
Q08603,Logical Reasoning,Statement & Conclusion,Medium,"CAT,SSC"
Q08604,Logical Reasoning,Statement & Assumption,Medium,"Placements,Banking,CAT"
Q08605,Quantitative Aptitude,Logarithms,Medium,"Banking,SSC"
Q08606,Quantitative Aptitude,Pipes & Cisterns,Easy,"General,Placements"
Q08607,Verbal Ability,Odd One Out,Easy,CAT
Q08608,Logical Reasoning,Venn Diagrams,Medium,"Placements,Banking,SSC"
Q08609,Quantitative Aptitude,Logarithms,Hard,"CAT,General,Placements"
Q08610,Logical Reasoning,Data Sufficiency,Hard,"Banking,Placements"
Q08611,Verbal Ability,Idioms & Phrases,Easy,"General,CAT"
Q08612,Quantitative Aptitude,Time & Work,Hard,SSC
Q08613,Quantitative Aptitude,Algebra,Medium,"General,Placements,TCS NQT"
Q08614,Logical Reasoning,Blood Relations,Hard,"Banking,General,SSC"
Q08615,Logical Reasoning,Venn Diagrams,Easy,"Placements,CAT,General"
Q08616,Quantitative Aptitude,Quadratic Equations,Easy,Banking
Q08617,Quantitative Aptitude,Averages,Medium,TCS NQT
Q08618,Verbal Ability,Fill in the Blanks,Easy,"Banking,TCS NQT"
Q08619,Data Interpretation,Caselets,Medium,"General,Banking"
Q08620,Quantitative Aptitude,Number System,Medium,"TCS NQT,General"
Q08621,Logical Reasoning,Blood Relations,Easy,"SSC,CAT"
Q08622,Quantitative Aptitude,Surds & Indices,Easy,"General,TCS NQT,CAT"
Q08623,Logical Reasoning,Seating Arrangement,Hard,"Banking,SSC"
Q08624,Verbal Ability,Fill in the Blanks,Easy,Placements
Q08625,Verbal Ability,Verbal Analogies,Hard,"General,SSC,TCS NQT"
Q08626,Data Interpretation,Pie Charts,Hard,"TCS NQT,Placements"
Q08627,Quantitative Aptitude,Algebra,Medium,General
Q08628,Quantitative Aptitude,Simple Interest,Easy,"SSC,TCS NQT"
Q08629,Logical Reasoning,Coding-Decoding,Hard,"General,Placements,SSC"
Q08630,Verbal Ability,Cloze Test,Medium,"Banking,SSC,General"
Q08631,Logical Reasoning,Cubes & Dice,Medium,"SSC,Banking"
Q08632,Data Interpretation,Mixed DI Sets,Easy,"CAT,Banking,General"
Q08633,Logical Reasoning,Data Sufficiency,Easy,"SSC,TCS NQT"
Q08634,Logical Reasoning,Statement & Conclusion,Hard,"General,Placements,SSC"
Q08635,Logical Reasoning,Statement & Assumption,Medium,"TCS NQT,Banking"
Q08636,Quantitative Aptitude,Surds & Indices,Easy,"CAT,SSC"
Q08637,Quantitative Aptitude,Geometry,Hard,"Placements,General,CAT"
Q08638,Quantitative Aptitude,Progressions (AP/GP),Easy,"TCS NQT,CAT"
Q08639,Quantitative Aptitude,Trigonometry,Medium,"General,Placements"
Q08640,Quantitative Aptitude,Mixtures & Alligations,Medium,SSC
Q08641,Logical Reasoning,Series Completion,Easy,"TCS NQT,Banking"
Q08642,Quantitative Aptitude,Mensuration,Medium,CAT
Q08643,Logical Reasoning,Syllogisms,Medium,CAT
Q08644,Quantitative Aptitude,Algebra,Medium,"SSC,Banking,TCS NQT"
Q08645,Logical Reasoning,Statement & Assumption,Easy,"TCS NQT,SSC"
Q08646,Data Interpretation,Tables,Easy,"CAT,SSC,Banking"
Q08647,Verbal Ability,Synonyms & Antonyms,Medium,SSC
Q08648,Data Interpretation,Mixed DI Sets,Hard,"TCS NQT,SSC"
Q08649,Quantitative Aptitude,Quadratic Equations,Medium,"CAT,Placements"
Q08650,Quantitative Aptitude,Algebra,Hard,"General,Banking"
Q08651,Logical Reasoning,Clocks & Calendars,Easy,Banking
Q08652,Logical Reasoning,Venn Diagrams,Easy,"SSC,Banking,Placements"
Q08653,Logical Reasoning,Venn Diagrams,Easy,Placements
Q08654,Data Interpretation,Line Graphs,Easy,"SSC,General,TCS NQT"
Q08655,Verbal Ability,Idioms & Phrases,Easy,General
Q08656,Verbal Ability,Error Spotting,Hard,"SSC,Banking,General"
Q08657,Quantitative Aptitude,Trigonometry,Easy,"TCS NQT,CAT"
Q08658,Verbal Ability,Cloze Test,Easy,"Banking,CAT"
Q08659,Verbal Ability,Synonyms & Antonyms,Medium,"SSC,CAT,Placements"
Q08660,Logical Reasoning,Input-Output,Easy,Placements
Q08661,Logical Reasoning,Series Completion,Medium,"General,SSC,Banking"
Q08662,Verbal Ability,Reading Comprehension,Easy,"CAT,Banking"
Q08663,Logical Reasoning,Puzzles,Easy,"Banking,TCS NQT"
Q08664,Logical Reasoning,Cubes & Dice,Easy,"General,CAT,SSC"
Q08665,Quantitative Aptitude,Pipes & Cisterns,Medium,"General,TCS NQT"
Q08666,Verbal Ability,Odd One Out,Hard,"General,Placements,SSC"
Q08667,Quantitative Aptitude,Simple Interest,Easy,"SSC,General,TCS NQT"
Q08668,Verbal Ability,Reading Comprehension,Medium,"General,Placements,Banking"
Q08669,Quantitative Aptitude,Mixtures & Alligations,Medium,"General,Banking"
Q08670,Verbal Ability,Reading Comprehension,Medium,Banking
Q08671,Verbal Ability,Reading Comprehension,Medium,TCS NQT
Q08672,Verbal Ability,Para Summary,Hard,CAT
Q08673,Logical Reasoning,Seating Arrangement,Easy,"SSC,TCS NQT"
Q08674,Verbal Ability,Cloze Test,Hard,General
Q08675,Logical Reasoning,Syllogisms,Easy,Banking
Q08676,Logical Reasoning,Syllogisms,Medium,"Banking,TCS NQT"
Q08677,Quantitative Aptitude,Set Theory,Medium,"TCS NQT,CAT"
Q08678,Logical Reasoning,Analogy,Hard,"Banking,TCS NQT,Placements"
Q08679,Verbal Ability,Idioms & Phrases,Medium,"SSC,CAT"
Q08680,Quantitative Aptitude,Quadratic Equations,Easy,"Placements,CAT,SSC"
Q08681,Data Interpretation,Tables,Medium,"TCS NQT,General,Banking"
Q08682,Verbal Ability,Odd One Out,Easy,"General,Placements"
Q08683,Quantitative Aptitude,Linear Equations,Easy,Banking
Q08684,Data Interpretation,Radar/Spider Charts,Easy,SSC
Q08685,Quantitative Aptitude,Surds & Indices,Medium,"General,TCS NQT"
Q08686,Quantitative Aptitude,Logarithms,Medium,"CAT,Banking"
Q08687,Quantitative Aptitude,Percentages,Easy,"Placements,General"
Q08688,Logical Reasoning,Series Completion,Easy,"CAT,Placements"
Q08689,Data Interpretation,Tables,Hard,"CAT,Placements"
Q08690,Data Interpretation,Bar Graphs,Medium,SSC
Q08691,Logical Reasoning,Series Completion,Hard,TCS NQT
Q08692,Verbal Ability,Odd One Out,Easy,"Placements,Banking"
Q08693,Quantitative Aptitude,Set Theory,Easy,"TCS NQT,Placements"
Q08694,Quantitative Aptitude,Geometry,Easy,"General,Placements"
Q08695,Logical Reasoning,Venn Diagrams,Hard,"General,TCS NQT"
Q08696,Quantitative Aptitude,Geometry,Easy,"CAT,SSC"
Q08697,Logical Reasoning,Blood Relations,Easy,General
Q08698,Verbal Ability,Cloze Test,Easy,General
Q08699,Data Interpretation,Bar Graphs,Medium,"General,Placements"
Q08700,Quantitative Aptitude,Linear Equations,Easy,"Banking,SSC,Placements"
Q08701,Quantitative Aptitude,Quadratic Equations,Medium,TCS NQT
Q08702,Quantitative Aptitude,Time & Work,Medium,"Placements,Banking"
Q08703,Verbal Ability,Sentence Correction,Medium,"Banking,TCS NQT,SSC"
Q08704,Logical Reasoning,Seating Arrangement,Medium,TCS NQT
Q08705,Quantitative Aptitude,Permutation & Combination,Easy,"Banking,TCS NQT"
Q08706,Logical Reasoning,Puzzles,Hard,Placements
Q08707,Quantitative Aptitude,Surds & Indices,Medium,Placements
Q08708,Verbal Ability,Synonyms & Antonyms,Hard,SSC
Q08709,Verbal Ability,Cloze Test,Medium,"Placements,SSC,General"
Q08710,Verbal Ability,Para Summary,Hard,CAT
Q08711,Logical Reasoning,Analogy,Medium,"TCS NQT,General,Placements"
Q08712,Logical Reasoning,Venn Diagrams,Easy,"SSC,Banking,General"
Q08713,Logical Reasoning,Cubes & Dice,Hard,"General,SSC"
Q08714,Logical Reasoning,Ranking & Order,Medium,"General,Placements"
Q08715,Quantitative Aptitude,Time & Work,Easy,"General,SSC"
Q08716,Logical Reasoning,Statement & Conclusion,Hard,"CAT,General"
Q08717,Verbal Ability,Idioms & Phrases,Easy,General
Q08718,Verbal Ability,Idioms & Phrases,Medium,"General,SSC,CAT"
Q08719,Logical Reasoning,Series Completion,Easy,"Banking,Placements"
Q08720,Verbal Ability,Idioms & Phrases,Easy,General
Q08721,Quantitative Aptitude,Algebra,Hard,CAT
Q08722,Verbal Ability,Sentence Correction,Medium,"General,TCS NQT,CAT"
Q08723,Quantitative Aptitude,Partnership,Medium,"Placements,Banking,TCS NQT"
Q08724,Data Interpretation,Venn-based DI,Easy,"CAT,TCS NQT"
Q08725,Verbal Ability,Critical Reasoning,Easy,"CAT,SSC"
Q08726,Quantitative Aptitude,Quadratic Equations,Medium,"Placements,General,CAT"
Q08727,Quantitative Aptitude,Profit & Loss,Easy,"General,TCS NQT"
Q08728,Quantitative Aptitude,Ratio & Proportion,Hard,Placements
Q08729,Quantitative Aptitude,Algebra,Easy,"CAT,General"
Q08730,Quantitative Aptitude,Simple Interest,Medium,Banking
Q08731,Logical Reasoning,Coding-Decoding,Medium,"Placements,Banking,CAT"
Q08732,Quantitative Aptitude,"Time, Speed & Distance",Easy,TCS NQT
Q08733,Quantitative Aptitude,Trigonometry,Medium,"SSC,Banking"
Q08734,Verbal Ability,Odd One Out,Medium,General
Q08735,Verbal Ability,Verbal Analogies,Easy,Banking
Q08736,Quantitative Aptitude,Surds & Indices,Easy,"Banking,General,CAT"
Q08737,Logical Reasoning,Statement & Assumption,Easy,"Banking,Placements"
Q08738,Data Interpretation,Mixed DI Sets,Medium,Banking
Q08739,Quantitative Aptitude,Geometry,Medium,"Banking,CAT,General"
Q08740,Logical Reasoning,Coding-Decoding,Medium,Banking
Q08741,Logical Reasoning,Direction Sense,Easy,SSC
Q08742,Quantitative Aptitude,Probability,Easy,"TCS NQT,Banking,CAT"
Q08743,Data Interpretation,Caselets,Medium,TCS NQT
Q08744,Verbal Ability,Para Summary,Medium,"Placements,CAT,General"
Q08745,Quantitative Aptitude,Surds & Indices,Easy,Banking
Q08746,Logical Reasoning,Clocks & Calendars,Medium,"SSC,Banking,General"
Q08747,Verbal Ability,Verbal Analogies,Easy,"Banking,SSC"
Q08748,Logical Reasoning,Puzzles,Hard,"TCS NQT,CAT,Banking"
Q08749,Verbal Ability,Reading Comprehension,Medium,"General,Placements"
Q08750,Logical Reasoning,Blood Relations,Medium,"SSC,TCS NQT"
Q08751,Verbal Ability,Reading Comprehension,Medium,"General,Banking,CAT"
Q08752,Quantitative Aptitude,Ratio & Proportion,Hard,"Placements,SSC"
Q08753,Verbal Ability,Cloze Test,Medium,General
Q08754,Verbal Ability,Verbal Analogies,Medium,"General,CAT"
Q08755,Verbal Ability,Para Jumbles,Easy,"CAT,SSC,General"
Q08756,Quantitative Aptitude,"Time, Speed & Distance",Hard,"TCS NQT,Placements"
Q08757,Logical Reasoning,Ranking & Order,Easy,"CAT,Banking"
Q08758,Data Interpretation,Caselets,Hard,CAT
Q08759,Verbal Ability,Fill in the Blanks,Easy,CAT
Q08760,Data Interpretation,Tables,Hard,"Banking,Placements,SSC"
Q08761,Quantitative Aptitude,Time & Work,Medium,"CAT,Placements"
Q08762,Logical Reasoning,Coding-Decoding,Hard,Banking
Q08763,Quantitative Aptitude,Progressions (AP/GP),Hard,"CAT,TCS NQT,Banking"
Q08764,Quantitative Aptitude,Linear Equations,Hard,"TCS NQT,CAT"
Q08765,Logical Reasoning,Direction Sense,Medium,"Placements,General,SSC"
Q08766,Verbal Ability,Idioms & Phrases,Medium,TCS NQT
Q08767,Verbal Ability,Critical Reasoning,Easy,General
Q08768,Data Interpretation,Pie Charts,Easy,Banking
Q08769,Verbal Ability,Fill in the Blanks,Medium,"Placements,SSC"
Q08770,Quantitative Aptitude,Profit & Loss,Hard,"SSC,General"
Q08771,Verbal Ability,Critical Reasoning,Medium,"TCS NQT,Placements"
Q08772,Verbal Ability,Error Spotting,Medium,"SSC,CAT,TCS NQT"
Q08773,Verbal Ability,Synonyms & Antonyms,Medium,"CAT,SSC,General"
Q08774,Verbal Ability,Para Jumbles,Easy,TCS NQT
Q08775,Logical Reasoning,Statement & Assumption,Medium,CAT
Q08776,Data Interpretation,Mixed DI Sets,Medium,"TCS NQT,General"
Q08777,Quantitative Aptitude,Partnership,Hard,"TCS NQT,General"
Q08778,Data Interpretation,Bar Graphs,Easy,SSC
Q08779,Verbal Ability,Verbal Analogies,Medium,"CAT,Banking"
Q08780,Logical Reasoning,Analogy,Hard,Banking
Q08781,Quantitative Aptitude,Partnership,Medium,Placements
Q08782,Data Interpretation,Bar Graphs,Medium,"Banking,TCS NQT"
Q08783,Logical Reasoning,Cubes & Dice,Easy,TCS NQT
Q08784,Logical Reasoning,Clocks & Calendars,Medium,Placements
Q08785,Verbal Ability,Critical Reasoning,Easy,"Banking,CAT,SSC"
Q08786,Logical Reasoning,Seating Arrangement,Easy,"SSC,TCS NQT"
Q08787,Quantitative Aptitude,Ratio & Proportion,Easy,"General,TCS NQT,SSC"
Q08788,Logical Reasoning,Series Completion,Easy,Banking
Q08789,Verbal Ability,Para Summary,Hard,"SSC,CAT,Banking"
Q08790,Quantitative Aptitude,Quadratic Equations,Hard,"Banking,General"
Q08791,Verbal Ability,Reading Comprehension,Medium,Banking
Q08792,Verbal Ability,Critical Reasoning,Medium,SSC
Q08793,Verbal Ability,Fill in the Blanks,Easy,"General,TCS NQT,Banking"
Q08794,Quantitative Aptitude,Surds & Indices,Hard,"General,Placements,CAT"
Q08795,Logical Reasoning,Analogy,Medium,CAT
Q08796,Logical Reasoning,Statement & Assumption,Medium,Placements
Q08797,Verbal Ability,Critical Reasoning,Easy,"Banking,General,SSC"
Q08798,Logical Reasoning,Analogy,Easy,"SSC,CAT"
Q08799,Verbal Ability,Reading Comprehension,Hard,"TCS NQT,SSC"
Q08800,Logical Reasoning,Syllogisms,Medium,"SSC,Banking,Placements"
Q08801,Verbal Ability,Para Jumbles,Hard,"CAT,SSC,Banking"
Q08802,Quantitative Aptitude,Number System,Easy,"SSC,Placements"
Q08803,Logical Reasoning,Analogy,Easy,Banking
Q08804,Quantitative Aptitude,Logarithms,Medium,"SSC,TCS NQT,General"
Q08805,Logical Reasoning,Analogy,Medium,"CAT,General"
Q08806,Data Interpretation,Pie Charts,Medium,Banking
Q08807,Quantitative Aptitude,Progressions (AP/GP),Easy,"Banking,SSC"
Q08808,Logical Reasoning,Cubes & Dice,Easy,"SSC,General"
Q08809,Data Interpretation,Data Sufficiency (DI),Easy,"Banking,Placements"
Q08810,Quantitative Aptitude,Permutation & Combination,Hard,"Banking,Placements,TCS NQT"
Q08811,Verbal Ability,Para Summary,Easy,"TCS NQT,Placements,SSC"
Q08812,Verbal Ability,Idioms & Phrases,Hard,"SSC,CAT"
Q08813,Verbal Ability,Sentence Correction,Medium,"CAT,TCS NQT,SSC"
Q08814,Logical Reasoning,Ranking & Order,Hard,"SSC,Banking,CAT"
Q08815,Logical Reasoning,Input-Output,Hard,"General,TCS NQT"
Q08816,Verbal Ability,Error Spotting,Medium,"Placements,Banking,CAT"
Q08817,Verbal Ability,Sentence Correction,Easy,"Placements,Banking,TCS NQT"
Q08818,Logical Reasoning,Syllogisms,Medium,"Banking,General,TCS NQT"
Q08819,Verbal Ability,Odd One Out,Medium,"SSC,Banking,CAT"
Q08820,Logical Reasoning,Series Completion,Hard,"TCS NQT,Banking,Placements"
Q08821,Data Interpretation,Data Sufficiency (DI),Hard,Banking
Q08822,Quantitative Aptitude,Mensuration,Hard,"Placements,Banking,CAT"
Q08823,Verbal Ability,Cloze Test,Medium,CAT
Q08824,Quantitative Aptitude,Mensuration,Medium,SSC
Q08825,Logical Reasoning,Puzzles,Hard,TCS NQT
Q08826,Logical Reasoning,Input-Output,Medium,Placements
Q08827,Logical Reasoning,Syllogisms,Hard,"TCS NQT,Placements"
Q08828,Verbal Ability,Critical Reasoning,Medium,Placements
Q08829,Quantitative Aptitude,Ratio & Proportion,Medium,General
Q08830,Quantitative Aptitude,Ratio & Proportion,Hard,Placements
Q08831,Logical Reasoning,Series Completion,Easy,"TCS NQT,Placements,SSC"
Q08832,Quantitative Aptitude,Averages,Hard,"CAT,Banking"
Q08833,Verbal Ability,Error Spotting,Medium,Banking
Q08834,Quantitative Aptitude,Progressions (AP/GP),Medium,"General,Placements"
Q08835,Logical Reasoning,Blood Relations,Easy,"TCS NQT,SSC"
Q08836,Quantitative Aptitude,Set Theory,Medium,Placements
Q08837,Verbal Ability,Fill in the Blanks,Medium,"TCS NQT,Banking"
Q08838,Quantitative Aptitude,Algebra,Easy,TCS NQT
Q08839,Quantitative Aptitude,Mixtures & Alligations,Easy,Placements
Q08840,Logical Reasoning,Venn Diagrams,Hard,Banking
Q08841,Verbal Ability,Error Spotting,Hard,CAT
Q08842,Logical Reasoning,Ranking & Order,Easy,"SSC,TCS NQT"
Q08843,Verbal Ability,Idioms & Phrases,Medium,"SSC,TCS NQT"
Q08844,Logical Reasoning,Analogy,Medium,"Placements,CAT"
Q08845,Logical Reasoning,Puzzles,Medium,"General,TCS NQT,CAT"
Q08846,Data Interpretation,Caselets,Easy,SSC
Q08847,Logical Reasoning,Data Sufficiency,Medium,"Placements,TCS NQT"
Q08848,Verbal Ability,Reading Comprehension,Medium,"Placements,Banking"
Q08849,Quantitative Aptitude,Geometry,Medium,"Placements,SSC"
Q08850,Quantitative Aptitude,Algebra,Medium,Banking
Q08851,Logical Reasoning,Input-Output,Easy,"TCS NQT,Banking,General"
Q08852,Data Interpretation,Bar Graphs,Hard,"Placements,CAT,General"
Q08853,Verbal Ability,Error Spotting,Medium,"Placements,General,CAT"
Q08854,Logical Reasoning,Statement & Assumption,Hard,Banking
Q08855,Logical Reasoning,Syllogisms,Medium,TCS NQT
Q08856,Quantitative Aptitude,Partnership,Medium,"TCS NQT,Banking"
Q08857,Logical Reasoning,Input-Output,Medium,TCS NQT
Q08858,Verbal Ability,Verbal Analogies,Medium,"Placements,TCS NQT,Banking"
Q08859,Logical Reasoning,Analogy,Medium,TCS NQT
Q08860,Verbal Ability,Odd One Out,Easy,General
Q08861,Verbal Ability,Para Jumbles,Medium,"Placements,SSC"
Q08862,Logical Reasoning,Data Sufficiency,Easy,"Placements,TCS NQT"
Q08863,Quantitative Aptitude,Simple Interest,Easy,"General,TCS NQT"
Q08864,Logical Reasoning,Ranking & Order,Medium,"SSC,CAT"
Q08865,Logical Reasoning,Input-Output,Easy,Placements
Q08866,Logical Reasoning,Series Completion,Medium,TCS NQT
Q08867,Logical Reasoning,Blood Relations,Easy,"CAT,General"
Q08868,Quantitative Aptitude,Algebra,Easy,General
Q08869,Verbal Ability,Reading Comprehension,Medium,TCS NQT
Q08870,Quantitative Aptitude,Trigonometry,Medium,"SSC,CAT"
Q08871,Verbal Ability,Synonyms & Antonyms,Hard,Placements
Q08872,Quantitative Aptitude,Surds & Indices,Medium,General
Q08873,Verbal Ability,Error Spotting,Hard,"CAT,General,Banking"
Q08874,Verbal Ability,Fill in the Blanks,Hard,"SSC,General"
Q08875,Logical Reasoning,Seating Arrangement,Easy,"SSC,TCS NQT"
Q08876,Data Interpretation,Radar/Spider Charts,Medium,"Placements,CAT,TCS NQT"
Q08877,Quantitative Aptitude,Averages,Easy,"Banking,Placements"
Q08878,Quantitative Aptitude,Mensuration,Easy,"General,CAT"
Q08879,Verbal Ability,Para Jumbles,Medium,"Placements,Banking"
Q08880,Quantitative Aptitude,Surds & Indices,Hard,"TCS NQT,Banking,SSC"
Q08881,Quantitative Aptitude,Averages,Easy,CAT
Q08882,Logical Reasoning,Statement & Assumption,Medium,"Banking,CAT,General"
Q08883,Logical Reasoning,Venn Diagrams,Medium,"General,TCS NQT"
Q08884,Data Interpretation,Tables,Hard,CAT
Q08885,Quantitative Aptitude,Progressions (AP/GP),Medium,"TCS NQT,Banking"
Q08886,Logical Reasoning,Direction Sense,Medium,General
Q08887,Quantitative Aptitude,Probability,Easy,Banking
Q08888,Quantitative Aptitude,Probability,Medium,"General,CAT,Banking"
Q08889,Verbal Ability,Reading Comprehension,Easy,SSC
Q08890,Quantitative Aptitude,Algebra,Medium,"TCS NQT,Placements"
Q08891,Verbal Ability,Sentence Correction,Easy,Banking
Q08892,Logical Reasoning,Analogy,Medium,SSC
Q08893,Logical Reasoning,Venn Diagrams,Easy,"General,CAT,Banking"
Q08894,Verbal Ability,Reading Comprehension,Medium,SSC
Q08895,Logical Reasoning,Syllogisms,Hard,"CAT,TCS NQT,Banking"
Q08896,Quantitative Aptitude,Trigonometry,Easy,"Banking,Placements,CAT"
Q08897,Verbal Ability,Verbal Analogies,Easy,SSC
Q08898,Verbal Ability,Para Jumbles,Hard,"Placements,CAT,TCS NQT"
Q08899,Verbal Ability,Idioms & Phrases,Easy,TCS NQT
Q08900,Quantitative Aptitude,Pipes & Cisterns,Hard,"SSC,Placements,TCS NQT"
Q08901,Logical Reasoning,Statement & Assumption,Easy,"Placements,TCS NQT,Banking"
Q08902,Logical Reasoning,Blood Relations,Medium,"TCS NQT,Placements"
Q08903,Quantitative Aptitude,Trigonometry,Hard,"SSC,TCS NQT,Placements"
Q08904,Verbal Ability,Verbal Analogies,Medium,SSC
Q08905,Logical Reasoning,Data Sufficiency,Easy,"CAT,General"
Q08906,Quantitative Aptitude,Geometry,Medium,TCS NQT
Q08907,Verbal Ability,Cloze Test,Hard,"CAT,SSC"
Q08908,Data Interpretation,Line Graphs,Easy,Banking
Q08909,Quantitative Aptitude,Algebra,Easy,"SSC,CAT"
Q08910,Verbal Ability,Critical Reasoning,Hard,SSC
Q08911,Logical Reasoning,Cubes & Dice,Hard,TCS NQT
Q08912,Data Interpretation,Data Sufficiency (DI),Medium,Banking
Q08913,Quantitative Aptitude,Compound Interest,Medium,"TCS NQT,CAT"
Q08914,Data Interpretation,Venn-based DI,Medium,"Placements,CAT,General"
Q08915,Data Interpretation,Caselets,Medium,"TCS NQT,Banking,General"
Q08916,Logical Reasoning,Statement & Assumption,Easy,"Banking,General,TCS NQT"
Q08917,Logical Reasoning,Coding-Decoding,Medium,"SSC,Placements"
Q08918,Quantitative Aptitude,Set Theory,Easy,"Placements,SSC"
Q08919,Verbal Ability,Critical Reasoning,Easy,"Banking,TCS NQT,General"
Q08920,Verbal Ability,Synonyms & Antonyms,Easy,"Banking,SSC,General"
Q08921,Quantitative Aptitude,Simple Interest,Hard,"Banking,SSC"
Q08922,Quantitative Aptitude,Ratio & Proportion,Easy,"General,CAT,Placements"
Q08923,Quantitative Aptitude,Logarithms,Easy,"CAT,Placements,SSC"
Q08924,Verbal Ability,Idioms & Phrases,Easy,"CAT,SSC,Placements"
Q08925,Logical Reasoning,Clocks & Calendars,Medium,"TCS NQT,Banking"
Q08926,Verbal Ability,Reading Comprehension,Medium,"CAT,General,SSC"
Q08927,Verbal Ability,Reading Comprehension,Hard,"CAT,Banking,SSC"
Q08928,Data Interpretation,Radar/Spider Charts,Medium,Banking
Q08929,Logical Reasoning,Input-Output,Medium,SSC
Q08930,Quantitative Aptitude,Time & Work,Hard,"Banking,Placements"
Q08931,Quantitative Aptitude,Compound Interest,Medium,"SSC,TCS NQT"
Q08932,Quantitative Aptitude,Compound Interest,Medium,Placements
Q08933,Quantitative Aptitude,Geometry,Medium,"Placements,CAT,TCS NQT"
Q08934,Logical Reasoning,Statement & Conclusion,Medium,"CAT,General,SSC"
Q08935,Logical Reasoning,Direction Sense,Hard,"Placements,CAT"
Q08936,Quantitative Aptitude,Partnership,Easy,Banking
Q08937,Verbal Ability,Synonyms & Antonyms,Easy,Banking
Q08938,Quantitative Aptitude,Mixtures & Alligations,Easy,SSC
Q08939,Logical Reasoning,Analogy,Medium,"Banking,TCS NQT"
Q08940,Verbal Ability,Reading Comprehension,Medium,General
Q08941,Logical Reasoning,Seating Arrangement,Hard,"SSC,Placements,TCS NQT"
Q08942,Data Interpretation,Tables,Easy,"TCS NQT,General"
Q08943,Quantitative Aptitude,Pipes & Cisterns,Medium,"Banking,SSC"
Q08944,Quantitative Aptitude,Time & Work,Medium,TCS NQT
Q08945,Quantitative Aptitude,Probability,Medium,"Placements,SSC,Banking"
Q08946,Quantitative Aptitude,Surds & Indices,Easy,"General,Banking"
Q08947,Logical Reasoning,Analogy,Hard,SSC
Q08948,Quantitative Aptitude,Ratio & Proportion,Medium,"CAT,Placements,TCS NQT"
Q08949,Quantitative Aptitude,Geometry,Easy,General
Q08950,Quantitative Aptitude,Mixtures & Alligations,Easy,"General,Placements"
Q08951,Logical Reasoning,Ranking & Order,Medium,"CAT,General"
Q08952,Quantitative Aptitude,Pipes & Cisterns,Medium,Placements
Q08953,Quantitative Aptitude,Logarithms,Medium,"CAT,TCS NQT,General"
Q08954,Logical Reasoning,Syllogisms,Easy,"SSC,Banking"
Q08955,Logical Reasoning,Input-Output,Medium,General
Q08956,Logical Reasoning,Clocks & Calendars,Easy,"Placements,Banking"
Q08957,Verbal Ability,Idioms & Phrases,Medium,"Placements,SSC"
Q08958,Quantitative Aptitude,Algebra,Medium,"General,CAT"
Q08959,Logical Reasoning,Clocks & Calendars,Hard,General
Q08960,Data Interpretation,Tables,Easy,Banking
Q08961,Quantitative Aptitude,Logarithms,Easy,"TCS NQT,Placements"
Q08962,Logical Reasoning,Syllogisms,Medium,"Banking,General,SSC"
Q08963,Logical Reasoning,Statement & Conclusion,Medium,"Placements,TCS NQT,General"
Q08964,Quantitative Aptitude,Mixtures & Alligations,Medium,General
Q08965,Quantitative Aptitude,Progressions (AP/GP),Medium,"TCS NQT,CAT"
Q08966,Quantitative Aptitude,Averages,Easy,"Placements,TCS NQT"
Q08967,Data Interpretation,Line Graphs,Easy,"SSC,Placements,Banking"
Q08968,Verbal Ability,Idioms & Phrases,Medium,"Placements,SSC,Banking"
Q08969,Verbal Ability,Sentence Correction,Medium,TCS NQT
Q08970,Verbal Ability,Para Jumbles,Hard,Placements
Q08971,Quantitative Aptitude,Number System,Medium,"Placements,SSC"
Q08972,Verbal Ability,Fill in the Blanks,Easy,General
Q08973,Logical Reasoning,Series Completion,Easy,Placements
Q08974,Logical Reasoning,Statement & Assumption,Medium,"SSC,CAT"
Q08975,Quantitative Aptitude,Time & Work,Medium,SSC
Q08976,Logical Reasoning,Analogy,Medium,"CAT,TCS NQT"
Q08977,Logical Reasoning,Data Sufficiency,Medium,General
Q08978,Logical Reasoning,Cubes & Dice,Medium,CAT
Q08979,Quantitative Aptitude,Ratio & Proportion,Medium,SSC
Q08980,Quantitative Aptitude,Percentages,Hard,"CAT,Banking"
Q08981,Verbal Ability,Reading Comprehension,Medium,Placements
Q08982,Data Interpretation,Line Graphs,Medium,"CAT,General"
Q08983,Verbal Ability,Odd One Out,Medium,"CAT,SSC,TCS NQT"
Q08984,Verbal Ability,Fill in the Blanks,Medium,"Banking,CAT,SSC"
Q08985,Quantitative Aptitude,Set Theory,Medium,"CAT,SSC,Placements"
Q08986,Quantitative Aptitude,Compound Interest,Hard,"General,SSC,TCS NQT"
Q08987,Quantitative Aptitude,Quadratic Equations,Easy,"CAT,General"
Q08988,Verbal Ability,Verbal Analogies,Medium,"Placements,SSC,TCS NQT"
Q08989,Verbal Ability,Para Jumbles,Medium,SSC
Q08990,Logical Reasoning,Statement & Assumption,Hard,"CAT,Banking,General"
Q08991,Quantitative Aptitude,Progressions (AP/GP),Easy,Placements
Q08992,Quantitative Aptitude,Pipes & Cisterns,Medium,"CAT,SSC"
Q08993,Quantitative Aptitude,Partnership,Hard,"Placements,SSC,TCS NQT"
Q08994,Quantitative Aptitude,Profit & Loss,Medium,"General,Banking,CAT"
Q08995,Data Interpretation,Mixed DI Sets,Easy,"Banking,SSC,TCS NQT"
Q08996,Logical Reasoning,Analogy,Easy,Banking
Q08997,Quantitative Aptitude,Geometry,Medium,Placements
Q08998,Data Interpretation,Venn-based DI,Hard,"General,Placements,SSC"
Q08999,Logical Reasoning,Input-Output,Medium,CAT
Q09000,Logical Reasoning,Input-Output,Hard,General
Q09001,Quantitative Aptitude,Geometry,Easy,CAT
Q09002,Quantitative Aptitude,Surds & Indices,Medium,"TCS NQT,SSC,Banking"
Q09003,Logical Reasoning,Statement & Assumption,Easy,"Placements,CAT"
Q09004,Quantitative Aptitude,Number System,Medium,"Banking,CAT"
Q09005,Data Interpretation,Mixed DI Sets,Hard,SSC
Q09006,Quantitative Aptitude,Compound Interest,Hard,SSC
Q09007,Quantitative Aptitude,Logarithms,Medium,"General,Banking,SSC"
Q09008,Logical Reasoning,Input-Output,Medium,"Banking,General,CAT"
Q09009,Quantitative Aptitude,Mixtures & Alligations,Hard,General
Q09010,Quantitative Aptitude,"Time, Speed & Distance",Medium,"Banking,CAT,TCS NQT"
Q09011,Logical Reasoning,Syllogisms,Hard,CAT
Q09012,Quantitative Aptitude,Profit & Loss,Easy,"Banking,CAT"
Q09013,Quantitative Aptitude,Percentages,Hard,"Placements,TCS NQT,General"
Q09014,Logical Reasoning,Analogy,Easy,"TCS NQT,General,CAT"
Q09015,Logical Reasoning,Series Completion,Medium,SSC
Q09016,Verbal Ability,Para Summary,Easy,"CAT,Banking,Placements"
Q09017,Data Interpretation,Venn-based DI,Hard,"CAT,Banking,TCS NQT"
Q09018,Quantitative Aptitude,Partnership,Easy,"General,SSC,CAT"
Q09019,Verbal Ability,Idioms & Phrases,Medium,"SSC,Banking,CAT"
Q09020,Verbal Ability,Fill in the Blanks,Easy,"CAT,TCS NQT,Banking"
Q09021,Logical Reasoning,Venn Diagrams,Easy,"TCS NQT,General"
Q09022,Quantitative Aptitude,Time & Work,Medium,"Banking,Placements"
Q09023,Verbal Ability,Idioms & Phrases,Easy,CAT
Q09024,Verbal Ability,Odd One Out,Medium,General
Q09025,Quantitative Aptitude,Trigonometry,Medium,CAT
Q09026,Logical Reasoning,Puzzles,Medium,"General,SSC,Banking"
Q09027,Quantitative Aptitude,Compound Interest,Easy,"Placements,Banking,General"
Q09028,Verbal Ability,Fill in the Blanks,Medium,"SSC,CAT"
Q09029,Verbal Ability,Odd One Out,Medium,"Placements,CAT,General"
Q09030,Quantitative Aptitude,Percentages,Medium,"TCS NQT,Banking"
Q09031,Quantitative Aptitude,Permutation & Combination,Easy,"TCS NQT,General,SSC"
Q09032,Verbal Ability,Para Jumbles,Easy,"SSC,General,TCS NQT"
Q09033,Logical Reasoning,Series Completion,Medium,"Banking,CAT"
Q09034,Logical Reasoning,Statement & Conclusion,Hard,"Banking,SSC"
Q09035,Data Interpretation,Bar Graphs,Medium,"Banking,TCS NQT"
Q09036,Logical Reasoning,Input-Output,Easy,"SSC,CAT"
Q09037,Data Interpretation,Venn-based DI,Medium,"Banking,CAT"
Q09038,Data Interpretation,Pie Charts,Medium,"SSC,General"
Q09039,Quantitative Aptitude,Geometry,Medium,SSC
Q09040,Data Interpretation,Mixed DI Sets,Hard,"Placements,SSC"
Q09041,Verbal Ability,Sentence Correction,Easy,TCS NQT
Q09042,Logical Reasoning,Syllogisms,Medium,"General,Banking,Placements"
Q09043,Verbal Ability,Verbal Analogies,Easy,CAT
Q09044,Quantitative Aptitude,Pipes & Cisterns,Medium,Placements
Q09045,Data Interpretation,Mixed DI Sets,Medium,"SSC,Banking,General"
Q09046,Quantitative Aptitude,"Time, Speed & Distance",Medium,Banking
Q09047,Quantitative Aptitude,Partnership,Hard,"Banking,Placements"
Q09048,Quantitative Aptitude,Number System,Hard,"Placements,CAT,Banking"
Q09049,Logical Reasoning,Analogy,Hard,"TCS NQT,Banking,CAT"
Q09050,Verbal Ability,Verbal Analogies,Easy,Banking
Q09051,Verbal Ability,Para Jumbles,Easy,"SSC,TCS NQT"
Q09052,Quantitative Aptitude,Trigonometry,Easy,"Placements,CAT,TCS NQT"
Q09053,Logical Reasoning,Direction Sense,Hard,"General,CAT"
Q09054,Logical Reasoning,Direction Sense,Medium,"SSC,General"
Q09055,Data Interpretation,Mixed DI Sets,Medium,General
Q09056,Data Interpretation,Bar Graphs,Medium,"SSC,TCS NQT"
Q09057,Logical Reasoning,Syllogisms,Easy,"General,CAT,Placements"
Q09058,Logical Reasoning,Analogy,Hard,"General,Banking"
Q09059,Quantitative Aptitude,Ratio & Proportion,Hard,"TCS NQT,Banking,Placements"
Q09060,Data Interpretation,Caselets,Easy,"CAT,Banking"
Q09061,Quantitative Aptitude,"Time, Speed & Distance",Easy,Placements
Q09062,Quantitative Aptitude,Mixtures & Alligations,Easy,TCS NQT
Q09063,Logical Reasoning,Statement & Assumption,Easy,"CAT,General,TCS NQT"
Q09064,Verbal Ability,Verbal Analogies,Medium,SSC
Q09065,Logical Reasoning,Statement & Assumption,Medium,"Placements,TCS NQT"
Q09066,Quantitative Aptitude,Mixtures & Alligations,Easy,"Placements,CAT,Banking"
Q09067,Quantitative Aptitude,Partnership,Medium,"SSC,CAT,Banking"
Q09068,Logical Reasoning,Input-Output,Hard,"SSC,Banking"
Q09069,Quantitative Aptitude,Quadratic Equations,Medium,TCS NQT
Q09070,Logical Reasoning,Analogy,Hard,"Placements,SSC,CAT"
Q09071,Quantitative Aptitude,Permutation & Combination,Hard,"Banking,Placements,TCS NQT"
Q09072,Verbal Ability,Fill in the Blanks,Medium,Banking
Q09073,Logical Reasoning,Venn Diagrams,Hard,"Banking,CAT,TCS NQT"
Q09074,Quantitative Aptitude,Time & Work,Medium,Placements
Q09075,Quantitative Aptitude,Percentages,Hard,Placements
Q09076,Quantitative Aptitude,Mixtures & Alligations,Easy,SSC
Q09077,Quantitative Aptitude,Quadratic Equations,Easy,"Banking,General,CAT"
Q09078,Logical Reasoning,Coding-Decoding,Medium,"CAT,SSC"
Q09079,Logical Reasoning,Syllogisms,Easy,"CAT,TCS NQT"
Q09080,Data Interpretation,Line Graphs,Medium,"CAT,SSC,General"
Q09081,Logical Reasoning,Input-Output,Medium,"Banking,CAT"
Q09082,Verbal Ability,Error Spotting,Hard,"CAT,Placements,TCS NQT"
Q09083,Quantitative Aptitude,Progressions (AP/GP),Easy,Banking
Q09084,Data Interpretation,Venn-based DI,Medium,"SSC,General,Banking"
Q09085,Verbal Ability,Cloze Test,Hard,"CAT,TCS NQT,Banking"
Q09086,Quantitative Aptitude,"Time, Speed & Distance",Easy,"CAT,SSC"
Q09087,Quantitative Aptitude,Compound Interest,Medium,"Banking,TCS NQT"
Q09088,Quantitative Aptitude,Algebra,Easy,"SSC,General,TCS NQT"
Q09089,Logical Reasoning,Direction Sense,Medium,Placements
Q09090,Verbal Ability,Synonyms & Antonyms,Hard,"General,TCS NQT"
Q09091,Logical Reasoning,Direction Sense,Medium,"TCS NQT,General"
Q09092,Verbal Ability,Para Summary,Medium,General
Q09093,Quantitative Aptitude,Profit & Loss,Medium,Banking
Q09094,Data Interpretation,Tables,Medium,"CAT,SSC"
Q09095,Logical Reasoning,Data Sufficiency,Medium,Placements
Q09096,Logical Reasoning,Seating Arrangement,Hard,TCS NQT
Q09097,Logical Reasoning,Syllogisms,Medium,"Placements,Banking,TCS NQT"
Q09098,Verbal Ability,Cloze Test,Medium,"CAT,SSC,General"
Q09099,Data Interpretation,Tables,Hard,"TCS NQT,Banking,CAT"
Q09100,Quantitative Aptitude,Quadratic Equations,Easy,CAT
Q09101,Logical Reasoning,Statement & Conclusion,Easy,"CAT,TCS NQT"
Q09102,Verbal Ability,Verbal Analogies,Easy,"CAT,General,Placements"
Q09103,Quantitative Aptitude,Pipes & Cisterns,Medium,"Banking,TCS NQT"
Q09104,Verbal Ability,Synonyms & Antonyms,Medium,"General,Banking"
Q09105,Quantitative Aptitude,Geometry,Medium,"TCS NQT,Placements,SSC"
Q09106,Verbal Ability,Para Jumbles,Hard,Placements
Q09107,Verbal Ability,Critical Reasoning,Medium,SSC
Q09108,Verbal Ability,Para Jumbles,Easy,CAT
Q09109,Data Interpretation,Venn-based DI,Easy,CAT
Q09110,Verbal Ability,Idioms & Phrases,Medium,"CAT,SSC,General"
Q09111,Data Interpretation,Mixed DI Sets,Easy,General
Q09112,Verbal Ability,Error Spotting,Medium,Placements
Q09113,Data Interpretation,Mixed DI Sets,Medium,"CAT,Banking,General"
Q09114,Verbal Ability,Critical Reasoning,Easy,"Banking,CAT"
Q09115,Quantitative Aptitude,Permutation & Combination,Easy,"Banking,CAT"
Q09116,Verbal Ability,Verbal Analogies,Hard,"SSC,CAT,Banking"
Q09117,Quantitative Aptitude,Mensuration,Medium,SSC
Q09118,Verbal Ability,Cloze Test,Hard,"Banking,TCS NQT,Placements"
Q09119,Quantitative Aptitude,Profit & Loss,Medium,Placements
Q09120,Verbal Ability,Para Jumbles,Hard,"SSC,Banking"
Q09121,Verbal Ability,Critical Reasoning,Medium,"Banking,Placements"
Q09122,Verbal Ability,Synonyms & Antonyms,Medium,"SSC,Banking"
Q09123,Data Interpretation,Caselets,Medium,Banking
Q09124,Verbal Ability,Error Spotting,Medium,"CAT,Placements"
Q09125,Verbal Ability,Sentence Correction,Medium,"SSC,General"
Q09126,Verbal Ability,Verbal Analogies,Easy,"TCS NQT,General,Banking"
Q09127,Data Interpretation,Bar Graphs,Easy,"Placements,General,CAT"
Q09128,Data Interpretation,Tables,Medium,"General,TCS NQT"
Q09129,Logical Reasoning,Clocks & Calendars,Medium,Placements
Q09130,Logical Reasoning,Ranking & Order,Easy,"CAT,General"
Q09131,Data Interpretation,Data Sufficiency (DI),Medium,Placements
Q09132,Quantitative Aptitude,Time & Work,Easy,"Banking,SSC"
Q09133,Logical Reasoning,Statement & Assumption,Easy,General
Q09134,Quantitative Aptitude,Set Theory,Hard,"CAT,SSC,Banking"
Q09135,Quantitative Aptitude,Quadratic Equations,Medium,CAT
Q09136,Quantitative Aptitude,Surds & Indices,Easy,CAT
Q09137,Data Interpretation,Bar Graphs,Medium,"TCS NQT,Banking,SSC"
Q09138,Logical Reasoning,Clocks & Calendars,Easy,"CAT,Placements"
Q09139,Quantitative Aptitude,Algebra,Easy,Banking
Q09140,Quantitative Aptitude,Percentages,Easy,"SSC,CAT"
Q09141,Logical Reasoning,Syllogisms,Medium,"Banking,SSC"
Q09142,Quantitative Aptitude,Permutation & Combination,Easy,"Banking,TCS NQT"
Q09143,Quantitative Aptitude,Mixtures & Alligations,Easy,"Banking,TCS NQT,SSC"
Q09144,Quantitative Aptitude,Permutation & Combination,Easy,"TCS NQT,CAT"
Q09145,Quantitative Aptitude,Mensuration,Easy,General
Q09146,Quantitative Aptitude,Ratio & Proportion,Easy,"CAT,General"
Q09147,Verbal Ability,Reading Comprehension,Easy,"Banking,CAT"
Q09148,Logical Reasoning,Seating Arrangement,Hard,"Banking,Placements"
Q09149,Verbal Ability,Cloze Test,Medium,"SSC,TCS NQT"
Q09150,Quantitative Aptitude,Mixtures & Alligations,Easy,"Placements,General,CAT"
Q09151,Quantitative Aptitude,Mensuration,Medium,"CAT,General,TCS NQT"
Q09152,Data Interpretation,Radar/Spider Charts,Medium,TCS NQT
Q09153,Logical Reasoning,Input-Output,Medium,CAT
Q09154,Quantitative Aptitude,Averages,Easy,"CAT,Placements,General"
Q09155,Logical Reasoning,Statement & Conclusion,Hard,"SSC,CAT"
Q09156,Verbal Ability,Fill in the Blanks,Easy,"TCS NQT,Banking"
Q09157,Verbal Ability,Odd One Out,Medium,"Placements,General"
Q09158,Quantitative Aptitude,Ratio & Proportion,Easy,"General,TCS NQT,SSC"
Q09159,Quantitative Aptitude,Surds & Indices,Easy,"General,Banking,SSC"
Q09160,Verbal Ability,Fill in the Blanks,Easy,Placements
Q09161,Verbal Ability,Verbal Analogies,Easy,Banking
Q09162,Logical Reasoning,Blood Relations,Easy,General
Q09163,Verbal Ability,Sentence Correction,Hard,"Placements,CAT"
Q09164,Quantitative Aptitude,Percentages,Hard,"TCS NQT,General"
Q09165,Logical Reasoning,Coding-Decoding,Hard,"General,Banking"
Q09166,Data Interpretation,Mixed DI Sets,Medium,General
Q09167,Quantitative Aptitude,Quadratic Equations,Medium,"CAT,TCS NQT,Banking"
Q09168,Verbal Ability,Cloze Test,Medium,"Placements,CAT"
Q09169,Verbal Ability,Odd One Out,Hard,TCS NQT
Q09170,Quantitative Aptitude,Mixtures & Alligations,Easy,"General,Placements"
Q09171,Logical Reasoning,Statement & Conclusion,Hard,"Banking,Placements,TCS NQT"
Q09172,Quantitative Aptitude,Pipes & Cisterns,Hard,"SSC,TCS NQT,Banking"
Q09173,Quantitative Aptitude,Algebra,Medium,"Placements,TCS NQT,General"
Q09174,Verbal Ability,Odd One Out,Easy,"Banking,TCS NQT,General"
Q09175,Quantitative Aptitude,Surds & Indices,Hard,SSC
Q09176,Logical Reasoning,Seating Arrangement,Hard,SSC
Q09177,Quantitative Aptitude,Progressions (AP/GP),Hard,CAT
Q09178,Quantitative Aptitude,Trigonometry,Medium,"Banking,General,CAT"
Q09179,Quantitative Aptitude,Geometry,Medium,SSC
Q09180,Data Interpretation,Mixed DI Sets,Medium,"General,CAT,Banking"
Q09181,Quantitative Aptitude,Ratio & Proportion,Medium,"Banking,TCS NQT"
Q09182,Logical Reasoning,Direction Sense,Easy,General
Q09183,Logical Reasoning,Puzzles,Medium,"Placements,SSC"
Q09184,Verbal Ability,Reading Comprehension,Medium,"General,TCS NQT"
Q09185,Data Interpretation,Venn-based DI,Easy,"Placements,SSC,TCS NQT"
Q09186,Verbal Ability,Para Summary,Medium,"Banking,Placements"
Q09187,Verbal Ability,Verbal Analogies,Easy,"General,TCS NQT,Banking"
Q09188,Data Interpretation,Bar Graphs,Medium,SSC
Q09189,Logical Reasoning,Venn Diagrams,Hard,"Banking,CAT"
Q09190,Data Interpretation,Tables,Medium,"General,Placements,SSC"
Q09191,Logical Reasoning,Direction Sense,Medium,"General,CAT"
Q09192,Quantitative Aptitude,Pipes & Cisterns,Medium,"Banking,General,Placements"
Q09193,Quantitative Aptitude,Linear Equations,Easy,"Placements,TCS NQT"
Q09194,Data Interpretation,Bar Graphs,Medium,"CAT,TCS NQT"
Q09195,Data Interpretation,Line Graphs,Easy,"CAT,General"
Q09196,Logical Reasoning,Syllogisms,Easy,"CAT,General,TCS NQT"
Q09197,Quantitative Aptitude,Profit & Loss,Medium,"Banking,CAT"
Q09198,Logical Reasoning,Input-Output,Hard,TCS NQT
Q09199,Logical Reasoning,Cubes & Dice,Hard,TCS NQT
Q09200,Quantitative Aptitude,Averages,Medium,"General,TCS NQT"
Q09201,Verbal Ability,Cloze Test,Easy,"CAT,Placements,General"
Q09202,Logical Reasoning,Statement & Assumption,Easy,CAT
Q09203,Verbal Ability,Cloze Test,Easy,"TCS NQT,General,Placements"
Q09204,Verbal Ability,Cloze Test,Hard,TCS NQT
Q09205,Quantitative Aptitude,Mixtures & Alligations,Easy,"Banking,TCS NQT,CAT"
Q09206,Logical Reasoning,Ranking & Order,Easy,"Placements,General"
Q09207,Logical Reasoning,Series Completion,Easy,CAT
Q09208,Verbal Ability,Critical Reasoning,Hard,"SSC,TCS NQT,CAT"
Q09209,Verbal Ability,Odd One Out,Medium,"Banking,Placements,General"
Q09210,Verbal Ability,Fill in the Blanks,Medium,"General,Banking"
Q09211,Data Interpretation,Pie Charts,Easy,"Placements,General,CAT"
Q09212,Quantitative Aptitude,Permutation & Combination,Medium,"Placements,General,CAT"
Q09213,Data Interpretation,Data Sufficiency (DI),Hard,CAT
Q09214,Quantitative Aptitude,Permutation & Combination,Easy,"Banking,SSC,CAT"
Q09215,Quantitative Aptitude,Trigonometry,Easy,"CAT,Placements"
Q09216,Quantitative Aptitude,Number System,Medium,Placements
Q09217,Logical Reasoning,Input-Output,Easy,"CAT,Banking"
Q09218,Logical Reasoning,Statement & Assumption,Easy,"TCS NQT,Placements"
Q09219,Quantitative Aptitude,Algebra,Medium,"TCS NQT,General,CAT"
Q09220,Verbal Ability,Para Summary,Easy,"Banking,SSC"
Q09221,Data Interpretation,Bar Graphs,Hard,Placements
Q09222,Verbal Ability,Sentence Correction,Easy,"General,CAT,Placements"
Q09223,Quantitative Aptitude,Surds & Indices,Easy,SSC
Q09224,Data Interpretation,Line Graphs,Easy,"Placements,Banking,TCS NQT"
Q09225,Data Interpretation,Pie Charts,Hard,Banking
Q09226,Data Interpretation,Tables,Hard,"TCS NQT,SSC"
Q09227,Quantitative Aptitude,Logarithms,Medium,"TCS NQT,SSC,Placements"
Q09228,Verbal Ability,Synonyms & Antonyms,Easy,"Placements,TCS NQT"
Q09229,Logical Reasoning,Input-Output,Easy,"SSC,General"
Q09230,Verbal Ability,Cloze Test,Easy,"SSC,Placements,Banking"
Q09231,Verbal Ability,Error Spotting,Medium,"TCS NQT,Banking,CAT"
Q09232,Quantitative Aptitude,Simple Interest,Medium,SSC
Q09233,Quantitative Aptitude,Ratio & Proportion,Medium,CAT
Q09234,Data Interpretation,Data Sufficiency (DI),Hard,"CAT,TCS NQT"
Q09235,Verbal Ability,Error Spotting,Easy,"CAT,SSC,Banking"
Q09236,Logical Reasoning,Analogy,Easy,SSC
Q09237,Quantitative Aptitude,Algebra,Medium,"SSC,TCS NQT,CAT"
Q09238,Quantitative Aptitude,Set Theory,Medium,"General,Placements"
Q09239,Quantitative Aptitude,Trigonometry,Easy,"Banking,TCS NQT,CAT"
Q09240,Quantitative Aptitude,Time & Work,Medium,"TCS NQT,CAT"
Q09241,Verbal Ability,Error Spotting,Medium,CAT
Q09242,Verbal Ability,Error Spotting,Hard,"SSC,Banking,Placements"
Q09243,Verbal Ability,Odd One Out,Hard,CAT
Q09244,Data Interpretation,Data Sufficiency (DI),Medium,General
Q09245,Data Interpretation,Data Sufficiency (DI),Medium,"General,CAT"
Q09246,Data Interpretation,Tables,Easy,Placements
Q09247,Verbal Ability,Fill in the Blanks,Hard,"SSC,CAT,TCS NQT"
Q09248,Verbal Ability,Synonyms & Antonyms,Easy,"SSC,General,Banking"
Q09249,Logical Reasoning,Cubes & Dice,Medium,General
Q09250,Quantitative Aptitude,Mensuration,Easy,"Placements,TCS NQT,SSC"
Q09251,Quantitative Aptitude,Trigonometry,Easy,"SSC,General,CAT"
Q09252,Verbal Ability,Verbal Analogies,Easy,"Placements,SSC,Banking"
Q09253,Logical Reasoning,Statement & Conclusion,Easy,"CAT,General,TCS NQT"
Q09254,Data Interpretation,Radar/Spider Charts,Easy,"Placements,Banking,TCS NQT"
Q09255,Verbal Ability,Reading Comprehension,Medium,General
Q09256,Logical Reasoning,Input-Output,Easy,SSC
Q09257,Verbal Ability,Para Summary,Easy,"Banking,General,CAT"
Q09258,Data Interpretation,Pie Charts,Hard,SSC
Q09259,Data Interpretation,Venn-based DI,Hard,"General,Placements"
Q09260,Quantitative Aptitude,"Time, Speed & Distance",Medium,CAT
Q09261,Logical Reasoning,Blood Relations,Easy,"CAT,SSC,Banking"
Q09262,Data Interpretation,Tables,Medium,General
Q09263,Logical Reasoning,Direction Sense,Medium,"Placements,SSC,General"
Q09264,Quantitative Aptitude,Permutation & Combination,Medium,"Placements,General"
Q09265,Verbal Ability,Para Jumbles,Medium,Banking
Q09266,Quantitative Aptitude,Surds & Indices,Easy,"TCS NQT,General,Placements"
Q09267,Data Interpretation,Pie Charts,Medium,General
Q09268,Quantitative Aptitude,Mensuration,Hard,General
Q09269,Logical Reasoning,Input-Output,Hard,"SSC,TCS NQT"
Q09270,Quantitative Aptitude,Linear Equations,Easy,Placements
Q09271,Quantitative Aptitude,Number System,Medium,"Placements,CAT"
Q09272,Verbal Ability,Para Jumbles,Easy,"Banking,CAT,SSC"
Q09273,Quantitative Aptitude,Compound Interest,Hard,"Banking,SSC,CAT"
Q09274,Logical Reasoning,Input-Output,Medium,"General,Placements,Banking"
Q09275,Quantitative Aptitude,Logarithms,Hard,"Banking,Placements,General"
Q09276,Logical Reasoning,Venn Diagrams,Medium,Placements
Q09277,Verbal Ability,Verbal Analogies,Easy,"General,SSC,TCS NQT"
Q09278,Verbal Ability,Fill in the Blanks,Medium,General
Q09279,Logical Reasoning,Blood Relations,Hard,SSC
Q09280,Verbal Ability,Para Jumbles,Hard,TCS NQT
Q09281,Quantitative Aptitude,Simple Interest,Medium,"SSC,TCS NQT,General"
Q09282,Quantitative Aptitude,Partnership,Easy,Placements
Q09283,Logical Reasoning,Input-Output,Hard,Placements
Q09284,Verbal Ability,Error Spotting,Easy,CAT
Q09285,Quantitative Aptitude,"Time, Speed & Distance",Hard,"CAT,Banking"
Q09286,Logical Reasoning,Direction Sense,Easy,Placements
Q09287,Quantitative Aptitude,Algebra,Medium,Placements
Q09288,Quantitative Aptitude,Pipes & Cisterns,Medium,"TCS NQT,Placements,CAT"
Q09289,Logical Reasoning,Series Completion,Medium,"SSC,Placements,General"
Q09290,Logical Reasoning,Series Completion,Hard,"SSC,Placements"
Q09291,Logical Reasoning,Puzzles,Easy,"TCS NQT,Placements"
Q09292,Logical Reasoning,Blood Relations,Medium,"CAT,Banking,TCS NQT"
Q09293,Quantitative Aptitude,Ratio & Proportion,Medium,Banking
Q09294,Logical Reasoning,Input-Output,Hard,"Banking,TCS NQT,General"
Q09295,Logical Reasoning,Clocks & Calendars,Easy,Placements
Q09296,Verbal Ability,Sentence Correction,Easy,SSC
Q09297,Quantitative Aptitude,Linear Equations,Easy,"SSC,CAT"
Q09298,Quantitative Aptitude,Number System,Medium,"CAT,Banking"
Q09299,Verbal Ability,Para Summary,Hard,"TCS NQT,Banking"
Q09300,Data Interpretation,Bar Graphs,Medium,General
Q09301,Logical Reasoning,Clocks & Calendars,Medium,"General,SSC"
Q09302,Logical Reasoning,Blood Relations,Easy,SSC
Q09303,Quantitative Aptitude,Pipes & Cisterns,Easy,"CAT,Banking,TCS NQT"
Q09304,Quantitative Aptitude,Mixtures & Alligations,Hard,TCS NQT
Q09305,Quantitative Aptitude,Geometry,Hard,"Placements,TCS NQT,CAT"
Q09306,Logical Reasoning,Direction Sense,Medium,"CAT,General"
Q09307,Verbal Ability,Fill in the Blanks,Hard,SSC
Q09308,Verbal Ability,Reading Comprehension,Hard,"TCS NQT,Banking,General"
Q09309,Data Interpretation,Pie Charts,Medium,"General,Placements,CAT"
Q09310,Verbal Ability,Fill in the Blanks,Medium,General
Q09311,Quantitative Aptitude,Algebra,Easy,"Placements,General"
Q09312,Verbal Ability,Error Spotting,Medium,Placements
Q09313,Data Interpretation,Venn-based DI,Easy,SSC
Q09314,Verbal Ability,Idioms & Phrases,Medium,"Placements,Banking,TCS NQT"
Q09315,Data Interpretation,Caselets,Medium,SSC
Q09316,Quantitative Aptitude,Averages,Medium,"CAT,SSC,Banking"
Q09317,Quantitative Aptitude,Quadratic Equations,Easy,SSC
Q09318,Quantitative Aptitude,Pipes & Cisterns,Easy,"Placements,TCS NQT,SSC"
Q09319,Verbal Ability,Reading Comprehension,Medium,CAT
Q09320,Quantitative Aptitude,Simple Interest,Medium,"Placements,SSC"
Q09321,Verbal Ability,Fill in the Blanks,Hard,"General,Banking,Placements"
Q09322,Quantitative Aptitude,Mensuration,Medium,"General,TCS NQT"
Q09323,Data Interpretation,Venn-based DI,Medium,"Placements,Banking,CAT"
Q09324,Quantitative Aptitude,Ratio & Proportion,Medium,Banking
Q09325,Verbal Ability,Critical Reasoning,Medium,"TCS NQT,CAT,Placements"
Q09326,Logical Reasoning,Blood Relations,Hard,"SSC,TCS NQT"
Q09327,Logical Reasoning,Blood Relations,Easy,"TCS NQT,Banking,CAT"
Q09328,Logical Reasoning,Input-Output,Medium,SSC
Q09329,Data Interpretation,Line Graphs,Medium,TCS NQT
Q09330,Verbal Ability,Sentence Correction,Easy,"General,SSC"
Q09331,Data Interpretation,Caselets,Hard,"General,SSC,Placements"
Q09332,Verbal Ability,Reading Comprehension,Medium,"General,SSC"
Q09333,Quantitative Aptitude,Progressions (AP/GP),Easy,"Banking,SSC"
Q09334,Logical Reasoning,Cubes & Dice,Medium,"TCS NQT,General"
Q09335,Verbal Ability,Para Jumbles,Easy,General
Q09336,Logical Reasoning,Series Completion,Easy,"TCS NQT,General"
Q09337,Data Interpretation,Tables,Medium,General
Q09338,Quantitative Aptitude,Mixtures & Alligations,Easy,"Banking,General"
Q09339,Verbal Ability,Synonyms & Antonyms,Medium,"SSC,General"
Q09340,Quantitative Aptitude,Surds & Indices,Easy,CAT
Q09341,Logical Reasoning,Ranking & Order,Easy,TCS NQT
Q09342,Quantitative Aptitude,Progressions (AP/GP),Easy,"TCS NQT,General"
Q09343,Quantitative Aptitude,Mensuration,Medium,CAT
Q09344,Logical Reasoning,Data Sufficiency,Medium,"Placements,General,CAT"
Q09345,Quantitative Aptitude,"Time, Speed & Distance",Medium,Banking
Q09346,Verbal Ability,Error Spotting,Medium,"TCS NQT,Banking,CAT"
Q09347,Quantitative Aptitude,Number System,Medium,"Placements,SSC,Banking"
Q09348,Verbal Ability,Para Summary,Easy,"General,CAT,Placements"
Q09349,Data Interpretation,Venn-based DI,Medium,"TCS NQT,General,Placements"
Q09350,Verbal Ability,Reading Comprehension,Medium,"Banking,SSC,General"
Q09351,Quantitative Aptitude,Simple Interest,Hard,"CAT,Placements,Banking"
Q09352,Logical Reasoning,Direction Sense,Medium,"CAT,SSC"
Q09353,Quantitative Aptitude,Partnership,Medium,"CAT,Placements"
Q09354,Quantitative Aptitude,"Time, Speed & Distance",Medium,"General,Banking,SSC"
Q09355,Logical Reasoning,Direction Sense,Easy,"SSC,TCS NQT,Banking"
Q09356,Quantitative Aptitude,Permutation & Combination,Medium,"CAT,TCS NQT,SSC"
Q09357,Data Interpretation,Tables,Easy,"Banking,General,Placements"
Q09358,Verbal Ability,Reading Comprehension,Medium,"TCS NQT,CAT,General"
Q09359,Verbal Ability,Odd One Out,Easy,Banking
Q09360,Quantitative Aptitude,Progressions (AP/GP),Easy,"TCS NQT,General"
Q09361,Verbal Ability,Verbal Analogies,Medium,"General,SSC,TCS NQT"
Q09362,Verbal Ability,Fill in the Blanks,Hard,"General,SSC"
Q09363,Data Interpretation,Caselets,Medium,"CAT,General"
Q09364,Verbal Ability,Odd One Out,Medium,"TCS NQT,Placements"
Q09365,Quantitative Aptitude,Pipes & Cisterns,Easy,"Placements,Banking"
Q09366,Verbal Ability,Cloze Test,Medium,"SSC,Placements"
Q09367,Logical Reasoning,Clocks & Calendars,Hard,"SSC,TCS NQT"
Q09368,Logical Reasoning,Puzzles,Hard,"Banking,CAT,SSC"
Q09369,Verbal Ability,Sentence Correction,Medium,"TCS NQT,General"
Q09370,Verbal Ability,Sentence Correction,Medium,"TCS NQT,SSC,CAT"
Q09371,Logical Reasoning,Cubes & Dice,Easy,"General,TCS NQT,Banking"
Q09372,Quantitative Aptitude,Linear Equations,Hard,"SSC,Banking,Placements"
Q09373,Data Interpretation,Radar/Spider Charts,Medium,"Banking,TCS NQT"
Q09374,Quantitative Aptitude,Profit & Loss,Easy,"Banking,TCS NQT"
Q09375,Logical Reasoning,Clocks & Calendars,Easy,SSC
Q09376,Logical Reasoning,Syllogisms,Medium,"General,Placements"
Q09377,Verbal Ability,Reading Comprehension,Easy,"General,CAT"
Q09378,Verbal Ability,Cloze Test,Medium,"Banking,General"
Q09379,Quantitative Aptitude,Simple Interest,Medium,"General,Placements,SSC"
Q09380,Data Interpretation,Bar Graphs,Easy,"General,CAT,Banking"
Q09381,Quantitative Aptitude,Permutation & Combination,Easy,"Placements,Banking,General"
Q09382,Verbal Ability,Synonyms & Antonyms,Easy,Placements
Q09383,Quantitative Aptitude,Partnership,Medium,"TCS NQT,SSC,General"
Q09384,Logical Reasoning,Blood Relations,Easy,Placements
Q09385,Quantitative Aptitude,Geometry,Easy,"TCS NQT,General,SSC"
Q09386,Verbal Ability,Synonyms & Antonyms,Easy,"SSC,CAT,Placements"
Q09387,Data Interpretation,Tables,Easy,Placements
Q09388,Quantitative Aptitude,Surds & Indices,Easy,"SSC,Placements"
Q09389,Quantitative Aptitude,Time & Work,Easy,"Placements,SSC"
Q09390,Quantitative Aptitude,Partnership,Medium,"General,SSC,CAT"
Q09391,Quantitative Aptitude,Mixtures & Alligations,Medium,"Banking,Placements,SSC"
Q09392,Logical Reasoning,Syllogisms,Medium,Placements
Q09393,Verbal Ability,Synonyms & Antonyms,Easy,SSC
Q09394,Quantitative Aptitude,Trigonometry,Hard,"CAT,SSC"
Q09395,Data Interpretation,Data Sufficiency (DI),Medium,"SSC,CAT,Placements"
Q09396,Quantitative Aptitude,Partnership,Medium,"SSC,General"
Q09397,Verbal Ability,Fill in the Blanks,Easy,"Banking,CAT,Placements"
Q09398,Verbal Ability,Reading Comprehension,Hard,Banking
Q09399,Verbal Ability,Para Jumbles,Easy,"SSC,CAT"
Q09400,Logical Reasoning,Series Completion,Medium,"SSC,General"
Q09401,Data Interpretation,Mixed DI Sets,Easy,"SSC,Banking,TCS NQT"
Q09402,Logical Reasoning,Puzzles,Medium,CAT
Q09403,Quantitative Aptitude,Probability,Medium,"Placements,TCS NQT,CAT"
Q09404,Logical Reasoning,Direction Sense,Medium,"General,CAT"
Q09405,Verbal Ability,Para Summary,Easy,"CAT,Banking"
Q09406,Quantitative Aptitude,Pipes & Cisterns,Medium,"CAT,Placements"
Q09407,Quantitative Aptitude,Time & Work,Easy,TCS NQT
Q09408,Verbal Ability,Cloze Test,Medium,General
Q09409,Verbal Ability,Error Spotting,Easy,"CAT,SSC,Banking"
Q09410,Quantitative Aptitude,Mixtures & Alligations,Hard,"Banking,TCS NQT"
Q09411,Logical Reasoning,Data Sufficiency,Easy,General
Q09412,Quantitative Aptitude,Number System,Easy,"SSC,General"
Q09413,Verbal Ability,Fill in the Blanks,Easy,"TCS NQT,SSC"
Q09414,Logical Reasoning,Syllogisms,Medium,Banking
Q09415,Logical Reasoning,Series Completion,Hard,"SSC,Banking,CAT"
Q09416,Data Interpretation,Radar/Spider Charts,Easy,"Banking,TCS NQT"
Q09417,Verbal Ability,Verbal Analogies,Easy,"SSC,Placements,TCS NQT"
Q09418,Quantitative Aptitude,Set Theory,Medium,Banking
Q09419,Quantitative Aptitude,Geometry,Medium,TCS NQT
Q09420,Logical Reasoning,Syllogisms,Medium,"General,Banking"
Q09421,Quantitative Aptitude,Percentages,Medium,TCS NQT
Q09422,Quantitative Aptitude,Time & Work,Medium,"General,Placements,Banking"
Q09423,Quantitative Aptitude,Progressions (AP/GP),Easy,"General,Placements"
Q09424,Quantitative Aptitude,Geometry,Hard,"CAT,Placements,TCS NQT"
Q09425,Quantitative Aptitude,Compound Interest,Hard,TCS NQT
Q09426,Logical Reasoning,Cubes & Dice,Easy,"SSC,CAT"
Q09427,Verbal Ability,Para Summary,Hard,Banking
Q09428,Logical Reasoning,Syllogisms,Medium,"General,Banking"
Q09429,Verbal Ability,Reading Comprehension,Easy,"CAT,SSC,General"
Q09430,Data Interpretation,Line Graphs,Easy,CAT
Q09431,Verbal Ability,Sentence Correction,Easy,"Placements,SSC,TCS NQT"
Q09432,Verbal Ability,Verbal Analogies,Hard,Banking
Q09433,Quantitative Aptitude,Geometry,Easy,"Banking,Placements,CAT"
Q09434,Verbal Ability,Para Summary,Easy,General
Q09435,Quantitative Aptitude,Profit & Loss,Medium,"General,Placements,TCS NQT"
Q09436,Logical Reasoning,Statement & Assumption,Medium,"General,CAT,Placements"
Q09437,Quantitative Aptitude,Progressions (AP/GP),Hard,"General,TCS NQT"
Q09438,Data Interpretation,Line Graphs,Medium,CAT
Q09439,Data Interpretation,Mixed DI Sets,Easy,CAT
Q09440,Verbal Ability,Odd One Out,Hard,Placements
Q09441,Quantitative Aptitude,Time & Work,Medium,"CAT,General"
Q09442,Verbal Ability,Idioms & Phrases,Easy,Placements
Q09443,Data Interpretation,Venn-based DI,Easy,General
Q09444,Quantitative Aptitude,Mensuration,Medium,"General,SSC"
Q09445,Logical Reasoning,Coding-Decoding,Easy,"CAT,SSC"
Q09446,Logical Reasoning,Clocks & Calendars,Easy,"TCS NQT,SSC,Banking"
Q09447,Verbal Ability,Error Spotting,Medium,"TCS NQT,Banking,Placements"
Q09448,Quantitative Aptitude,Probability,Easy,CAT
Q09449,Quantitative Aptitude,Quadratic Equations,Easy,Placements
Q09450,Quantitative Aptitude,Time & Work,Easy,"General,TCS NQT,CAT"
Q09451,Logical Reasoning,Seating Arrangement,Easy,Banking
Q09452,Logical Reasoning,Syllogisms,Easy,"SSC,Banking"
Q09453,Logical Reasoning,Input-Output,Easy,"TCS NQT,General"
Q09454,Logical Reasoning,Venn Diagrams,Hard,General
Q09455,Logical Reasoning,Statement & Conclusion,Easy,"Banking,CAT"
Q09456,Data Interpretation,Data Sufficiency (DI),Hard,"CAT,Banking,SSC"
Q09457,Verbal Ability,Odd One Out,Medium,General
Q09458,Logical Reasoning,Statement & Conclusion,Medium,"Placements,SSC"
Q09459,Verbal Ability,Odd One Out,Hard,Banking
Q09460,Logical Reasoning,Cubes & Dice,Hard,"SSC,Banking,TCS NQT"
Q09461,Data Interpretation,Venn-based DI,Medium,"SSC,CAT,Banking"
Q09462,Quantitative Aptitude,Number System,Hard,"General,TCS NQT,SSC"
Q09463,Quantitative Aptitude,Geometry,Medium,"Banking,General"
Q09464,Logical Reasoning,Cubes & Dice,Easy,Banking
Q09465,Verbal Ability,Para Jumbles,Medium,TCS NQT
Q09466,Logical Reasoning,Cubes & Dice,Medium,TCS NQT
Q09467,Verbal Ability,Critical Reasoning,Medium,Banking
Q09468,Verbal Ability,Idioms & Phrases,Medium,TCS NQT
Q09469,Logical Reasoning,Direction Sense,Medium,"Placements,Banking,CAT"
Q09470,Quantitative Aptitude,Partnership,Hard,"Banking,SSC,CAT"
Q09471,Quantitative Aptitude,Mensuration,Easy,CAT
Q09472,Verbal Ability,Fill in the Blanks,Hard,Banking
Q09473,Verbal Ability,Para Jumbles,Medium,"TCS NQT,Banking,CAT"
Q09474,Logical Reasoning,Venn Diagrams,Easy,"General,Banking"
Q09475,Logical Reasoning,Blood Relations,Easy,CAT
Q09476,Verbal Ability,Error Spotting,Hard,"Banking,General,SSC"
Q09477,Data Interpretation,Radar/Spider Charts,Medium,"SSC,CAT,Placements"
Q09478,Quantitative Aptitude,Mensuration,Hard,"TCS NQT,Placements,CAT"
Q09479,Quantitative Aptitude,Time & Work,Medium,"Placements,TCS NQT"
Q09480,Verbal Ability,Cloze Test,Easy,"Placements,SSC"
Q09481,Logical Reasoning,Statement & Conclusion,Easy,Banking
Q09482,Logical Reasoning,Blood Relations,Medium,TCS NQT
Q09483,Quantitative Aptitude,Logarithms,Medium,TCS NQT
Q09484,Quantitative Aptitude,Probability,Easy,"SSC,TCS NQT,CAT"
Q09485,Quantitative Aptitude,Permutation & Combination,Easy,"CAT,General"
Q09486,Quantitative Aptitude,Trigonometry,Hard,General
Q09487,Verbal Ability,Idioms & Phrases,Hard,"General,Banking,TCS NQT"
Q09488,Verbal Ability,Para Jumbles,Medium,"Placements,CAT"
Q09489,Logical Reasoning,Analogy,Hard,"General,CAT"
Q09490,Verbal Ability,Error Spotting,Medium,Banking
Q09491,Verbal Ability,Critical Reasoning,Easy,SSC
Q09492,Data Interpretation,Tables,Easy,Banking
Q09493,Verbal Ability,Idioms & Phrases,Easy,"SSC,Banking,TCS NQT"
Q09494,Quantitative Aptitude,Mensuration,Medium,"Placements,SSC,Banking"
Q09495,Quantitative Aptitude,Profit & Loss,Hard,"CAT,SSC,General"
Q09496,Verbal Ability,Para Jumbles,Hard,TCS NQT
Q09497,Data Interpretation,Bar Graphs,Hard,General
Q09498,Quantitative Aptitude,Trigonometry,Hard,CAT
Q09499,Logical Reasoning,Analogy,Medium,"General,SSC,CAT"
Q09500,Logical Reasoning,Coding-Decoding,Medium,SSC
Q09501,Verbal Ability,Reading Comprehension,Medium,SSC
Q09502,Data Interpretation,Caselets,Medium,"Banking,Placements,TCS NQT"
Q09503,Quantitative Aptitude,Partnership,Medium,"TCS NQT,Placements,CAT"
Q09504,Quantitative Aptitude,Profit & Loss,Easy,General
Q09505,Data Interpretation,Line Graphs,Easy,"Banking,SSC,General"
Q09506,Quantitative Aptitude,Averages,Medium,"Banking,SSC,Placements"
Q09507,Logical Reasoning,Input-Output,Hard,"TCS NQT,Banking"
Q09508,Data Interpretation,Caselets,Hard,"Placements,SSC"
Q09509,Quantitative Aptitude,Compound Interest,Hard,"General,TCS NQT"
Q09510,Logical Reasoning,Statement & Conclusion,Medium,"General,Placements,CAT"
Q09511,Quantitative Aptitude,Mixtures & Alligations,Medium,Banking
Q09512,Logical Reasoning,Clocks & Calendars,Hard,SSC
Q09513,Verbal Ability,Error Spotting,Medium,Banking
Q09514,Quantitative Aptitude,Mixtures & Alligations,Medium,General
Q09515,Quantitative Aptitude,Linear Equations,Medium,Placements
Q09516,Logical Reasoning,Statement & Assumption,Medium,"TCS NQT,Placements"
Q09517,Quantitative Aptitude,Mensuration,Medium,"Banking,TCS NQT"
Q09518,Verbal Ability,Cloze Test,Easy,"Banking,General,CAT"
Q09519,Data Interpretation,Data Sufficiency (DI),Medium,TCS NQT
Q09520,Quantitative Aptitude,Algebra,Hard,"Banking,CAT"
Q09521,Logical Reasoning,Cubes & Dice,Hard,"TCS NQT,CAT"
Q09522,Data Interpretation,Mixed DI Sets,Medium,"SSC,TCS NQT,Banking"
Q09523,Logical Reasoning,Seating Arrangement,Hard,"SSC,TCS NQT"
Q09524,Logical Reasoning,Syllogisms,Medium,"CAT,Placements,SSC"
Q09525,Quantitative Aptitude,Permutation & Combination,Medium,"Placements,SSC"
Q09526,Logical Reasoning,Syllogisms,Easy,"SSC,Banking,General"
Q09527,Data Interpretation,Caselets,Medium,"CAT,TCS NQT"
Q09528,Verbal Ability,Verbal Analogies,Easy,"TCS NQT,Banking,Placements"
Q09529,Quantitative Aptitude,Time & Work,Hard,"SSC,Placements"
Q09530,Quantitative Aptitude,Algebra,Hard,Banking
Q09531,Verbal Ability,Error Spotting,Medium,"CAT,General,TCS NQT"
Q09532,Logical Reasoning,Seating Arrangement,Medium,"CAT,TCS NQT,SSC"
Q09533,Quantitative Aptitude,Partnership,Medium,TCS NQT
Q09534,Verbal Ability,Critical Reasoning,Easy,"General,Banking"
Q09535,Data Interpretation,Venn-based DI,Hard,"TCS NQT,SSC,Placements"
Q09536,Verbal Ability,Synonyms & Antonyms,Easy,Placements
Q09537,Logical Reasoning,Data Sufficiency,Easy,"Banking,CAT,Placements"
Q09538,Quantitative Aptitude,Percentages,Easy,"Banking,Placements,SSC"
Q09539,Verbal Ability,Error Spotting,Medium,"CAT,General,Placements"
Q09540,Data Interpretation,Line Graphs,Easy,"Banking,SSC,Placements"
Q09541,Verbal Ability,Fill in the Blanks,Medium,"Banking,Placements,CAT"
Q09542,Logical Reasoning,Venn Diagrams,Medium,"SSC,TCS NQT"
Q09543,Quantitative Aptitude,Time & Work,Hard,"TCS NQT,Banking,CAT"
Q09544,Quantitative Aptitude,Partnership,Easy,"Placements,CAT,SSC"
Q09545,Logical Reasoning,Analogy,Medium,"SSC,TCS NQT,General"
Q09546,Quantitative Aptitude,Mensuration,Medium,"Banking,CAT"
Q09547,Quantitative Aptitude,Mixtures & Alligations,Medium,TCS NQT
Q09548,Verbal Ability,Sentence Correction,Hard,"CAT,Banking"
Q09549,Verbal Ability,Error Spotting,Easy,"SSC,Banking,Placements"
Q09550,Verbal Ability,Para Jumbles,Medium,"Banking,CAT"
Q09551,Verbal Ability,Odd One Out,Hard,Banking
Q09552,Verbal Ability,Fill in the Blanks,Easy,"CAT,SSC,TCS NQT"
Q09553,Data Interpretation,Line Graphs,Hard,"Placements,Banking,TCS NQT"
Q09554,Quantitative Aptitude,Geometry,Medium,"TCS NQT,General,Banking"
Q09555,Quantitative Aptitude,Progressions (AP/GP),Medium,"TCS NQT,Banking,General"
Q09556,Verbal Ability,Fill in the Blanks,Easy,"SSC,General"
Q09557,Quantitative Aptitude,Permutation & Combination,Medium,"Banking,SSC"
Q09558,Quantitative Aptitude,Profit & Loss,Easy,SSC
Q09559,Quantitative Aptitude,Number System,Medium,TCS NQT
Q09560,Verbal Ability,Synonyms & Antonyms,Easy,"TCS NQT,Placements,Banking"
Q09561,Logical Reasoning,Blood Relations,Easy,"SSC,TCS NQT,Banking"
Q09562,Verbal Ability,Synonyms & Antonyms,Medium,"Banking,SSC,CAT"
Q09563,Quantitative Aptitude,Partnership,Hard,"Placements,SSC,Banking"
Q09564,Quantitative Aptitude,Ratio & Proportion,Easy,"TCS NQT,CAT,General"
Q09565,Quantitative Aptitude,Compound Interest,Medium,"TCS NQT,SSC"
Q09566,Quantitative Aptitude,Mixtures & Alligations,Hard,"TCS NQT,Placements"
Q09567,Quantitative Aptitude,Geometry,Medium,"General,SSC,Banking"
Q09568,Quantitative Aptitude,Simple Interest,Easy,SSC
Q09569,Quantitative Aptitude,Geometry,Easy,"Banking,Placements,TCS NQT"
Q09570,Logical Reasoning,Statement & Assumption,Easy,Banking
Q09571,Data Interpretation,Bar Graphs,Easy,"Banking,SSC,TCS NQT"
Q09572,Quantitative Aptitude,Permutation & Combination,Medium,SSC
Q09573,Verbal Ability,Sentence Correction,Medium,Banking
Q09574,Logical Reasoning,Syllogisms,Medium,General
Q09575,Quantitative Aptitude,Compound Interest,Easy,"General,SSC"
Q09576,Logical Reasoning,Statement & Assumption,Easy,CAT
Q09577,Verbal Ability,Sentence Correction,Hard,"General,Placements"
Q09578,Data Interpretation,Radar/Spider Charts,Hard,TCS NQT
Q09579,Quantitative Aptitude,Geometry,Medium,"General,Placements,SSC"
Q09580,Verbal Ability,Critical Reasoning,Medium,"SSC,Banking"
Q09581,Quantitative Aptitude,"Time, Speed & Distance",Hard,CAT
Q09582,Logical Reasoning,Direction Sense,Hard,"CAT,Placements,General"
Q09583,Data Interpretation,Radar/Spider Charts,Medium,"Placements,TCS NQT,Banking"
Q09584,Quantitative Aptitude,Probability,Hard,Banking
Q09585,Verbal Ability,Para Summary,Medium,SSC
Q09586,Quantitative Aptitude,Partnership,Medium,"SSC,TCS NQT"
Q09587,Verbal Ability,Idioms & Phrases,Medium,"TCS NQT,Banking"
Q09588,Data Interpretation,Data Sufficiency (DI),Medium,SSC
Q09589,Verbal Ability,Para Summary,Medium,"General,SSC"
Q09590,Logical Reasoning,Seating Arrangement,Easy,"CAT,Placements,TCS NQT"
Q09591,Data Interpretation,Mixed DI Sets,Medium,CAT
Q09592,Logical Reasoning,Coding-Decoding,Easy,"TCS NQT,General,Banking"
Q09593,Verbal Ability,Para Summary,Hard,"CAT,SSC,TCS NQT"
Q09594,Verbal Ability,Para Summary,Easy,"General,TCS NQT,SSC"
Q09595,Quantitative Aptitude,Time & Work,Medium,"TCS NQT,Placements,SSC"
Q09596,Data Interpretation,Radar/Spider Charts,Easy,SSC
Q09597,Quantitative Aptitude,Compound Interest,Medium,Placements
Q09598,Quantitative Aptitude,Profit & Loss,Easy,"Placements,General,Banking"
Q09599,Quantitative Aptitude,Profit & Loss,Medium,"Placements,General,TCS NQT"
Q09600,Verbal Ability,Reading Comprehension,Medium,Banking
Q09601,Verbal Ability,Para Summary,Hard,"Banking,SSC,Placements"
Q09602,Verbal Ability,Odd One Out,Easy,"Banking,TCS NQT,General"
Q09603,Data Interpretation,Line Graphs,Medium,"TCS NQT,SSC"
Q09604,Quantitative Aptitude,Time & Work,Hard,"Placements,TCS NQT"
Q09605,Data Interpretation,Radar/Spider Charts,Medium,"Banking,CAT,Placements"
Q09606,Logical Reasoning,Direction Sense,Hard,TCS NQT
Q09607,Quantitative Aptitude,Trigonometry,Easy,"TCS NQT,Placements"
Q09608,Data Interpretation,Caselets,Easy,"CAT,General"
Q09609,Quantitative Aptitude,Geometry,Medium,General
Q09610,Verbal Ability,Idioms & Phrases,Easy,Placements
Q09611,Logical Reasoning,Statement & Conclusion,Hard,"General,SSC,TCS NQT"
Q09612,Verbal Ability,Odd One Out,Hard,SSC
Q09613,Logical Reasoning,Input-Output,Easy,Placements
Q09614,Verbal Ability,Cloze Test,Hard,Banking
Q09615,Logical Reasoning,Analogy,Easy,"General,CAT,TCS NQT"
Q09616,Data Interpretation,Caselets,Medium,"Placements,SSC"
Q09617,Verbal Ability,Idioms & Phrases,Medium,"General,TCS NQT"
Q09618,Data Interpretation,Radar/Spider Charts,Easy,CAT
Q09619,Verbal Ability,Synonyms & Antonyms,Easy,"Placements,General"
Q09620,Data Interpretation,Line Graphs,Medium,"SSC,Banking,CAT"
Q09621,Logical Reasoning,Clocks & Calendars,Hard,"Placements,SSC,CAT"
Q09622,Logical Reasoning,Direction Sense,Easy,"SSC,General"
Q09623,Verbal Ability,Critical Reasoning,Easy,"TCS NQT,General"
Q09624,Quantitative Aptitude,Pipes & Cisterns,Easy,"General,Placements,Banking"
Q09625,Logical Reasoning,Cubes & Dice,Easy,"CAT,SSC,General"
Q09626,Quantitative Aptitude,Simple Interest,Medium,"Banking,TCS NQT"
Q09627,Verbal Ability,Idioms & Phrases,Medium,SSC
Q09628,Logical Reasoning,Input-Output,Hard,"SSC,Banking,TCS NQT"
Q09629,Logical Reasoning,Statement & Assumption,Easy,"Banking,SSC,General"
Q09630,Quantitative Aptitude,Logarithms,Hard,SSC
Q09631,Quantitative Aptitude,Averages,Medium,"General,SSC,Banking"
Q09632,Quantitative Aptitude,Trigonometry,Easy,"Placements,General,TCS NQT"
Q09633,Data Interpretation,Line Graphs,Medium,"CAT,Placements,SSC"
Q09634,Data Interpretation,Venn-based DI,Hard,"SSC,General,Banking"
Q09635,Logical Reasoning,Cubes & Dice,Easy,CAT
Q09636,Logical Reasoning,Input-Output,Hard,Placements
Q09637,Quantitative Aptitude,Surds & Indices,Easy,"SSC,General,TCS NQT"
Q09638,Logical Reasoning,Coding-Decoding,Hard,"SSC,CAT"
Q09639,Verbal Ability,Odd One Out,Hard,"CAT,TCS NQT"
Q09640,Logical Reasoning,Venn Diagrams,Easy,CAT
Q09641,Logical Reasoning,Seating Arrangement,Easy,General
Q09642,Logical Reasoning,Syllogisms,Easy,Placements
Q09643,Quantitative Aptitude,Progressions (AP/GP),Hard,"CAT,General,Placements"
Q09644,Logical Reasoning,Analogy,Easy,Banking
Q09645,Quantitative Aptitude,Compound Interest,Hard,"Placements,General,SSC"
Q09646,Data Interpretation,Data Sufficiency (DI),Medium,"TCS NQT,CAT,SSC"
Q09647,Quantitative Aptitude,Probability,Medium,CAT
Q09648,Logical Reasoning,Blood Relations,Medium,SSC
Q09649,Logical Reasoning,Series Completion,Medium,Banking
Q09650,Verbal Ability,Critical Reasoning,Easy,SSC
Q09651,Logical Reasoning,Ranking & Order,Medium,"CAT,Placements"
Q09652,Verbal Ability,Cloze Test,Easy,"Banking,General,Placements"
Q09653,Verbal Ability,Idioms & Phrases,Hard,"CAT,SSC"
Q09654,Quantitative Aptitude,Quadratic Equations,Easy,"TCS NQT,Banking"
Q09655,Quantitative Aptitude,Surds & Indices,Medium,"SSC,Banking,General"
Q09656,Quantitative Aptitude,Linear Equations,Medium,"SSC,TCS NQT"
Q09657,Logical Reasoning,Venn Diagrams,Easy,"TCS NQT,SSC,General"
Q09658,Quantitative Aptitude,Number System,Hard,"SSC,Placements"
Q09659,Data Interpretation,Data Sufficiency (DI),Easy,TCS NQT
Q09660,Logical Reasoning,Seating Arrangement,Medium,"CAT,SSC"
Q09661,Verbal Ability,Idioms & Phrases,Easy,"SSC,CAT"
Q09662,Quantitative Aptitude,Probability,Easy,TCS NQT
Q09663,Quantitative Aptitude,Linear Equations,Hard,General
Q09664,Data Interpretation,Mixed DI Sets,Easy,General
Q09665,Data Interpretation,Mixed DI Sets,Medium,CAT
Q09666,Data Interpretation,Radar/Spider Charts,Medium,"TCS NQT,General,Placements"
Q09667,Logical Reasoning,Seating Arrangement,Hard,"General,SSC"
Q09668,Logical Reasoning,Puzzles,Medium,TCS NQT
Q09669,Data Interpretation,Line Graphs,Easy,SSC
Q09670,Verbal Ability,Fill in the Blanks,Hard,"SSC,General"
Q09671,Data Interpretation,Mixed DI Sets,Medium,CAT
Q09672,Quantitative Aptitude,"Time, Speed & Distance",Easy,General
Q09673,Logical Reasoning,Direction Sense,Medium,"General,Banking"
Q09674,Quantitative Aptitude,Logarithms,Medium,"Banking,Placements"
Q09675,Data Interpretation,Bar Graphs,Hard,"General,TCS NQT,Placements"
Q09676,Logical Reasoning,Clocks & Calendars,Medium,Placements
Q09677,Verbal Ability,Error Spotting,Medium,"General,Placements"
Q09678,Quantitative Aptitude,Time & Work,Easy,"CAT,Placements,SSC"
Q09679,Logical Reasoning,Clocks & Calendars,Easy,General
Q09680,Verbal Ability,Error Spotting,Hard,TCS NQT
Q09681,Logical Reasoning,Series Completion,Medium,"Placements,SSC"
Q09682,Quantitative Aptitude,Set Theory,Easy,TCS NQT
Q09683,Logical Reasoning,Statement & Conclusion,Medium,Placements
Q09684,Verbal Ability,Error Spotting,Easy,TCS NQT
Q09685,Data Interpretation,Bar Graphs,Easy,"General,Placements"
Q09686,Quantitative Aptitude,Linear Equations,Easy,"TCS NQT,SSC"
Q09687,Logical Reasoning,Syllogisms,Medium,"CAT,SSC,Banking"
Q09688,Data Interpretation,Caselets,Easy,Placements
Q09689,Logical Reasoning,Statement & Assumption,Medium,SSC
Q09690,Quantitative Aptitude,Mixtures & Alligations,Easy,"CAT,General"
Q09691,Quantitative Aptitude,Probability,Easy,"CAT,General,Placements"
Q09692,Quantitative Aptitude,Mixtures & Alligations,Medium,"General,Placements,SSC"
Q09693,Data Interpretation,Venn-based DI,Medium,"SSC,Banking,CAT"
Q09694,Logical Reasoning,Series Completion,Hard,TCS NQT
Q09695,Quantitative Aptitude,Surds & Indices,Hard,"Banking,Placements,General"
Q09696,Data Interpretation,Data Sufficiency (DI),Hard,"Banking,CAT,Placements"
Q09697,Logical Reasoning,Analogy,Hard,SSC
Q09698,Quantitative Aptitude,Compound Interest,Easy,CAT
Q09699,Verbal Ability,Synonyms & Antonyms,Medium,Placements
Q09700,Quantitative Aptitude,Logarithms,Hard,General
Q09701,Quantitative Aptitude,Partnership,Medium,TCS NQT
Q09702,Quantitative Aptitude,Profit & Loss,Medium,CAT
Q09703,Quantitative Aptitude,Profit & Loss,Hard,"TCS NQT,SSC"
Q09704,Logical Reasoning,Syllogisms,Hard,TCS NQT
Q09705,Quantitative Aptitude,Permutation & Combination,Medium,"CAT,TCS NQT,General"
Q09706,Quantitative Aptitude,Progressions (AP/GP),Hard,"General,Banking"
Q09707,Quantitative Aptitude,Mixtures & Alligations,Medium,"Placements,General"
Q09708,Logical Reasoning,Puzzles,Easy,"CAT,TCS NQT,General"
Q09709,Quantitative Aptitude,Permutation & Combination,Easy,CAT
Q09710,Quantitative Aptitude,Surds & Indices,Medium,Placements
Q09711,Quantitative Aptitude,Algebra,Hard,"TCS NQT,Placements"
Q09712,Data Interpretation,Pie Charts,Easy,"Placements,General"
Q09713,Logical Reasoning,Input-Output,Medium,"Banking,General,CAT"
Q09714,Verbal Ability,Critical Reasoning,Hard,"General,CAT,Banking"
Q09715,Data Interpretation,Pie Charts,Medium,General
Q09716,Logical Reasoning,Series Completion,Easy,"TCS NQT,General,CAT"
Q09717,Logical Reasoning,Puzzles,Hard,"Banking,SSC,CAT"
Q09718,Logical Reasoning,Venn Diagrams,Easy,CAT
Q09719,Verbal Ability,Sentence Correction,Hard,"Placements,General,CAT"
Q09720,Logical Reasoning,Statement & Assumption,Hard,"SSC,TCS NQT"
Q09721,Quantitative Aptitude,Linear Equations,Easy,"CAT,Banking"
Q09722,Quantitative Aptitude,Profit & Loss,Hard,"TCS NQT,Banking"
Q09723,Data Interpretation,Data Sufficiency (DI),Hard,"CAT,Banking"
Q09724,Verbal Ability,Odd One Out,Easy,"General,Placements"
Q09725,Verbal Ability,Fill in the Blanks,Easy,"General,Banking,Placements"
Q09726,Verbal Ability,Sentence Correction,Easy,Banking
Q09727,Verbal Ability,Error Spotting,Easy,CAT
Q09728,Quantitative Aptitude,Quadratic Equations,Easy,Placements
Q09729,Verbal Ability,Cloze Test,Medium,"General,TCS NQT"
Q09730,Verbal Ability,Error Spotting,Easy,CAT
Q09731,Logical Reasoning,Syllogisms,Hard,"General,Banking"
Q09732,Data Interpretation,Bar Graphs,Easy,TCS NQT
Q09733,Verbal Ability,Verbal Analogies,Medium,"Placements,CAT"
Q09734,Quantitative Aptitude,Geometry,Hard,"Banking,CAT"
Q09735,Data Interpretation,Bar Graphs,Medium,"TCS NQT,General"
Q09736,Logical Reasoning,Statement & Conclusion,Medium,"TCS NQT,Banking"
Q09737,Logical Reasoning,Ranking & Order,Medium,"TCS NQT,Placements,General"
Q09738,Quantitative Aptitude,Ratio & Proportion,Medium,General
Q09739,Quantitative Aptitude,Mensuration,Medium,CAT
Q09740,Verbal Ability,Odd One Out,Hard,General
Q09741,Logical Reasoning,Venn Diagrams,Easy,"CAT,General,Banking"
Q09742,Logical Reasoning,Seating Arrangement,Medium,"General,CAT"
Q09743,Verbal Ability,Idioms & Phrases,Medium,"Placements,General"
Q09744,Logical Reasoning,Coding-Decoding,Medium,SSC
Q09745,Quantitative Aptitude,"Time, Speed & Distance",Easy,Banking
Q09746,Logical Reasoning,Venn Diagrams,Medium,"Banking,SSC,TCS NQT"
Q09747,Logical Reasoning,Series Completion,Hard,"General,Placements,TCS NQT"
Q09748,Logical Reasoning,Cubes & Dice,Medium,"TCS NQT,CAT"
Q09749,Data Interpretation,Radar/Spider Charts,Easy,Placements
Q09750,Quantitative Aptitude,Permutation & Combination,Medium,"TCS NQT,Placements"
Q09751,Quantitative Aptitude,Surds & Indices,Medium,"TCS NQT,SSC"
Q09752,Data Interpretation,Caselets,Easy,"SSC,CAT"
Q09753,Logical Reasoning,Series Completion,Hard,"CAT,TCS NQT,Banking"
Q09754,Logical Reasoning,Blood Relations,Easy,SSC
Q09755,Quantitative Aptitude,Permutation & Combination,Medium,Placements
Q09756,Quantitative Aptitude,Geometry,Hard,"TCS NQT,General"
Q09757,Logical Reasoning,Series Completion,Hard,"General,Banking,Placements"
Q09758,Quantitative Aptitude,Quadratic Equations,Hard,"General,Placements,TCS NQT"
Q09759,Verbal Ability,Sentence Correction,Easy,"CAT,General,SSC"
Q09760,Quantitative Aptitude,Partnership,Hard,Banking
Q09761,Data Interpretation,Caselets,Medium,"SSC,TCS NQT"
Q09762,Logical Reasoning,Clocks & Calendars,Medium,"Banking,SSC"
Q09763,Quantitative Aptitude,Permutation & Combination,Medium,"General,Banking"
Q09764,Data Interpretation,Caselets,Medium,Banking
Q09765,Verbal Ability,Sentence Correction,Easy,"CAT,Placements"
Q09766,Verbal Ability,Reading Comprehension,Easy,"Placements,CAT"
Q09767,Logical Reasoning,Cubes & Dice,Hard,"SSC,Placements"
Q09768,Data Interpretation,Radar/Spider Charts,Medium,"Banking,CAT"
Q09769,Logical Reasoning,Puzzles,Easy,"SSC,TCS NQT"
Q09770,Logical Reasoning,Clocks & Calendars,Easy,TCS NQT
Q09771,Quantitative Aptitude,Simple Interest,Medium,General
Q09772,Quantitative Aptitude,Averages,Medium,"CAT,SSC"
Q09773,Quantitative Aptitude,Mensuration,Medium,TCS NQT
Q09774,Quantitative Aptitude,Simple Interest,Medium,"SSC,Placements,Banking"
Q09775,Quantitative Aptitude,Profit & Loss,Medium,Banking
Q09776,Logical Reasoning,Ranking & Order,Hard,CAT
Q09777,Quantitative Aptitude,Mixtures & Alligations,Medium,"CAT,Placements"
Q09778,Logical Reasoning,Ranking & Order,Medium,CAT
Q09779,Logical Reasoning,Coding-Decoding,Medium,"General,CAT"
Q09780,Logical Reasoning,Venn Diagrams,Hard,"SSC,General"
Q09781,Quantitative Aptitude,Quadratic Equations,Medium,"SSC,Placements"
Q09782,Verbal Ability,Error Spotting,Easy,"TCS NQT,Placements"
Q09783,Data Interpretation,Data Sufficiency (DI),Hard,"SSC,Placements,Banking"
Q09784,Verbal Ability,Odd One Out,Medium,SSC
Q09785,Verbal Ability,Reading Comprehension,Hard,SSC
Q09786,Data Interpretation,Caselets,Easy,"General,SSC,TCS NQT"
Q09787,Quantitative Aptitude,Algebra,Medium,"SSC,Banking,TCS NQT"
Q09788,Logical Reasoning,Blood Relations,Easy,Placements
Q09789,Verbal Ability,Reading Comprehension,Hard,CAT
Q09790,Data Interpretation,Data Sufficiency (DI),Medium,"Placements,General,Banking"
Q09791,Verbal Ability,Synonyms & Antonyms,Medium,TCS NQT
Q09792,Verbal Ability,Para Summary,Medium,"Banking,SSC,Placements"
Q09793,Verbal Ability,Error Spotting,Easy,General
Q09794,Verbal Ability,Error Spotting,Medium,"General,Placements"
Q09795,Quantitative Aptitude,Quadratic Equations,Easy,"Placements,TCS NQT,SSC"
Q09796,Data Interpretation,Bar Graphs,Medium,"SSC,Banking,CAT"
Q09797,Logical Reasoning,Series Completion,Medium,"CAT,TCS NQT"
Q09798,Verbal Ability,Verbal Analogies,Easy,Banking
Q09799,Data Interpretation,Mixed DI Sets,Medium,TCS NQT
Q09800,Quantitative Aptitude,Simple Interest,Medium,Placements
Q09801,Quantitative Aptitude,Geometry,Medium,"SSC,CAT,Placements"
Q09802,Verbal Ability,Critical Reasoning,Medium,"General,SSC,TCS NQT"
Q09803,Verbal Ability,Sentence Correction,Easy,"Banking,General,CAT"
Q09804,Logical Reasoning,Blood Relations,Easy,"Banking,Placements,General"
Q09805,Quantitative Aptitude,Progressions (AP/GP),Medium,"General,TCS NQT"
Q09806,Data Interpretation,Mixed DI Sets,Medium,"CAT,SSC,Placements"
Q09807,Verbal Ability,Verbal Analogies,Hard,"SSC,General"
Q09808,Verbal Ability,Verbal Analogies,Medium,"Banking,General,SSC"
Q09809,Verbal Ability,Critical Reasoning,Easy,CAT
Q09810,Quantitative Aptitude,Pipes & Cisterns,Medium,"Banking,SSC,General"
Q09811,Data Interpretation,Line Graphs,Easy,"SSC,Placements"
Q09812,Verbal Ability,Idioms & Phrases,Easy,CAT
Q09813,Quantitative Aptitude,Simple Interest,Medium,"General,CAT"
Q09814,Quantitative Aptitude,Set Theory,Easy,"Placements,SSC"
Q09815,Logical Reasoning,Clocks & Calendars,Hard,"TCS NQT,SSC"
Q09816,Logical Reasoning,Venn Diagrams,Hard,"Placements,General,SSC"
Q09817,Quantitative Aptitude,Surds & Indices,Medium,Banking
Q09818,Logical Reasoning,Series Completion,Medium,"Placements,General,Banking"
Q09819,Verbal Ability,Critical Reasoning,Medium,"TCS NQT,General,Banking"
Q09820,Verbal Ability,Error Spotting,Hard,General
Q09821,Data Interpretation,Bar Graphs,Medium,CAT
Q09822,Quantitative Aptitude,Mensuration,Easy,Banking
Q09823,Logical Reasoning,Puzzles,Easy,General
Q09824,Logical Reasoning,Clocks & Calendars,Easy,"General,SSC,Banking"
Q09825,Quantitative Aptitude,Quadratic Equations,Easy,General
Q09826,Quantitative Aptitude,Pipes & Cisterns,Medium,CAT
Q09827,Verbal Ability,Critical Reasoning,Easy,"SSC,TCS NQT,General"
Q09828,Logical Reasoning,Seating Arrangement,Easy,"SSC,Placements,TCS NQT"
Q09829,Verbal Ability,Fill in the Blanks,Easy,"SSC,Placements,TCS NQT"
Q09830,Logical Reasoning,Series Completion,Hard,"Placements,TCS NQT"
Q09831,Quantitative Aptitude,Trigonometry,Easy,"SSC,Banking,TCS NQT"
Q09832,Quantitative Aptitude,Progressions (AP/GP),Medium,"CAT,Placements,General"
Q09833,Quantitative Aptitude,Compound Interest,Medium,"SSC,Banking"
Q09834,Logical Reasoning,Statement & Conclusion,Easy,"Banking,General,CAT"
Q09835,Data Interpretation,Pie Charts,Easy,"TCS NQT,General"
Q09836,Quantitative Aptitude,Compound Interest,Medium,"General,CAT,Banking"
Q09837,Verbal Ability,Reading Comprehension,Easy,"TCS NQT,General,SSC"
Q09838,Quantitative Aptitude,Profit & Loss,Medium,"CAT,Banking,General"
Q09839,Data Interpretation,Pie Charts,Hard,"CAT,General"
Q09840,Logical Reasoning,Clocks & Calendars,Easy,"SSC,General"
Q09841,Logical Reasoning,Ranking & Order,Medium,"General,CAT,TCS NQT"
Q09842,Logical Reasoning,Statement & Assumption,Medium,TCS NQT
Q09843,Data Interpretation,Radar/Spider Charts,Medium,"SSC,Placements"
Q09844,Quantitative Aptitude,Pipes & Cisterns,Hard,"Banking,Placements"
Q09845,Quantitative Aptitude,Pipes & Cisterns,Easy,"TCS NQT,General,SSC"
Q09846,Data Interpretation,Line Graphs,Medium,Banking
Q09847,Quantitative Aptitude,Pipes & Cisterns,Medium,"Banking,SSC,General"
Q09848,Verbal Ability,Odd One Out,Easy,CAT
Q09849,Verbal Ability,Odd One Out,Medium,"TCS NQT,CAT,Placements"
Q09850,Logical Reasoning,Venn Diagrams,Medium,Placements
Q09851,Logical Reasoning,Venn Diagrams,Easy,Placements
Q09852,Logical Reasoning,Seating Arrangement,Medium,"General,TCS NQT,CAT"
Q09853,Verbal Ability,Idioms & Phrases,Easy,Placements
Q09854,Data Interpretation,Data Sufficiency (DI),Medium,"TCS NQT,General"
Q09855,Data Interpretation,Bar Graphs,Easy,"Banking,General,TCS NQT"
Q09856,Data Interpretation,Bar Graphs,Easy,TCS NQT
Q09857,Quantitative Aptitude,Geometry,Easy,"General,Placements"
Q09858,Logical Reasoning,Series Completion,Medium,"General,SSC,Banking"
Q09859,Logical Reasoning,Seating Arrangement,Hard,"SSC,Banking"
Q09860,Data Interpretation,Venn-based DI,Easy,CAT
Q09861,Verbal Ability,Error Spotting,Medium,CAT
Q09862,Logical Reasoning,Series Completion,Easy,"General,Banking,CAT"
Q09863,Verbal Ability,Error Spotting,Easy,"CAT,Banking,General"
Q09864,Verbal Ability,Sentence Correction,Easy,"TCS NQT,CAT"
Q09865,Quantitative Aptitude,Permutation & Combination,Easy,"TCS NQT,Banking,General"
Q09866,Verbal Ability,Verbal Analogies,Medium,Placements
Q09867,Verbal Ability,Reading Comprehension,Medium,"General,CAT"
Q09868,Data Interpretation,Venn-based DI,Medium,SSC
Q09869,Quantitative Aptitude,Permutation & Combination,Easy,"TCS NQT,Placements"
Q09870,Verbal Ability,Cloze Test,Medium,"General,Banking,TCS NQT"
Q09871,Quantitative Aptitude,Pipes & Cisterns,Hard,"TCS NQT,Banking"
Q09872,Quantitative Aptitude,Geometry,Medium,"Placements,TCS NQT,Banking"
Q09873,Logical Reasoning,Data Sufficiency,Easy,Banking
Q09874,Quantitative Aptitude,Mixtures & Alligations,Easy,"SSC,General,Banking"
Q09875,Verbal Ability,Fill in the Blanks,Medium,"Placements,Banking"
Q09876,Logical Reasoning,Analogy,Medium,"SSC,General"
Q09877,Data Interpretation,Pie Charts,Easy,"TCS NQT,Placements,CAT"
Q09878,Quantitative Aptitude,Mensuration,Medium,"SSC,Banking,TCS NQT"
Q09879,Quantitative Aptitude,Progressions (AP/GP),Easy,"CAT,General"
Q09880,Quantitative Aptitude,"Time, Speed & Distance",Easy,"SSC,Placements"
Q09881,Quantitative Aptitude,Compound Interest,Medium,Placements
Q09882,Verbal Ability,Para Summary,Medium,Banking
Q09883,Verbal Ability,Verbal Analogies,Medium,CAT
Q09884,Logical Reasoning,Series Completion,Medium,General
Q09885,Quantitative Aptitude,Quadratic Equations,Easy,"SSC,General,Placements"
Q09886,Verbal Ability,Fill in the Blanks,Medium,"Placements,General"
Q09887,Verbal Ability,Reading Comprehension,Hard,"General,CAT,Banking"
Q09888,Logical Reasoning,Statement & Conclusion,Hard,General
Q09889,Data Interpretation,Data Sufficiency (DI),Hard,SSC
Q09890,Logical Reasoning,Seating Arrangement,Easy,"TCS NQT,SSC"
Q09891,Verbal Ability,Synonyms & Antonyms,Easy,"Placements,SSC,Banking"
Q09892,Logical Reasoning,Ranking & Order,Medium,"Banking,SSC,CAT"
Q09893,Verbal Ability,Synonyms & Antonyms,Easy,"General,TCS NQT"
Q09894,Data Interpretation,Tables,Hard,"General,TCS NQT"
Q09895,Logical Reasoning,Blood Relations,Hard,General
Q09896,Logical Reasoning,Data Sufficiency,Easy,Banking
Q09897,Data Interpretation,Data Sufficiency (DI),Medium,"Placements,General,TCS NQT"
Q09898,Verbal Ability,Odd One Out,Medium,"Placements,General"
Q09899,Quantitative Aptitude,Averages,Easy,Placements
Q09900,Logical Reasoning,Data Sufficiency,Medium,"Banking,Placements,TCS NQT"
Q09901,Verbal Ability,Odd One Out,Easy,Placements
Q09902,Verbal Ability,Odd One Out,Easy,"Placements,General,SSC"
Q09903,Logical Reasoning,Series Completion,Hard,CAT
Q09904,Quantitative Aptitude,Ratio & Proportion,Easy,General
Q09905,Quantitative Aptitude,Trigonometry,Easy,"General,CAT,TCS NQT"
Q09906,Quantitative Aptitude,Probability,Hard,"TCS NQT,SSC,Placements"
Q09907,Verbal Ability,Cloze Test,Medium,SSC
Q09908,Quantitative Aptitude,Percentages,Medium,General
Q09909,Logical Reasoning,Cubes & Dice,Easy,SSC
Q09910,Verbal Ability,Sentence Correction,Medium,Placements
Q09911,Data Interpretation,Tables,Easy,"CAT,TCS NQT,Placements"
Q09912,Verbal Ability,Idioms & Phrases,Medium,"SSC,Banking"
Q09913,Verbal Ability,Cloze Test,Easy,Placements
Q09914,Quantitative Aptitude,Linear Equations,Easy,"Banking,TCS NQT,CAT"
Q09915,Logical Reasoning,Statement & Conclusion,Medium,"Placements,Banking"
Q09916,Verbal Ability,Para Jumbles,Hard,"TCS NQT,SSC,CAT"
Q09917,Verbal Ability,Odd One Out,Medium,"TCS NQT,Banking"
Q09918,Data Interpretation,Venn-based DI,Medium,General
Q09919,Logical Reasoning,Ranking & Order,Hard,"SSC,General"
Q09920,Logical Reasoning,Clocks & Calendars,Medium,"General,Placements"
Q09921,Verbal Ability,Para Jumbles,Easy,"Banking,TCS NQT"
Q09922,Verbal Ability,Sentence Correction,Medium,"TCS NQT,Placements"
Q09923,Verbal Ability,Para Summary,Easy,"CAT,SSC"
Q09924,Verbal Ability,Sentence Correction,Easy,"Placements,Banking,General"
Q09925,Quantitative Aptitude,Set Theory,Easy,"Banking,TCS NQT,SSC"
Q09926,Data Interpretation,Tables,Easy,"General,Placements"
Q09927,Quantitative Aptitude,Permutation & Combination,Easy,"Placements,TCS NQT,CAT"
Q09928,Data Interpretation,Tables,Easy,"Banking,TCS NQT,General"
Q09929,Quantitative Aptitude,Surds & Indices,Easy,"TCS NQT,Placements,General"
Q09930,Verbal Ability,Para Jumbles,Medium,"SSC,CAT,Placements"
Q09931,Logical Reasoning,Coding-Decoding,Easy,TCS NQT
Q09932,Verbal Ability,Idioms & Phrases,Easy,"TCS NQT,Banking"
Q09933,Verbal Ability,Fill in the Blanks,Easy,"CAT,General"
Q09934,Logical Reasoning,Direction Sense,Hard,"CAT,Banking"
Q09935,Verbal Ability,Para Summary,Easy,"General,TCS NQT"
Q09936,Quantitative Aptitude,Quadratic Equations,Easy,"General,CAT,Banking"
Q09937,Verbal Ability,Cloze Test,Easy,"Placements,SSC"
Q09938,Quantitative Aptitude,Trigonometry,Medium,"Banking,CAT"
Q09939,Verbal Ability,Critical Reasoning,Medium,"TCS NQT,General,Banking"
Q09940,Quantitative Aptitude,Ratio & Proportion,Easy,TCS NQT
Q09941,Verbal Ability,Verbal Analogies,Hard,"General,TCS NQT"
Q09942,Quantitative Aptitude,Profit & Loss,Medium,"CAT,Placements,SSC"
Q09943,Quantitative Aptitude,Time & Work,Easy,"Placements,Banking"
Q09944,Quantitative Aptitude,Quadratic Equations,Easy,Placements
Q09945,Verbal Ability,Para Jumbles,Easy,"SSC,TCS NQT"
Q09946,Quantitative Aptitude,Quadratic Equations,Medium,General
Q09947,Logical Reasoning,Cubes & Dice,Easy,"Placements,TCS NQT"
Q09948,Verbal Ability,Cloze Test,Medium,"Placements,TCS NQT"
Q09949,Verbal Ability,Verbal Analogies,Medium,"TCS NQT,SSC"
Q09950,Verbal Ability,Verbal Analogies,Medium,"CAT,Placements"
Q09951,Logical Reasoning,Data Sufficiency,Easy,"General,SSC"
Q09952,Quantitative Aptitude,Geometry,Hard,"Banking,SSC"
Q09953,Logical Reasoning,Series Completion,Medium,Banking
Q09954,Verbal Ability,Reading Comprehension,Easy,"Banking,Placements,CAT"
Q09955,Logical Reasoning,Syllogisms,Hard,General
Q09956,Logical Reasoning,Seating Arrangement,Easy,General
Q09957,Data Interpretation,Line Graphs,Hard,"Banking,Placements,General"
Q09958,Quantitative Aptitude,Surds & Indices,Easy,"Placements,General"
Q09959,Logical Reasoning,Data Sufficiency,Easy,"Banking,General,Placements"
Q09960,Quantitative Aptitude,Pipes & Cisterns,Medium,"Placements,General,TCS NQT"
Q09961,Quantitative Aptitude,Mixtures & Alligations,Hard,"Banking,SSC,Placements"
Q09962,Quantitative Aptitude,Logarithms,Hard,Banking
Q09963,Verbal Ability,Cloze Test,Medium,"CAT,General"
Q09964,Quantitative Aptitude,Progressions (AP/GP),Hard,CAT
Q09965,Data Interpretation,Bar Graphs,Medium,"TCS NQT,General"
Q09966,Quantitative Aptitude,Geometry,Hard,"General,CAT"
Q09967,Quantitative Aptitude,Pipes & Cisterns,Hard,"Placements,General"
Q09968,Quantitative Aptitude,Geometry,Easy,"SSC,Banking"
Q09969,Quantitative Aptitude,Probability,Medium,"General,Placements,Banking"
Q09970,Verbal Ability,Idioms & Phrases,Medium,"TCS NQT,SSC"
Q09971,Quantitative Aptitude,Set Theory,Hard,"CAT,Banking"
Q09972,Verbal Ability,Para Summary,Hard,TCS NQT
Q09973,Data Interpretation,Bar Graphs,Easy,"Placements,Banking,CAT"
Q09974,Data Interpretation,Data Sufficiency (DI),Easy,"General,SSC"
Q09975,Quantitative Aptitude,Set Theory,Hard,"CAT,General,SSC"
Q09976,Verbal Ability,Fill in the Blanks,Medium,"Placements,SSC"
Q09977,Quantitative Aptitude,Geometry,Easy,"TCS NQT,SSC"
Q09978,Verbal Ability,Critical Reasoning,Medium,"Placements,General"
Q09979,Logical Reasoning,Cubes & Dice,Hard,"CAT,SSC,Placements"
Q09980,Quantitative Aptitude,Permutation & Combination,Easy,"CAT,SSC,Banking"
Q09981,Verbal Ability,Para Summary,Hard,"CAT,TCS NQT"
Q09982,Quantitative Aptitude,"Time, Speed & Distance",Hard,"TCS NQT,SSC"
Q09983,Quantitative Aptitude,Pipes & Cisterns,Hard,"Banking,CAT"
Q09984,Data Interpretation,Venn-based DI,Easy,"TCS NQT,Placements,Banking"
Q09985,Verbal Ability,Critical Reasoning,Easy,SSC
Q09986,Logical Reasoning,Data Sufficiency,Easy,TCS NQT
Q09987,Logical Reasoning,Ranking & Order,Easy,"SSC,TCS NQT,Placements"
Q09988,Logical Reasoning,Syllogisms,Medium,"Placements,SSC"
Q09989,Verbal Ability,Reading Comprehension,Hard,Placements
Q09990,Verbal Ability,Reading Comprehension,Medium,"TCS NQT,General,Banking"
Q09991,Logical Reasoning,Statement & Conclusion,Medium,"TCS NQT,Placements"
Q09992,Verbal Ability,Critical Reasoning,Easy,SSC
Q09993,Logical Reasoning,Statement & Assumption,Medium,"SSC,TCS NQT"
Q09994,Quantitative Aptitude,Quadratic Equations,Hard,"SSC,Placements,CAT"
Q09995,Verbal Ability,Synonyms & Antonyms,Medium,General
Q09996,Quantitative Aptitude,Linear Equations,Medium,"CAT,Placements"
Q09997,Logical Reasoning,Cubes & Dice,Medium,CAT
Q09998,Quantitative Aptitude,Permutation & Combination,Medium,"CAT,Placements,SSC"
Q09999,Quantitative Aptitude,Mixtures & Alligations,Medium,"TCS NQT,SSC"
Q10000,Logical Reasoning,Ranking & Order,Hard,"CAT,SSC"
Q10001,Quantitative Aptitude,Progressions (AP/GP),Medium,Placements
Q10002,Verbal Ability,Odd One Out,Hard,"SSC,Banking"
Q10003,Quantitative Aptitude,Averages,Easy,"Banking,TCS NQT"
Q10004,Quantitative Aptitude,Simple Interest,Easy,"General,CAT,Banking"
Q10005,Logical Reasoning,Seating Arrangement,Hard,Placements
Q10006,Data Interpretation,Pie Charts,Medium,"CAT,Placements"
Q10007,Verbal Ability,Error Spotting,Medium,"General,Banking,SSC"
Q10008,Logical Reasoning,Data Sufficiency,Medium,"Banking,TCS NQT,CAT"
Q10009,Verbal Ability,Cloze Test,Medium,"General,CAT,TCS NQT"
Q10010,Quantitative Aptitude,Mixtures & Alligations,Medium,SSC
Q10011,Data Interpretation,Venn-based DI,Hard,"Placements,General,TCS NQT"
Q10012,Data Interpretation,Mixed DI Sets,Easy,TCS NQT
Q10013,Quantitative Aptitude,Geometry,Easy,"General,Banking,CAT"
Q10014,Quantitative Aptitude,Simple Interest,Medium,TCS NQT
Q10015,Quantitative Aptitude,Algebra,Medium,"General,CAT"
Q10016,Quantitative Aptitude,Number System,Medium,TCS NQT
Q10017,Logical Reasoning,Venn Diagrams,Medium,"Placements,TCS NQT"
Q10018,Quantitative Aptitude,Number System,Easy,CAT
Q10019,Quantitative Aptitude,Profit & Loss,Medium,SSC
Q10020,Verbal Ability,Fill in the Blanks,Hard,"CAT,TCS NQT"
Q10021,Logical Reasoning,Seating Arrangement,Easy,"TCS NQT,CAT"
Q10022,Logical Reasoning,Ranking & Order,Easy,"General,CAT,SSC"
Q10023,Data Interpretation,Pie Charts,Medium,Banking
Q10024,Quantitative Aptitude,Set Theory,Hard,"SSC,CAT,General"
Q10025,Logical Reasoning,Venn Diagrams,Medium,TCS NQT
Q10026,Data Interpretation,Pie Charts,Medium,"General,TCS NQT,Placements"
Q10027,Verbal Ability,Verbal Analogies,Easy,"TCS NQT,Banking"
Q10028,Data Interpretation,Pie Charts,Medium,"Banking,General,CAT"
Q10029,Quantitative Aptitude,Trigonometry,Medium,TCS NQT
Q10030,Logical Reasoning,Blood Relations,Easy,"SSC,TCS NQT,Placements"
Q10031,Data Interpretation,Tables,Hard,"Placements,TCS NQT,SSC"
Q10032,Verbal Ability,Reading Comprehension,Medium,"General,CAT"
Q10033,Quantitative Aptitude,Logarithms,Hard,"CAT,Placements"
Q10034,Data Interpretation,Tables,Medium,Placements
Q10035,Logical Reasoning,Seating Arrangement,Hard,SSC
Q10036,Logical Reasoning,Data Sufficiency,Medium,Placements
Q10037,Verbal Ability,Reading Comprehension,Medium,"SSC,CAT,TCS NQT"
Q10038,Verbal Ability,Sentence Correction,Hard,"General,CAT"
Q10039,Quantitative Aptitude,Trigonometry,Easy,"SSC,TCS NQT"
Q10040,Logical Reasoning,Data Sufficiency,Medium,"Placements,Banking"
Q10041,Verbal Ability,Critical Reasoning,Easy,"CAT,Banking,TCS NQT"
Q10042,Quantitative Aptitude,Simple Interest,Medium,General
Q10043,Quantitative Aptitude,Time & Work,Easy,"General,Placements"
Q10044,Quantitative Aptitude,Pipes & Cisterns,Easy,General
Q10045,Quantitative Aptitude,Ratio & Proportion,Medium,Banking
Q10046,Verbal Ability,Verbal Analogies,Easy,"CAT,Banking"
Q10047,Quantitative Aptitude,Algebra,Easy,"General,CAT"
Q10048,Quantitative Aptitude,Time & Work,Easy,CAT
Q10049,Logical Reasoning,Input-Output,Easy,General
Q10050,Verbal Ability,Para Jumbles,Medium,"CAT,General,Placements"
Q10051,Quantitative Aptitude,Surds & Indices,Medium,"General,Placements,TCS NQT"
Q10052,Logical Reasoning,Series Completion,Hard,Placements
Q10053,Quantitative Aptitude,Algebra,Medium,"TCS NQT,General"
Q10054,Quantitative Aptitude,Trigonometry,Medium,"General,Placements,CAT"
Q10055,Quantitative Aptitude,Geometry,Easy,Placements
Q10056,Data Interpretation,Pie Charts,Medium,"General,SSC"
Q10057,Logical Reasoning,Input-Output,Medium,"General,TCS NQT,CAT"
Q10058,Quantitative Aptitude,Number System,Easy,"General,Banking,CAT"
Q10059,Quantitative Aptitude,Progressions (AP/GP),Hard,"TCS NQT,CAT"
Q10060,Data Interpretation,Caselets,Medium,"CAT,SSC"
Q10061,Logical Reasoning,Coding-Decoding,Easy,CAT
Q10062,Logical Reasoning,Direction Sense,Hard,Placements
Q10063,Quantitative Aptitude,Geometry,Hard,TCS NQT
Q10064,Quantitative Aptitude,Simple Interest,Medium,"SSC,CAT"
Q10065,Data Interpretation,Venn-based DI,Easy,SSC
Q10066,Quantitative Aptitude,Averages,Easy,"Banking,CAT,TCS NQT"
Q10067,Verbal Ability,Error Spotting,Easy,"Banking,CAT,SSC"
Q10068,Verbal Ability,Reading Comprehension,Easy,"Placements,SSC,Banking"
Q10069,Logical Reasoning,Venn Diagrams,Medium,"SSC,TCS NQT"
Q10070,Data Interpretation,Mixed DI Sets,Medium,Banking
Q10071,Quantitative Aptitude,Number System,Medium,"General,SSC,CAT"
Q10072,Logical Reasoning,Input-Output,Easy,General
Q10073,Verbal Ability,Odd One Out,Easy,"SSC,Banking"
Q10074,Verbal Ability,Para Summary,Medium,"TCS NQT,Placements,SSC"
Q10075,Logical Reasoning,Syllogisms,Medium,"SSC,Placements"
Q10076,Quantitative Aptitude,Logarithms,Easy,"CAT,SSC"
Q10077,Quantitative Aptitude,Compound Interest,Medium,"TCS NQT,CAT,SSC"
Q10078,Verbal Ability,Verbal Analogies,Medium,"Banking,General"
Q10079,Logical Reasoning,Input-Output,Easy,SSC
Q10080,Data Interpretation,Tables,Easy,"General,TCS NQT,SSC"
Q10081,Logical Reasoning,Cubes & Dice,Hard,"Banking,TCS NQT"
Q10082,Verbal Ability,Para Jumbles,Hard,"SSC,Placements,CAT"
Q10083,Logical Reasoning,Puzzles,Hard,"SSC,Banking"
Q10084,Data Interpretation,Line Graphs,Medium,"General,Banking,CAT"
Q10085,Verbal Ability,Odd One Out,Medium,"General,Banking"
Q10086,Quantitative Aptitude,Permutation & Combination,Medium,"TCS NQT,CAT"
Q10087,Verbal Ability,Synonyms & Antonyms,Medium,"Banking,Placements,General"
Q10088,Data Interpretation,Data Sufficiency (DI),Easy,CAT
Q10089,Logical Reasoning,Ranking & Order,Hard,"Placements,TCS NQT"
Q10090,Quantitative Aptitude,Quadratic Equations,Medium,"CAT,Placements"
Q10091,Verbal Ability,Critical Reasoning,Medium,"TCS NQT,Placements,SSC"
Q10092,Data Interpretation,Data Sufficiency (DI),Medium,"TCS NQT,Banking,General"
Q10093,Logical Reasoning,Syllogisms,Hard,Banking
Q10094,Quantitative Aptitude,Linear Equations,Easy,"Placements,Banking"
Q10095,Logical Reasoning,Analogy,Medium,"SSC,CAT,Placements"
Q10096,Logical Reasoning,Seating Arrangement,Medium,"Banking,Placements"
Q10097,Logical Reasoning,Series Completion,Easy,General
Q10098,Verbal Ability,Synonyms & Antonyms,Medium,"Placements,SSC"
Q10099,Logical Reasoning,Coding-Decoding,Medium,SSC
Q10100,Logical Reasoning,Direction Sense,Medium,"General,Banking"
Q10101,Logical Reasoning,Syllogisms,Easy,TCS NQT
Q10102,Logical Reasoning,Venn Diagrams,Easy,"TCS NQT,General,SSC"
Q10103,Verbal Ability,Verbal Analogies,Easy,"CAT,Banking"
Q10104,Data Interpretation,Line Graphs,Easy,SSC
Q10105,Logical Reasoning,Syllogisms,Hard,"Placements,CAT"
Q10106,Quantitative Aptitude,Set Theory,Easy,"General,Placements"
Q10107,Verbal Ability,Fill in the Blanks,Hard,CAT
Q10108,Verbal Ability,Sentence Correction,Medium,"CAT,TCS NQT,SSC"
Q10109,Verbal Ability,Fill in the Blanks,Easy,"CAT,SSC"
Q10110,Data Interpretation,Tables,Easy,"General,Placements"
Q10111,Verbal Ability,Sentence Correction,Easy,Placements
Q10112,Verbal Ability,Error Spotting,Medium,"General,CAT,TCS NQT"
Q10113,Quantitative Aptitude,Logarithms,Hard,Placements
Q10114,Verbal Ability,Verbal Analogies,Medium,"SSC,Placements"
Q10115,Data Interpretation,Pie Charts,Medium,"General,CAT"
Q10116,Logical Reasoning,Statement & Conclusion,Easy,TCS NQT
Q10117,Data Interpretation,Radar/Spider Charts,Easy,"Placements,SSC,General"
Q10118,Verbal Ability,Cloze Test,Medium,"Banking,General,Placements"
Q10119,Verbal Ability,Error Spotting,Easy,"CAT,Placements"
Q10120,Data Interpretation,Pie Charts,Easy,Banking
Q10121,Quantitative Aptitude,Permutation & Combination,Medium,Placements
Q10122,Quantitative Aptitude,Profit & Loss,Easy,Banking
Q10123,Quantitative Aptitude,Logarithms,Medium,"General,TCS NQT,CAT"
Q10124,Verbal Ability,Idioms & Phrases,Medium,General
Q10125,Data Interpretation,Bar Graphs,Easy,General
Q10126,Quantitative Aptitude,Progressions (AP/GP),Medium,"Placements,SSC"
Q10127,Logical Reasoning,Coding-Decoding,Easy,"SSC,Banking"
Q10128,Quantitative Aptitude,Permutation & Combination,Medium,"Banking,Placements,SSC"
Q10129,Logical Reasoning,Data Sufficiency,Easy,"Banking,General,SSC"
Q10130,Verbal Ability,Fill in the Blanks,Hard,Banking
Q10131,Quantitative Aptitude,"Time, Speed & Distance",Easy,"SSC,TCS NQT,Placements"
Q10132,Verbal Ability,Sentence Correction,Medium,"Banking,Placements,SSC"
Q10133,Verbal Ability,Critical Reasoning,Medium,"General,Placements"
Q10134,Quantitative Aptitude,Compound Interest,Hard,"SSC,Placements,General"
Q10135,Quantitative Aptitude,Simple Interest,Medium,Banking
Q10136,Quantitative Aptitude,Permutation & Combination,Easy,"TCS NQT,Placements,CAT"
Q10137,Verbal Ability,Fill in the Blanks,Hard,Placements
Q10138,Quantitative Aptitude,Averages,Hard,"SSC,Placements"
Q10139,Quantitative Aptitude,Probability,Hard,"TCS NQT,Placements,Banking"
Q10140,Logical Reasoning,Coding-Decoding,Hard,SSC
Q10141,Quantitative Aptitude,Mensuration,Easy,"Banking,General"
Q10142,Quantitative Aptitude,Quadratic Equations,Medium,"General,CAT"
Q10143,Data Interpretation,Venn-based DI,Hard,TCS NQT
Q10144,Quantitative Aptitude,Probability,Medium,"SSC,General"
Q10145,Verbal Ability,Error Spotting,Medium,"TCS NQT,Banking,CAT"
Q10146,Quantitative Aptitude,Pipes & Cisterns,Medium,"Placements,CAT,Banking"
Q10147,Quantitative Aptitude,Algebra,Medium,CAT
Q10148,Verbal Ability,Cloze Test,Medium,General
Q10149,Verbal Ability,Para Summary,Easy,"SSC,TCS NQT,Placements"
Q10150,Logical Reasoning,Puzzles,Easy,"General,Placements"
Q10151,Quantitative Aptitude,Quadratic Equations,Hard,CAT
Q10152,Quantitative Aptitude,Surds & Indices,Easy,"CAT,Banking,SSC"
Q10153,Quantitative Aptitude,Partnership,Medium,SSC
Q10154,Quantitative Aptitude,Averages,Medium,CAT
Q10155,Logical Reasoning,Puzzles,Hard,Banking
Q10156,Logical Reasoning,Seating Arrangement,Medium,"SSC,General"
Q10157,Logical Reasoning,Direction Sense,Easy,"TCS NQT,Banking,SSC"
Q10158,Logical Reasoning,Data Sufficiency,Easy,"Banking,SSC,TCS NQT"
Q10159,Verbal Ability,Sentence Correction,Easy,CAT
Q10160,Quantitative Aptitude,Logarithms,Medium,"Banking,CAT,TCS NQT"
Q10161,Quantitative Aptitude,Surds & Indices,Hard,"Placements,General"
Q10162,Quantitative Aptitude,Ratio & Proportion,Medium,"TCS NQT,Banking"
Q10163,Quantitative Aptitude,Time & Work,Medium,"Banking,TCS NQT,General"
Q10164,Logical Reasoning,Blood Relations,Hard,CAT
Q10165,Quantitative Aptitude,Percentages,Easy,"Placements,SSC,General"
Q10166,Verbal Ability,Critical Reasoning,Easy,"TCS NQT,General"
Q10167,Logical Reasoning,Analogy,Hard,"General,TCS NQT"
Q10168,Verbal Ability,Error Spotting,Medium,"TCS NQT,Banking"
Q10169,Verbal Ability,Cloze Test,Hard,General
Q10170,Logical Reasoning,Seating Arrangement,Medium,"TCS NQT,Banking"
Q10171,Quantitative Aptitude,Percentages,Hard,"Placements,CAT,SSC"
Q10172,Quantitative Aptitude,Progressions (AP/GP),Medium,"Placements,Banking,SSC"
Q10173,Logical Reasoning,Series Completion,Easy,"Banking,Placements"
Q10174,Logical Reasoning,Direction Sense,Hard,"SSC,TCS NQT"
Q10175,Logical Reasoning,Syllogisms,Easy,Placements
Q10176,Logical Reasoning,Puzzles,Medium,Placements
Q10177,Verbal Ability,Synonyms & Antonyms,Easy,TCS NQT
Q10178,Quantitative Aptitude,Algebra,Medium,"TCS NQT,CAT"
Q10179,Data Interpretation,Radar/Spider Charts,Medium,SSC
Q10180,Quantitative Aptitude,Mensuration,Easy,General
Q10181,Quantitative Aptitude,Simple Interest,Medium,"General,TCS NQT"
Q10182,Data Interpretation,Tables,Easy,"TCS NQT,Banking"
Q10183,Verbal Ability,Critical Reasoning,Medium,"Banking,General"
Q10184,Quantitative Aptitude,Averages,Medium,Banking
Q10185,Logical Reasoning,Blood Relations,Hard,Banking
Q10186,Verbal Ability,Para Summary,Medium,"SSC,Banking"
Q10187,Data Interpretation,Bar Graphs,Medium,General
Q10188,Data Interpretation,Radar/Spider Charts,Easy,"General,Placements"
Q10189,Logical Reasoning,Coding-Decoding,Hard,"Placements,CAT,General"
Q10190,Quantitative Aptitude,Surds & Indices,Hard,"TCS NQT,Placements,CAT"
Q10191,Verbal Ability,Verbal Analogies,Easy,TCS NQT
Q10192,Data Interpretation,Data Sufficiency (DI),Medium,"Placements,Banking,SSC"
Q10193,Data Interpretation,Radar/Spider Charts,Medium,Banking
Q10194,Data Interpretation,Caselets,Easy,"Placements,TCS NQT,General"
Q10195,Quantitative Aptitude,"Time, Speed & Distance",Easy,SSC
Q10196,Logical Reasoning,Data Sufficiency,Medium,"TCS NQT,Banking,Placements"
Q10197,Data Interpretation,Bar Graphs,Medium,"Banking,General"
Q10198,Data Interpretation,Bar Graphs,Easy,"TCS NQT,SSC"
Q10199,Verbal Ability,Sentence Correction,Medium,Placements
Q10200,Quantitative Aptitude,"Time, Speed & Distance",Easy,"General,SSC"
Q10201,Logical Reasoning,Series Completion,Hard,"TCS NQT,SSC"
Q10202,Quantitative Aptitude,Progressions (AP/GP),Easy,"CAT,General,SSC"
Q10203,Logical Reasoning,Input-Output,Hard,"CAT,Placements"
Q10204,Logical Reasoning,Statement & Conclusion,Medium,CAT
Q10205,Verbal Ability,Reading Comprehension,Medium,"General,Placements"
Q10206,Logical Reasoning,Cubes & Dice,Easy,"General,CAT,Banking"
Q10207,Quantitative Aptitude,Partnership,Medium,SSC
Q10208,Quantitative Aptitude,Probability,Hard,"General,Placements,Banking"
Q10209,Quantitative Aptitude,Averages,Medium,"TCS NQT,CAT,General"
Q10210,Quantitative Aptitude,Partnership,Medium,"General,SSC"
Q10211,Verbal Ability,Verbal Analogies,Easy,"SSC,TCS NQT"
Q10212,Quantitative Aptitude,Set Theory,Medium,"SSC,TCS NQT,General"
Q10213,Logical Reasoning,Coding-Decoding,Easy,TCS NQT
Q10214,Logical Reasoning,Statement & Assumption,Hard,"TCS NQT,Placements"
Q10215,Verbal Ability,Para Jumbles,Easy,Banking
Q10216,Logical Reasoning,Series Completion,Easy,"Banking,SSC,General"
Q10217,Verbal Ability,Synonyms & Antonyms,Hard,"Banking,General"
Q10218,Quantitative Aptitude,Geometry,Hard,"Banking,General,TCS NQT"
Q10219,Data Interpretation,Mixed DI Sets,Easy,"Placements,SSC,Banking"
Q10220,Quantitative Aptitude,Profit & Loss,Easy,SSC
Q10221,Quantitative Aptitude,Profit & Loss,Hard,"SSC,TCS NQT"
Q10222,Verbal Ability,Para Jumbles,Hard,"SSC,Placements,CAT"
Q10223,Quantitative Aptitude,Probability,Medium,"TCS NQT,SSC,Placements"
Q10224,Verbal Ability,Para Summary,Easy,"Placements,General"
Q10225,Quantitative Aptitude,"Time, Speed & Distance",Hard,"TCS NQT,CAT,Banking"
Q10226,Quantitative Aptitude,Quadratic Equations,Hard,SSC
Q10227,Logical Reasoning,Blood Relations,Easy,CAT
Q10228,Logical Reasoning,Seating Arrangement,Medium,Placements
Q10229,Quantitative Aptitude,Logarithms,Hard,SSC
Q10230,Quantitative Aptitude,Mixtures & Alligations,Easy,"CAT,SSC,TCS NQT"
Q10231,Quantitative Aptitude,Time & Work,Easy,"Placements,Banking,SSC"
Q10232,Logical Reasoning,Analogy,Medium,"Placements,CAT,SSC"
Q10233,Verbal Ability,Verbal Analogies,Easy,"CAT,General,TCS NQT"
Q10234,Quantitative Aptitude,Pipes & Cisterns,Hard,"Banking,CAT,General"
Q10235,Verbal Ability,Critical Reasoning,Medium,"General,TCS NQT"
Q10236,Quantitative Aptitude,Number System,Hard,"General,TCS NQT"
Q10237,Data Interpretation,Pie Charts,Medium,"Banking,Placements"
Q10238,Logical Reasoning,Blood Relations,Hard,"Banking,TCS NQT"
Q10239,Verbal Ability,Verbal Analogies,Medium,"Banking,Placements"
Q10240,Quantitative Aptitude,Quadratic Equations,Medium,"Placements,CAT"
Q10241,Logical Reasoning,Ranking & Order,Medium,CAT
Q10242,Verbal Ability,Synonyms & Antonyms,Hard,Banking
Q10243,Data Interpretation,Line Graphs,Hard,"SSC,Placements"
Q10244,Quantitative Aptitude,Surds & Indices,Easy,CAT
Q10245,Quantitative Aptitude,Linear Equations,Hard,"Banking,TCS NQT,General"
Q10246,Data Interpretation,Line Graphs,Medium,"SSC,TCS NQT"
Q10247,Logical Reasoning,Analogy,Easy,General
Q10248,Logical Reasoning,Data Sufficiency,Medium,"General,Banking"
Q10249,Quantitative Aptitude,Logarithms,Hard,Placements
Q10250,Logical Reasoning,Analogy,Hard,"CAT,General"
Q10251,Verbal Ability,Para Jumbles,Easy,"SSC,General,CAT"
Q10252,Verbal Ability,Odd One Out,Easy,"Banking,Placements,TCS NQT"
Q10253,Logical Reasoning,Input-Output,Easy,TCS NQT
Q10254,Quantitative Aptitude,Geometry,Medium,"SSC,Banking,TCS NQT"
Q10255,Data Interpretation,Pie Charts,Easy,TCS NQT
Q10256,Verbal Ability,Fill in the Blanks,Medium,"TCS NQT,Banking,Placements"
Q10257,Verbal Ability,Fill in the Blanks,Medium,"Banking,General,SSC"
Q10258,Logical Reasoning,Series Completion,Medium,"Placements,Banking,SSC"
Q10259,Logical Reasoning,Statement & Conclusion,Easy,"CAT,Placements"
Q10260,Logical Reasoning,Ranking & Order,Medium,Placements
Q10261,Quantitative Aptitude,Trigonometry,Medium,"Banking,General"
Q10262,Quantitative Aptitude,Linear Equations,Hard,"Banking,SSC,TCS NQT"
Q10263,Verbal Ability,Idioms & Phrases,Easy,"General,Banking"
Q10264,Logical Reasoning,Ranking & Order,Medium,"SSC,TCS NQT,General"
Q10265,Logical Reasoning,Cubes & Dice,Medium,"CAT,SSC,TCS NQT"
Q10266,Data Interpretation,Tables,Medium,"Banking,SSC"
Q10267,Verbal Ability,Fill in the Blanks,Easy,"CAT,Placements,SSC"
Q10268,Quantitative Aptitude,Number System,Easy,"Placements,Banking"
Q10269,Logical Reasoning,Analogy,Medium,TCS NQT
Q10270,Quantitative Aptitude,Set Theory,Medium,TCS NQT
Q10271,Logical Reasoning,Statement & Conclusion,Medium,"General,TCS NQT,Banking"
Q10272,Quantitative Aptitude,Algebra,Medium,General
Q10273,Quantitative Aptitude,Logarithms,Easy,"SSC,CAT"
Q10274,Logical Reasoning,Statement & Assumption,Easy,"SSC,General"
Q10275,Logical Reasoning,Syllogisms,Easy,"TCS NQT,CAT"
Q10276,Verbal Ability,Fill in the Blanks,Medium,TCS NQT
Q10277,Logical Reasoning,Series Completion,Medium,General
Q10278,Verbal Ability,Idioms & Phrases,Easy,"Banking,TCS NQT"
Q10279,Data Interpretation,Tables,Easy,General
Q10280,Verbal Ability,Verbal Analogies,Medium,Placements
Q10281,Quantitative Aptitude,Geometry,Medium,"Banking,SSC,CAT"
Q10282,Verbal Ability,Error Spotting,Easy,"CAT,Banking"
Q10283,Logical Reasoning,Statement & Assumption,Medium,"Placements,CAT"
Q10284,Logical Reasoning,Statement & Conclusion,Easy,SSC
Q10285,Quantitative Aptitude,Number System,Medium,"Banking,Placements,TCS NQT"
Q10286,Quantitative Aptitude,Partnership,Medium,"CAT,SSC"
Q10287,Logical Reasoning,Puzzles,Easy,General
Q10288,Data Interpretation,Line Graphs,Hard,"SSC,TCS NQT"
Q10289,Verbal Ability,Sentence Correction,Easy,"Banking,TCS NQT,General"
Q10290,Verbal Ability,Sentence Correction,Hard,SSC
Q10291,Quantitative Aptitude,Quadratic Equations,Medium,"SSC,Banking"
Q10292,Logical Reasoning,Statement & Conclusion,Easy,"Banking,General,CAT"
Q10293,Data Interpretation,Tables,Medium,Placements
Q10294,Logical Reasoning,Analogy,Easy,TCS NQT
Q10295,Quantitative Aptitude,Logarithms,Easy,"SSC,CAT"
Q10296,Quantitative Aptitude,Algebra,Easy,"Placements,CAT,SSC"
Q10297,Data Interpretation,Pie Charts,Easy,CAT
Q10298,Quantitative Aptitude,Number System,Medium,General
Q10299,Logical Reasoning,Analogy,Hard,"CAT,Banking"
Q10300,Quantitative Aptitude,Probability,Medium,General
Q10301,Verbal Ability,Verbal Analogies,Medium,"CAT,Banking"
Q10302,Verbal Ability,Critical Reasoning,Easy,"SSC,TCS NQT,Banking"
Q10303,Logical Reasoning,Analogy,Easy,"General,Banking,Placements"
Q10304,Verbal Ability,Idioms & Phrases,Medium,Placements
Q10305,Quantitative Aptitude,Number System,Medium,"CAT,SSC"
Q10306,Quantitative Aptitude,Averages,Medium,SSC
Q10307,Verbal Ability,Odd One Out,Hard,"SSC,General,Banking"
Q10308,Logical Reasoning,Series Completion,Easy,"CAT,SSC"
Q10309,Verbal Ability,Cloze Test,Hard,"General,Placements,Banking"
Q10310,Data Interpretation,Bar Graphs,Easy,Banking
Q10311,Logical Reasoning,Blood Relations,Hard,"Banking,TCS NQT,General"
Q10312,Quantitative Aptitude,Algebra,Easy,"Banking,CAT"
Q10313,Logical Reasoning,Analogy,Easy,General
Q10314,Verbal Ability,Error Spotting,Hard,"General,CAT,Placements"
Q10315,Quantitative Aptitude,Logarithms,Easy,Placements
Q10316,Verbal Ability,Error Spotting,Hard,"CAT,Placements"
Q10317,Data Interpretation,Pie Charts,Medium,Placements
Q10318,Verbal Ability,Odd One Out,Easy,"SSC,General"
Q10319,Verbal Ability,Verbal Analogies,Easy,"TCS NQT,General,SSC"
Q10320,Quantitative Aptitude,Surds & Indices,Medium,General
Q10321,Quantitative Aptitude,Pipes & Cisterns,Hard,Placements
Q10322,Quantitative Aptitude,Trigonometry,Easy,"TCS NQT,Banking"
Q10323,Logical Reasoning,Blood Relations,Medium,"General,TCS NQT"
Q10324,Quantitative Aptitude,Number System,Medium,"TCS NQT,CAT"
Q10325,Quantitative Aptitude,Percentages,Medium,"Banking,SSC,CAT"
Q10326,Quantitative Aptitude,Number System,Hard,"SSC,CAT"
Q10327,Quantitative Aptitude,Trigonometry,Easy,Banking
Q10328,Quantitative Aptitude,Permutation & Combination,Easy,TCS NQT
Q10329,Logical Reasoning,Clocks & Calendars,Hard,"TCS NQT,SSC"
Q10330,Quantitative Aptitude,Permutation & Combination,Easy,CAT
Q10331,Quantitative Aptitude,Ratio & Proportion,Hard,"TCS NQT,SSC"
Q10332,Data Interpretation,Radar/Spider Charts,Medium,Banking
Q10333,Verbal Ability,Fill in the Blanks,Medium,"SSC,CAT,General"
Q10334,Verbal Ability,Critical Reasoning,Easy,"Placements,Banking,General"
Q10335,Quantitative Aptitude,Permutation & Combination,Hard,TCS NQT
Q10336,Data Interpretation,Bar Graphs,Medium,CAT
Q10337,Logical Reasoning,Cubes & Dice,Hard,"TCS NQT,Placements,Banking"
Q10338,Logical Reasoning,Statement & Conclusion,Medium,General
Q10339,Quantitative Aptitude,Profit & Loss,Medium,"Banking,TCS NQT"
Q10340,Verbal Ability,Fill in the Blanks,Easy,"TCS NQT,General,SSC"
Q10341,Verbal Ability,Critical Reasoning,Medium,"CAT,TCS NQT"
Q10342,Quantitative Aptitude,Probability,Easy,"TCS NQT,SSC,Placements"
Q10343,Verbal Ability,Reading Comprehension,Medium,Placements
Q10344,Data Interpretation,Bar Graphs,Easy,"General,SSC"
Q10345,Logical Reasoning,Input-Output,Medium,General
Q10346,Quantitative Aptitude,Algebra,Medium,Banking
Q10347,Quantitative Aptitude,Logarithms,Medium,"CAT,General,SSC"
Q10348,Quantitative Aptitude,Time & Work,Medium,General
Q10349,Quantitative Aptitude,Percentages,Medium,TCS NQT
Q10350,Quantitative Aptitude,Logarithms,Medium,"TCS NQT,Banking,General"
Q10351,Logical Reasoning,Series Completion,Medium,CAT
Q10352,Verbal Ability,Verbal Analogies,Medium,Placements
Q10353,Logical Reasoning,Data Sufficiency,Hard,"SSC,General"
Q10354,Quantitative Aptitude,Number System,Medium,CAT
Q10355,Logical Reasoning,Cubes & Dice,Medium,"General,TCS NQT,CAT"
Q10356,Verbal Ability,Fill in the Blanks,Medium,"CAT,Placements"
Q10357,Quantitative Aptitude,Surds & Indices,Easy,"Placements,General"
Q10358,Verbal Ability,Reading Comprehension,Easy,Placements
Q10359,Quantitative Aptitude,Set Theory,Medium,"SSC,Placements,CAT"
Q10360,Logical Reasoning,Venn Diagrams,Easy,CAT
Q10361,Quantitative Aptitude,Mixtures & Alligations,Easy,Placements
Q10362,Quantitative Aptitude,Profit & Loss,Easy,"TCS NQT,Placements,CAT"
Q10363,Verbal Ability,Error Spotting,Hard,"TCS NQT,Placements"
Q10364,Quantitative Aptitude,Percentages,Easy,"TCS NQT,CAT"
Q10365,Verbal Ability,Error Spotting,Hard,TCS NQT
Q10366,Quantitative Aptitude,Ratio & Proportion,Easy,SSC
Q10367,Verbal Ability,Critical Reasoning,Medium,"SSC,Banking,Placements"
Q10368,Quantitative Aptitude,Permutation & Combination,Medium,"Banking,General"
Q10369,Quantitative Aptitude,Logarithms,Medium,"Placements,TCS NQT"
Q10370,Quantitative Aptitude,Permutation & Combination,Medium,"Placements,SSC,TCS NQT"
Q10371,Verbal Ability,Cloze Test,Easy,"SSC,Placements,CAT"
Q10372,Logical Reasoning,Data Sufficiency,Medium,TCS NQT
Q10373,Quantitative Aptitude,Time & Work,Medium,"Placements,General"
Q10374,Logical Reasoning,Direction Sense,Easy,"SSC,Placements"
Q10375,Quantitative Aptitude,Progressions (AP/GP),Easy,"CAT,TCS NQT"
Q10376,Quantitative Aptitude,Algebra,Easy,SSC
Q10377,Quantitative Aptitude,Linear Equations,Hard,"Banking,General,CAT"
Q10378,Verbal Ability,Fill in the Blanks,Hard,"TCS NQT,CAT"
Q10379,Verbal Ability,Sentence Correction,Easy,TCS NQT
Q10380,Verbal Ability,Para Jumbles,Easy,"Banking,TCS NQT,SSC"
Q10381,Quantitative Aptitude,Mixtures & Alligations,Medium,"General,TCS NQT"
Q10382,Quantitative Aptitude,Mensuration,Medium,"CAT,SSC"
Q10383,Verbal Ability,Reading Comprehension,Medium,"SSC,TCS NQT,General"
Q10384,Quantitative Aptitude,Progressions (AP/GP),Hard,"CAT,SSC,General"
Q10385,Quantitative Aptitude,Permutation & Combination,Medium,"Placements,SSC,TCS NQT"
Q10386,Verbal Ability,Para Summary,Easy,"SSC,CAT,Placements"
Q10387,Verbal Ability,Fill in the Blanks,Easy,Banking
Q10388,Logical Reasoning,Input-Output,Medium,"SSC,General,TCS NQT"
Q10389,Data Interpretation,Tables,Medium,"SSC,TCS NQT"
Q10390,Logical Reasoning,Seating Arrangement,Easy,TCS NQT
Q10391,Data Interpretation,Line Graphs,Easy,"Placements,Banking,TCS NQT"
Q10392,Logical Reasoning,Venn Diagrams,Hard,"Banking,General"
Q10393,Logical Reasoning,Analogy,Hard,"SSC,General"
Q10394,Logical Reasoning,Coding-Decoding,Easy,"SSC,CAT"
Q10395,Logical Reasoning,Direction Sense,Medium,TCS NQT
Q10396,Quantitative Aptitude,Mensuration,Easy,SSC
Q10397,Verbal Ability,Error Spotting,Medium,"Placements,Banking,TCS NQT"
Q10398,Quantitative Aptitude,Logarithms,Medium,CAT
Q10399,Verbal Ability,Odd One Out,Easy,General
Q10400,Verbal Ability,Critical Reasoning,Medium,"SSC,TCS NQT"
Q10401,Data Interpretation,Caselets,Hard,"SSC,TCS NQT,Banking"
Q10402,Logical Reasoning,Cubes & Dice,Easy,"General,CAT"
Q10403,Quantitative Aptitude,Geometry,Easy,"Placements,General"
Q10404,Quantitative Aptitude,Surds & Indices,Hard,"SSC,Banking,TCS NQT"
Q10405,Data Interpretation,Pie Charts,Easy,SSC
Q10406,Logical Reasoning,Data Sufficiency,Medium,"Placements,SSC,CAT"
Q10407,Logical Reasoning,Coding-Decoding,Hard,"Banking,General"
Q10408,Quantitative Aptitude,Averages,Medium,"General,CAT,Banking"
Q10409,Verbal Ability,Critical Reasoning,Hard,Placements
Q10410,Verbal Ability,Synonyms & Antonyms,Easy,"Placements,Banking"
Q10411,Verbal Ability,Para Summary,Medium,"Placements,CAT"
Q10412,Verbal Ability,Critical Reasoning,Hard,"CAT,Placements"
Q10413,Quantitative Aptitude,Averages,Hard,Banking
Q10414,Verbal Ability,Cloze Test,Easy,CAT
Q10415,Quantitative Aptitude,Algebra,Medium,"SSC,General"
Q10416,Data Interpretation,Venn-based DI,Hard,SSC
Q10417,Data Interpretation,Mixed DI Sets,Medium,"TCS NQT,SSC"
Q10418,Quantitative Aptitude,Linear Equations,Easy,"Placements,CAT"
Q10419,Verbal Ability,Para Summary,Easy,"General,Placements,TCS NQT"
Q10420,Verbal Ability,Fill in the Blanks,Hard,"Banking,General,TCS NQT"
Q10421,Quantitative Aptitude,Permutation & Combination,Medium,TCS NQT
Q10422,Quantitative Aptitude,Logarithms,Medium,"CAT,SSC"
Q10423,Logical Reasoning,Seating Arrangement,Easy,TCS NQT
Q10424,Verbal Ability,Para Summary,Medium,"CAT,SSC,Placements"
Q10425,Data Interpretation,Pie Charts,Hard,"CAT,SSC"
Q10426,Quantitative Aptitude,Algebra,Medium,"Banking,TCS NQT,SSC"
Q10427,Logical Reasoning,Coding-Decoding,Hard,General
Q10428,Verbal Ability,Error Spotting,Medium,"Banking,TCS NQT,Placements"
Q10429,Quantitative Aptitude,Ratio & Proportion,Medium,"TCS NQT,Banking"
Q10430,Logical Reasoning,Syllogisms,Hard,"General,Placements,CAT"
Q10431,Logical Reasoning,Input-Output,Medium,TCS NQT
Q10432,Quantitative Aptitude,Progressions (AP/GP),Medium,"TCS NQT,General,SSC"
Q10433,Data Interpretation,Bar Graphs,Easy,CAT
Q10434,Logical Reasoning,Data Sufficiency,Medium,"TCS NQT,Placements"
Q10435,Data Interpretation,Pie Charts,Medium,CAT
Q10436,Quantitative Aptitude,Linear Equations,Medium,Placements
Q10437,Verbal Ability,Reading Comprehension,Easy,Banking
Q10438,Logical Reasoning,Clocks & Calendars,Easy,CAT
Q10439,Data Interpretation,Tables,Medium,"General,Placements,TCS NQT"
Q10440,Data Interpretation,Data Sufficiency (DI),Medium,Banking
Q10441,Verbal Ability,Verbal Analogies,Medium,Placements
Q10442,Verbal Ability,Reading Comprehension,Hard,"General,Placements,Banking"
Q10443,Quantitative Aptitude,Permutation & Combination,Hard,General
Q10444,Quantitative Aptitude,Profit & Loss,Hard,"TCS NQT,General,Placements"
Q10445,Logical Reasoning,Clocks & Calendars,Hard,"Banking,TCS NQT"
Q10446,Data Interpretation,Pie Charts,Easy,"Banking,General"
Q10447,Quantitative Aptitude,Quadratic Equations,Hard,General
Q10448,Quantitative Aptitude,Averages,Medium,General
Q10449,Verbal Ability,Reading Comprehension,Medium,"Placements,SSC,CAT"
Q10450,Verbal Ability,Synonyms & Antonyms,Medium,"Placements,Banking"
Q10451,Quantitative Aptitude,Geometry,Hard,"Banking,SSC"
Q10452,Logical Reasoning,Direction Sense,Easy,"Banking,SSC,TCS NQT"
Q10453,Quantitative Aptitude,Number System,Easy,"Banking,TCS NQT"
Q10454,Logical Reasoning,Series Completion,Medium,"Placements,Banking,TCS NQT"
Q10455,Verbal Ability,Para Summary,Easy,Banking
Q10456,Verbal Ability,Verbal Analogies,Easy,"SSC,TCS NQT,CAT"
Q10457,Verbal Ability,Cloze Test,Easy,"TCS NQT,Banking,General"
Q10458,Logical Reasoning,Clocks & Calendars,Medium,"TCS NQT,General"
Q10459,Quantitative Aptitude,Time & Work,Medium,"Banking,TCS NQT"
Q10460,Quantitative Aptitude,Mensuration,Easy,"CAT,SSC,TCS NQT"
Q10461,Quantitative Aptitude,Quadratic Equations,Medium,"Placements,TCS NQT,SSC"
Q10462,Quantitative Aptitude,Ratio & Proportion,Medium,SSC
Q10463,Quantitative Aptitude,Algebra,Medium,"Banking,SSC"
Q10464,Verbal Ability,Cloze Test,Easy,Placements
Q10465,Quantitative Aptitude,Logarithms,Medium,"CAT,Placements"
Q10466,Verbal Ability,Cloze Test,Easy,"TCS NQT,CAT"
Q10467,Logical Reasoning,Ranking & Order,Hard,"TCS NQT,Banking"
Q10468,Quantitative Aptitude,Quadratic Equations,Medium,"General,TCS NQT"
Q10469,Verbal Ability,Para Jumbles,Hard,General
Q10470,Quantitative Aptitude,Probability,Hard,Placements
Q10471,Logical Reasoning,Direction Sense,Hard,General
Q10472,Quantitative Aptitude,Set Theory,Medium,"General,Placements,SSC"
Q10473,Verbal Ability,Para Summary,Medium,"Banking,Placements,TCS NQT"
Q10474,Verbal Ability,Reading Comprehension,Medium,Banking
Q10475,Quantitative Aptitude,"Time, Speed & Distance",Easy,Banking
Q10476,Data Interpretation,Venn-based DI,Hard,"CAT,Banking"
Q10477,Verbal Ability,Cloze Test,Medium,"CAT,Placements,Banking"
Q10478,Verbal Ability,Odd One Out,Medium,"General,TCS NQT"
Q10479,Verbal Ability,Fill in the Blanks,Medium,"TCS NQT,Placements"
Q10480,Verbal Ability,Reading Comprehension,Medium,"SSC,General"
Q10481,Verbal Ability,Verbal Analogies,Medium,"General,SSC"
Q10482,Verbal Ability,Cloze Test,Medium,"General,Banking"
Q10483,Logical Reasoning,Data Sufficiency,Medium,"TCS NQT,Banking"
Q10484,Logical Reasoning,Blood Relations,Easy,SSC
Q10485,Logical Reasoning,Venn Diagrams,Medium,General
Q10486,Logical Reasoning,Direction Sense,Easy,"General,Banking"
Q10487,Data Interpretation,Data Sufficiency (DI),Easy,"General,SSC"
Q10488,Verbal Ability,Verbal Analogies,Hard,"Placements,Banking"
Q10489,Logical Reasoning,Statement & Assumption,Hard,Banking
Q10490,Quantitative Aptitude,Percentages,Easy,"Banking,CAT"
Q10491,Logical Reasoning,Statement & Conclusion,Medium,"SSC,Placements"
Q10492,Quantitative Aptitude,Averages,Easy,"Placements,CAT"
Q10493,Logical Reasoning,Syllogisms,Medium,"Placements,CAT"
Q10494,Data Interpretation,Venn-based DI,Easy,"Banking,SSC"
Q10495,Quantitative Aptitude,Mensuration,Medium,"CAT,SSC,Placements"
Q10496,Verbal Ability,Reading Comprehension,Medium,SSC
Q10497,Quantitative Aptitude,Profit & Loss,Easy,"TCS NQT,CAT,SSC"
Q10498,Verbal Ability,Cloze Test,Easy,"CAT,SSC,Banking"
Q10499,Verbal Ability,Fill in the Blanks,Easy,"CAT,Placements,TCS NQT"
Q10500,Verbal Ability,Fill in the Blanks,Easy,"SSC,CAT,TCS NQT"
